Command line invocation:
    /Applications/Xcode_16.4.app/Contents/Developer/usr/bin/xcodebuild archive -workspace ./countdown.xcworkspace -scheme countdown -configuration Release -destination generic/platform=iOS -archivePath /Users/runner/work/CountdownW/CountdownW/build.xcarchive

ComputePackagePrebuildTargetDependencyGraph

Prepare packages

CreateBuildRequest

SendProjectDescription

CreateBuildOperation

ComputeTargetDependencyGraph
note: Building targets in dependency order
note: Target dependency graph (9 targets)
    Target 'countdown' in project 'countdown'
        ➜ Implicit dependency on target 'Pods-countdown' in project 'Pods' via file 'Pods_countdown.framework' in build phase 'Link Binary'
        ➜ Implicit dependency on target 'ApplePurchaseKit' in project 'Pods' via options '-framework ApplePurchaseKit' in build setting 'OTHER_LDFLAGS'
        ➜ Implicit dependency on target 'KeychainAccess' in project 'Pods' via options '-framework KeychainAccess' in build setting 'OTHER_LDFLAGS'
        ➜ Implicit dependency on target 'lottie-ios' in project 'Pods' via options '-framework Lottie' in build setting 'OTHER_LDFLAGS'
        ➜ Implicit dependency on target 'SVProgressHUD' in project 'Pods' via options '-framework SVProgressHUD' in build setting 'OTHER_LDFLAGS'
    Target 'Pods-countdown' in project 'Pods'
        ➜ Explicit dependency on target 'ApplePurchaseKit' in project 'Pods'
        ➜ Explicit dependency on target 'KeychainAccess' in project 'Pods'
        ➜ Explicit dependency on target 'SVProgressHUD' in project 'Pods'
        ➜ Explicit dependency on target 'UMCommon' in project 'Pods'
        ➜ Explicit dependency on target 'UMDevice' in project 'Pods'
        ➜ Explicit dependency on target 'lottie-ios' in project 'Pods'
    Target 'lottie-ios' in project 'Pods'
        ➜ Explicit dependency on target 'lottie-ios-LottiePrivacyInfo' in project 'Pods'
    Target 'lottie-ios-LottiePrivacyInfo' in project 'Pods' (no dependencies)
    Target 'SVProgressHUD' in project 'Pods' (no dependencies)
    Target 'KeychainAccess' in project 'Pods' (no dependencies)
    Target 'ApplePurchaseKit' in project 'Pods'
        ➜ Explicit dependency on target 'UMCommon' in project 'Pods'
        ➜ Explicit dependency on target 'UMDevice' in project 'Pods'
    Target 'UMCommon' in project 'Pods'
        ➜ Explicit dependency on target 'UMDevice' in project 'Pods'
    Target 'UMDevice' in project 'Pods' (no dependencies)

GatherProvisioningInputs

CreateBuildDescription

ExecuteExternalTool /Applications/Xcode_16.4.app/Contents/Developer/Toolchains/XcodeDefault.xctoolchain/usr/bin/clang -v -E -dM -arch arm64 -isysroot /Applications/Xcode_16.4.app/Contents/Developer/Platforms/iPhoneOS.platform/Developer/SDKs/iPhoneOS18.5.sdk -x c -c /dev/null

ExecuteExternalTool /Applications/Xcode_16.4.app/Contents/Developer/usr/bin/actool --print-asset-tag-combinations --output-format xml1 /Users/runner/work/CountdownW/CountdownW/countdown/Assets.xcassets

ExecuteExternalTool /Applications/Xcode_16.4.app/Contents/Developer/usr/bin/ibtool --version --output-format xml1

ExecuteExternalTool /Applications/Xcode_16.4.app/Contents/Developer/Toolchains/XcodeDefault.xctoolchain/usr/bin/clang -v -E -dM -isysroot /Applications/Xcode_16.4.app/Contents/Developer/Platforms/iPhoneOS.platform/Developer/SDKs/iPhoneOS18.5.sdk -x c -c /dev/null

ExecuteExternalTool /Applications/Xcode_16.4.app/Contents/Developer/Toolchains/XcodeDefault.xctoolchain/usr/bin/clang -v -E -dM -arch arm64 -isysroot /Applications/Xcode_16.4.app/Contents/Developer/Platforms/iPhoneOS.platform/Developer/SDKs/iPhoneOS18.5.sdk -x objective-c -c /dev/null

ExecuteExternalTool /Applications/Xcode_16.4.app/Contents/Developer/Toolchains/XcodeDefault.xctoolchain/usr/bin/swiftc --version

ExecuteExternalTool /Applications/Xcode_16.4.app/Contents/Developer/Toolchains/XcodeDefault.xctoolchain/usr/bin/ld -version_details

ExecuteExternalTool /Applications/Xcode_16.4.app/Contents/Developer/Toolchains/XcodeDefault.xctoolchain/usr/bin/libtool -V

ExecuteExternalTool /Applications/Xcode_16.4.app/Contents/Developer/usr/bin/actool --version --output-format xml1

Build description signature: 9d7d28826fd7ff278a5ce102edef0c75
Build description path: /Users/runner/Library/Developer/Xcode/DerivedData/countdown-commbukpdznukvarcianfztjiqgm/Build/Intermediates.noindex/ArchiveIntermediates/countdown/IntermediateBuildFilesPath/XCBuildData/9d7d28826fd7ff278a5ce102edef0c75.xcbuilddata
CreateBuildDirectory /Users/runner/Library/Developer/Xcode/DerivedData/countdown-commbukpdznukvarcianfztjiqgm/Build/Intermediates.noindex/ArchiveIntermediates/countdown/InstallationBuildProductsLocation
    cd /Users/runner/work/CountdownW/CountdownW
    builtin-create-build-directory /Users/runner/Library/Developer/Xcode/DerivedData/countdown-commbukpdznukvarcianfztjiqgm/Build/Intermediates.noindex/ArchiveIntermediates/countdown/InstallationBuildProductsLocation

ClangStatCache /Applications/Xcode_16.4.app/Contents/Developer/Toolchains/XcodeDefault.xctoolchain/usr/bin/clang-stat-cache /Applications/Xcode_16.4.app/Contents/Developer/Platforms/iPhoneOS.platform/Developer/SDKs/iPhoneOS18.5.sdk /Users/runner/Library/Developer/Xcode/DerivedData/SDKStatCaches.noindex/iphoneos18.5-22F76-a529daf784b3616c7c04a36aeb7f5c05.sdkstatcache
    cd /Users/runner/work/CountdownW/CountdownW
    /Applications/Xcode_16.4.app/Contents/Developer/Toolchains/XcodeDefault.xctoolchain/usr/bin/clang-stat-cache /Applications/Xcode_16.4.app/Contents/Developer/Platforms/iPhoneOS.platform/Developer/SDKs/iPhoneOS18.5.sdk -o /Users/runner/Library/Developer/Xcode/DerivedData/SDKStatCaches.noindex/iphoneos18.5-22F76-a529daf784b3616c7c04a36aeb7f5c05.sdkstatcache

CreateBuildDirectory /Users/runner/Library/Developer/Xcode/DerivedData/countdown-commbukpdznukvarcianfztjiqgm/Build/Intermediates.noindex/ArchiveIntermediates/countdown/IntermediateBuildFilesPath
    cd /Users/runner/work/CountdownW/CountdownW
    builtin-create-build-directory /Users/runner/Library/Developer/Xcode/DerivedData/countdown-commbukpdznukvarcianfztjiqgm/Build/Intermediates.noindex/ArchiveIntermediates/countdown/IntermediateBuildFilesPath

CreateBuildDirectory /Users/runner/Library/Developer/Xcode/DerivedData/countdown-commbukpdznukvarcianfztjiqgm/Build/Intermediates.noindex/ArchiveIntermediates/countdown/BuildProductsPath
    cd /Users/runner/work/CountdownW/CountdownW
    builtin-create-build-directory /Users/runner/Library/Developer/Xcode/DerivedData/countdown-commbukpdznukvarcianfztjiqgm/Build/Intermediates.noindex/ArchiveIntermediates/countdown/BuildProductsPath

WriteAuxiliaryFile /Users/runner/Library/Developer/Xcode/DerivedData/countdown-commbukpdznukvarcianfztjiqgm/Build/Intermediates.noindex/ArchiveIntermediates/countdown/IntermediateBuildFilesPath/countdown.build/Release-iphoneos/countdown-2eb4714b6656ea7e18fda0d3c4a7cf03-VFS-iphoneos/all-product-headers.yaml
    cd /Users/runner/work/CountdownW/CountdownW
    write-file /Users/runner/Library/Developer/Xcode/DerivedData/countdown-commbukpdznukvarcianfztjiqgm/Build/Intermediates.noindex/ArchiveIntermediates/countdown/IntermediateBuildFilesPath/countdown.build/Release-iphoneos/countdown-2eb4714b6656ea7e18fda0d3c4a7cf03-VFS-iphoneos/all-product-headers.yaml

WriteAuxiliaryFile /Users/runner/Library/Developer/Xcode/DerivedData/countdown-commbukpdznukvarcianfztjiqgm/Build/Intermediates.noindex/ArchiveIntermediates/countdown/IntermediateBuildFilesPath/Pods.build/Release-iphoneos/Pods-8699adb1dd336b26511df848a716bd42-VFS-iphoneos/all-product-headers.yaml
    cd /Users/runner/work/CountdownW/CountdownW
    write-file /Users/runner/Library/Developer/Xcode/DerivedData/countdown-commbukpdznukvarcianfztjiqgm/Build/Intermediates.noindex/ArchiveIntermediates/countdown/IntermediateBuildFilesPath/Pods.build/Release-iphoneos/Pods-8699adb1dd336b26511df848a716bd42-VFS-iphoneos/all-product-headers.yaml

CreateBuildDirectory /Users/runner/Library/Developer/Xcode/DerivedData/countdown-commbukpdznukvarcianfztjiqgm/Build/Intermediates.noindex/ArchiveIntermediates/countdown/BuildProductsPath/Release-iphoneos
    cd /Users/runner/work/CountdownW/CountdownW
    builtin-create-build-directory /Users/runner/Library/Developer/Xcode/DerivedData/countdown-commbukpdznukvarcianfztjiqgm/Build/Intermediates.noindex/ArchiveIntermediates/countdown/BuildProductsPath/Release-iphoneos

CreateBuildDirectory /Users/runner/Library/Developer/Xcode/DerivedData/countdown-commbukpdznukvarcianfztjiqgm/Build/Intermediates.noindex/ArchiveIntermediates/countdown/IntermediateBuildFilesPath/EagerLinkingTBDs/Release-iphoneos
    cd /Users/runner/work/CountdownW/CountdownW
    builtin-create-build-directory /Users/runner/Library/Developer/Xcode/DerivedData/countdown-commbukpdznukvarcianfztjiqgm/Build/Intermediates.noindex/ArchiveIntermediates/countdown/IntermediateBuildFilesPath/EagerLinkingTBDs/Release-iphoneos

WriteAuxiliaryFile /Users/runner/Library/Developer/Xcode/DerivedData/countdown-commbukpdznukvarcianfztjiqgm/Build/Intermediates.noindex/ArchiveIntermediates/countdown/IntermediateBuildFilesPath/Pods.build/Release-iphoneos/UMDevice.build/Script-6105955D372002E13672850B0A9AE326.sh (in target 'UMDevice' from project 'Pods')
    cd /Users/runner/work/CountdownW/CountdownW/Pods
    write-file /Users/runner/Library/Developer/Xcode/DerivedData/countdown-commbukpdznukvarcianfztjiqgm/Build/Intermediates.noindex/ArchiveIntermediates/countdown/IntermediateBuildFilesPath/Pods.build/Release-iphoneos/UMDevice.build/Script-6105955D372002E13672850B0A9AE326.sh

WriteAuxiliaryFile /Users/runner/Library/Developer/Xcode/DerivedData/countdown-commbukpdznukvarcianfztjiqgm/Build/Intermediates.noindex/ArchiveIntermediates/countdown/IntermediateBuildFilesPath/Pods.build/Release-iphoneos/UMDevice.build/OutputFileList-6105955D372002E13672850B0A9AE326-UMDevice-xcframeworks-output-files-0157b6731e1514b10bc9cb94f16cd1b6-resolved.xcfilelist (in target 'UMDevice' from project 'Pods')
    cd /Users/runner/work/CountdownW/CountdownW/Pods
    write-file /Users/runner/Library/Developer/Xcode/DerivedData/countdown-commbukpdznukvarcianfztjiqgm/Build/Intermediates.noindex/ArchiveIntermediates/countdown/IntermediateBuildFilesPath/Pods.build/Release-iphoneos/UMDevice.build/OutputFileList-6105955D372002E13672850B0A9AE326-UMDevice-xcframeworks-output-files-0157b6731e1514b10bc9cb94f16cd1b6-resolved.xcfilelist

WriteAuxiliaryFile /Users/runner/Library/Developer/Xcode/DerivedData/countdown-commbukpdznukvarcianfztjiqgm/Build/Intermediates.noindex/ArchiveIntermediates/countdown/IntermediateBuildFilesPath/Pods.build/Release-iphoneos/UMDevice.build/InputFileList-6105955D372002E13672850B0A9AE326-UMDevice-xcframeworks-input-files-fad130a4f3ec414476b945de714e72ac-resolved.xcfilelist (in target 'UMDevice' from project 'Pods')
    cd /Users/runner/work/CountdownW/CountdownW/Pods
    write-file /Users/runner/Library/Developer/Xcode/DerivedData/countdown-commbukpdznukvarcianfztjiqgm/Build/Intermediates.noindex/ArchiveIntermediates/countdown/IntermediateBuildFilesPath/Pods.build/Release-iphoneos/UMDevice.build/InputFileList-6105955D372002E13672850B0A9AE326-UMDevice-xcframeworks-input-files-fad130a4f3ec414476b945de714e72ac-resolved.xcfilelist

WriteAuxiliaryFile /Users/runner/Library/Developer/Xcode/DerivedData/countdown-commbukpdznukvarcianfztjiqgm/Build/Intermediates.noindex/ArchiveIntermediates/countdown/IntermediateBuildFilesPath/Pods.build/Release-iphoneos/UMCommon.build/Script-F231889C42B687A49E20C9CE007405F3.sh (in target 'UMCommon' from project 'Pods')
    cd /Users/runner/work/CountdownW/CountdownW/Pods
    write-file /Users/runner/Library/Developer/Xcode/DerivedData/countdown-commbukpdznukvarcianfztjiqgm/Build/Intermediates.noindex/ArchiveIntermediates/countdown/IntermediateBuildFilesPath/Pods.build/Release-iphoneos/UMCommon.build/Script-F231889C42B687A49E20C9CE007405F3.sh

WriteAuxiliaryFile /Users/runner/Library/Developer/Xcode/DerivedData/countdown-commbukpdznukvarcianfztjiqgm/Build/Intermediates.noindex/ArchiveIntermediates/countdown/IntermediateBuildFilesPath/Pods.build/Release-iphoneos/UMCommon.build/OutputFileList-F231889C42B687A49E20C9CE007405F3-UMCommon-xcframeworks-output-files-979d338ad2db2f46f603155b3bad6046-resolved.xcfilelist (in target 'UMCommon' from project 'Pods')
    cd /Users/runner/work/CountdownW/CountdownW/Pods
    write-file /Users/runner/Library/Developer/Xcode/DerivedData/countdown-commbukpdznukvarcianfztjiqgm/Build/Intermediates.noindex/ArchiveIntermediates/countdown/IntermediateBuildFilesPath/Pods.build/Release-iphoneos/UMCommon.build/OutputFileList-F231889C42B687A49E20C9CE007405F3-UMCommon-xcframeworks-output-files-979d338ad2db2f46f603155b3bad6046-resolved.xcfilelist

WriteAuxiliaryFile /Users/runner/Library/Developer/Xcode/DerivedData/countdown-commbukpdznukvarcianfztjiqgm/Build/Intermediates.noindex/ArchiveIntermediates/countdown/IntermediateBuildFilesPath/Pods.build/Release-iphoneos/UMCommon.build/InputFileList-F231889C42B687A49E20C9CE007405F3-UMCommon-xcframeworks-input-files-4a5323e7748ac7509f9e7c08639e97c3-resolved.xcfilelist (in target 'UMCommon' from project 'Pods')
    cd /Users/runner/work/CountdownW/CountdownW/Pods
    write-file /Users/runner/Library/Developer/Xcode/DerivedData/countdown-commbukpdznukvarcianfztjiqgm/Build/Intermediates.noindex/ArchiveIntermediates/countdown/IntermediateBuildFilesPath/Pods.build/Release-iphoneos/UMCommon.build/InputFileList-F231889C42B687A49E20C9CE007405F3-UMCommon-xcframeworks-input-files-4a5323e7748ac7509f9e7c08639e97c3-resolved.xcfilelist

CreateBuildDirectory /Users/runner/Library/Developer/Xcode/DerivedData/countdown-commbukpdznukvarcianfztjiqgm/Build/Intermediates.noindex/ArchiveIntermediates/countdown/BuildProductsPath/Release-iphoneos/lottie-ios
    cd /Users/runner/work/CountdownW/CountdownW
    builtin-create-build-directory /Users/runner/Library/Developer/Xcode/DerivedData/countdown-commbukpdznukvarcianfztjiqgm/Build/Intermediates.noindex/ArchiveIntermediates/countdown/BuildProductsPath/Release-iphoneos/lottie-ios

CreateBuildDirectory /Users/runner/Library/Developer/Xcode/DerivedData/countdown-commbukpdznukvarcianfztjiqgm/Build/Intermediates.noindex/ArchiveIntermediates/countdown/BuildProductsPath/Release-iphoneos/UMDevice
    cd /Users/runner/work/CountdownW/CountdownW
    builtin-create-build-directory /Users/runner/Library/Developer/Xcode/DerivedData/countdown-commbukpdznukvarcianfztjiqgm/Build/Intermediates.noindex/ArchiveIntermediates/countdown/BuildProductsPath/Release-iphoneos/UMDevice

WriteAuxiliaryFile /Users/runner/Library/Developer/Xcode/DerivedData/countdown-commbukpdznukvarcianfztjiqgm/Build/Intermediates.noindex/ArchiveIntermediates/countdown/IntermediateBuildFilesPath/countdown.build/Release-iphoneos/countdown.build/countdown.hmap (in target 'countdown' from project 'countdown')
    cd /Users/runner/work/CountdownW/CountdownW
    write-file /Users/runner/Library/Developer/Xcode/DerivedData/countdown-commbukpdznukvarcianfztjiqgm/Build/Intermediates.noindex/ArchiveIntermediates/countdown/IntermediateBuildFilesPath/countdown.build/Release-iphoneos/countdown.build/countdown.hmap

WriteAuxiliaryFile /Users/runner/Library/Developer/Xcode/DerivedData/countdown-commbukpdznukvarcianfztjiqgm/Build/Intermediates.noindex/ArchiveIntermediates/countdown/IntermediateBuildFilesPath/countdown.build/Release-iphoneos/countdown.build/countdown.DependencyStaticMetadataFileList (in target 'countdown' from project 'countdown')
    cd /Users/runner/work/CountdownW/CountdownW
    write-file /Users/runner/Library/Developer/Xcode/DerivedData/countdown-commbukpdznukvarcianfztjiqgm/Build/Intermediates.noindex/ArchiveIntermediates/countdown/IntermediateBuildFilesPath/countdown.build/Release-iphoneos/countdown.build/countdown.DependencyStaticMetadataFileList

WriteAuxiliaryFile /Users/runner/Library/Developer/Xcode/DerivedData/countdown-commbukpdznukvarcianfztjiqgm/Build/Intermediates.noindex/ArchiveIntermediates/countdown/IntermediateBuildFilesPath/countdown.build/Release-iphoneos/countdown.build/countdown.DependencyMetadataFileList (in target 'countdown' from project 'countdown')
    cd /Users/runner/work/CountdownW/CountdownW
    write-file /Users/runner/Library/Developer/Xcode/DerivedData/countdown-commbukpdznukvarcianfztjiqgm/Build/Intermediates.noindex/ArchiveIntermediates/countdown/IntermediateBuildFilesPath/countdown.build/Release-iphoneos/countdown.build/countdown.DependencyMetadataFileList

WriteAuxiliaryFile /Users/runner/Library/Developer/Xcode/DerivedData/countdown-commbukpdznukvarcianfztjiqgm/Build/Intermediates.noindex/ArchiveIntermediates/countdown/IntermediateBuildFilesPath/countdown.build/Release-iphoneos/countdown.build/countdown-project-headers.hmap (in target 'countdown' from project 'countdown')
    cd /Users/runner/work/CountdownW/CountdownW
    write-file /Users/runner/Library/Developer/Xcode/DerivedData/countdown-commbukpdznukvarcianfztjiqgm/Build/Intermediates.noindex/ArchiveIntermediates/countdown/IntermediateBuildFilesPath/countdown.build/Release-iphoneos/countdown.build/countdown-project-headers.hmap

WriteAuxiliaryFile /Users/runner/Library/Developer/Xcode/DerivedData/countdown-commbukpdznukvarcianfztjiqgm/Build/Intermediates.noindex/ArchiveIntermediates/countdown/IntermediateBuildFilesPath/countdown.build/Release-iphoneos/countdown.build/countdown-own-target-headers.hmap (in target 'countdown' from project 'countdown')
    cd /Users/runner/work/CountdownW/CountdownW
    write-file /Users/runner/Library/Developer/Xcode/DerivedData/countdown-commbukpdznukvarcianfztjiqgm/Build/Intermediates.noindex/ArchiveIntermediates/countdown/IntermediateBuildFilesPath/countdown.build/Release-iphoneos/countdown.build/countdown-own-target-headers.hmap

WriteAuxiliaryFile /Users/runner/Library/Developer/Xcode/DerivedData/countdown-commbukpdznukvarcianfztjiqgm/Build/Intermediates.noindex/ArchiveIntermediates/countdown/IntermediateBuildFilesPath/countdown.build/Release-iphoneos/countdown.build/countdown-generated-files.hmap (in target 'countdown' from project 'countdown')
    cd /Users/runner/work/CountdownW/CountdownW
    write-file /Users/runner/Library/Developer/Xcode/DerivedData/countdown-commbukpdznukvarcianfztjiqgm/Build/Intermediates.noindex/ArchiveIntermediates/countdown/IntermediateBuildFilesPath/countdown.build/Release-iphoneos/countdown.build/countdown-generated-files.hmap

WriteAuxiliaryFile /Users/runner/Library/Developer/Xcode/DerivedData/countdown-commbukpdznukvarcianfztjiqgm/Build/Intermediates.noindex/ArchiveIntermediates/countdown/IntermediateBuildFilesPath/countdown.build/Release-iphoneos/countdown.build/countdown-all-target-headers.hmap (in target 'countdown' from project 'countdown')
    cd /Users/runner/work/CountdownW/CountdownW
    write-file /Users/runner/Library/Developer/Xcode/DerivedData/countdown-commbukpdznukvarcianfztjiqgm/Build/Intermediates.noindex/ArchiveIntermediates/countdown/IntermediateBuildFilesPath/countdown.build/Release-iphoneos/countdown.build/countdown-all-target-headers.hmap

WriteAuxiliaryFile /Users/runner/Library/Developer/Xcode/DerivedData/countdown-commbukpdznukvarcianfztjiqgm/Build/Intermediates.noindex/ArchiveIntermediates/countdown/IntermediateBuildFilesPath/countdown.build/Release-iphoneos/countdown.build/countdown-all-non-framework-target-headers.hmap (in target 'countdown' from project 'countdown')
    cd /Users/runner/work/CountdownW/CountdownW
    write-file /Users/runner/Library/Developer/Xcode/DerivedData/countdown-commbukpdznukvarcianfztjiqgm/Build/Intermediates.noindex/ArchiveIntermediates/countdown/IntermediateBuildFilesPath/countdown.build/Release-iphoneos/countdown.build/countdown-all-non-framework-target-headers.hmap

WriteAuxiliaryFile /Users/runner/Library/Developer/Xcode/DerivedData/countdown-commbukpdznukvarcianfztjiqgm/Build/Intermediates.noindex/ArchiveIntermediates/countdown/IntermediateBuildFilesPath/countdown.build/Release-iphoneos/countdown.build/Script-6584BB5A1C50304F04DFD628.sh (in target 'countdown' from project 'countdown')
    cd /Users/runner/work/CountdownW/CountdownW
    write-file /Users/runner/Library/Developer/Xcode/DerivedData/countdown-commbukpdznukvarcianfztjiqgm/Build/Intermediates.noindex/ArchiveIntermediates/countdown/IntermediateBuildFilesPath/countdown.build/Release-iphoneos/countdown.build/Script-6584BB5A1C50304F04DFD628.sh

WriteAuxiliaryFile /Users/runner/Library/Developer/Xcode/DerivedData/countdown-commbukpdznukvarcianfztjiqgm/Build/Intermediates.noindex/ArchiveIntermediates/countdown/IntermediateBuildFilesPath/countdown.build/Release-iphoneos/countdown.build/Script-64AFF38909023B6C265B5857.sh (in target 'countdown' from project 'countdown')
    cd /Users/runner/work/CountdownW/CountdownW
    write-file /Users/runner/Library/Developer/Xcode/DerivedData/countdown-commbukpdznukvarcianfztjiqgm/Build/Intermediates.noindex/ArchiveIntermediates/countdown/IntermediateBuildFilesPath/countdown.build/Release-iphoneos/countdown.build/Script-64AFF38909023B6C265B5857.sh

WriteAuxiliaryFile /Users/runner/Library/Developer/Xcode/DerivedData/countdown-commbukpdznukvarcianfztjiqgm/Build/Intermediates.noindex/ArchiveIntermediates/countdown/IntermediateBuildFilesPath/countdown.build/Release-iphoneos/countdown.build/OutputFileList-6584BB5A1C50304F04DFD628-Pods-countdown-frameworks-Release-output-files-a67113a116d7d256146b2832128ad336-resolved.xcfilelist (in target 'countdown' from project 'countdown')
    cd /Users/runner/work/CountdownW/CountdownW
    write-file /Users/runner/Library/Developer/Xcode/DerivedData/countdown-commbukpdznukvarcianfztjiqgm/Build/Intermediates.noindex/ArchiveIntermediates/countdown/IntermediateBuildFilesPath/countdown.build/Release-iphoneos/countdown.build/OutputFileList-6584BB5A1C50304F04DFD628-Pods-countdown-frameworks-Release-output-files-a67113a116d7d256146b2832128ad336-resolved.xcfilelist

WriteAuxiliaryFile /Users/runner/Library/Developer/Xcode/DerivedData/countdown-commbukpdznukvarcianfztjiqgm/Build/Intermediates.noindex/ArchiveIntermediates/countdown/IntermediateBuildFilesPath/countdown.build/Release-iphoneos/countdown.build/Objects-normal/arm64/countdown_const_extract_protocols.json (in target 'countdown' from project 'countdown')
    cd /Users/runner/work/CountdownW/CountdownW
    write-file /Users/runner/Library/Developer/Xcode/DerivedData/countdown-commbukpdznukvarcianfztjiqgm/Build/Intermediates.noindex/ArchiveIntermediates/countdown/IntermediateBuildFilesPath/countdown.build/Release-iphoneos/countdown.build/Objects-normal/arm64/countdown_const_extract_protocols.json

WriteAuxiliaryFile /Users/runner/Library/Developer/Xcode/DerivedData/countdown-commbukpdznukvarcianfztjiqgm/Build/Intermediates.noindex/ArchiveIntermediates/countdown/IntermediateBuildFilesPath/countdown.build/Release-iphoneos/countdown.build/Objects-normal/arm64/countdown.SwiftFileList (in target 'countdown' from project 'countdown')
    cd /Users/runner/work/CountdownW/CountdownW
    write-file /Users/runner/Library/Developer/Xcode/DerivedData/countdown-commbukpdznukvarcianfztjiqgm/Build/Intermediates.noindex/ArchiveIntermediates/countdown/IntermediateBuildFilesPath/countdown.build/Release-iphoneos/countdown.build/Objects-normal/arm64/countdown.SwiftFileList

WriteAuxiliaryFile /Users/runner/Library/Developer/Xcode/DerivedData/countdown-commbukpdznukvarcianfztjiqgm/Build/Intermediates.noindex/ArchiveIntermediates/countdown/IntermediateBuildFilesPath/countdown.build/Release-iphoneos/countdown.build/Objects-normal/arm64/countdown.SwiftConstValuesFileList (in target 'countdown' from project 'countdown')
    cd /Users/runner/work/CountdownW/CountdownW
    write-file /Users/runner/Library/Developer/Xcode/DerivedData/countdown-commbukpdznukvarcianfztjiqgm/Build/Intermediates.noindex/ArchiveIntermediates/countdown/IntermediateBuildFilesPath/countdown.build/Release-iphoneos/countdown.build/Objects-normal/arm64/countdown.SwiftConstValuesFileList

WriteAuxiliaryFile /Users/runner/Library/Developer/Xcode/DerivedData/countdown-commbukpdznukvarcianfztjiqgm/Build/Intermediates.noindex/ArchiveIntermediates/countdown/IntermediateBuildFilesPath/countdown.build/Release-iphoneos/countdown.build/Objects-normal/arm64/countdown.LinkFileList (in target 'countdown' from project 'countdown')
    cd /Users/runner/work/CountdownW/CountdownW
    write-file /Users/runner/Library/Developer/Xcode/DerivedData/countdown-commbukpdznukvarcianfztjiqgm/Build/Intermediates.noindex/ArchiveIntermediates/countdown/IntermediateBuildFilesPath/countdown.build/Release-iphoneos/countdown.build/Objects-normal/arm64/countdown.LinkFileList

WriteAuxiliaryFile /Users/runner/Library/Developer/Xcode/DerivedData/countdown-commbukpdznukvarcianfztjiqgm/Build/Intermediates.noindex/ArchiveIntermediates/countdown/IntermediateBuildFilesPath/countdown.build/Release-iphoneos/countdown.build/Objects-normal/arm64/countdown-OutputFileMap.json (in target 'countdown' from project 'countdown')
    cd /Users/runner/work/CountdownW/CountdownW
    write-file /Users/runner/Library/Developer/Xcode/DerivedData/countdown-commbukpdznukvarcianfztjiqgm/Build/Intermediates.noindex/ArchiveIntermediates/countdown/IntermediateBuildFilesPath/countdown.build/Release-iphoneos/countdown.build/Objects-normal/arm64/countdown-OutputFileMap.json

WriteAuxiliaryFile /Users/runner/Library/Developer/Xcode/DerivedData/countdown-commbukpdznukvarcianfztjiqgm/Build/Intermediates.noindex/ArchiveIntermediates/countdown/IntermediateBuildFilesPath/countdown.build/Release-iphoneos/countdown.build/InputFileList-6584BB5A1C50304F04DFD628-Pods-countdown-frameworks-Release-input-files-a458b0e0652d35b49072eeac80aa461c-resolved.xcfilelist (in target 'countdown' from project 'countdown')
    cd /Users/runner/work/CountdownW/CountdownW
    write-file /Users/runner/Library/Developer/Xcode/DerivedData/countdown-commbukpdznukvarcianfztjiqgm/Build/Intermediates.noindex/ArchiveIntermediates/countdown/IntermediateBuildFilesPath/countdown.build/Release-iphoneos/countdown.build/InputFileList-6584BB5A1C50304F04DFD628-Pods-countdown-frameworks-Release-input-files-a458b0e0652d35b49072eeac80aa461c-resolved.xcfilelist

WriteAuxiliaryFile /Users/runner/Library/Developer/Xcode/DerivedData/countdown-commbukpdznukvarcianfztjiqgm/Build/Intermediates.noindex/ArchiveIntermediates/countdown/IntermediateBuildFilesPath/countdown.build/Release-iphoneos/countdown.build/DerivedSources/Entitlements.plist (in target 'countdown' from project 'countdown')
    cd /Users/runner/work/CountdownW/CountdownW
    write-file /Users/runner/Library/Developer/Xcode/DerivedData/countdown-commbukpdznukvarcianfztjiqgm/Build/Intermediates.noindex/ArchiveIntermediates/countdown/IntermediateBuildFilesPath/countdown.build/Release-iphoneos/countdown.build/DerivedSources/Entitlements.plist

PhaseScriptExecution [CP]\ Copy\ XCFrameworks /Users/runner/Library/Developer/Xcode/DerivedData/countdown-commbukpdznukvarcianfztjiqgm/Build/Intermediates.noindex/ArchiveIntermediates/countdown/IntermediateBuildFilesPath/Pods.build/Release-iphoneos/UMDevice.build/Script-6105955D372002E13672850B0A9AE326.sh (in target 'UMDevice' from project 'Pods')
    cd /Users/runner/work/CountdownW/CountdownW/Pods
    /bin/sh -c /Users/runner/Library/Developer/Xcode/DerivedData/countdown-commbukpdznukvarcianfztjiqgm/Build/Intermediates.noindex/ArchiveIntermediates/countdown/IntermediateBuildFilesPath/Pods.build/Release-iphoneos/UMDevice.build/Script-6105955D372002E13672850B0A9AE326.sh
Selected xcframework slice ios-arm64
rsync --delete -av --filter P .*.?????? --links --filter "- CVS/" --filter "- .svn/" --filter "- .git/" --filter "- .hg/" "/Users/runner/work/CountdownW/CountdownW/Pods/UMDevice/UMDevice_3.5.0/UMDevice.xcframework/ios-arm64/*" "/Users/runner/Library/Developer/Xcode/DerivedData/countdown-commbukpdznukvarcianfztjiqgm/Build/Intermediates.noindex/ArchiveIntermediates/countdown/BuildProductsPath/Release-iphoneos/XCFrameworkIntermediates/UMDevice"
Transfer starting: 14 files
UMDevice.framework/
UMDevice.framework/Info.plist
UMDevice.framework/PrivacyInfo.xcprivacy
UMDevice.framework/UMDevice
UMDevice.framework/Headers/
UMDevice.framework/Headers/UMZid.h
UMDevice.framework/Modules/
UMDevice.framework/Modules/module.modulemap
UMDevice.framework/_CodeSignature/
UMDevice.framework/_CodeSignature/CodeDirectory
UMDevice.framework/_CodeSignature/CodeRequirements
UMDevice.framework/_CodeSignature/CodeRequirements-1
UMDevice.framework/_CodeSignature/CodeResources
UMDevice.framework/_CodeSignature/CodeSignature

sent 459792 bytes  received 264 bytes  8663954 bytes/sec
total size is 458276  speedup is 1.00
Copied /Users/runner/work/CountdownW/CountdownW/Pods/UMDevice/UMDevice_3.5.0/UMDevice.xcframework/ios-arm64 to /Users/runner/Library/Developer/Xcode/DerivedData/countdown-commbukpdznukvarcianfztjiqgm/Build/Intermediates.noindex/ArchiveIntermediates/countdown/BuildProductsPath/Release-iphoneos/XCFrameworkIntermediates/UMDevice

WriteAuxiliaryFile /Users/runner/Library/Developer/Xcode/DerivedData/countdown-commbukpdznukvarcianfztjiqgm/Build/Intermediates.noindex/ArchiveIntermediates/countdown/IntermediateBuildFilesPath/Pods.build/Release-iphoneos/Pods-countdown.build/Pods_countdown.hmap (in target 'Pods-countdown' from project 'Pods')
    cd /Users/runner/work/CountdownW/CountdownW/Pods
    write-file /Users/runner/Library/Developer/Xcode/DerivedData/countdown-commbukpdznukvarcianfztjiqgm/Build/Intermediates.noindex/ArchiveIntermediates/countdown/IntermediateBuildFilesPath/Pods.build/Release-iphoneos/Pods-countdown.build/Pods_countdown.hmap

WriteAuxiliaryFile /Users/runner/Library/Developer/Xcode/DerivedData/countdown-commbukpdznukvarcianfztjiqgm/Build/Intermediates.noindex/ArchiveIntermediates/countdown/IntermediateBuildFilesPath/Pods.build/Release-iphoneos/Pods-countdown.build/Pods_countdown.DependencyStaticMetadataFileList (in target 'Pods-countdown' from project 'Pods')
    cd /Users/runner/work/CountdownW/CountdownW/Pods
    write-file /Users/runner/Library/Developer/Xcode/DerivedData/countdown-commbukpdznukvarcianfztjiqgm/Build/Intermediates.noindex/ArchiveIntermediates/countdown/IntermediateBuildFilesPath/Pods.build/Release-iphoneos/Pods-countdown.build/Pods_countdown.DependencyStaticMetadataFileList

WriteAuxiliaryFile /Users/runner/Library/Developer/Xcode/DerivedData/countdown-commbukpdznukvarcianfztjiqgm/Build/Intermediates.noindex/ArchiveIntermediates/countdown/IntermediateBuildFilesPath/Pods.build/Release-iphoneos/Pods-countdown.build/Pods_countdown.DependencyMetadataFileList (in target 'Pods-countdown' from project 'Pods')
    cd /Users/runner/work/CountdownW/CountdownW/Pods
    write-file /Users/runner/Library/Developer/Xcode/DerivedData/countdown-commbukpdznukvarcianfztjiqgm/Build/Intermediates.noindex/ArchiveIntermediates/countdown/IntermediateBuildFilesPath/Pods.build/Release-iphoneos/Pods-countdown.build/Pods_countdown.DependencyMetadataFileList

WriteAuxiliaryFile /Users/runner/Library/Developer/Xcode/DerivedData/countdown-commbukpdznukvarcianfztjiqgm/Build/Intermediates.noindex/ArchiveIntermediates/countdown/IntermediateBuildFilesPath/Pods.build/Release-iphoneos/Pods-countdown.build/Pods_countdown-project-headers.hmap (in target 'Pods-countdown' from project 'Pods')
    cd /Users/runner/work/CountdownW/CountdownW/Pods
    write-file /Users/runner/Library/Developer/Xcode/DerivedData/countdown-commbukpdznukvarcianfztjiqgm/Build/Intermediates.noindex/ArchiveIntermediates/countdown/IntermediateBuildFilesPath/Pods.build/Release-iphoneos/Pods-countdown.build/Pods_countdown-project-headers.hmap

WriteAuxiliaryFile /Users/runner/Library/Developer/Xcode/DerivedData/countdown-commbukpdznukvarcianfztjiqgm/Build/Intermediates.noindex/ArchiveIntermediates/countdown/IntermediateBuildFilesPath/Pods.build/Release-iphoneos/Pods-countdown.build/Pods_countdown-own-target-headers.hmap (in target 'Pods-countdown' from project 'Pods')
    cd /Users/runner/work/CountdownW/CountdownW/Pods
    write-file /Users/runner/Library/Developer/Xcode/DerivedData/countdown-commbukpdznukvarcianfztjiqgm/Build/Intermediates.noindex/ArchiveIntermediates/countdown/IntermediateBuildFilesPath/Pods.build/Release-iphoneos/Pods-countdown.build/Pods_countdown-own-target-headers.hmap

WriteAuxiliaryFile /Users/runner/Library/Developer/Xcode/DerivedData/countdown-commbukpdznukvarcianfztjiqgm/Build/Intermediates.noindex/ArchiveIntermediates/countdown/IntermediateBuildFilesPath/Pods.build/Release-iphoneos/Pods-countdown.build/Pods_countdown-generated-files.hmap (in target 'Pods-countdown' from project 'Pods')
    cd /Users/runner/work/CountdownW/CountdownW/Pods
    write-file /Users/runner/Library/Developer/Xcode/DerivedData/countdown-commbukpdznukvarcianfztjiqgm/Build/Intermediates.noindex/ArchiveIntermediates/countdown/IntermediateBuildFilesPath/Pods.build/Release-iphoneos/Pods-countdown.build/Pods_countdown-generated-files.hmap

WriteAuxiliaryFile /Users/runner/Library/Developer/Xcode/DerivedData/countdown-commbukpdznukvarcianfztjiqgm/Build/Intermediates.noindex/ArchiveIntermediates/countdown/IntermediateBuildFilesPath/Pods.build/Release-iphoneos/Pods-countdown.build/Pods_countdown-all-target-headers.hmap (in target 'Pods-countdown' from project 'Pods')
    cd /Users/runner/work/CountdownW/CountdownW/Pods
    write-file /Users/runner/Library/Developer/Xcode/DerivedData/countdown-commbukpdznukvarcianfztjiqgm/Build/Intermediates.noindex/ArchiveIntermediates/countdown/IntermediateBuildFilesPath/Pods.build/Release-iphoneos/Pods-countdown.build/Pods_countdown-all-target-headers.hmap

WriteAuxiliaryFile /Users/runner/Library/Developer/Xcode/DerivedData/countdown-commbukpdznukvarcianfztjiqgm/Build/Intermediates.noindex/ArchiveIntermediates/countdown/IntermediateBuildFilesPath/Pods.build/Release-iphoneos/Pods-countdown.build/Pods_countdown-all-non-framework-target-headers.hmap (in target 'Pods-countdown' from project 'Pods')
    cd /Users/runner/work/CountdownW/CountdownW/Pods
    write-file /Users/runner/Library/Developer/Xcode/DerivedData/countdown-commbukpdznukvarcianfztjiqgm/Build/Intermediates.noindex/ArchiveIntermediates/countdown/IntermediateBuildFilesPath/Pods.build/Release-iphoneos/Pods-countdown.build/Pods_countdown-all-non-framework-target-headers.hmap

WriteAuxiliaryFile /Users/runner/Library/Developer/Xcode/DerivedData/countdown-commbukpdznukvarcianfztjiqgm/Build/Intermediates.noindex/ArchiveIntermediates/countdown/IntermediateBuildFilesPath/Pods.build/Release-iphoneos/Pods-countdown.build/Objects-normal/arm64/e6072d4f65d7061329687fe24e3d63a7-common-args.resp (in target 'Pods-countdown' from project 'Pods')
    cd /Users/runner/work/CountdownW/CountdownW/Pods
    write-file /Users/runner/Library/Developer/Xcode/DerivedData/countdown-commbukpdznukvarcianfztjiqgm/Build/Intermediates.noindex/ArchiveIntermediates/countdown/IntermediateBuildFilesPath/Pods.build/Release-iphoneos/Pods-countdown.build/Objects-normal/arm64/e6072d4f65d7061329687fe24e3d63a7-common-args.resp
-target arm64-apple-ios15.0 '-std=gnu11' -fobjc-arc -fmodules -gmodules '-fmodules-cache-path=/Users/runner/Library/Developer/Xcode/DerivedData/ModuleCache.noindex' '-fmodule-name=Pods_countdown' -fpascal-strings -Os -fno-common '-DPOD_CONFIGURATION_RELEASE=1' '-DCOCOAPODS=1' '-DNS_BLOCK_ASSERTIONS=1' '-DOBJC_OLD_DISPATCH_PROTOTYPES=0' -isysroot /Applications/Xcode_16.4.app/Contents/Developer/Platforms/iPhoneOS.platform/Developer/SDKs/iPhoneOS18.5.sdk -g -iquote /Users/runner/Library/Developer/Xcode/DerivedData/countdown-commbukpdznukvarcianfztjiqgm/Build/Intermediates.noindex/ArchiveIntermediates/countdown/IntermediateBuildFilesPath/Pods.build/Release-iphoneos/Pods-countdown.build/Pods_countdown-generated-files.hmap -I/Users/runner/Library/Developer/Xcode/DerivedData/countdown-commbukpdznukvarcianfztjiqgm/Build/Intermediates.noindex/ArchiveIntermediates/countdown/IntermediateBuildFilesPath/Pods.build/Release-iphoneos/Pods-countdown.build/Pods_countdown-own-target-headers.hmap -I/Users/runner/Library/Developer/Xcode/DerivedData/countdown-commbukpdznukvarcianfztjiqgm/Build/Intermediates.noindex/ArchiveIntermediates/countdown/IntermediateBuildFilesPath/Pods.build/Release-iphoneos/Pods-countdown.build/Pods_countdown-all-non-framework-target-headers.hmap -ivfsoverlay /Users/runner/Library/Developer/Xcode/DerivedData/countdown-commbukpdznukvarcianfztjiqgm/Build/Intermediates.noindex/ArchiveIntermediates/countdown/IntermediateBuildFilesPath/Pods.build/Release-iphoneos/Pods-8699adb1dd336b26511df848a716bd42-VFS-iphoneos/all-product-headers.yaml -iquote /Users/runner/Library/Developer/Xcode/DerivedData/countdown-commbukpdznukvarcianfztjiqgm/Build/Intermediates.noindex/ArchiveIntermediates/countdown/IntermediateBuildFilesPath/Pods.build/Release-iphoneos/Pods-countdown.build/Pods_countdown-project-headers.hmap -I/Users/runner/Library/Developer/Xcode/DerivedData/countdown-commbukpdznukvarcianfztjiqgm/Build/Intermediates.noindex/ArchiveIntermediates/countdown/BuildProductsPath/Release-iphoneos/include -I/Users/runner/Library/Developer/Xcode/DerivedData/countdown-commbukpdznukvarcianfztjiqgm/Build/Intermediates.noindex/ArchiveIntermediates/countdown/BuildProductsPath/Release-iphoneos/ApplePurchaseKit/ApplePurchaseKit.framework/Headers -I/Users/runner/Library/Developer/Xcode/DerivedData/countdown-commbukpdznukvarcianfztjiqgm/Build/Intermediates.noindex/ArchiveIntermediates/countdown/BuildProductsPath/Release-iphoneos/KeychainAccess/KeychainAccess.framework/Headers -I/Users/runner/Library/Developer/Xcode/DerivedData/countdown-commbukpdznukvarcianfztjiqgm/Build/Intermediates.noindex/ArchiveIntermediates/countdown/BuildProductsPath/Release-iphoneos/SVProgressHUD/SVProgressHUD.framework/Headers -I/Users/runner/Library/Developer/Xcode/DerivedData/countdown-commbukpdznukvarcianfztjiqgm/Build/Intermediates.noindex/ArchiveIntermediates/countdown/BuildProductsPath/Release-iphoneos/lottie-ios/Lottie.framework/Headers -I/Users/runner/Library/Developer/Xcode/DerivedData/countdown-commbukpdznukvarcianfztjiqgm/Build/Intermediates.noindex/ArchiveIntermediates/countdown/IntermediateBuildFilesPath/Pods.build/Release-iphoneos/Pods-countdown.build/DerivedSources-normal/arm64 -I/Users/runner/Library/Developer/Xcode/DerivedData/countdown-commbukpdznukvarcianfztjiqgm/Build/Intermediates.noindex/ArchiveIntermediates/countdown/IntermediateBuildFilesPath/Pods.build/Release-iphoneos/Pods-countdown.build/DerivedSources/arm64 -I/Users/runner/Library/Developer/Xcode/DerivedData/countdown-commbukpdznukvarcianfztjiqgm/Build/Intermediates.noindex/ArchiveIntermediates/countdown/IntermediateBuildFilesPath/Pods.build/Release-iphoneos/Pods-countdown.build/DerivedSources -F/Users/runner/Library/Developer/Xcode/DerivedData/countdown-commbukpdznukvarcianfztjiqgm/Build/Intermediates.noindex/ArchiveIntermediates/countdown/BuildProductsPath/Release-iphoneos -F/Users/runner/Library/Developer/Xcode/DerivedData/countdown-commbukpdznukvarcianfztjiqgm/Build/Intermediates.noindex/ArchiveIntermediates/countdown/BuildProductsPath/Release-iphoneos/ApplePurchaseKit -F/Users/runner/Library/Developer/Xcode/DerivedData/countdown-commbukpdznukvarcianfztjiqgm/Build/Intermediates.noindex/ArchiveIntermediates/countdown/BuildProductsPath/Release-iphoneos/KeychainAccess -F/Users/runner/Library/Developer/Xcode/DerivedData/countdown-commbukpdznukvarcianfztjiqgm/Build/Intermediates.noindex/ArchiveIntermediates/countdown/BuildProductsPath/Release-iphoneos/SVProgressHUD -F/Users/runner/Library/Developer/Xcode/DerivedData/countdown-commbukpdznukvarcianfztjiqgm/Build/Intermediates.noindex/ArchiveIntermediates/countdown/BuildProductsPath/Release-iphoneos/lottie-ios -F/Users/runner/work/CountdownW/CountdownW/Pods/UMCommon/UMCommon_7.5.8 -F/Users/runner/work/CountdownW/CountdownW/Pods/UMDevice/UMDevice_3.5.0 -F/Users/runner/Library/Developer/Xcode/DerivedData/countdown-commbukpdznukvarcianfztjiqgm/Build/Intermediates.noindex/ArchiveIntermediates/countdown/BuildProductsPath/Release-iphoneos/XCFrameworkIntermediates/UMCommon -F/Users/runner/Library/Developer/Xcode/DerivedData/countdown-commbukpdznukvarcianfztjiqgm/Build/Intermediates.noindex/ArchiveIntermediates/countdown/BuildProductsPath/Release-iphoneos/XCFrameworkIntermediates/UMDevice -isystem /Users/runner/Library/Developer/Xcode/DerivedData/countdown-commbukpdznukvarcianfztjiqgm/Build/Intermediates.noindex/ArchiveIntermediates/countdown/BuildProductsPath/Release-iphoneos/ApplePurchaseKit/ApplePurchaseKit.framework/Headers -isystem /Users/runner/Library/Developer/Xcode/DerivedData/countdown-commbukpdznukvarcianfztjiqgm/Build/Intermediates.noindex/ArchiveIntermediates/countdown/BuildProductsPath/Release-iphoneos/KeychainAccess/KeychainAccess.framework/Headers -isystem /Users/runner/Library/Developer/Xcode/DerivedData/countdown-commbukpdznukvarcianfztjiqgm/Build/Intermediates.noindex/ArchiveIntermediates/countdown/BuildProductsPath/Release-iphoneos/SVProgressHUD/SVProgressHUD.framework/Headers -isystem /Users/runner/Library/Developer/Xcode/DerivedData/countdown-commbukpdznukvarcianfztjiqgm/Build/Intermediates.noindex/ArchiveIntermediates/countdown/BuildProductsPath/Release-iphoneos/lottie-ios/Lottie.framework/Headers -iframework /Users/runner/Library/Developer/Xcode/DerivedData/countdown-commbukpdznukvarcianfztjiqgm/Build/Intermediates.noindex/ArchiveIntermediates/countdown/BuildProductsPath/Release-iphoneos/ApplePurchaseKit -iframework /Users/runner/Library/Developer/Xcode/DerivedData/countdown-commbukpdznukvarcianfztjiqgm/Build/Intermediates.noindex/ArchiveIntermediates/countdown/BuildProductsPath/Release-iphoneos/KeychainAccess -iframework /Users/runner/Library/Developer/Xcode/DerivedData/countdown-commbukpdznukvarcianfztjiqgm/Build/Intermediates.noindex/ArchiveIntermediates/countdown/BuildProductsPath/Release-iphoneos/SVProgressHUD -iframework /Users/runner/work/CountdownW/CountdownW/Pods/UMCommon/UMCommon_7.5.8 -iframework /Users/runner/Library/Developer/Xcode/DerivedData/countdown-commbukpdznukvarcianfztjiqgm/Build/Intermediates.noindex/ArchiveIntermediates/countdown/BuildProductsPath/Release-iphoneos/XCFrameworkIntermediates/UMCommon -iframework /Users/runner/work/CountdownW/CountdownW/Pods/UMDevice/UMDevice_3.5.0 -iframework /Users/runner/Library/Developer/Xcode/DerivedData/countdown-commbukpdznukvarcianfztjiqgm/Build/Intermediates.noindex/ArchiveIntermediates/countdown/BuildProductsPath/Release-iphoneos/XCFrameworkIntermediates/UMDevice -iframework /Users/runner/Library/Developer/Xcode/DerivedData/countdown-commbukpdznukvarcianfztjiqgm/Build/Intermediates.noindex/ArchiveIntermediates/countdown/BuildProductsPath/Release-iphoneos/lottie-ios

WriteAuxiliaryFile /Users/runner/Library/Developer/Xcode/DerivedData/countdown-commbukpdznukvarcianfztjiqgm/Build/Intermediates.noindex/ArchiveIntermediates/countdown/IntermediateBuildFilesPath/Pods.build/Release-iphoneos/Pods-countdown.build/Objects-normal/arm64/Pods_countdown.LinkFileList (in target 'Pods-countdown' from project 'Pods')
    cd /Users/runner/work/CountdownW/CountdownW/Pods
    write-file /Users/runner/Library/Developer/Xcode/DerivedData/countdown-commbukpdznukvarcianfztjiqgm/Build/Intermediates.noindex/ArchiveIntermediates/countdown/IntermediateBuildFilesPath/Pods.build/Release-iphoneos/Pods-countdown.build/Objects-normal/arm64/Pods_countdown.LinkFileList

WriteAuxiliaryFile /Users/runner/Library/Developer/Xcode/DerivedData/countdown-commbukpdznukvarcianfztjiqgm/Build/Intermediates.noindex/ArchiveIntermediates/countdown/IntermediateBuildFilesPath/Pods.build/Release-iphoneos/Pods-countdown.build/Objects-normal/arm64/7187679823f38a2a940e0043cdf9d637-common-args.resp (in target 'Pods-countdown' from project 'Pods')
    cd /Users/runner/work/CountdownW/CountdownW/Pods
    write-file /Users/runner/Library/Developer/Xcode/DerivedData/countdown-commbukpdznukvarcianfztjiqgm/Build/Intermediates.noindex/ArchiveIntermediates/countdown/IntermediateBuildFilesPath/Pods.build/Release-iphoneos/Pods-countdown.build/Objects-normal/arm64/7187679823f38a2a940e0043cdf9d637-common-args.resp
-target arm64-apple-ios15.0 '-std=gnu11' -fmodules -gmodules '-fmodules-cache-path=/Users/runner/Library/Developer/Xcode/DerivedData/ModuleCache.noindex' '-fmodule-name=Pods_countdown' -fpascal-strings -Os -fno-common '-DPOD_CONFIGURATION_RELEASE=1' '-DCOCOAPODS=1' -isysroot /Applications/Xcode_16.4.app/Contents/Developer/Platforms/iPhoneOS.platform/Developer/SDKs/iPhoneOS18.5.sdk -g -iquote /Users/runner/Library/Developer/Xcode/DerivedData/countdown-commbukpdznukvarcianfztjiqgm/Build/Intermediates.noindex/ArchiveIntermediates/countdown/IntermediateBuildFilesPath/Pods.build/Release-iphoneos/Pods-countdown.build/Pods_countdown-generated-files.hmap -I/Users/runner/Library/Developer/Xcode/DerivedData/countdown-commbukpdznukvarcianfztjiqgm/Build/Intermediates.noindex/ArchiveIntermediates/countdown/IntermediateBuildFilesPath/Pods.build/Release-iphoneos/Pods-countdown.build/Pods_countdown-own-target-headers.hmap -I/Users/runner/Library/Developer/Xcode/DerivedData/countdown-commbukpdznukvarcianfztjiqgm/Build/Intermediates.noindex/ArchiveIntermediates/countdown/IntermediateBuildFilesPath/Pods.build/Release-iphoneos/Pods-countdown.build/Pods_countdown-all-non-framework-target-headers.hmap -ivfsoverlay /Users/runner/Library/Developer/Xcode/DerivedData/countdown-commbukpdznukvarcianfztjiqgm/Build/Intermediates.noindex/ArchiveIntermediates/countdown/IntermediateBuildFilesPath/Pods.build/Release-iphoneos/Pods-8699adb1dd336b26511df848a716bd42-VFS-iphoneos/all-product-headers.yaml -iquote /Users/runner/Library/Developer/Xcode/DerivedData/countdown-commbukpdznukvarcianfztjiqgm/Build/Intermediates.noindex/ArchiveIntermediates/countdown/IntermediateBuildFilesPath/Pods.build/Release-iphoneos/Pods-countdown.build/Pods_countdown-project-headers.hmap -I/Users/runner/Library/Developer/Xcode/DerivedData/countdown-commbukpdznukvarcianfztjiqgm/Build/Intermediates.noindex/ArchiveIntermediates/countdown/BuildProductsPath/Release-iphoneos/include -I/Users/runner/Library/Developer/Xcode/DerivedData/countdown-commbukpdznukvarcianfztjiqgm/Build/Intermediates.noindex/ArchiveIntermediates/countdown/BuildProductsPath/Release-iphoneos/ApplePurchaseKit/ApplePurchaseKit.framework/Headers -I/Users/runner/Library/Developer/Xcode/DerivedData/countdown-commbukpdznukvarcianfztjiqgm/Build/Intermediates.noindex/ArchiveIntermediates/countdown/BuildProductsPath/Release-iphoneos/KeychainAccess/KeychainAccess.framework/Headers -I/Users/runner/Library/Developer/Xcode/DerivedData/countdown-commbukpdznukvarcianfztjiqgm/Build/Intermediates.noindex/ArchiveIntermediates/countdown/BuildProductsPath/Release-iphoneos/SVProgressHUD/SVProgressHUD.framework/Headers -I/Users/runner/Library/Developer/Xcode/DerivedData/countdown-commbukpdznukvarcianfztjiqgm/Build/Intermediates.noindex/ArchiveIntermediates/countdown/BuildProductsPath/Release-iphoneos/lottie-ios/Lottie.framework/Headers -I/Users/runner/Library/Developer/Xcode/DerivedData/countdown-commbukpdznukvarcianfztjiqgm/Build/Intermediates.noindex/ArchiveIntermediates/countdown/IntermediateBuildFilesPath/Pods.build/Release-iphoneos/Pods-countdown.build/DerivedSources-normal/arm64 -I/Users/runner/Library/Developer/Xcode/DerivedData/countdown-commbukpdznukvarcianfztjiqgm/Build/Intermediates.noindex/ArchiveIntermediates/countdown/IntermediateBuildFilesPath/Pods.build/Release-iphoneos/Pods-countdown.build/DerivedSources/arm64 -I/Users/runner/Library/Developer/Xcode/DerivedData/countdown-commbukpdznukvarcianfztjiqgm/Build/Intermediates.noindex/ArchiveIntermediates/countdown/IntermediateBuildFilesPath/Pods.build/Release-iphoneos/Pods-countdown.build/DerivedSources -F/Users/runner/Library/Developer/Xcode/DerivedData/countdown-commbukpdznukvarcianfztjiqgm/Build/Intermediates.noindex/ArchiveIntermediates/countdown/BuildProductsPath/Release-iphoneos -F/Users/runner/Library/Developer/Xcode/DerivedData/countdown-commbukpdznukvarcianfztjiqgm/Build/Intermediates.noindex/ArchiveIntermediates/countdown/BuildProductsPath/Release-iphoneos/ApplePurchaseKit -F/Users/runner/Library/Developer/Xcode/DerivedData/countdown-commbukpdznukvarcianfztjiqgm/Build/Intermediates.noindex/ArchiveIntermediates/countdown/BuildProductsPath/Release-iphoneos/KeychainAccess -F/Users/runner/Library/Developer/Xcode/DerivedData/countdown-commbukpdznukvarcianfztjiqgm/Build/Intermediates.noindex/ArchiveIntermediates/countdown/BuildProductsPath/Release-iphoneos/SVProgressHUD -F/Users/runner/Library/Developer/Xcode/DerivedData/countdown-commbukpdznukvarcianfztjiqgm/Build/Intermediates.noindex/ArchiveIntermediates/countdown/BuildProductsPath/Release-iphoneos/lottie-ios -F/Users/runner/work/CountdownW/CountdownW/Pods/UMCommon/UMCommon_7.5.8 -F/Users/runner/work/CountdownW/CountdownW/Pods/UMDevice/UMDevice_3.5.0 -F/Users/runner/Library/Developer/Xcode/DerivedData/countdown-commbukpdznukvarcianfztjiqgm/Build/Intermediates.noindex/ArchiveIntermediates/countdown/BuildProductsPath/Release-iphoneos/XCFrameworkIntermediates/UMCommon -F/Users/runner/Library/Developer/Xcode/DerivedData/countdown-commbukpdznukvarcianfztjiqgm/Build/Intermediates.noindex/ArchiveIntermediates/countdown/BuildProductsPath/Release-iphoneos/XCFrameworkIntermediates/UMDevice -isystem /Users/runner/Library/Developer/Xcode/DerivedData/countdown-commbukpdznukvarcianfztjiqgm/Build/Intermediates.noindex/ArchiveIntermediates/countdown/BuildProductsPath/Release-iphoneos/ApplePurchaseKit/ApplePurchaseKit.framework/Headers -isystem /Users/runner/Library/Developer/Xcode/DerivedData/countdown-commbukpdznukvarcianfztjiqgm/Build/Intermediates.noindex/ArchiveIntermediates/countdown/BuildProductsPath/Release-iphoneos/KeychainAccess/KeychainAccess.framework/Headers -isystem /Users/runner/Library/Developer/Xcode/DerivedData/countdown-commbukpdznukvarcianfztjiqgm/Build/Intermediates.noindex/ArchiveIntermediates/countdown/BuildProductsPath/Release-iphoneos/SVProgressHUD/SVProgressHUD.framework/Headers -isystem /Users/runner/Library/Developer/Xcode/DerivedData/countdown-commbukpdznukvarcianfztjiqgm/Build/Intermediates.noindex/ArchiveIntermediates/countdown/BuildProductsPath/Release-iphoneos/lottie-ios/Lottie.framework/Headers -iframework /Users/runner/Library/Developer/Xcode/DerivedData/countdown-commbukpdznukvarcianfztjiqgm/Build/Intermediates.noindex/ArchiveIntermediates/countdown/BuildProductsPath/Release-iphoneos/ApplePurchaseKit -iframework /Users/runner/Library/Developer/Xcode/DerivedData/countdown-commbukpdznukvarcianfztjiqgm/Build/Intermediates.noindex/ArchiveIntermediates/countdown/BuildProductsPath/Release-iphoneos/KeychainAccess -iframework /Users/runner/Library/Developer/Xcode/DerivedData/countdown-commbukpdznukvarcianfztjiqgm/Build/Intermediates.noindex/ArchiveIntermediates/countdown/BuildProductsPath/Release-iphoneos/SVProgressHUD -iframework /Users/runner/work/CountdownW/CountdownW/Pods/UMCommon/UMCommon_7.5.8 -iframework /Users/runner/Library/Developer/Xcode/DerivedData/countdown-commbukpdznukvarcianfztjiqgm/Build/Intermediates.noindex/ArchiveIntermediates/countdown/BuildProductsPath/Release-iphoneos/XCFrameworkIntermediates/UMCommon -iframework /Users/runner/work/CountdownW/CountdownW/Pods/UMDevice/UMDevice_3.5.0 -iframework /Users/runner/Library/Developer/Xcode/DerivedData/countdown-commbukpdznukvarcianfztjiqgm/Build/Intermediates.noindex/ArchiveIntermediates/countdown/BuildProductsPath/Release-iphoneos/XCFrameworkIntermediates/UMDevice -iframework /Users/runner/Library/Developer/Xcode/DerivedData/countdown-commbukpdznukvarcianfztjiqgm/Build/Intermediates.noindex/ArchiveIntermediates/countdown/BuildProductsPath/Release-iphoneos/lottie-ios

WriteAuxiliaryFile /Users/runner/Library/Developer/Xcode/DerivedData/countdown-commbukpdznukvarcianfztjiqgm/Build/Intermediates.noindex/ArchiveIntermediates/countdown/IntermediateBuildFilesPath/Pods.build/Release-iphoneos/Pods-countdown.build/DerivedSources/Pods_countdown_vers.c (in target 'Pods-countdown' from project 'Pods')
    cd /Users/runner/work/CountdownW/CountdownW/Pods
    write-file /Users/runner/Library/Developer/Xcode/DerivedData/countdown-commbukpdznukvarcianfztjiqgm/Build/Intermediates.noindex/ArchiveIntermediates/countdown/IntermediateBuildFilesPath/Pods.build/Release-iphoneos/Pods-countdown.build/DerivedSources/Pods_countdown_vers.c

CpHeader /Users/runner/Library/Developer/Xcode/DerivedData/countdown-commbukpdznukvarcianfztjiqgm/Build/Intermediates.noindex/ArchiveIntermediates/countdown/IntermediateBuildFilesPath/UninstalledProducts/iphoneos/Pods_countdown.framework/Headers/Pods-countdown-umbrella.h /Users/runner/work/CountdownW/CountdownW/Pods/Target\ Support\ Files/Pods-countdown/Pods-countdown-umbrella.h (in target 'Pods-countdown' from project 'Pods')
    cd /Users/runner/work/CountdownW/CountdownW/Pods
    builtin-copy -exclude .DS_Store -exclude CVS -exclude .svn -exclude .git -exclude .hg -resolve-src-symlinks /Users/runner/work/CountdownW/CountdownW/Pods/Target\ Support\ Files/Pods-countdown/Pods-countdown-umbrella.h /Users/runner/Library/Developer/Xcode/DerivedData/countdown-commbukpdznukvarcianfztjiqgm/Build/Intermediates.noindex/ArchiveIntermediates/countdown/IntermediateBuildFilesPath/UninstalledProducts/iphoneos/Pods_countdown.framework/Headers

Copy /Users/runner/Library/Developer/Xcode/DerivedData/countdown-commbukpdznukvarcianfztjiqgm/Build/Intermediates.noindex/ArchiveIntermediates/countdown/IntermediateBuildFilesPath/Pods.build/Release-iphoneos/Pods-countdown.build/module.modulemap /Users/runner/work/CountdownW/CountdownW/Pods/Target\ Support\ Files/Pods-countdown/Pods-countdown.modulemap (in target 'Pods-countdown' from project 'Pods')
    cd /Users/runner/work/CountdownW/CountdownW/Pods
    builtin-copy -exclude .DS_Store -exclude CVS -exclude .svn -exclude .git -exclude .hg -resolve-src-symlinks -rename /Users/runner/work/CountdownW/CountdownW/Pods/Target\ Support\ Files/Pods-countdown/Pods-countdown.modulemap /Users/runner/Library/Developer/Xcode/DerivedData/countdown-commbukpdznukvarcianfztjiqgm/Build/Intermediates.noindex/ArchiveIntermediates/countdown/IntermediateBuildFilesPath/Pods.build/Release-iphoneos/Pods-countdown.build/module.modulemap

SymLink /Users/runner/Library/Developer/Xcode/DerivedData/countdown-commbukpdznukvarcianfztjiqgm/Build/Intermediates.noindex/ArchiveIntermediates/countdown/BuildProductsPath/Release-iphoneos/countdown.app ../../InstallationBuildProductsLocation/Applications/countdown.app (in target 'countdown' from project 'countdown')
    cd /Users/runner/work/CountdownW/CountdownW
    /bin/ln -sfh ../../InstallationBuildProductsLocation/Applications/countdown.app /Users/runner/Library/Developer/Xcode/DerivedData/countdown-commbukpdznukvarcianfztjiqgm/Build/Intermediates.noindex/ArchiveIntermediates/countdown/BuildProductsPath/Release-iphoneos/countdown.app

MkDir /Users/runner/Library/Developer/Xcode/DerivedData/countdown-commbukpdznukvarcianfztjiqgm/Build/Intermediates.noindex/ArchiveIntermediates/countdown/InstallationBuildProductsLocation/Applications/countdown.app/Frameworks (in target 'countdown' from project 'countdown')
    cd /Users/runner/work/CountdownW/CountdownW
    /bin/mkdir -p /Users/runner/Library/Developer/Xcode/DerivedData/countdown-commbukpdznukvarcianfztjiqgm/Build/Intermediates.noindex/ArchiveIntermediates/countdown/InstallationBuildProductsLocation/Applications/countdown.app/Frameworks

MkDir /Users/runner/Library/Developer/Xcode/DerivedData/countdown-commbukpdznukvarcianfztjiqgm/Build/Intermediates.noindex/ArchiveIntermediates/countdown/InstallationBuildProductsLocation/Applications/countdown.app (in target 'countdown' from project 'countdown')
    cd /Users/runner/work/CountdownW/CountdownW
    /bin/mkdir -p /Users/runner/Library/Developer/Xcode/DerivedData/countdown-commbukpdznukvarcianfztjiqgm/Build/Intermediates.noindex/ArchiveIntermediates/countdown/InstallationBuildProductsLocation/Applications/countdown.app

SymLink /Users/runner/Library/Developer/Xcode/DerivedData/countdown-commbukpdznukvarcianfztjiqgm/Build/Intermediates.noindex/ArchiveIntermediates/countdown/BuildProductsPath/Release-iphoneos/Pods_countdown.framework ../../IntermediateBuildFilesPath/UninstalledProducts/iphoneos/Pods_countdown.framework (in target 'Pods-countdown' from project 'Pods')
    cd /Users/runner/work/CountdownW/CountdownW/Pods
    /bin/ln -sfh ../../IntermediateBuildFilesPath/UninstalledProducts/iphoneos/Pods_countdown.framework /Users/runner/Library/Developer/Xcode/DerivedData/countdown-commbukpdznukvarcianfztjiqgm/Build/Intermediates.noindex/ArchiveIntermediates/countdown/BuildProductsPath/Release-iphoneos/Pods_countdown.framework

MkDir /Users/runner/Library/Developer/Xcode/DerivedData/countdown-commbukpdznukvarcianfztjiqgm/Build/Intermediates.noindex/ArchiveIntermediates/countdown/IntermediateBuildFilesPath/UninstalledProducts/iphoneos/Pods_countdown.framework/Headers (in target 'Pods-countdown' from project 'Pods')
    cd /Users/runner/work/CountdownW/CountdownW/Pods
    /bin/mkdir -p /Users/runner/Library/Developer/Xcode/DerivedData/countdown-commbukpdznukvarcianfztjiqgm/Build/Intermediates.noindex/ArchiveIntermediates/countdown/IntermediateBuildFilesPath/UninstalledProducts/iphoneos/Pods_countdown.framework/Headers

MkDir /Users/runner/Library/Developer/Xcode/DerivedData/countdown-commbukpdznukvarcianfztjiqgm/Build/Intermediates.noindex/ArchiveIntermediates/countdown/IntermediateBuildFilesPath/UninstalledProducts/iphoneos/Pods_countdown.framework (in target 'Pods-countdown' from project 'Pods')
    cd /Users/runner/work/CountdownW/CountdownW/Pods
    /bin/mkdir -p /Users/runner/Library/Developer/Xcode/DerivedData/countdown-commbukpdznukvarcianfztjiqgm/Build/Intermediates.noindex/ArchiveIntermediates/countdown/IntermediateBuildFilesPath/UninstalledProducts/iphoneos/Pods_countdown.framework

CreateBuildDirectory /Users/runner/Library/Developer/Xcode/DerivedData/countdown-commbukpdznukvarcianfztjiqgm/Build/Intermediates.noindex/ArchiveIntermediates/countdown/BuildProductsPath/Release-iphoneos/UMCommon
    cd /Users/runner/work/CountdownW/CountdownW
    builtin-create-build-directory /Users/runner/Library/Developer/Xcode/DerivedData/countdown-commbukpdznukvarcianfztjiqgm/Build/Intermediates.noindex/ArchiveIntermediates/countdown/BuildProductsPath/Release-iphoneos/UMCommon

WriteAuxiliaryFile /Users/runner/Library/Developer/Xcode/DerivedData/countdown-commbukpdznukvarcianfztjiqgm/Build/Intermediates.noindex/ArchiveIntermediates/countdown/IntermediateBuildFilesPath/Pods.build/Release-iphoneos/lottie-ios-LottiePrivacyInfo.build/LottiePrivacyInfo.hmap (in target 'lottie-ios-LottiePrivacyInfo' from project 'Pods')
    cd /Users/runner/work/CountdownW/CountdownW/Pods
    write-file /Users/runner/Library/Developer/Xcode/DerivedData/countdown-commbukpdznukvarcianfztjiqgm/Build/Intermediates.noindex/ArchiveIntermediates/countdown/IntermediateBuildFilesPath/Pods.build/Release-iphoneos/lottie-ios-LottiePrivacyInfo.build/LottiePrivacyInfo.hmap

WriteAuxiliaryFile /Users/runner/Library/Developer/Xcode/DerivedData/countdown-commbukpdznukvarcianfztjiqgm/Build/Intermediates.noindex/ArchiveIntermediates/countdown/IntermediateBuildFilesPath/Pods.build/Release-iphoneos/lottie-ios-LottiePrivacyInfo.build/LottiePrivacyInfo.DependencyStaticMetadataFileList (in target 'lottie-ios-LottiePrivacyInfo' from project 'Pods')
    cd /Users/runner/work/CountdownW/CountdownW/Pods
    write-file /Users/runner/Library/Developer/Xcode/DerivedData/countdown-commbukpdznukvarcianfztjiqgm/Build/Intermediates.noindex/ArchiveIntermediates/countdown/IntermediateBuildFilesPath/Pods.build/Release-iphoneos/lottie-ios-LottiePrivacyInfo.build/LottiePrivacyInfo.DependencyStaticMetadataFileList

WriteAuxiliaryFile /Users/runner/Library/Developer/Xcode/DerivedData/countdown-commbukpdznukvarcianfztjiqgm/Build/Intermediates.noindex/ArchiveIntermediates/countdown/IntermediateBuildFilesPath/Pods.build/Release-iphoneos/lottie-ios-LottiePrivacyInfo.build/LottiePrivacyInfo.DependencyMetadataFileList (in target 'lottie-ios-LottiePrivacyInfo' from project 'Pods')
    cd /Users/runner/work/CountdownW/CountdownW/Pods
    write-file /Users/runner/Library/Developer/Xcode/DerivedData/countdown-commbukpdznukvarcianfztjiqgm/Build/Intermediates.noindex/ArchiveIntermediates/countdown/IntermediateBuildFilesPath/Pods.build/Release-iphoneos/lottie-ios-LottiePrivacyInfo.build/LottiePrivacyInfo.DependencyMetadataFileList

WriteAuxiliaryFile /Users/runner/Library/Developer/Xcode/DerivedData/countdown-commbukpdznukvarcianfztjiqgm/Build/Intermediates.noindex/ArchiveIntermediates/countdown/IntermediateBuildFilesPath/Pods.build/Release-iphoneos/lottie-ios-LottiePrivacyInfo.build/LottiePrivacyInfo-project-headers.hmap (in target 'lottie-ios-LottiePrivacyInfo' from project 'Pods')
    cd /Users/runner/work/CountdownW/CountdownW/Pods
    write-file /Users/runner/Library/Developer/Xcode/DerivedData/countdown-commbukpdznukvarcianfztjiqgm/Build/Intermediates.noindex/ArchiveIntermediates/countdown/IntermediateBuildFilesPath/Pods.build/Release-iphoneos/lottie-ios-LottiePrivacyInfo.build/LottiePrivacyInfo-project-headers.hmap

WriteAuxiliaryFile /Users/runner/Library/Developer/Xcode/DerivedData/countdown-commbukpdznukvarcianfztjiqgm/Build/Intermediates.noindex/ArchiveIntermediates/countdown/IntermediateBuildFilesPath/Pods.build/Release-iphoneos/lottie-ios-LottiePrivacyInfo.build/LottiePrivacyInfo-own-target-headers.hmap (in target 'lottie-ios-LottiePrivacyInfo' from project 'Pods')
    cd /Users/runner/work/CountdownW/CountdownW/Pods
    write-file /Users/runner/Library/Developer/Xcode/DerivedData/countdown-commbukpdznukvarcianfztjiqgm/Build/Intermediates.noindex/ArchiveIntermediates/countdown/IntermediateBuildFilesPath/Pods.build/Release-iphoneos/lottie-ios-LottiePrivacyInfo.build/LottiePrivacyInfo-own-target-headers.hmap

WriteAuxiliaryFile /Users/runner/Library/Developer/Xcode/DerivedData/countdown-commbukpdznukvarcianfztjiqgm/Build/Intermediates.noindex/ArchiveIntermediates/countdown/IntermediateBuildFilesPath/Pods.build/Release-iphoneos/lottie-ios-LottiePrivacyInfo.build/LottiePrivacyInfo-generated-files.hmap (in target 'lottie-ios-LottiePrivacyInfo' from project 'Pods')
    cd /Users/runner/work/CountdownW/CountdownW/Pods
    write-file /Users/runner/Library/Developer/Xcode/DerivedData/countdown-commbukpdznukvarcianfztjiqgm/Build/Intermediates.noindex/ArchiveIntermediates/countdown/IntermediateBuildFilesPath/Pods.build/Release-iphoneos/lottie-ios-LottiePrivacyInfo.build/LottiePrivacyInfo-generated-files.hmap

WriteAuxiliaryFile /Users/runner/Library/Developer/Xcode/DerivedData/countdown-commbukpdznukvarcianfztjiqgm/Build/Intermediates.noindex/ArchiveIntermediates/countdown/IntermediateBuildFilesPath/Pods.build/Release-iphoneos/lottie-ios-LottiePrivacyInfo.build/LottiePrivacyInfo-all-target-headers.hmap (in target 'lottie-ios-LottiePrivacyInfo' from project 'Pods')
    cd /Users/runner/work/CountdownW/CountdownW/Pods
    write-file /Users/runner/Library/Developer/Xcode/DerivedData/countdown-commbukpdznukvarcianfztjiqgm/Build/Intermediates.noindex/ArchiveIntermediates/countdown/IntermediateBuildFilesPath/Pods.build/Release-iphoneos/lottie-ios-LottiePrivacyInfo.build/LottiePrivacyInfo-all-target-headers.hmap

WriteAuxiliaryFile /Users/runner/Library/Developer/Xcode/DerivedData/countdown-commbukpdznukvarcianfztjiqgm/Build/Intermediates.noindex/ArchiveIntermediates/countdown/IntermediateBuildFilesPath/Pods.build/Release-iphoneos/lottie-ios-LottiePrivacyInfo.build/LottiePrivacyInfo-all-non-framework-target-headers.hmap (in target 'lottie-ios-LottiePrivacyInfo' from project 'Pods')
    cd /Users/runner/work/CountdownW/CountdownW/Pods
    write-file /Users/runner/Library/Developer/Xcode/DerivedData/countdown-commbukpdznukvarcianfztjiqgm/Build/Intermediates.noindex/ArchiveIntermediates/countdown/IntermediateBuildFilesPath/Pods.build/Release-iphoneos/lottie-ios-LottiePrivacyInfo.build/LottiePrivacyInfo-all-non-framework-target-headers.hmap

WriteAuxiliaryFile /Users/runner/Library/Developer/Xcode/DerivedData/countdown-commbukpdznukvarcianfztjiqgm/Build/Intermediates.noindex/ArchiveIntermediates/countdown/IntermediateBuildFilesPath/Pods.build/Release-iphoneos/lottie-ios.build/unextended-module-swiftunextension.modulemap (in target 'lottie-ios' from project 'Pods')
    cd /Users/runner/work/CountdownW/CountdownW/Pods
    write-file /Users/runner/Library/Developer/Xcode/DerivedData/countdown-commbukpdznukvarcianfztjiqgm/Build/Intermediates.noindex/ArchiveIntermediates/countdown/IntermediateBuildFilesPath/Pods.build/Release-iphoneos/lottie-ios.build/unextended-module-swiftunextension.modulemap

WriteAuxiliaryFile /Users/runner/Library/Developer/Xcode/DerivedData/countdown-commbukpdznukvarcianfztjiqgm/Build/Intermediates.noindex/ArchiveIntermediates/countdown/IntermediateBuildFilesPath/Pods.build/Release-iphoneos/lottie-ios.build/unextended-module-overlay.yaml (in target 'lottie-ios' from project 'Pods')
    cd /Users/runner/work/CountdownW/CountdownW/Pods
    write-file /Users/runner/Library/Developer/Xcode/DerivedData/countdown-commbukpdznukvarcianfztjiqgm/Build/Intermediates.noindex/ArchiveIntermediates/countdown/IntermediateBuildFilesPath/Pods.build/Release-iphoneos/lottie-ios.build/unextended-module-overlay.yaml

WriteAuxiliaryFile /Users/runner/Library/Developer/Xcode/DerivedData/countdown-commbukpdznukvarcianfztjiqgm/Build/Intermediates.noindex/ArchiveIntermediates/countdown/IntermediateBuildFilesPath/Pods.build/Release-iphoneos/lottie-ios.build/module-swiftextension.modulemap (in target 'lottie-ios' from project 'Pods')
    cd /Users/runner/work/CountdownW/CountdownW/Pods
    write-file /Users/runner/Library/Developer/Xcode/DerivedData/countdown-commbukpdznukvarcianfztjiqgm/Build/Intermediates.noindex/ArchiveIntermediates/countdown/IntermediateBuildFilesPath/Pods.build/Release-iphoneos/lottie-ios.build/module-swiftextension.modulemap

WriteAuxiliaryFile /Users/runner/Library/Developer/Xcode/DerivedData/countdown-commbukpdznukvarcianfztjiqgm/Build/Intermediates.noindex/ArchiveIntermediates/countdown/IntermediateBuildFilesPath/Pods.build/Release-iphoneos/lottie-ios.build/Objects-normal/arm64/lottie-ios_const_extract_protocols.json (in target 'lottie-ios' from project 'Pods')
    cd /Users/runner/work/CountdownW/CountdownW/Pods
    write-file /Users/runner/Library/Developer/Xcode/DerivedData/countdown-commbukpdznukvarcianfztjiqgm/Build/Intermediates.noindex/ArchiveIntermediates/countdown/IntermediateBuildFilesPath/Pods.build/Release-iphoneos/lottie-ios.build/Objects-normal/arm64/lottie-ios_const_extract_protocols.json

WriteAuxiliaryFile /Users/runner/Library/Developer/Xcode/DerivedData/countdown-commbukpdznukvarcianfztjiqgm/Build/Intermediates.noindex/ArchiveIntermediates/countdown/IntermediateBuildFilesPath/Pods.build/Release-iphoneos/lottie-ios.build/Objects-normal/arm64/lottie-ios-OutputFileMap.json (in target 'lottie-ios' from project 'Pods')
    cd /Users/runner/work/CountdownW/CountdownW/Pods
    write-file /Users/runner/Library/Developer/Xcode/DerivedData/countdown-commbukpdznukvarcianfztjiqgm/Build/Intermediates.noindex/ArchiveIntermediates/countdown/IntermediateBuildFilesPath/Pods.build/Release-iphoneos/lottie-ios.build/Objects-normal/arm64/lottie-ios-OutputFileMap.json

WriteAuxiliaryFile /Users/runner/Library/Developer/Xcode/DerivedData/countdown-commbukpdznukvarcianfztjiqgm/Build/Intermediates.noindex/ArchiveIntermediates/countdown/IntermediateBuildFilesPath/Pods.build/Release-iphoneos/lottie-ios.build/Objects-normal/arm64/e6072d4f65d7061329687fe24e3d63a7-common-args.resp (in target 'lottie-ios' from project 'Pods')
    cd /Users/runner/work/CountdownW/CountdownW/Pods
    write-file /Users/runner/Library/Developer/Xcode/DerivedData/countdown-commbukpdznukvarcianfztjiqgm/Build/Intermediates.noindex/ArchiveIntermediates/countdown/IntermediateBuildFilesPath/Pods.build/Release-iphoneos/lottie-ios.build/Objects-normal/arm64/e6072d4f65d7061329687fe24e3d63a7-common-args.resp
-target arm64-apple-ios13.0 '-std=gnu11' -fobjc-arc -fmodules -gmodules '-fmodules-cache-path=/Users/runner/Library/Developer/Xcode/DerivedData/ModuleCache.noindex' '-fmodule-name=Lottie' -fpascal-strings -Os -fno-common '-DPOD_CONFIGURATION_RELEASE=1' '-DCOCOAPODS=1' '-DNS_BLOCK_ASSERTIONS=1' '-DOBJC_OLD_DISPATCH_PROTOTYPES=0' -isysroot /Applications/Xcode_16.4.app/Contents/Developer/Platforms/iPhoneOS.platform/Developer/SDKs/iPhoneOS18.5.sdk -g -iquote /Users/runner/Library/Developer/Xcode/DerivedData/countdown-commbukpdznukvarcianfztjiqgm/Build/Intermediates.noindex/ArchiveIntermediates/countdown/IntermediateBuildFilesPath/Pods.build/Release-iphoneos/lottie-ios.build/Lottie-generated-files.hmap -I/Users/runner/Library/Developer/Xcode/DerivedData/countdown-commbukpdznukvarcianfztjiqgm/Build/Intermediates.noindex/ArchiveIntermediates/countdown/IntermediateBuildFilesPath/Pods.build/Release-iphoneos/lottie-ios.build/Lottie-own-target-headers.hmap -I/Users/runner/Library/Developer/Xcode/DerivedData/countdown-commbukpdznukvarcianfztjiqgm/Build/Intermediates.noindex/ArchiveIntermediates/countdown/IntermediateBuildFilesPath/Pods.build/Release-iphoneos/lottie-ios.build/Lottie-all-non-framework-target-headers.hmap -ivfsoverlay /Users/runner/Library/Developer/Xcode/DerivedData/countdown-commbukpdznukvarcianfztjiqgm/Build/Intermediates.noindex/ArchiveIntermediates/countdown/IntermediateBuildFilesPath/Pods.build/Release-iphoneos/Pods-8699adb1dd336b26511df848a716bd42-VFS-iphoneos/all-product-headers.yaml -iquote /Users/runner/Library/Developer/Xcode/DerivedData/countdown-commbukpdznukvarcianfztjiqgm/Build/Intermediates.noindex/ArchiveIntermediates/countdown/IntermediateBuildFilesPath/Pods.build/Release-iphoneos/lottie-ios.build/Lottie-project-headers.hmap -I/Users/runner/Library/Developer/Xcode/DerivedData/countdown-commbukpdznukvarcianfztjiqgm/Build/Intermediates.noindex/ArchiveIntermediates/countdown/BuildProductsPath/Release-iphoneos/lottie-ios/include -I/Users/runner/Library/Developer/Xcode/DerivedData/countdown-commbukpdznukvarcianfztjiqgm/Build/Intermediates.noindex/ArchiveIntermediates/countdown/IntermediateBuildFilesPath/Pods.build/Release-iphoneos/lottie-ios.build/DerivedSources-normal/arm64 -I/Users/runner/Library/Developer/Xcode/DerivedData/countdown-commbukpdznukvarcianfztjiqgm/Build/Intermediates.noindex/ArchiveIntermediates/countdown/IntermediateBuildFilesPath/Pods.build/Release-iphoneos/lottie-ios.build/DerivedSources/arm64 -I/Users/runner/Library/Developer/Xcode/DerivedData/countdown-commbukpdznukvarcianfztjiqgm/Build/Intermediates.noindex/ArchiveIntermediates/countdown/IntermediateBuildFilesPath/Pods.build/Release-iphoneos/lottie-ios.build/DerivedSources -F/Users/runner/Library/Developer/Xcode/DerivedData/countdown-commbukpdznukvarcianfztjiqgm/Build/Intermediates.noindex/ArchiveIntermediates/countdown/BuildProductsPath/Release-iphoneos/lottie-ios

WriteAuxiliaryFile /Users/runner/Library/Developer/Xcode/DerivedData/countdown-commbukpdznukvarcianfztjiqgm/Build/Intermediates.noindex/ArchiveIntermediates/countdown/IntermediateBuildFilesPath/Pods.build/Release-iphoneos/lottie-ios.build/Objects-normal/arm64/Lottie.SwiftFileList (in target 'lottie-ios' from project 'Pods')
    cd /Users/runner/work/CountdownW/CountdownW/Pods
    write-file /Users/runner/Library/Developer/Xcode/DerivedData/countdown-commbukpdznukvarcianfztjiqgm/Build/Intermediates.noindex/ArchiveIntermediates/countdown/IntermediateBuildFilesPath/Pods.build/Release-iphoneos/lottie-ios.build/Objects-normal/arm64/Lottie.SwiftFileList

WriteAuxiliaryFile /Users/runner/Library/Developer/Xcode/DerivedData/countdown-commbukpdznukvarcianfztjiqgm/Build/Intermediates.noindex/ArchiveIntermediates/countdown/IntermediateBuildFilesPath/Pods.build/Release-iphoneos/lottie-ios.build/Objects-normal/arm64/Lottie.SwiftConstValuesFileList (in target 'lottie-ios' from project 'Pods')
    cd /Users/runner/work/CountdownW/CountdownW/Pods
    write-file /Users/runner/Library/Developer/Xcode/DerivedData/countdown-commbukpdznukvarcianfztjiqgm/Build/Intermediates.noindex/ArchiveIntermediates/countdown/IntermediateBuildFilesPath/Pods.build/Release-iphoneos/lottie-ios.build/Objects-normal/arm64/Lottie.SwiftConstValuesFileList

WriteAuxiliaryFile /Users/runner/Library/Developer/Xcode/DerivedData/countdown-commbukpdznukvarcianfztjiqgm/Build/Intermediates.noindex/ArchiveIntermediates/countdown/IntermediateBuildFilesPath/Pods.build/Release-iphoneos/lottie-ios.build/Objects-normal/arm64/Lottie.LinkFileList (in target 'lottie-ios' from project 'Pods')
    cd /Users/runner/work/CountdownW/CountdownW/Pods
    write-file /Users/runner/Library/Developer/Xcode/DerivedData/countdown-commbukpdznukvarcianfztjiqgm/Build/Intermediates.noindex/ArchiveIntermediates/countdown/IntermediateBuildFilesPath/Pods.build/Release-iphoneos/lottie-ios.build/Objects-normal/arm64/Lottie.LinkFileList

WriteAuxiliaryFile /Users/runner/Library/Developer/Xcode/DerivedData/countdown-commbukpdznukvarcianfztjiqgm/Build/Intermediates.noindex/ArchiveIntermediates/countdown/IntermediateBuildFilesPath/Pods.build/Release-iphoneos/lottie-ios.build/Objects-normal/arm64/7187679823f38a2a940e0043cdf9d637-common-args.resp (in target 'lottie-ios' from project 'Pods')
    cd /Users/runner/work/CountdownW/CountdownW/Pods
    write-file /Users/runner/Library/Developer/Xcode/DerivedData/countdown-commbukpdznukvarcianfztjiqgm/Build/Intermediates.noindex/ArchiveIntermediates/countdown/IntermediateBuildFilesPath/Pods.build/Release-iphoneos/lottie-ios.build/Objects-normal/arm64/7187679823f38a2a940e0043cdf9d637-common-args.resp
-target arm64-apple-ios13.0 '-std=gnu11' -fmodules -gmodules '-fmodules-cache-path=/Users/runner/Library/Developer/Xcode/DerivedData/ModuleCache.noindex' '-fmodule-name=Lottie' -fpascal-strings -Os -fno-common '-DPOD_CONFIGURATION_RELEASE=1' '-DCOCOAPODS=1' -isysroot /Applications/Xcode_16.4.app/Contents/Developer/Platforms/iPhoneOS.platform/Developer/SDKs/iPhoneOS18.5.sdk -g -iquote /Users/runner/Library/Developer/Xcode/DerivedData/countdown-commbukpdznukvarcianfztjiqgm/Build/Intermediates.noindex/ArchiveIntermediates/countdown/IntermediateBuildFilesPath/Pods.build/Release-iphoneos/lottie-ios.build/Lottie-generated-files.hmap -I/Users/runner/Library/Developer/Xcode/DerivedData/countdown-commbukpdznukvarcianfztjiqgm/Build/Intermediates.noindex/ArchiveIntermediates/countdown/IntermediateBuildFilesPath/Pods.build/Release-iphoneos/lottie-ios.build/Lottie-own-target-headers.hmap -I/Users/runner/Library/Developer/Xcode/DerivedData/countdown-commbukpdznukvarcianfztjiqgm/Build/Intermediates.noindex/ArchiveIntermediates/countdown/IntermediateBuildFilesPath/Pods.build/Release-iphoneos/lottie-ios.build/Lottie-all-non-framework-target-headers.hmap -ivfsoverlay /Users/runner/Library/Developer/Xcode/DerivedData/countdown-commbukpdznukvarcianfztjiqgm/Build/Intermediates.noindex/ArchiveIntermediates/countdown/IntermediateBuildFilesPath/Pods.build/Release-iphoneos/Pods-8699adb1dd336b26511df848a716bd42-VFS-iphoneos/all-product-headers.yaml -iquote /Users/runner/Library/Developer/Xcode/DerivedData/countdown-commbukpdznukvarcianfztjiqgm/Build/Intermediates.noindex/ArchiveIntermediates/countdown/IntermediateBuildFilesPath/Pods.build/Release-iphoneos/lottie-ios.build/Lottie-project-headers.hmap -I/Users/runner/Library/Developer/Xcode/DerivedData/countdown-commbukpdznukvarcianfztjiqgm/Build/Intermediates.noindex/ArchiveIntermediates/countdown/BuildProductsPath/Release-iphoneos/lottie-ios/include -I/Users/runner/Library/Developer/Xcode/DerivedData/countdown-commbukpdznukvarcianfztjiqgm/Build/Intermediates.noindex/ArchiveIntermediates/countdown/IntermediateBuildFilesPath/Pods.build/Release-iphoneos/lottie-ios.build/DerivedSources-normal/arm64 -I/Users/runner/Library/Developer/Xcode/DerivedData/countdown-commbukpdznukvarcianfztjiqgm/Build/Intermediates.noindex/ArchiveIntermediates/countdown/IntermediateBuildFilesPath/Pods.build/Release-iphoneos/lottie-ios.build/DerivedSources/arm64 -I/Users/runner/Library/Developer/Xcode/DerivedData/countdown-commbukpdznukvarcianfztjiqgm/Build/Intermediates.noindex/ArchiveIntermediates/countdown/IntermediateBuildFilesPath/Pods.build/Release-iphoneos/lottie-ios.build/DerivedSources -F/Users/runner/Library/Developer/Xcode/DerivedData/countdown-commbukpdznukvarcianfztjiqgm/Build/Intermediates.noindex/ArchiveIntermediates/countdown/BuildProductsPath/Release-iphoneos/lottie-ios

WriteAuxiliaryFile /Users/runner/Library/Developer/Xcode/DerivedData/countdown-commbukpdznukvarcianfztjiqgm/Build/Intermediates.noindex/ArchiveIntermediates/countdown/IntermediateBuildFilesPath/Pods.build/Release-iphoneos/lottie-ios.build/Lottie.hmap (in target 'lottie-ios' from project 'Pods')
    cd /Users/runner/work/CountdownW/CountdownW/Pods
    write-file /Users/runner/Library/Developer/Xcode/DerivedData/countdown-commbukpdznukvarcianfztjiqgm/Build/Intermediates.noindex/ArchiveIntermediates/countdown/IntermediateBuildFilesPath/Pods.build/Release-iphoneos/lottie-ios.build/Lottie.hmap

WriteAuxiliaryFile /Users/runner/Library/Developer/Xcode/DerivedData/countdown-commbukpdznukvarcianfztjiqgm/Build/Intermediates.noindex/ArchiveIntermediates/countdown/IntermediateBuildFilesPath/Pods.build/Release-iphoneos/lottie-ios.build/Lottie.DependencyStaticMetadataFileList (in target 'lottie-ios' from project 'Pods')
    cd /Users/runner/work/CountdownW/CountdownW/Pods
    write-file /Users/runner/Library/Developer/Xcode/DerivedData/countdown-commbukpdznukvarcianfztjiqgm/Build/Intermediates.noindex/ArchiveIntermediates/countdown/IntermediateBuildFilesPath/Pods.build/Release-iphoneos/lottie-ios.build/Lottie.DependencyStaticMetadataFileList

WriteAuxiliaryFile /Users/runner/Library/Developer/Xcode/DerivedData/countdown-commbukpdznukvarcianfztjiqgm/Build/Intermediates.noindex/ArchiveIntermediates/countdown/IntermediateBuildFilesPath/Pods.build/Release-iphoneos/lottie-ios.build/Lottie.DependencyMetadataFileList (in target 'lottie-ios' from project 'Pods')
    cd /Users/runner/work/CountdownW/CountdownW/Pods
    write-file /Users/runner/Library/Developer/Xcode/DerivedData/countdown-commbukpdznukvarcianfztjiqgm/Build/Intermediates.noindex/ArchiveIntermediates/countdown/IntermediateBuildFilesPath/Pods.build/Release-iphoneos/lottie-ios.build/Lottie.DependencyMetadataFileList

WriteAuxiliaryFile /Users/runner/Library/Developer/Xcode/DerivedData/countdown-commbukpdznukvarcianfztjiqgm/Build/Intermediates.noindex/ArchiveIntermediates/countdown/IntermediateBuildFilesPath/Pods.build/Release-iphoneos/lottie-ios.build/Lottie-project-headers.hmap (in target 'lottie-ios' from project 'Pods')
    cd /Users/runner/work/CountdownW/CountdownW/Pods
    write-file /Users/runner/Library/Developer/Xcode/DerivedData/countdown-commbukpdznukvarcianfztjiqgm/Build/Intermediates.noindex/ArchiveIntermediates/countdown/IntermediateBuildFilesPath/Pods.build/Release-iphoneos/lottie-ios.build/Lottie-project-headers.hmap

WriteAuxiliaryFile /Users/runner/Library/Developer/Xcode/DerivedData/countdown-commbukpdznukvarcianfztjiqgm/Build/Intermediates.noindex/ArchiveIntermediates/countdown/IntermediateBuildFilesPath/Pods.build/Release-iphoneos/lottie-ios.build/Lottie-own-target-headers.hmap (in target 'lottie-ios' from project 'Pods')
    cd /Users/runner/work/CountdownW/CountdownW/Pods
    write-file /Users/runner/Library/Developer/Xcode/DerivedData/countdown-commbukpdznukvarcianfztjiqgm/Build/Intermediates.noindex/ArchiveIntermediates/countdown/IntermediateBuildFilesPath/Pods.build/Release-iphoneos/lottie-ios.build/Lottie-own-target-headers.hmap

WriteAuxiliaryFile /Users/runner/Library/Developer/Xcode/DerivedData/countdown-commbukpdznukvarcianfztjiqgm/Build/Intermediates.noindex/ArchiveIntermediates/countdown/IntermediateBuildFilesPath/Pods.build/Release-iphoneos/lottie-ios.build/Lottie-generated-files.hmap (in target 'lottie-ios' from project 'Pods')
    cd /Users/runner/work/CountdownW/CountdownW/Pods
    write-file /Users/runner/Library/Developer/Xcode/DerivedData/countdown-commbukpdznukvarcianfztjiqgm/Build/Intermediates.noindex/ArchiveIntermediates/countdown/IntermediateBuildFilesPath/Pods.build/Release-iphoneos/lottie-ios.build/Lottie-generated-files.hmap

WriteAuxiliaryFile /Users/runner/Library/Developer/Xcode/DerivedData/countdown-commbukpdznukvarcianfztjiqgm/Build/Intermediates.noindex/ArchiveIntermediates/countdown/IntermediateBuildFilesPath/Pods.build/Release-iphoneos/lottie-ios.build/Lottie-all-target-headers.hmap (in target 'lottie-ios' from project 'Pods')
    cd /Users/runner/work/CountdownW/CountdownW/Pods
    write-file /Users/runner/Library/Developer/Xcode/DerivedData/countdown-commbukpdznukvarcianfztjiqgm/Build/Intermediates.noindex/ArchiveIntermediates/countdown/IntermediateBuildFilesPath/Pods.build/Release-iphoneos/lottie-ios.build/Lottie-all-target-headers.hmap

WriteAuxiliaryFile /Users/runner/Library/Developer/Xcode/DerivedData/countdown-commbukpdznukvarcianfztjiqgm/Build/Intermediates.noindex/ArchiveIntermediates/countdown/IntermediateBuildFilesPath/Pods.build/Release-iphoneos/lottie-ios.build/Lottie-all-non-framework-target-headers.hmap (in target 'lottie-ios' from project 'Pods')
    cd /Users/runner/work/CountdownW/CountdownW/Pods
    write-file /Users/runner/Library/Developer/Xcode/DerivedData/countdown-commbukpdznukvarcianfztjiqgm/Build/Intermediates.noindex/ArchiveIntermediates/countdown/IntermediateBuildFilesPath/Pods.build/Release-iphoneos/lottie-ios.build/Lottie-all-non-framework-target-headers.hmap

WriteAuxiliaryFile /Users/runner/Library/Developer/Xcode/DerivedData/countdown-commbukpdznukvarcianfztjiqgm/Build/Intermediates.noindex/ArchiveIntermediates/countdown/IntermediateBuildFilesPath/Pods.build/Release-iphoneos/lottie-ios.build/DerivedSources/Lottie_vers.c (in target 'lottie-ios' from project 'Pods')
    cd /Users/runner/work/CountdownW/CountdownW/Pods
    write-file /Users/runner/Library/Developer/Xcode/DerivedData/countdown-commbukpdznukvarcianfztjiqgm/Build/Intermediates.noindex/ArchiveIntermediates/countdown/IntermediateBuildFilesPath/Pods.build/Release-iphoneos/lottie-ios.build/DerivedSources/Lottie_vers.c

CpHeader /Users/runner/Library/Developer/Xcode/DerivedData/countdown-commbukpdznukvarcianfztjiqgm/Build/Intermediates.noindex/ArchiveIntermediates/countdown/IntermediateBuildFilesPath/UninstalledProducts/iphoneos/Lottie.framework/Headers/lottie-ios-umbrella.h /Users/runner/work/CountdownW/CountdownW/Pods/Target\ Support\ Files/lottie-ios/lottie-ios-umbrella.h (in target 'lottie-ios' from project 'Pods')
    cd /Users/runner/work/CountdownW/CountdownW/Pods
    builtin-copy -exclude .DS_Store -exclude CVS -exclude .svn -exclude .git -exclude .hg -resolve-src-symlinks /Users/runner/work/CountdownW/CountdownW/Pods/Target\ Support\ Files/lottie-ios/lottie-ios-umbrella.h /Users/runner/Library/Developer/Xcode/DerivedData/countdown-commbukpdznukvarcianfztjiqgm/Build/Intermediates.noindex/ArchiveIntermediates/countdown/IntermediateBuildFilesPath/UninstalledProducts/iphoneos/Lottie.framework/Headers

Concatenate /Users/runner/Library/Developer/Xcode/DerivedData/countdown-commbukpdznukvarcianfztjiqgm/Build/Intermediates.noindex/ArchiveIntermediates/countdown/IntermediateBuildFilesPath/Pods.build/Release-iphoneos/lottie-ios.build/unextended-module.modulemap /Users/runner/work/CountdownW/CountdownW/Pods/Target\ Support\ Files/lottie-ios/lottie-ios.modulemap /Users/runner/Library/Developer/Xcode/DerivedData/countdown-commbukpdznukvarcianfztjiqgm/Build/Intermediates.noindex/ArchiveIntermediates/countdown/IntermediateBuildFilesPath/Pods.build/Release-iphoneos/lottie-ios.build/unextended-module-swiftunextension.modulemap (in target 'lottie-ios' from project 'Pods')
    cd /Users/runner/work/CountdownW/CountdownW/Pods
    builtin-concatenate /Users/runner/Library/Developer/Xcode/DerivedData/countdown-commbukpdznukvarcianfztjiqgm/Build/Intermediates.noindex/ArchiveIntermediates/countdown/IntermediateBuildFilesPath/Pods.build/Release-iphoneos/lottie-ios.build/unextended-module.modulemap /Users/runner/work/CountdownW/CountdownW/Pods/Target\ Support\ Files/lottie-ios/lottie-ios.modulemap /Users/runner/Library/Developer/Xcode/DerivedData/countdown-commbukpdznukvarcianfztjiqgm/Build/Intermediates.noindex/ArchiveIntermediates/countdown/IntermediateBuildFilesPath/Pods.build/Release-iphoneos/lottie-ios.build/unextended-module-swiftunextension.modulemap

Concatenate /Users/runner/Library/Developer/Xcode/DerivedData/countdown-commbukpdznukvarcianfztjiqgm/Build/Intermediates.noindex/ArchiveIntermediates/countdown/IntermediateBuildFilesPath/Pods.build/Release-iphoneos/lottie-ios.build/module.modulemap /Users/runner/work/CountdownW/CountdownW/Pods/Target\ Support\ Files/lottie-ios/lottie-ios.modulemap /Users/runner/Library/Developer/Xcode/DerivedData/countdown-commbukpdznukvarcianfztjiqgm/Build/Intermediates.noindex/ArchiveIntermediates/countdown/IntermediateBuildFilesPath/Pods.build/Release-iphoneos/lottie-ios.build/module-swiftextension.modulemap (in target 'lottie-ios' from project 'Pods')
    cd /Users/runner/work/CountdownW/CountdownW/Pods
    builtin-concatenate /Users/runner/Library/Developer/Xcode/DerivedData/countdown-commbukpdznukvarcianfztjiqgm/Build/Intermediates.noindex/ArchiveIntermediates/countdown/IntermediateBuildFilesPath/Pods.build/Release-iphoneos/lottie-ios.build/module.modulemap /Users/runner/work/CountdownW/CountdownW/Pods/Target\ Support\ Files/lottie-ios/lottie-ios.modulemap /Users/runner/Library/Developer/Xcode/DerivedData/countdown-commbukpdznukvarcianfztjiqgm/Build/Intermediates.noindex/ArchiveIntermediates/countdown/IntermediateBuildFilesPath/Pods.build/Release-iphoneos/lottie-ios.build/module-swiftextension.modulemap

Copy /Users/runner/Library/Developer/Xcode/DerivedData/countdown-commbukpdznukvarcianfztjiqgm/Build/Intermediates.noindex/ArchiveIntermediates/countdown/IntermediateBuildFilesPath/UninstalledProducts/iphoneos/Pods_countdown.framework/Modules/module.modulemap /Users/runner/Library/Developer/Xcode/DerivedData/countdown-commbukpdznukvarcianfztjiqgm/Build/Intermediates.noindex/ArchiveIntermediates/countdown/IntermediateBuildFilesPath/Pods.build/Release-iphoneos/Pods-countdown.build/module.modulemap (in target 'Pods-countdown' from project 'Pods')
    cd /Users/runner/work/CountdownW/CountdownW/Pods
    builtin-copy -exclude .DS_Store -exclude CVS -exclude .svn -exclude .git -exclude .hg -resolve-src-symlinks /Users/runner/Library/Developer/Xcode/DerivedData/countdown-commbukpdznukvarcianfztjiqgm/Build/Intermediates.noindex/ArchiveIntermediates/countdown/IntermediateBuildFilesPath/Pods.build/Release-iphoneos/Pods-countdown.build/module.modulemap /Users/runner/Library/Developer/Xcode/DerivedData/countdown-commbukpdznukvarcianfztjiqgm/Build/Intermediates.noindex/ArchiveIntermediates/countdown/IntermediateBuildFilesPath/UninstalledProducts/iphoneos/Pods_countdown.framework/Modules

Copy /Users/runner/Library/Developer/Xcode/DerivedData/countdown-commbukpdznukvarcianfztjiqgm/Build/Intermediates.noindex/ArchiveIntermediates/countdown/IntermediateBuildFilesPath/UninstalledProducts/iphoneos/Lottie.framework/Modules/module.modulemap /Users/runner/Library/Developer/Xcode/DerivedData/countdown-commbukpdznukvarcianfztjiqgm/Build/Intermediates.noindex/ArchiveIntermediates/countdown/IntermediateBuildFilesPath/Pods.build/Release-iphoneos/lottie-ios.build/module.modulemap (in target 'lottie-ios' from project 'Pods')
    cd /Users/runner/work/CountdownW/CountdownW/Pods
    builtin-copy -exclude .DS_Store -exclude CVS -exclude .svn -exclude .git -exclude .hg -resolve-src-symlinks /Users/runner/Library/Developer/Xcode/DerivedData/countdown-commbukpdznukvarcianfztjiqgm/Build/Intermediates.noindex/ArchiveIntermediates/countdown/IntermediateBuildFilesPath/Pods.build/Release-iphoneos/lottie-ios.build/module.modulemap /Users/runner/Library/Developer/Xcode/DerivedData/countdown-commbukpdznukvarcianfztjiqgm/Build/Intermediates.noindex/ArchiveIntermediates/countdown/IntermediateBuildFilesPath/UninstalledProducts/iphoneos/Lottie.framework/Modules

SymLink /Users/runner/Library/Developer/Xcode/DerivedData/countdown-commbukpdznukvarcianfztjiqgm/Build/Intermediates.noindex/ArchiveIntermediates/countdown/BuildProductsPath/Release-iphoneos/lottie-ios/LottiePrivacyInfo.bundle ../../../IntermediateBuildFilesPath/UninstalledProducts/iphoneos/LottiePrivacyInfo.bundle (in target 'lottie-ios-LottiePrivacyInfo' from project 'Pods')
    cd /Users/runner/work/CountdownW/CountdownW/Pods
    /bin/ln -sfh ../../../IntermediateBuildFilesPath/UninstalledProducts/iphoneos/LottiePrivacyInfo.bundle /Users/runner/Library/Developer/Xcode/DerivedData/countdown-commbukpdznukvarcianfztjiqgm/Build/Intermediates.noindex/ArchiveIntermediates/countdown/BuildProductsPath/Release-iphoneos/lottie-ios/LottiePrivacyInfo.bundle

MkDir /Users/runner/Library/Developer/Xcode/DerivedData/countdown-commbukpdznukvarcianfztjiqgm/Build/Intermediates.noindex/ArchiveIntermediates/countdown/IntermediateBuildFilesPath/UninstalledProducts/iphoneos/LottiePrivacyInfo.bundle (in target 'lottie-ios-LottiePrivacyInfo' from project 'Pods')
    cd /Users/runner/work/CountdownW/CountdownW/Pods
    /bin/mkdir -p /Users/runner/Library/Developer/Xcode/DerivedData/countdown-commbukpdznukvarcianfztjiqgm/Build/Intermediates.noindex/ArchiveIntermediates/countdown/IntermediateBuildFilesPath/UninstalledProducts/iphoneos/LottiePrivacyInfo.bundle

SymLink /Users/runner/Library/Developer/Xcode/DerivedData/countdown-commbukpdznukvarcianfztjiqgm/Build/Intermediates.noindex/ArchiveIntermediates/countdown/BuildProductsPath/Release-iphoneos/lottie-ios/Lottie.framework ../../../IntermediateBuildFilesPath/UninstalledProducts/iphoneos/Lottie.framework (in target 'lottie-ios' from project 'Pods')
    cd /Users/runner/work/CountdownW/CountdownW/Pods
    /bin/ln -sfh ../../../IntermediateBuildFilesPath/UninstalledProducts/iphoneos/Lottie.framework /Users/runner/Library/Developer/Xcode/DerivedData/countdown-commbukpdznukvarcianfztjiqgm/Build/Intermediates.noindex/ArchiveIntermediates/countdown/BuildProductsPath/Release-iphoneos/lottie-ios/Lottie.framework

MkDir /Users/runner/Library/Developer/Xcode/DerivedData/countdown-commbukpdznukvarcianfztjiqgm/Build/Intermediates.noindex/ArchiveIntermediates/countdown/IntermediateBuildFilesPath/UninstalledProducts/iphoneos/Lottie.framework/Headers (in target 'lottie-ios' from project 'Pods')
    cd /Users/runner/work/CountdownW/CountdownW/Pods
    /bin/mkdir -p /Users/runner/Library/Developer/Xcode/DerivedData/countdown-commbukpdznukvarcianfztjiqgm/Build/Intermediates.noindex/ArchiveIntermediates/countdown/IntermediateBuildFilesPath/UninstalledProducts/iphoneos/Lottie.framework/Headers

MkDir /Users/runner/Library/Developer/Xcode/DerivedData/countdown-commbukpdznukvarcianfztjiqgm/Build/Intermediates.noindex/ArchiveIntermediates/countdown/IntermediateBuildFilesPath/UninstalledProducts/iphoneos/Lottie.framework (in target 'lottie-ios' from project 'Pods')
    cd /Users/runner/work/CountdownW/CountdownW/Pods
    /bin/mkdir -p /Users/runner/Library/Developer/Xcode/DerivedData/countdown-commbukpdznukvarcianfztjiqgm/Build/Intermediates.noindex/ArchiveIntermediates/countdown/IntermediateBuildFilesPath/UninstalledProducts/iphoneos/Lottie.framework

CreateBuildDirectory /Users/runner/Library/Developer/Xcode/DerivedData/countdown-commbukpdznukvarcianfztjiqgm/Build/Intermediates.noindex/ArchiveIntermediates/countdown/BuildProductsPath/Release-iphoneos/SVProgressHUD
    cd /Users/runner/work/CountdownW/CountdownW
    builtin-create-build-directory /Users/runner/Library/Developer/Xcode/DerivedData/countdown-commbukpdznukvarcianfztjiqgm/Build/Intermediates.noindex/ArchiveIntermediates/countdown/BuildProductsPath/Release-iphoneos/SVProgressHUD

CreateBuildDirectory /Users/runner/Library/Developer/Xcode/DerivedData/countdown-commbukpdznukvarcianfztjiqgm/Build/Intermediates.noindex/ArchiveIntermediates/countdown/BuildProductsPath/Release-iphoneos/KeychainAccess
    cd /Users/runner/work/CountdownW/CountdownW
    builtin-create-build-directory /Users/runner/Library/Developer/Xcode/DerivedData/countdown-commbukpdznukvarcianfztjiqgm/Build/Intermediates.noindex/ArchiveIntermediates/countdown/BuildProductsPath/Release-iphoneos/KeychainAccess

CreateBuildDirectory /Users/runner/Library/Developer/Xcode/DerivedData/countdown-commbukpdznukvarcianfztjiqgm/Build/Intermediates.noindex/ArchiveIntermediates/countdown/BuildProductsPath/Release-iphoneos/ApplePurchaseKit
    cd /Users/runner/work/CountdownW/CountdownW
    builtin-create-build-directory /Users/runner/Library/Developer/Xcode/DerivedData/countdown-commbukpdznukvarcianfztjiqgm/Build/Intermediates.noindex/ArchiveIntermediates/countdown/BuildProductsPath/Release-iphoneos/ApplePurchaseKit

WriteAuxiliaryFile /Users/runner/Library/Developer/Xcode/DerivedData/countdown-commbukpdznukvarcianfztjiqgm/Build/Intermediates.noindex/ArchiveIntermediates/countdown/IntermediateBuildFilesPath/Pods.build/Release-iphoneos/SVProgressHUD.build/SVProgressHUD.hmap (in target 'SVProgressHUD' from project 'Pods')
    cd /Users/runner/work/CountdownW/CountdownW/Pods
    write-file /Users/runner/Library/Developer/Xcode/DerivedData/countdown-commbukpdznukvarcianfztjiqgm/Build/Intermediates.noindex/ArchiveIntermediates/countdown/IntermediateBuildFilesPath/Pods.build/Release-iphoneos/SVProgressHUD.build/SVProgressHUD.hmap

WriteAuxiliaryFile /Users/runner/Library/Developer/Xcode/DerivedData/countdown-commbukpdznukvarcianfztjiqgm/Build/Intermediates.noindex/ArchiveIntermediates/countdown/IntermediateBuildFilesPath/Pods.build/Release-iphoneos/SVProgressHUD.build/SVProgressHUD.DependencyStaticMetadataFileList (in target 'SVProgressHUD' from project 'Pods')
    cd /Users/runner/work/CountdownW/CountdownW/Pods
    write-file /Users/runner/Library/Developer/Xcode/DerivedData/countdown-commbukpdznukvarcianfztjiqgm/Build/Intermediates.noindex/ArchiveIntermediates/countdown/IntermediateBuildFilesPath/Pods.build/Release-iphoneos/SVProgressHUD.build/SVProgressHUD.DependencyStaticMetadataFileList

WriteAuxiliaryFile /Users/runner/Library/Developer/Xcode/DerivedData/countdown-commbukpdznukvarcianfztjiqgm/Build/Intermediates.noindex/ArchiveIntermediates/countdown/IntermediateBuildFilesPath/Pods.build/Release-iphoneos/SVProgressHUD.build/SVProgressHUD.DependencyMetadataFileList (in target 'SVProgressHUD' from project 'Pods')
    cd /Users/runner/work/CountdownW/CountdownW/Pods
    write-file /Users/runner/Library/Developer/Xcode/DerivedData/countdown-commbukpdznukvarcianfztjiqgm/Build/Intermediates.noindex/ArchiveIntermediates/countdown/IntermediateBuildFilesPath/Pods.build/Release-iphoneos/SVProgressHUD.build/SVProgressHUD.DependencyMetadataFileList

WriteAuxiliaryFile /Users/runner/Library/Developer/Xcode/DerivedData/countdown-commbukpdznukvarcianfztjiqgm/Build/Intermediates.noindex/ArchiveIntermediates/countdown/IntermediateBuildFilesPath/Pods.build/Release-iphoneos/SVProgressHUD.build/SVProgressHUD-project-headers.hmap (in target 'SVProgressHUD' from project 'Pods')
    cd /Users/runner/work/CountdownW/CountdownW/Pods
    write-file /Users/runner/Library/Developer/Xcode/DerivedData/countdown-commbukpdznukvarcianfztjiqgm/Build/Intermediates.noindex/ArchiveIntermediates/countdown/IntermediateBuildFilesPath/Pods.build/Release-iphoneos/SVProgressHUD.build/SVProgressHUD-project-headers.hmap

WriteAuxiliaryFile /Users/runner/Library/Developer/Xcode/DerivedData/countdown-commbukpdznukvarcianfztjiqgm/Build/Intermediates.noindex/ArchiveIntermediates/countdown/IntermediateBuildFilesPath/Pods.build/Release-iphoneos/SVProgressHUD.build/SVProgressHUD-own-target-headers.hmap (in target 'SVProgressHUD' from project 'Pods')
    cd /Users/runner/work/CountdownW/CountdownW/Pods
    write-file /Users/runner/Library/Developer/Xcode/DerivedData/countdown-commbukpdznukvarcianfztjiqgm/Build/Intermediates.noindex/ArchiveIntermediates/countdown/IntermediateBuildFilesPath/Pods.build/Release-iphoneos/SVProgressHUD.build/SVProgressHUD-own-target-headers.hmap

WriteAuxiliaryFile /Users/runner/Library/Developer/Xcode/DerivedData/countdown-commbukpdznukvarcianfztjiqgm/Build/Intermediates.noindex/ArchiveIntermediates/countdown/IntermediateBuildFilesPath/Pods.build/Release-iphoneos/SVProgressHUD.build/SVProgressHUD-generated-files.hmap (in target 'SVProgressHUD' from project 'Pods')
    cd /Users/runner/work/CountdownW/CountdownW/Pods
    write-file /Users/runner/Library/Developer/Xcode/DerivedData/countdown-commbukpdznukvarcianfztjiqgm/Build/Intermediates.noindex/ArchiveIntermediates/countdown/IntermediateBuildFilesPath/Pods.build/Release-iphoneos/SVProgressHUD.build/SVProgressHUD-generated-files.hmap

WriteAuxiliaryFile /Users/runner/Library/Developer/Xcode/DerivedData/countdown-commbukpdznukvarcianfztjiqgm/Build/Intermediates.noindex/ArchiveIntermediates/countdown/IntermediateBuildFilesPath/Pods.build/Release-iphoneos/SVProgressHUD.build/SVProgressHUD-all-target-headers.hmap (in target 'SVProgressHUD' from project 'Pods')
    cd /Users/runner/work/CountdownW/CountdownW/Pods
    write-file /Users/runner/Library/Developer/Xcode/DerivedData/countdown-commbukpdznukvarcianfztjiqgm/Build/Intermediates.noindex/ArchiveIntermediates/countdown/IntermediateBuildFilesPath/Pods.build/Release-iphoneos/SVProgressHUD.build/SVProgressHUD-all-target-headers.hmap

WriteAuxiliaryFile /Users/runner/Library/Developer/Xcode/DerivedData/countdown-commbukpdznukvarcianfztjiqgm/Build/Intermediates.noindex/ArchiveIntermediates/countdown/IntermediateBuildFilesPath/Pods.build/Release-iphoneos/SVProgressHUD.build/SVProgressHUD-all-non-framework-target-headers.hmap (in target 'SVProgressHUD' from project 'Pods')
    cd /Users/runner/work/CountdownW/CountdownW/Pods
    write-file /Users/runner/Library/Developer/Xcode/DerivedData/countdown-commbukpdznukvarcianfztjiqgm/Build/Intermediates.noindex/ArchiveIntermediates/countdown/IntermediateBuildFilesPath/Pods.build/Release-iphoneos/SVProgressHUD.build/SVProgressHUD-all-non-framework-target-headers.hmap

WriteAuxiliaryFile /Users/runner/Library/Developer/Xcode/DerivedData/countdown-commbukpdznukvarcianfztjiqgm/Build/Intermediates.noindex/ArchiveIntermediates/countdown/IntermediateBuildFilesPath/Pods.build/Release-iphoneos/SVProgressHUD.build/Objects-normal/arm64/e6072d4f65d7061329687fe24e3d63a7-common-args.resp (in target 'SVProgressHUD' from project 'Pods')
    cd /Users/runner/work/CountdownW/CountdownW/Pods
    write-file /Users/runner/Library/Developer/Xcode/DerivedData/countdown-commbukpdznukvarcianfztjiqgm/Build/Intermediates.noindex/ArchiveIntermediates/countdown/IntermediateBuildFilesPath/Pods.build/Release-iphoneos/SVProgressHUD.build/Objects-normal/arm64/e6072d4f65d7061329687fe24e3d63a7-common-args.resp
-target arm64-apple-ios12.0 '-std=gnu11' -fobjc-arc -fmodules -gmodules '-fmodules-cache-path=/Users/runner/Library/Developer/Xcode/DerivedData/ModuleCache.noindex' '-fmodule-name=SVProgressHUD' -fpascal-strings -Os -fno-common '-DPOD_CONFIGURATION_RELEASE=1' '-DCOCOAPODS=1' '-DNS_BLOCK_ASSERTIONS=1' '-DOBJC_OLD_DISPATCH_PROTOTYPES=0' -isysroot /Applications/Xcode_16.4.app/Contents/Developer/Platforms/iPhoneOS.platform/Developer/SDKs/iPhoneOS18.5.sdk -g -iquote /Users/runner/Library/Developer/Xcode/DerivedData/countdown-commbukpdznukvarcianfztjiqgm/Build/Intermediates.noindex/ArchiveIntermediates/countdown/IntermediateBuildFilesPath/Pods.build/Release-iphoneos/SVProgressHUD.build/SVProgressHUD-generated-files.hmap -I/Users/runner/Library/Developer/Xcode/DerivedData/countdown-commbukpdznukvarcianfztjiqgm/Build/Intermediates.noindex/ArchiveIntermediates/countdown/IntermediateBuildFilesPath/Pods.build/Release-iphoneos/SVProgressHUD.build/SVProgressHUD-own-target-headers.hmap -I/Users/runner/Library/Developer/Xcode/DerivedData/countdown-commbukpdznukvarcianfztjiqgm/Build/Intermediates.noindex/ArchiveIntermediates/countdown/IntermediateBuildFilesPath/Pods.build/Release-iphoneos/SVProgressHUD.build/SVProgressHUD-all-non-framework-target-headers.hmap -ivfsoverlay /Users/runner/Library/Developer/Xcode/DerivedData/countdown-commbukpdznukvarcianfztjiqgm/Build/Intermediates.noindex/ArchiveIntermediates/countdown/IntermediateBuildFilesPath/Pods.build/Release-iphoneos/Pods-8699adb1dd336b26511df848a716bd42-VFS-iphoneos/all-product-headers.yaml -iquote /Users/runner/Library/Developer/Xcode/DerivedData/countdown-commbukpdznukvarcianfztjiqgm/Build/Intermediates.noindex/ArchiveIntermediates/countdown/IntermediateBuildFilesPath/Pods.build/Release-iphoneos/SVProgressHUD.build/SVProgressHUD-project-headers.hmap -I/Users/runner/Library/Developer/Xcode/DerivedData/countdown-commbukpdznukvarcianfztjiqgm/Build/Intermediates.noindex/ArchiveIntermediates/countdown/BuildProductsPath/Release-iphoneos/SVProgressHUD/include -I/Users/runner/Library/Developer/Xcode/DerivedData/countdown-commbukpdznukvarcianfztjiqgm/Build/Intermediates.noindex/ArchiveIntermediates/countdown/IntermediateBuildFilesPath/Pods.build/Release-iphoneos/SVProgressHUD.build/DerivedSources-normal/arm64 -I/Users/runner/Library/Developer/Xcode/DerivedData/countdown-commbukpdznukvarcianfztjiqgm/Build/Intermediates.noindex/ArchiveIntermediates/countdown/IntermediateBuildFilesPath/Pods.build/Release-iphoneos/SVProgressHUD.build/DerivedSources/arm64 -I/Users/runner/Library/Developer/Xcode/DerivedData/countdown-commbukpdznukvarcianfztjiqgm/Build/Intermediates.noindex/ArchiveIntermediates/countdown/IntermediateBuildFilesPath/Pods.build/Release-iphoneos/SVProgressHUD.build/DerivedSources -F/Users/runner/Library/Developer/Xcode/DerivedData/countdown-commbukpdznukvarcianfztjiqgm/Build/Intermediates.noindex/ArchiveIntermediates/countdown/BuildProductsPath/Release-iphoneos/SVProgressHUD

WriteAuxiliaryFile /Users/runner/Library/Developer/Xcode/DerivedData/countdown-commbukpdznukvarcianfztjiqgm/Build/Intermediates.noindex/ArchiveIntermediates/countdown/IntermediateBuildFilesPath/Pods.build/Release-iphoneos/SVProgressHUD.build/Objects-normal/arm64/SVProgressHUD.LinkFileList (in target 'SVProgressHUD' from project 'Pods')
    cd /Users/runner/work/CountdownW/CountdownW/Pods
    write-file /Users/runner/Library/Developer/Xcode/DerivedData/countdown-commbukpdznukvarcianfztjiqgm/Build/Intermediates.noindex/ArchiveIntermediates/countdown/IntermediateBuildFilesPath/Pods.build/Release-iphoneos/SVProgressHUD.build/Objects-normal/arm64/SVProgressHUD.LinkFileList

WriteAuxiliaryFile /Users/runner/Library/Developer/Xcode/DerivedData/countdown-commbukpdznukvarcianfztjiqgm/Build/Intermediates.noindex/ArchiveIntermediates/countdown/IntermediateBuildFilesPath/Pods.build/Release-iphoneos/SVProgressHUD.build/Objects-normal/arm64/7187679823f38a2a940e0043cdf9d637-common-args.resp (in target 'SVProgressHUD' from project 'Pods')
    cd /Users/runner/work/CountdownW/CountdownW/Pods
    write-file /Users/runner/Library/Developer/Xcode/DerivedData/countdown-commbukpdznukvarcianfztjiqgm/Build/Intermediates.noindex/ArchiveIntermediates/countdown/IntermediateBuildFilesPath/Pods.build/Release-iphoneos/SVProgressHUD.build/Objects-normal/arm64/7187679823f38a2a940e0043cdf9d637-common-args.resp
-target arm64-apple-ios12.0 '-std=gnu11' -fmodules -gmodules '-fmodules-cache-path=/Users/runner/Library/Developer/Xcode/DerivedData/ModuleCache.noindex' '-fmodule-name=SVProgressHUD' -fpascal-strings -Os -fno-common '-DPOD_CONFIGURATION_RELEASE=1' '-DCOCOAPODS=1' -isysroot /Applications/Xcode_16.4.app/Contents/Developer/Platforms/iPhoneOS.platform/Developer/SDKs/iPhoneOS18.5.sdk -g -iquote /Users/runner/Library/Developer/Xcode/DerivedData/countdown-commbukpdznukvarcianfztjiqgm/Build/Intermediates.noindex/ArchiveIntermediates/countdown/IntermediateBuildFilesPath/Pods.build/Release-iphoneos/SVProgressHUD.build/SVProgressHUD-generated-files.hmap -I/Users/runner/Library/Developer/Xcode/DerivedData/countdown-commbukpdznukvarcianfztjiqgm/Build/Intermediates.noindex/ArchiveIntermediates/countdown/IntermediateBuildFilesPath/Pods.build/Release-iphoneos/SVProgressHUD.build/SVProgressHUD-own-target-headers.hmap -I/Users/runner/Library/Developer/Xcode/DerivedData/countdown-commbukpdznukvarcianfztjiqgm/Build/Intermediates.noindex/ArchiveIntermediates/countdown/IntermediateBuildFilesPath/Pods.build/Release-iphoneos/SVProgressHUD.build/SVProgressHUD-all-non-framework-target-headers.hmap -ivfsoverlay /Users/runner/Library/Developer/Xcode/DerivedData/countdown-commbukpdznukvarcianfztjiqgm/Build/Intermediates.noindex/ArchiveIntermediates/countdown/IntermediateBuildFilesPath/Pods.build/Release-iphoneos/Pods-8699adb1dd336b26511df848a716bd42-VFS-iphoneos/all-product-headers.yaml -iquote /Users/runner/Library/Developer/Xcode/DerivedData/countdown-commbukpdznukvarcianfztjiqgm/Build/Intermediates.noindex/ArchiveIntermediates/countdown/IntermediateBuildFilesPath/Pods.build/Release-iphoneos/SVProgressHUD.build/SVProgressHUD-project-headers.hmap -I/Users/runner/Library/Developer/Xcode/DerivedData/countdown-commbukpdznukvarcianfztjiqgm/Build/Intermediates.noindex/ArchiveIntermediates/countdown/BuildProductsPath/Release-iphoneos/SVProgressHUD/include -I/Users/runner/Library/Developer/Xcode/DerivedData/countdown-commbukpdznukvarcianfztjiqgm/Build/Intermediates.noindex/ArchiveIntermediates/countdown/IntermediateBuildFilesPath/Pods.build/Release-iphoneos/SVProgressHUD.build/DerivedSources-normal/arm64 -I/Users/runner/Library/Developer/Xcode/DerivedData/countdown-commbukpdznukvarcianfztjiqgm/Build/Intermediates.noindex/ArchiveIntermediates/countdown/IntermediateBuildFilesPath/Pods.build/Release-iphoneos/SVProgressHUD.build/DerivedSources/arm64 -I/Users/runner/Library/Developer/Xcode/DerivedData/countdown-commbukpdznukvarcianfztjiqgm/Build/Intermediates.noindex/ArchiveIntermediates/countdown/IntermediateBuildFilesPath/Pods.build/Release-iphoneos/SVProgressHUD.build/DerivedSources -F/Users/runner/Library/Developer/Xcode/DerivedData/countdown-commbukpdznukvarcianfztjiqgm/Build/Intermediates.noindex/ArchiveIntermediates/countdown/BuildProductsPath/Release-iphoneos/SVProgressHUD

WriteAuxiliaryFile /Users/runner/Library/Developer/Xcode/DerivedData/countdown-commbukpdznukvarcianfztjiqgm/Build/Intermediates.noindex/ArchiveIntermediates/countdown/IntermediateBuildFilesPath/Pods.build/Release-iphoneos/SVProgressHUD.build/DerivedSources/SVProgressHUD_vers.c (in target 'SVProgressHUD' from project 'Pods')
    cd /Users/runner/work/CountdownW/CountdownW/Pods
    write-file /Users/runner/Library/Developer/Xcode/DerivedData/countdown-commbukpdznukvarcianfztjiqgm/Build/Intermediates.noindex/ArchiveIntermediates/countdown/IntermediateBuildFilesPath/Pods.build/Release-iphoneos/SVProgressHUD.build/DerivedSources/SVProgressHUD_vers.c

CpHeader /Users/runner/Library/Developer/Xcode/DerivedData/countdown-commbukpdznukvarcianfztjiqgm/Build/Intermediates.noindex/ArchiveIntermediates/countdown/IntermediateBuildFilesPath/UninstalledProducts/iphoneos/SVProgressHUD.framework/Headers/SVRadialGradientLayer.h /Users/runner/work/CountdownW/CountdownW/Pods/SVProgressHUD/SVProgressHUD/SVRadialGradientLayer.h (in target 'SVProgressHUD' from project 'Pods')
    cd /Users/runner/work/CountdownW/CountdownW/Pods
    builtin-copy -exclude .DS_Store -exclude CVS -exclude .svn -exclude .git -exclude .hg -resolve-src-symlinks /Users/runner/work/CountdownW/CountdownW/Pods/SVProgressHUD/SVProgressHUD/SVRadialGradientLayer.h /Users/runner/Library/Developer/Xcode/DerivedData/countdown-commbukpdznukvarcianfztjiqgm/Build/Intermediates.noindex/ArchiveIntermediates/countdown/IntermediateBuildFilesPath/UninstalledProducts/iphoneos/SVProgressHUD.framework/Headers

CpHeader /Users/runner/Library/Developer/Xcode/DerivedData/countdown-commbukpdznukvarcianfztjiqgm/Build/Intermediates.noindex/ArchiveIntermediates/countdown/IntermediateBuildFilesPath/UninstalledProducts/iphoneos/SVProgressHUD.framework/Headers/SVProgressHUD.h /Users/runner/work/CountdownW/CountdownW/Pods/SVProgressHUD/SVProgressHUD/SVProgressHUD.h (in target 'SVProgressHUD' from project 'Pods')
    cd /Users/runner/work/CountdownW/CountdownW/Pods
    builtin-copy -exclude .DS_Store -exclude CVS -exclude .svn -exclude .git -exclude .hg -resolve-src-symlinks /Users/runner/work/CountdownW/CountdownW/Pods/SVProgressHUD/SVProgressHUD/SVProgressHUD.h /Users/runner/Library/Developer/Xcode/DerivedData/countdown-commbukpdznukvarcianfztjiqgm/Build/Intermediates.noindex/ArchiveIntermediates/countdown/IntermediateBuildFilesPath/UninstalledProducts/iphoneos/SVProgressHUD.framework/Headers

CpHeader /Users/runner/Library/Developer/Xcode/DerivedData/countdown-commbukpdznukvarcianfztjiqgm/Build/Intermediates.noindex/ArchiveIntermediates/countdown/IntermediateBuildFilesPath/UninstalledProducts/iphoneos/SVProgressHUD.framework/Headers/SVProgressHUD-umbrella.h /Users/runner/work/CountdownW/CountdownW/Pods/Target\ Support\ Files/SVProgressHUD/SVProgressHUD-umbrella.h (in target 'SVProgressHUD' from project 'Pods')
    cd /Users/runner/work/CountdownW/CountdownW/Pods
    builtin-copy -exclude .DS_Store -exclude CVS -exclude .svn -exclude .git -exclude .hg -resolve-src-symlinks /Users/runner/work/CountdownW/CountdownW/Pods/Target\ Support\ Files/SVProgressHUD/SVProgressHUD-umbrella.h /Users/runner/Library/Developer/Xcode/DerivedData/countdown-commbukpdznukvarcianfztjiqgm/Build/Intermediates.noindex/ArchiveIntermediates/countdown/IntermediateBuildFilesPath/UninstalledProducts/iphoneos/SVProgressHUD.framework/Headers

CpHeader /Users/runner/Library/Developer/Xcode/DerivedData/countdown-commbukpdznukvarcianfztjiqgm/Build/Intermediates.noindex/ArchiveIntermediates/countdown/IntermediateBuildFilesPath/UninstalledProducts/iphoneos/SVProgressHUD.framework/Headers/SVProgressAnimatedView.h /Users/runner/work/CountdownW/CountdownW/Pods/SVProgressHUD/SVProgressHUD/SVProgressAnimatedView.h (in target 'SVProgressHUD' from project 'Pods')
    cd /Users/runner/work/CountdownW/CountdownW/Pods
    builtin-copy -exclude .DS_Store -exclude CVS -exclude .svn -exclude .git -exclude .hg -resolve-src-symlinks /Users/runner/work/CountdownW/CountdownW/Pods/SVProgressHUD/SVProgressHUD/SVProgressAnimatedView.h /Users/runner/Library/Developer/Xcode/DerivedData/countdown-commbukpdznukvarcianfztjiqgm/Build/Intermediates.noindex/ArchiveIntermediates/countdown/IntermediateBuildFilesPath/UninstalledProducts/iphoneos/SVProgressHUD.framework/Headers

CpHeader /Users/runner/Library/Developer/Xcode/DerivedData/countdown-commbukpdznukvarcianfztjiqgm/Build/Intermediates.noindex/ArchiveIntermediates/countdown/IntermediateBuildFilesPath/UninstalledProducts/iphoneos/SVProgressHUD.framework/Headers/SVIndefiniteAnimatedView.h /Users/runner/work/CountdownW/CountdownW/Pods/SVProgressHUD/SVProgressHUD/SVIndefiniteAnimatedView.h (in target 'SVProgressHUD' from project 'Pods')
    cd /Users/runner/work/CountdownW/CountdownW/Pods
    builtin-copy -exclude .DS_Store -exclude CVS -exclude .svn -exclude .git -exclude .hg -resolve-src-symlinks /Users/runner/work/CountdownW/CountdownW/Pods/SVProgressHUD/SVProgressHUD/SVIndefiniteAnimatedView.h /Users/runner/Library/Developer/Xcode/DerivedData/countdown-commbukpdznukvarcianfztjiqgm/Build/Intermediates.noindex/ArchiveIntermediates/countdown/IntermediateBuildFilesPath/UninstalledProducts/iphoneos/SVProgressHUD.framework/Headers

Copy /Users/runner/Library/Developer/Xcode/DerivedData/countdown-commbukpdznukvarcianfztjiqgm/Build/Intermediates.noindex/ArchiveIntermediates/countdown/IntermediateBuildFilesPath/Pods.build/Release-iphoneos/SVProgressHUD.build/module.modulemap /Users/runner/work/CountdownW/CountdownW/Pods/Target\ Support\ Files/SVProgressHUD/SVProgressHUD.modulemap (in target 'SVProgressHUD' from project 'Pods')
    cd /Users/runner/work/CountdownW/CountdownW/Pods
    builtin-copy -exclude .DS_Store -exclude CVS -exclude .svn -exclude .git -exclude .hg -resolve-src-symlinks -rename /Users/runner/work/CountdownW/CountdownW/Pods/Target\ Support\ Files/SVProgressHUD/SVProgressHUD.modulemap /Users/runner/Library/Developer/Xcode/DerivedData/countdown-commbukpdznukvarcianfztjiqgm/Build/Intermediates.noindex/ArchiveIntermediates/countdown/IntermediateBuildFilesPath/Pods.build/Release-iphoneos/SVProgressHUD.build/module.modulemap

SymLink /Users/runner/Library/Developer/Xcode/DerivedData/countdown-commbukpdznukvarcianfztjiqgm/Build/Intermediates.noindex/ArchiveIntermediates/countdown/BuildProductsPath/Release-iphoneos/SVProgressHUD/SVProgressHUD.framework ../../../IntermediateBuildFilesPath/UninstalledProducts/iphoneos/SVProgressHUD.framework (in target 'SVProgressHUD' from project 'Pods')
    cd /Users/runner/work/CountdownW/CountdownW/Pods
    /bin/ln -sfh ../../../IntermediateBuildFilesPath/UninstalledProducts/iphoneos/SVProgressHUD.framework /Users/runner/Library/Developer/Xcode/DerivedData/countdown-commbukpdznukvarcianfztjiqgm/Build/Intermediates.noindex/ArchiveIntermediates/countdown/BuildProductsPath/Release-iphoneos/SVProgressHUD/SVProgressHUD.framework

MkDir /Users/runner/Library/Developer/Xcode/DerivedData/countdown-commbukpdznukvarcianfztjiqgm/Build/Intermediates.noindex/ArchiveIntermediates/countdown/IntermediateBuildFilesPath/UninstalledProducts/iphoneos/SVProgressHUD.framework/Headers (in target 'SVProgressHUD' from project 'Pods')
    cd /Users/runner/work/CountdownW/CountdownW/Pods
    /bin/mkdir -p /Users/runner/Library/Developer/Xcode/DerivedData/countdown-commbukpdznukvarcianfztjiqgm/Build/Intermediates.noindex/ArchiveIntermediates/countdown/IntermediateBuildFilesPath/UninstalledProducts/iphoneos/SVProgressHUD.framework/Headers

MkDir /Users/runner/Library/Developer/Xcode/DerivedData/countdown-commbukpdznukvarcianfztjiqgm/Build/Intermediates.noindex/ArchiveIntermediates/countdown/IntermediateBuildFilesPath/UninstalledProducts/iphoneos/SVProgressHUD.framework (in target 'SVProgressHUD' from project 'Pods')
    cd /Users/runner/work/CountdownW/CountdownW/Pods
    /bin/mkdir -p /Users/runner/Library/Developer/Xcode/DerivedData/countdown-commbukpdznukvarcianfztjiqgm/Build/Intermediates.noindex/ArchiveIntermediates/countdown/IntermediateBuildFilesPath/UninstalledProducts/iphoneos/SVProgressHUD.framework

Copy /Users/runner/Library/Developer/Xcode/DerivedData/countdown-commbukpdznukvarcianfztjiqgm/Build/Intermediates.noindex/ArchiveIntermediates/countdown/IntermediateBuildFilesPath/UninstalledProducts/iphoneos/SVProgressHUD.framework/Modules/module.modulemap /Users/runner/Library/Developer/Xcode/DerivedData/countdown-commbukpdznukvarcianfztjiqgm/Build/Intermediates.noindex/ArchiveIntermediates/countdown/IntermediateBuildFilesPath/Pods.build/Release-iphoneos/SVProgressHUD.build/module.modulemap (in target 'SVProgressHUD' from project 'Pods')
    cd /Users/runner/work/CountdownW/CountdownW/Pods
    builtin-copy -exclude .DS_Store -exclude CVS -exclude .svn -exclude .git -exclude .hg -resolve-src-symlinks /Users/runner/Library/Developer/Xcode/DerivedData/countdown-commbukpdznukvarcianfztjiqgm/Build/Intermediates.noindex/ArchiveIntermediates/countdown/IntermediateBuildFilesPath/Pods.build/Release-iphoneos/SVProgressHUD.build/module.modulemap /Users/runner/Library/Developer/Xcode/DerivedData/countdown-commbukpdznukvarcianfztjiqgm/Build/Intermediates.noindex/ArchiveIntermediates/countdown/IntermediateBuildFilesPath/UninstalledProducts/iphoneos/SVProgressHUD.framework/Modules

WriteAuxiliaryFile /Users/runner/Library/Developer/Xcode/DerivedData/countdown-commbukpdznukvarcianfztjiqgm/Build/Intermediates.noindex/ArchiveIntermediates/countdown/IntermediateBuildFilesPath/Pods.build/Release-iphoneos/KeychainAccess.build/unextended-module-swiftunextension.modulemap (in target 'KeychainAccess' from project 'Pods')
    cd /Users/runner/work/CountdownW/CountdownW/Pods
    write-file /Users/runner/Library/Developer/Xcode/DerivedData/countdown-commbukpdznukvarcianfztjiqgm/Build/Intermediates.noindex/ArchiveIntermediates/countdown/IntermediateBuildFilesPath/Pods.build/Release-iphoneos/KeychainAccess.build/unextended-module-swiftunextension.modulemap

WriteAuxiliaryFile /Users/runner/Library/Developer/Xcode/DerivedData/countdown-commbukpdznukvarcianfztjiqgm/Build/Intermediates.noindex/ArchiveIntermediates/countdown/IntermediateBuildFilesPath/Pods.build/Release-iphoneos/KeychainAccess.build/unextended-module-overlay.yaml (in target 'KeychainAccess' from project 'Pods')
    cd /Users/runner/work/CountdownW/CountdownW/Pods
    write-file /Users/runner/Library/Developer/Xcode/DerivedData/countdown-commbukpdznukvarcianfztjiqgm/Build/Intermediates.noindex/ArchiveIntermediates/countdown/IntermediateBuildFilesPath/Pods.build/Release-iphoneos/KeychainAccess.build/unextended-module-overlay.yaml

WriteAuxiliaryFile /Users/runner/Library/Developer/Xcode/DerivedData/countdown-commbukpdznukvarcianfztjiqgm/Build/Intermediates.noindex/ArchiveIntermediates/countdown/IntermediateBuildFilesPath/Pods.build/Release-iphoneos/KeychainAccess.build/module-swiftextension.modulemap (in target 'KeychainAccess' from project 'Pods')
    cd /Users/runner/work/CountdownW/CountdownW/Pods
    write-file /Users/runner/Library/Developer/Xcode/DerivedData/countdown-commbukpdznukvarcianfztjiqgm/Build/Intermediates.noindex/ArchiveIntermediates/countdown/IntermediateBuildFilesPath/Pods.build/Release-iphoneos/KeychainAccess.build/module-swiftextension.modulemap

WriteAuxiliaryFile /Users/runner/Library/Developer/Xcode/DerivedData/countdown-commbukpdznukvarcianfztjiqgm/Build/Intermediates.noindex/ArchiveIntermediates/countdown/IntermediateBuildFilesPath/Pods.build/Release-iphoneos/KeychainAccess.build/Objects-normal/arm64/e6072d4f65d7061329687fe24e3d63a7-common-args.resp (in target 'KeychainAccess' from project 'Pods')
    cd /Users/runner/work/CountdownW/CountdownW/Pods
    write-file /Users/runner/Library/Developer/Xcode/DerivedData/countdown-commbukpdznukvarcianfztjiqgm/Build/Intermediates.noindex/ArchiveIntermediates/countdown/IntermediateBuildFilesPath/Pods.build/Release-iphoneos/KeychainAccess.build/Objects-normal/arm64/e6072d4f65d7061329687fe24e3d63a7-common-args.resp
-target arm64-apple-ios9.0 '-std=gnu11' -fobjc-arc -fobjc-weak -fmodules -gmodules '-fmodules-cache-path=/Users/runner/Library/Developer/Xcode/DerivedData/ModuleCache.noindex' '-fmodule-name=KeychainAccess' -fpascal-strings -Os -fno-common '-DPOD_CONFIGURATION_RELEASE=1' '-DCOCOAPODS=1' '-DNS_BLOCK_ASSERTIONS=1' '-DOBJC_OLD_DISPATCH_PROTOTYPES=0' -isysroot /Applications/Xcode_16.4.app/Contents/Developer/Platforms/iPhoneOS.platform/Developer/SDKs/iPhoneOS18.5.sdk -g -iquote /Users/runner/Library/Developer/Xcode/DerivedData/countdown-commbukpdznukvarcianfztjiqgm/Build/Intermediates.noindex/ArchiveIntermediates/countdown/IntermediateBuildFilesPath/Pods.build/Release-iphoneos/KeychainAccess.build/KeychainAccess-generated-files.hmap -I/Users/runner/Library/Developer/Xcode/DerivedData/countdown-commbukpdznukvarcianfztjiqgm/Build/Intermediates.noindex/ArchiveIntermediates/countdown/IntermediateBuildFilesPath/Pods.build/Release-iphoneos/KeychainAccess.build/KeychainAccess-own-target-headers.hmap -I/Users/runner/Library/Developer/Xcode/DerivedData/countdown-commbukpdznukvarcianfztjiqgm/Build/Intermediates.noindex/ArchiveIntermediates/countdown/IntermediateBuildFilesPath/Pods.build/Release-iphoneos/KeychainAccess.build/KeychainAccess-all-non-framework-target-headers.hmap -ivfsoverlay /Users/runner/Library/Developer/Xcode/DerivedData/countdown-commbukpdznukvarcianfztjiqgm/Build/Intermediates.noindex/ArchiveIntermediates/countdown/IntermediateBuildFilesPath/Pods.build/Release-iphoneos/Pods-8699adb1dd336b26511df848a716bd42-VFS-iphoneos/all-product-headers.yaml -iquote /Users/runner/Library/Developer/Xcode/DerivedData/countdown-commbukpdznukvarcianfztjiqgm/Build/Intermediates.noindex/ArchiveIntermediates/countdown/IntermediateBuildFilesPath/Pods.build/Release-iphoneos/KeychainAccess.build/KeychainAccess-project-headers.hmap -I/Users/runner/Library/Developer/Xcode/DerivedData/countdown-commbukpdznukvarcianfztjiqgm/Build/Intermediates.noindex/ArchiveIntermediates/countdown/BuildProductsPath/Release-iphoneos/KeychainAccess/include -I/Users/runner/Library/Developer/Xcode/DerivedData/countdown-commbukpdznukvarcianfztjiqgm/Build/Intermediates.noindex/ArchiveIntermediates/countdown/IntermediateBuildFilesPath/Pods.build/Release-iphoneos/KeychainAccess.build/DerivedSources-normal/arm64 -I/Users/runner/Library/Developer/Xcode/DerivedData/countdown-commbukpdznukvarcianfztjiqgm/Build/Intermediates.noindex/ArchiveIntermediates/countdown/IntermediateBuildFilesPath/Pods.build/Release-iphoneos/KeychainAccess.build/DerivedSources/arm64 -I/Users/runner/Library/Developer/Xcode/DerivedData/countdown-commbukpdznukvarcianfztjiqgm/Build/Intermediates.noindex/ArchiveIntermediates/countdown/IntermediateBuildFilesPath/Pods.build/Release-iphoneos/KeychainAccess.build/DerivedSources -F/Users/runner/Library/Developer/Xcode/DerivedData/countdown-commbukpdznukvarcianfztjiqgm/Build/Intermediates.noindex/ArchiveIntermediates/countdown/BuildProductsPath/Release-iphoneos/KeychainAccess

WriteAuxiliaryFile /Users/runner/Library/Developer/Xcode/DerivedData/countdown-commbukpdznukvarcianfztjiqgm/Build/Intermediates.noindex/ArchiveIntermediates/countdown/IntermediateBuildFilesPath/Pods.build/Release-iphoneos/KeychainAccess.build/Objects-normal/arm64/KeychainAccess_const_extract_protocols.json (in target 'KeychainAccess' from project 'Pods')
    cd /Users/runner/work/CountdownW/CountdownW/Pods
    write-file /Users/runner/Library/Developer/Xcode/DerivedData/countdown-commbukpdznukvarcianfztjiqgm/Build/Intermediates.noindex/ArchiveIntermediates/countdown/IntermediateBuildFilesPath/Pods.build/Release-iphoneos/KeychainAccess.build/Objects-normal/arm64/KeychainAccess_const_extract_protocols.json

WriteAuxiliaryFile /Users/runner/Library/Developer/Xcode/DerivedData/countdown-commbukpdznukvarcianfztjiqgm/Build/Intermediates.noindex/ArchiveIntermediates/countdown/IntermediateBuildFilesPath/Pods.build/Release-iphoneos/KeychainAccess.build/Objects-normal/arm64/KeychainAccess.SwiftFileList (in target 'KeychainAccess' from project 'Pods')
    cd /Users/runner/work/CountdownW/CountdownW/Pods
    write-file /Users/runner/Library/Developer/Xcode/DerivedData/countdown-commbukpdznukvarcianfztjiqgm/Build/Intermediates.noindex/ArchiveIntermediates/countdown/IntermediateBuildFilesPath/Pods.build/Release-iphoneos/KeychainAccess.build/Objects-normal/arm64/KeychainAccess.SwiftFileList

WriteAuxiliaryFile /Users/runner/Library/Developer/Xcode/DerivedData/countdown-commbukpdznukvarcianfztjiqgm/Build/Intermediates.noindex/ArchiveIntermediates/countdown/IntermediateBuildFilesPath/Pods.build/Release-iphoneos/KeychainAccess.build/Objects-normal/arm64/KeychainAccess.SwiftConstValuesFileList (in target 'KeychainAccess' from project 'Pods')
    cd /Users/runner/work/CountdownW/CountdownW/Pods
    write-file /Users/runner/Library/Developer/Xcode/DerivedData/countdown-commbukpdznukvarcianfztjiqgm/Build/Intermediates.noindex/ArchiveIntermediates/countdown/IntermediateBuildFilesPath/Pods.build/Release-iphoneos/KeychainAccess.build/Objects-normal/arm64/KeychainAccess.SwiftConstValuesFileList

WriteAuxiliaryFile /Users/runner/Library/Developer/Xcode/DerivedData/countdown-commbukpdznukvarcianfztjiqgm/Build/Intermediates.noindex/ArchiveIntermediates/countdown/IntermediateBuildFilesPath/Pods.build/Release-iphoneos/KeychainAccess.build/Objects-normal/arm64/KeychainAccess.LinkFileList (in target 'KeychainAccess' from project 'Pods')
    cd /Users/runner/work/CountdownW/CountdownW/Pods
    write-file /Users/runner/Library/Developer/Xcode/DerivedData/countdown-commbukpdznukvarcianfztjiqgm/Build/Intermediates.noindex/ArchiveIntermediates/countdown/IntermediateBuildFilesPath/Pods.build/Release-iphoneos/KeychainAccess.build/Objects-normal/arm64/KeychainAccess.LinkFileList

WriteAuxiliaryFile /Users/runner/Library/Developer/Xcode/DerivedData/countdown-commbukpdznukvarcianfztjiqgm/Build/Intermediates.noindex/ArchiveIntermediates/countdown/IntermediateBuildFilesPath/Pods.build/Release-iphoneos/KeychainAccess.build/Objects-normal/arm64/KeychainAccess-OutputFileMap.json (in target 'KeychainAccess' from project 'Pods')
    cd /Users/runner/work/CountdownW/CountdownW/Pods
    write-file /Users/runner/Library/Developer/Xcode/DerivedData/countdown-commbukpdznukvarcianfztjiqgm/Build/Intermediates.noindex/ArchiveIntermediates/countdown/IntermediateBuildFilesPath/Pods.build/Release-iphoneos/KeychainAccess.build/Objects-normal/arm64/KeychainAccess-OutputFileMap.json

WriteAuxiliaryFile /Users/runner/Library/Developer/Xcode/DerivedData/countdown-commbukpdznukvarcianfztjiqgm/Build/Intermediates.noindex/ArchiveIntermediates/countdown/IntermediateBuildFilesPath/Pods.build/Release-iphoneos/KeychainAccess.build/Objects-normal/arm64/7187679823f38a2a940e0043cdf9d637-common-args.resp (in target 'KeychainAccess' from project 'Pods')
    cd /Users/runner/work/CountdownW/CountdownW/Pods
    write-file /Users/runner/Library/Developer/Xcode/DerivedData/countdown-commbukpdznukvarcianfztjiqgm/Build/Intermediates.noindex/ArchiveIntermediates/countdown/IntermediateBuildFilesPath/Pods.build/Release-iphoneos/KeychainAccess.build/Objects-normal/arm64/7187679823f38a2a940e0043cdf9d637-common-args.resp
-target arm64-apple-ios9.0 '-std=gnu11' -fmodules -gmodules '-fmodules-cache-path=/Users/runner/Library/Developer/Xcode/DerivedData/ModuleCache.noindex' '-fmodule-name=KeychainAccess' -fpascal-strings -Os -fno-common '-DPOD_CONFIGURATION_RELEASE=1' '-DCOCOAPODS=1' -isysroot /Applications/Xcode_16.4.app/Contents/Developer/Platforms/iPhoneOS.platform/Developer/SDKs/iPhoneOS18.5.sdk -g -iquote /Users/runner/Library/Developer/Xcode/DerivedData/countdown-commbukpdznukvarcianfztjiqgm/Build/Intermediates.noindex/ArchiveIntermediates/countdown/IntermediateBuildFilesPath/Pods.build/Release-iphoneos/KeychainAccess.build/KeychainAccess-generated-files.hmap -I/Users/runner/Library/Developer/Xcode/DerivedData/countdown-commbukpdznukvarcianfztjiqgm/Build/Intermediates.noindex/ArchiveIntermediates/countdown/IntermediateBuildFilesPath/Pods.build/Release-iphoneos/KeychainAccess.build/KeychainAccess-own-target-headers.hmap -I/Users/runner/Library/Developer/Xcode/DerivedData/countdown-commbukpdznukvarcianfztjiqgm/Build/Intermediates.noindex/ArchiveIntermediates/countdown/IntermediateBuildFilesPath/Pods.build/Release-iphoneos/KeychainAccess.build/KeychainAccess-all-non-framework-target-headers.hmap -ivfsoverlay /Users/runner/Library/Developer/Xcode/DerivedData/countdown-commbukpdznukvarcianfztjiqgm/Build/Intermediates.noindex/ArchiveIntermediates/countdown/IntermediateBuildFilesPath/Pods.build/Release-iphoneos/Pods-8699adb1dd336b26511df848a716bd42-VFS-iphoneos/all-product-headers.yaml -iquote /Users/runner/Library/Developer/Xcode/DerivedData/countdown-commbukpdznukvarcianfztjiqgm/Build/Intermediates.noindex/ArchiveIntermediates/countdown/IntermediateBuildFilesPath/Pods.build/Release-iphoneos/KeychainAccess.build/KeychainAccess-project-headers.hmap -I/Users/runner/Library/Developer/Xcode/DerivedData/countdown-commbukpdznukvarcianfztjiqgm/Build/Intermediates.noindex/ArchiveIntermediates/countdown/BuildProductsPath/Release-iphoneos/KeychainAccess/include -I/Users/runner/Library/Developer/Xcode/DerivedData/countdown-commbukpdznukvarcianfztjiqgm/Build/Intermediates.noindex/ArchiveIntermediates/countdown/IntermediateBuildFilesPath/Pods.build/Release-iphoneos/KeychainAccess.build/DerivedSources-normal/arm64 -I/Users/runner/Library/Developer/Xcode/DerivedData/countdown-commbukpdznukvarcianfztjiqgm/Build/Intermediates.noindex/ArchiveIntermediates/countdown/IntermediateBuildFilesPath/Pods.build/Release-iphoneos/KeychainAccess.build/DerivedSources/arm64 -I/Users/runner/Library/Developer/Xcode/DerivedData/countdown-commbukpdznukvarcianfztjiqgm/Build/Intermediates.noindex/ArchiveIntermediates/countdown/IntermediateBuildFilesPath/Pods.build/Release-iphoneos/KeychainAccess.build/DerivedSources -F/Users/runner/Library/Developer/Xcode/DerivedData/countdown-commbukpdznukvarcianfztjiqgm/Build/Intermediates.noindex/ArchiveIntermediates/countdown/BuildProductsPath/Release-iphoneos/KeychainAccess

WriteAuxiliaryFile /Users/runner/Library/Developer/Xcode/DerivedData/countdown-commbukpdznukvarcianfztjiqgm/Build/Intermediates.noindex/ArchiveIntermediates/countdown/IntermediateBuildFilesPath/Pods.build/Release-iphoneos/KeychainAccess.build/KeychainAccess.hmap (in target 'KeychainAccess' from project 'Pods')
    cd /Users/runner/work/CountdownW/CountdownW/Pods
    write-file /Users/runner/Library/Developer/Xcode/DerivedData/countdown-commbukpdznukvarcianfztjiqgm/Build/Intermediates.noindex/ArchiveIntermediates/countdown/IntermediateBuildFilesPath/Pods.build/Release-iphoneos/KeychainAccess.build/KeychainAccess.hmap

WriteAuxiliaryFile /Users/runner/Library/Developer/Xcode/DerivedData/countdown-commbukpdznukvarcianfztjiqgm/Build/Intermediates.noindex/ArchiveIntermediates/countdown/IntermediateBuildFilesPath/Pods.build/Release-iphoneos/KeychainAccess.build/KeychainAccess.DependencyStaticMetadataFileList (in target 'KeychainAccess' from project 'Pods')
    cd /Users/runner/work/CountdownW/CountdownW/Pods
    write-file /Users/runner/Library/Developer/Xcode/DerivedData/countdown-commbukpdznukvarcianfztjiqgm/Build/Intermediates.noindex/ArchiveIntermediates/countdown/IntermediateBuildFilesPath/Pods.build/Release-iphoneos/KeychainAccess.build/KeychainAccess.DependencyStaticMetadataFileList

WriteAuxiliaryFile /Users/runner/Library/Developer/Xcode/DerivedData/countdown-commbukpdznukvarcianfztjiqgm/Build/Intermediates.noindex/ArchiveIntermediates/countdown/IntermediateBuildFilesPath/Pods.build/Release-iphoneos/KeychainAccess.build/KeychainAccess.DependencyMetadataFileList (in target 'KeychainAccess' from project 'Pods')
    cd /Users/runner/work/CountdownW/CountdownW/Pods
    write-file /Users/runner/Library/Developer/Xcode/DerivedData/countdown-commbukpdznukvarcianfztjiqgm/Build/Intermediates.noindex/ArchiveIntermediates/countdown/IntermediateBuildFilesPath/Pods.build/Release-iphoneos/KeychainAccess.build/KeychainAccess.DependencyMetadataFileList

WriteAuxiliaryFile /Users/runner/Library/Developer/Xcode/DerivedData/countdown-commbukpdznukvarcianfztjiqgm/Build/Intermediates.noindex/ArchiveIntermediates/countdown/IntermediateBuildFilesPath/Pods.build/Release-iphoneos/KeychainAccess.build/KeychainAccess-project-headers.hmap (in target 'KeychainAccess' from project 'Pods')
    cd /Users/runner/work/CountdownW/CountdownW/Pods
    write-file /Users/runner/Library/Developer/Xcode/DerivedData/countdown-commbukpdznukvarcianfztjiqgm/Build/Intermediates.noindex/ArchiveIntermediates/countdown/IntermediateBuildFilesPath/Pods.build/Release-iphoneos/KeychainAccess.build/KeychainAccess-project-headers.hmap

WriteAuxiliaryFile /Users/runner/Library/Developer/Xcode/DerivedData/countdown-commbukpdznukvarcianfztjiqgm/Build/Intermediates.noindex/ArchiveIntermediates/countdown/IntermediateBuildFilesPath/Pods.build/Release-iphoneos/KeychainAccess.build/KeychainAccess-own-target-headers.hmap (in target 'KeychainAccess' from project 'Pods')
    cd /Users/runner/work/CountdownW/CountdownW/Pods
    write-file /Users/runner/Library/Developer/Xcode/DerivedData/countdown-commbukpdznukvarcianfztjiqgm/Build/Intermediates.noindex/ArchiveIntermediates/countdown/IntermediateBuildFilesPath/Pods.build/Release-iphoneos/KeychainAccess.build/KeychainAccess-own-target-headers.hmap

WriteAuxiliaryFile /Users/runner/Library/Developer/Xcode/DerivedData/countdown-commbukpdznukvarcianfztjiqgm/Build/Intermediates.noindex/ArchiveIntermediates/countdown/IntermediateBuildFilesPath/Pods.build/Release-iphoneos/KeychainAccess.build/KeychainAccess-generated-files.hmap (in target 'KeychainAccess' from project 'Pods')
    cd /Users/runner/work/CountdownW/CountdownW/Pods
    write-file /Users/runner/Library/Developer/Xcode/DerivedData/countdown-commbukpdznukvarcianfztjiqgm/Build/Intermediates.noindex/ArchiveIntermediates/countdown/IntermediateBuildFilesPath/Pods.build/Release-iphoneos/KeychainAccess.build/KeychainAccess-generated-files.hmap

WriteAuxiliaryFile /Users/runner/Library/Developer/Xcode/DerivedData/countdown-commbukpdznukvarcianfztjiqgm/Build/Intermediates.noindex/ArchiveIntermediates/countdown/IntermediateBuildFilesPath/Pods.build/Release-iphoneos/KeychainAccess.build/KeychainAccess-all-target-headers.hmap (in target 'KeychainAccess' from project 'Pods')
    cd /Users/runner/work/CountdownW/CountdownW/Pods
    write-file /Users/runner/Library/Developer/Xcode/DerivedData/countdown-commbukpdznukvarcianfztjiqgm/Build/Intermediates.noindex/ArchiveIntermediates/countdown/IntermediateBuildFilesPath/Pods.build/Release-iphoneos/KeychainAccess.build/KeychainAccess-all-target-headers.hmap

WriteAuxiliaryFile /Users/runner/Library/Developer/Xcode/DerivedData/countdown-commbukpdznukvarcianfztjiqgm/Build/Intermediates.noindex/ArchiveIntermediates/countdown/IntermediateBuildFilesPath/Pods.build/Release-iphoneos/KeychainAccess.build/KeychainAccess-all-non-framework-target-headers.hmap (in target 'KeychainAccess' from project 'Pods')
    cd /Users/runner/work/CountdownW/CountdownW/Pods
    write-file /Users/runner/Library/Developer/Xcode/DerivedData/countdown-commbukpdznukvarcianfztjiqgm/Build/Intermediates.noindex/ArchiveIntermediates/countdown/IntermediateBuildFilesPath/Pods.build/Release-iphoneos/KeychainAccess.build/KeychainAccess-all-non-framework-target-headers.hmap

WriteAuxiliaryFile /Users/runner/Library/Developer/Xcode/DerivedData/countdown-commbukpdznukvarcianfztjiqgm/Build/Intermediates.noindex/ArchiveIntermediates/countdown/IntermediateBuildFilesPath/Pods.build/Release-iphoneos/KeychainAccess.build/DerivedSources/KeychainAccess_vers.c (in target 'KeychainAccess' from project 'Pods')
    cd /Users/runner/work/CountdownW/CountdownW/Pods
    write-file /Users/runner/Library/Developer/Xcode/DerivedData/countdown-commbukpdznukvarcianfztjiqgm/Build/Intermediates.noindex/ArchiveIntermediates/countdown/IntermediateBuildFilesPath/Pods.build/Release-iphoneos/KeychainAccess.build/DerivedSources/KeychainAccess_vers.c

CpHeader /Users/runner/Library/Developer/Xcode/DerivedData/countdown-commbukpdznukvarcianfztjiqgm/Build/Intermediates.noindex/ArchiveIntermediates/countdown/IntermediateBuildFilesPath/UninstalledProducts/iphoneos/KeychainAccess.framework/Headers/KeychainAccess-umbrella.h /Users/runner/work/CountdownW/CountdownW/Pods/Target\ Support\ Files/KeychainAccess/KeychainAccess-umbrella.h (in target 'KeychainAccess' from project 'Pods')
    cd /Users/runner/work/CountdownW/CountdownW/Pods
    builtin-copy -exclude .DS_Store -exclude CVS -exclude .svn -exclude .git -exclude .hg -resolve-src-symlinks /Users/runner/work/CountdownW/CountdownW/Pods/Target\ Support\ Files/KeychainAccess/KeychainAccess-umbrella.h /Users/runner/Library/Developer/Xcode/DerivedData/countdown-commbukpdznukvarcianfztjiqgm/Build/Intermediates.noindex/ArchiveIntermediates/countdown/IntermediateBuildFilesPath/UninstalledProducts/iphoneos/KeychainAccess.framework/Headers

Concatenate /Users/runner/Library/Developer/Xcode/DerivedData/countdown-commbukpdznukvarcianfztjiqgm/Build/Intermediates.noindex/ArchiveIntermediates/countdown/IntermediateBuildFilesPath/Pods.build/Release-iphoneos/KeychainAccess.build/unextended-module.modulemap /Users/runner/work/CountdownW/CountdownW/Pods/Target\ Support\ Files/KeychainAccess/KeychainAccess.modulemap /Users/runner/Library/Developer/Xcode/DerivedData/countdown-commbukpdznukvarcianfztjiqgm/Build/Intermediates.noindex/ArchiveIntermediates/countdown/IntermediateBuildFilesPath/Pods.build/Release-iphoneos/KeychainAccess.build/unextended-module-swiftunextension.modulemap (in target 'KeychainAccess' from project 'Pods')
    cd /Users/runner/work/CountdownW/CountdownW/Pods
    builtin-concatenate /Users/runner/Library/Developer/Xcode/DerivedData/countdown-commbukpdznukvarcianfztjiqgm/Build/Intermediates.noindex/ArchiveIntermediates/countdown/IntermediateBuildFilesPath/Pods.build/Release-iphoneos/KeychainAccess.build/unextended-module.modulemap /Users/runner/work/CountdownW/CountdownW/Pods/Target\ Support\ Files/KeychainAccess/KeychainAccess.modulemap /Users/runner/Library/Developer/Xcode/DerivedData/countdown-commbukpdznukvarcianfztjiqgm/Build/Intermediates.noindex/ArchiveIntermediates/countdown/IntermediateBuildFilesPath/Pods.build/Release-iphoneos/KeychainAccess.build/unextended-module-swiftunextension.modulemap

Concatenate /Users/runner/Library/Developer/Xcode/DerivedData/countdown-commbukpdznukvarcianfztjiqgm/Build/Intermediates.noindex/ArchiveIntermediates/countdown/IntermediateBuildFilesPath/Pods.build/Release-iphoneos/KeychainAccess.build/module.modulemap /Users/runner/work/CountdownW/CountdownW/Pods/Target\ Support\ Files/KeychainAccess/KeychainAccess.modulemap /Users/runner/Library/Developer/Xcode/DerivedData/countdown-commbukpdznukvarcianfztjiqgm/Build/Intermediates.noindex/ArchiveIntermediates/countdown/IntermediateBuildFilesPath/Pods.build/Release-iphoneos/KeychainAccess.build/module-swiftextension.modulemap (in target 'KeychainAccess' from project 'Pods')
    cd /Users/runner/work/CountdownW/CountdownW/Pods
    builtin-concatenate /Users/runner/Library/Developer/Xcode/DerivedData/countdown-commbukpdznukvarcianfztjiqgm/Build/Intermediates.noindex/ArchiveIntermediates/countdown/IntermediateBuildFilesPath/Pods.build/Release-iphoneos/KeychainAccess.build/module.modulemap /Users/runner/work/CountdownW/CountdownW/Pods/Target\ Support\ Files/KeychainAccess/KeychainAccess.modulemap /Users/runner/Library/Developer/Xcode/DerivedData/countdown-commbukpdznukvarcianfztjiqgm/Build/Intermediates.noindex/ArchiveIntermediates/countdown/IntermediateBuildFilesPath/Pods.build/Release-iphoneos/KeychainAccess.build/module-swiftextension.modulemap

WriteAuxiliaryFile /Users/runner/Library/Developer/Xcode/DerivedData/countdown-commbukpdznukvarcianfztjiqgm/Build/Intermediates.noindex/ArchiveIntermediates/countdown/IntermediateBuildFilesPath/Pods.build/Release-iphoneos/ApplePurchaseKit.build/unextended-module-swiftunextension.modulemap (in target 'ApplePurchaseKit' from project 'Pods')
    cd /Users/runner/work/CountdownW/CountdownW/Pods
    write-file /Users/runner/Library/Developer/Xcode/DerivedData/countdown-commbukpdznukvarcianfztjiqgm/Build/Intermediates.noindex/ArchiveIntermediates/countdown/IntermediateBuildFilesPath/Pods.build/Release-iphoneos/ApplePurchaseKit.build/unextended-module-swiftunextension.modulemap

Copy /Users/runner/Library/Developer/Xcode/DerivedData/countdown-commbukpdznukvarcianfztjiqgm/Build/Intermediates.noindex/ArchiveIntermediates/countdown/IntermediateBuildFilesPath/UninstalledProducts/iphoneos/KeychainAccess.framework/Modules/module.modulemap /Users/runner/Library/Developer/Xcode/DerivedData/countdown-commbukpdznukvarcianfztjiqgm/Build/Intermediates.noindex/ArchiveIntermediates/countdown/IntermediateBuildFilesPath/Pods.build/Release-iphoneos/KeychainAccess.build/module.modulemap (in target 'KeychainAccess' from project 'Pods')
    cd /Users/runner/work/CountdownW/CountdownW/Pods
    builtin-copy -exclude .DS_Store -exclude CVS -exclude .svn -exclude .git -exclude .hg -resolve-src-symlinks /Users/runner/Library/Developer/Xcode/DerivedData/countdown-commbukpdznukvarcianfztjiqgm/Build/Intermediates.noindex/ArchiveIntermediates/countdown/IntermediateBuildFilesPath/Pods.build/Release-iphoneos/KeychainAccess.build/module.modulemap /Users/runner/Library/Developer/Xcode/DerivedData/countdown-commbukpdznukvarcianfztjiqgm/Build/Intermediates.noindex/ArchiveIntermediates/countdown/IntermediateBuildFilesPath/UninstalledProducts/iphoneos/KeychainAccess.framework/Modules

WriteAuxiliaryFile /Users/runner/Library/Developer/Xcode/DerivedData/countdown-commbukpdznukvarcianfztjiqgm/Build/Intermediates.noindex/ArchiveIntermediates/countdown/IntermediateBuildFilesPath/Pods.build/Release-iphoneos/ApplePurchaseKit.build/unextended-module-overlay.yaml (in target 'ApplePurchaseKit' from project 'Pods')
    cd /Users/runner/work/CountdownW/CountdownW/Pods
    write-file /Users/runner/Library/Developer/Xcode/DerivedData/countdown-commbukpdznukvarcianfztjiqgm/Build/Intermediates.noindex/ArchiveIntermediates/countdown/IntermediateBuildFilesPath/Pods.build/Release-iphoneos/ApplePurchaseKit.build/unextended-module-overlay.yaml

WriteAuxiliaryFile /Users/runner/Library/Developer/Xcode/DerivedData/countdown-commbukpdznukvarcianfztjiqgm/Build/Intermediates.noindex/ArchiveIntermediates/countdown/IntermediateBuildFilesPath/Pods.build/Release-iphoneos/ApplePurchaseKit.build/module-swiftextension.modulemap (in target 'ApplePurchaseKit' from project 'Pods')
    cd /Users/runner/work/CountdownW/CountdownW/Pods
    write-file /Users/runner/Library/Developer/Xcode/DerivedData/countdown-commbukpdznukvarcianfztjiqgm/Build/Intermediates.noindex/ArchiveIntermediates/countdown/IntermediateBuildFilesPath/Pods.build/Release-iphoneos/ApplePurchaseKit.build/module-swiftextension.modulemap

WriteAuxiliaryFile /Users/runner/Library/Developer/Xcode/DerivedData/countdown-commbukpdznukvarcianfztjiqgm/Build/Intermediates.noindex/ArchiveIntermediates/countdown/IntermediateBuildFilesPath/Pods.build/Release-iphoneos/ApplePurchaseKit.build/Objects-normal/arm64/e6072d4f65d7061329687fe24e3d63a7-common-args.resp (in target 'ApplePurchaseKit' from project 'Pods')
    cd /Users/runner/work/CountdownW/CountdownW/Pods
    write-file /Users/runner/Library/Developer/Xcode/DerivedData/countdown-commbukpdznukvarcianfztjiqgm/Build/Intermediates.noindex/ArchiveIntermediates/countdown/IntermediateBuildFilesPath/Pods.build/Release-iphoneos/ApplePurchaseKit.build/Objects-normal/arm64/e6072d4f65d7061329687fe24e3d63a7-common-args.resp
-target arm64-apple-ios15.0 '-std=gnu11' -fobjc-arc -fmodules -gmodules '-fmodules-cache-path=/Users/runner/Library/Developer/Xcode/DerivedData/ModuleCache.noindex' '-fmodule-name=ApplePurchaseKit' -fpascal-strings -Os -fno-common '-DPOD_CONFIGURATION_RELEASE=1' '-DCOCOAPODS=1' '-DNS_BLOCK_ASSERTIONS=1' '-DOBJC_OLD_DISPATCH_PROTOTYPES=0' -isysroot /Applications/Xcode_16.4.app/Contents/Developer/Platforms/iPhoneOS.platform/Developer/SDKs/iPhoneOS18.5.sdk -g -iquote /Users/runner/Library/Developer/Xcode/DerivedData/countdown-commbukpdznukvarcianfztjiqgm/Build/Intermediates.noindex/ArchiveIntermediates/countdown/IntermediateBuildFilesPath/Pods.build/Release-iphoneos/ApplePurchaseKit.build/ApplePurchaseKit-generated-files.hmap -I/Users/runner/Library/Developer/Xcode/DerivedData/countdown-commbukpdznukvarcianfztjiqgm/Build/Intermediates.noindex/ArchiveIntermediates/countdown/IntermediateBuildFilesPath/Pods.build/Release-iphoneos/ApplePurchaseKit.build/ApplePurchaseKit-own-target-headers.hmap -I/Users/runner/Library/Developer/Xcode/DerivedData/countdown-commbukpdznukvarcianfztjiqgm/Build/Intermediates.noindex/ArchiveIntermediates/countdown/IntermediateBuildFilesPath/Pods.build/Release-iphoneos/ApplePurchaseKit.build/ApplePurchaseKit-all-non-framework-target-headers.hmap -ivfsoverlay /Users/runner/Library/Developer/Xcode/DerivedData/countdown-commbukpdznukvarcianfztjiqgm/Build/Intermediates.noindex/ArchiveIntermediates/countdown/IntermediateBuildFilesPath/Pods.build/Release-iphoneos/Pods-8699adb1dd336b26511df848a716bd42-VFS-iphoneos/all-product-headers.yaml -iquote /Users/runner/Library/Developer/Xcode/DerivedData/countdown-commbukpdznukvarcianfztjiqgm/Build/Intermediates.noindex/ArchiveIntermediates/countdown/IntermediateBuildFilesPath/Pods.build/Release-iphoneos/ApplePurchaseKit.build/ApplePurchaseKit-project-headers.hmap -I/Users/runner/Library/Developer/Xcode/DerivedData/countdown-commbukpdznukvarcianfztjiqgm/Build/Intermediates.noindex/ArchiveIntermediates/countdown/BuildProductsPath/Release-iphoneos/ApplePurchaseKit/include -I/Users/runner/Library/Developer/Xcode/DerivedData/countdown-commbukpdznukvarcianfztjiqgm/Build/Intermediates.noindex/ArchiveIntermediates/countdown/IntermediateBuildFilesPath/Pods.build/Release-iphoneos/ApplePurchaseKit.build/DerivedSources-normal/arm64 -I/Users/runner/Library/Developer/Xcode/DerivedData/countdown-commbukpdznukvarcianfztjiqgm/Build/Intermediates.noindex/ArchiveIntermediates/countdown/IntermediateBuildFilesPath/Pods.build/Release-iphoneos/ApplePurchaseKit.build/DerivedSources/arm64 -I/Users/runner/Library/Developer/Xcode/DerivedData/countdown-commbukpdznukvarcianfztjiqgm/Build/Intermediates.noindex/ArchiveIntermediates/countdown/IntermediateBuildFilesPath/Pods.build/Release-iphoneos/ApplePurchaseKit.build/DerivedSources -F/Users/runner/Library/Developer/Xcode/DerivedData/countdown-commbukpdznukvarcianfztjiqgm/Build/Intermediates.noindex/ArchiveIntermediates/countdown/BuildProductsPath/Release-iphoneos/ApplePurchaseKit -F/Users/runner/work/CountdownW/CountdownW/Pods/UMCommon/UMCommon_7.5.8 -F/Users/runner/work/CountdownW/CountdownW/Pods/UMDevice/UMDevice_3.5.0 -F/Users/runner/Library/Developer/Xcode/DerivedData/countdown-commbukpdznukvarcianfztjiqgm/Build/Intermediates.noindex/ArchiveIntermediates/countdown/BuildProductsPath/Release-iphoneos/XCFrameworkIntermediates/UMCommon -F/Users/runner/Library/Developer/Xcode/DerivedData/countdown-commbukpdznukvarcianfztjiqgm/Build/Intermediates.noindex/ArchiveIntermediates/countdown/BuildProductsPath/Release-iphoneos/XCFrameworkIntermediates/UMDevice

WriteAuxiliaryFile /Users/runner/Library/Developer/Xcode/DerivedData/countdown-commbukpdznukvarcianfztjiqgm/Build/Intermediates.noindex/ArchiveIntermediates/countdown/IntermediateBuildFilesPath/Pods.build/Release-iphoneos/ApplePurchaseKit.build/Objects-normal/arm64/ApplePurchaseKit_const_extract_protocols.json (in target 'ApplePurchaseKit' from project 'Pods')
    cd /Users/runner/work/CountdownW/CountdownW/Pods
    write-file /Users/runner/Library/Developer/Xcode/DerivedData/countdown-commbukpdznukvarcianfztjiqgm/Build/Intermediates.noindex/ArchiveIntermediates/countdown/IntermediateBuildFilesPath/Pods.build/Release-iphoneos/ApplePurchaseKit.build/Objects-normal/arm64/ApplePurchaseKit_const_extract_protocols.json

WriteAuxiliaryFile /Users/runner/Library/Developer/Xcode/DerivedData/countdown-commbukpdznukvarcianfztjiqgm/Build/Intermediates.noindex/ArchiveIntermediates/countdown/IntermediateBuildFilesPath/Pods.build/Release-iphoneos/ApplePurchaseKit.build/Objects-normal/arm64/ApplePurchaseKit.SwiftFileList (in target 'ApplePurchaseKit' from project 'Pods')
    cd /Users/runner/work/CountdownW/CountdownW/Pods
    write-file /Users/runner/Library/Developer/Xcode/DerivedData/countdown-commbukpdznukvarcianfztjiqgm/Build/Intermediates.noindex/ArchiveIntermediates/countdown/IntermediateBuildFilesPath/Pods.build/Release-iphoneos/ApplePurchaseKit.build/Objects-normal/arm64/ApplePurchaseKit.SwiftFileList

WriteAuxiliaryFile /Users/runner/Library/Developer/Xcode/DerivedData/countdown-commbukpdznukvarcianfztjiqgm/Build/Intermediates.noindex/ArchiveIntermediates/countdown/IntermediateBuildFilesPath/Pods.build/Release-iphoneos/ApplePurchaseKit.build/Objects-normal/arm64/ApplePurchaseKit.SwiftConstValuesFileList (in target 'ApplePurchaseKit' from project 'Pods')
    cd /Users/runner/work/CountdownW/CountdownW/Pods
    write-file /Users/runner/Library/Developer/Xcode/DerivedData/countdown-commbukpdznukvarcianfztjiqgm/Build/Intermediates.noindex/ArchiveIntermediates/countdown/IntermediateBuildFilesPath/Pods.build/Release-iphoneos/ApplePurchaseKit.build/Objects-normal/arm64/ApplePurchaseKit.SwiftConstValuesFileList

WriteAuxiliaryFile /Users/runner/Library/Developer/Xcode/DerivedData/countdown-commbukpdznukvarcianfztjiqgm/Build/Intermediates.noindex/ArchiveIntermediates/countdown/IntermediateBuildFilesPath/Pods.build/Release-iphoneos/ApplePurchaseKit.build/Objects-normal/arm64/ApplePurchaseKit.LinkFileList (in target 'ApplePurchaseKit' from project 'Pods')
    cd /Users/runner/work/CountdownW/CountdownW/Pods
    write-file /Users/runner/Library/Developer/Xcode/DerivedData/countdown-commbukpdznukvarcianfztjiqgm/Build/Intermediates.noindex/ArchiveIntermediates/countdown/IntermediateBuildFilesPath/Pods.build/Release-iphoneos/ApplePurchaseKit.build/Objects-normal/arm64/ApplePurchaseKit.LinkFileList

WriteAuxiliaryFile /Users/runner/Library/Developer/Xcode/DerivedData/countdown-commbukpdznukvarcianfztjiqgm/Build/Intermediates.noindex/ArchiveIntermediates/countdown/IntermediateBuildFilesPath/Pods.build/Release-iphoneos/ApplePurchaseKit.build/Objects-normal/arm64/ApplePurchaseKit-OutputFileMap.json (in target 'ApplePurchaseKit' from project 'Pods')
    cd /Users/runner/work/CountdownW/CountdownW/Pods
    write-file /Users/runner/Library/Developer/Xcode/DerivedData/countdown-commbukpdznukvarcianfztjiqgm/Build/Intermediates.noindex/ArchiveIntermediates/countdown/IntermediateBuildFilesPath/Pods.build/Release-iphoneos/ApplePurchaseKit.build/Objects-normal/arm64/ApplePurchaseKit-OutputFileMap.json

WriteAuxiliaryFile /Users/runner/Library/Developer/Xcode/DerivedData/countdown-commbukpdznukvarcianfztjiqgm/Build/Intermediates.noindex/ArchiveIntermediates/countdown/IntermediateBuildFilesPath/Pods.build/Release-iphoneos/ApplePurchaseKit.build/Objects-normal/arm64/7187679823f38a2a940e0043cdf9d637-common-args.resp (in target 'ApplePurchaseKit' from project 'Pods')
    cd /Users/runner/work/CountdownW/CountdownW/Pods
    write-file /Users/runner/Library/Developer/Xcode/DerivedData/countdown-commbukpdznukvarcianfztjiqgm/Build/Intermediates.noindex/ArchiveIntermediates/countdown/IntermediateBuildFilesPath/Pods.build/Release-iphoneos/ApplePurchaseKit.build/Objects-normal/arm64/7187679823f38a2a940e0043cdf9d637-common-args.resp
-target arm64-apple-ios15.0 '-std=gnu11' -fmodules -gmodules '-fmodules-cache-path=/Users/runner/Library/Developer/Xcode/DerivedData/ModuleCache.noindex' '-fmodule-name=ApplePurchaseKit' -fpascal-strings -Os -fno-common '-DPOD_CONFIGURATION_RELEASE=1' '-DCOCOAPODS=1' -isysroot /Applications/Xcode_16.4.app/Contents/Developer/Platforms/iPhoneOS.platform/Developer/SDKs/iPhoneOS18.5.sdk -g -iquote /Users/runner/Library/Developer/Xcode/DerivedData/countdown-commbukpdznukvarcianfztjiqgm/Build/Intermediates.noindex/ArchiveIntermediates/countdown/IntermediateBuildFilesPath/Pods.build/Release-iphoneos/ApplePurchaseKit.build/ApplePurchaseKit-generated-files.hmap -I/Users/runner/Library/Developer/Xcode/DerivedData/countdown-commbukpdznukvarcianfztjiqgm/Build/Intermediates.noindex/ArchiveIntermediates/countdown/IntermediateBuildFilesPath/Pods.build/Release-iphoneos/ApplePurchaseKit.build/ApplePurchaseKit-own-target-headers.hmap -I/Users/runner/Library/Developer/Xcode/DerivedData/countdown-commbukpdznukvarcianfztjiqgm/Build/Intermediates.noindex/ArchiveIntermediates/countdown/IntermediateBuildFilesPath/Pods.build/Release-iphoneos/ApplePurchaseKit.build/ApplePurchaseKit-all-non-framework-target-headers.hmap -ivfsoverlay /Users/runner/Library/Developer/Xcode/DerivedData/countdown-commbukpdznukvarcianfztjiqgm/Build/Intermediates.noindex/ArchiveIntermediates/countdown/IntermediateBuildFilesPath/Pods.build/Release-iphoneos/Pods-8699adb1dd336b26511df848a716bd42-VFS-iphoneos/all-product-headers.yaml -iquote /Users/runner/Library/Developer/Xcode/DerivedData/countdown-commbukpdznukvarcianfztjiqgm/Build/Intermediates.noindex/ArchiveIntermediates/countdown/IntermediateBuildFilesPath/Pods.build/Release-iphoneos/ApplePurchaseKit.build/ApplePurchaseKit-project-headers.hmap -I/Users/runner/Library/Developer/Xcode/DerivedData/countdown-commbukpdznukvarcianfztjiqgm/Build/Intermediates.noindex/ArchiveIntermediates/countdown/BuildProductsPath/Release-iphoneos/ApplePurchaseKit/include -I/Users/runner/Library/Developer/Xcode/DerivedData/countdown-commbukpdznukvarcianfztjiqgm/Build/Intermediates.noindex/ArchiveIntermediates/countdown/IntermediateBuildFilesPath/Pods.build/Release-iphoneos/ApplePurchaseKit.build/DerivedSources-normal/arm64 -I/Users/runner/Library/Developer/Xcode/DerivedData/countdown-commbukpdznukvarcianfztjiqgm/Build/Intermediates.noindex/ArchiveIntermediates/countdown/IntermediateBuildFilesPath/Pods.build/Release-iphoneos/ApplePurchaseKit.build/DerivedSources/arm64 -I/Users/runner/Library/Developer/Xcode/DerivedData/countdown-commbukpdznukvarcianfztjiqgm/Build/Intermediates.noindex/ArchiveIntermediates/countdown/IntermediateBuildFilesPath/Pods.build/Release-iphoneos/ApplePurchaseKit.build/DerivedSources -F/Users/runner/Library/Developer/Xcode/DerivedData/countdown-commbukpdznukvarcianfztjiqgm/Build/Intermediates.noindex/ArchiveIntermediates/countdown/BuildProductsPath/Release-iphoneos/ApplePurchaseKit -F/Users/runner/work/CountdownW/CountdownW/Pods/UMCommon/UMCommon_7.5.8 -F/Users/runner/work/CountdownW/CountdownW/Pods/UMDevice/UMDevice_3.5.0 -F/Users/runner/Library/Developer/Xcode/DerivedData/countdown-commbukpdznukvarcianfztjiqgm/Build/Intermediates.noindex/ArchiveIntermediates/countdown/BuildProductsPath/Release-iphoneos/XCFrameworkIntermediates/UMCommon -F/Users/runner/Library/Developer/Xcode/DerivedData/countdown-commbukpdznukvarcianfztjiqgm/Build/Intermediates.noindex/ArchiveIntermediates/countdown/BuildProductsPath/Release-iphoneos/XCFrameworkIntermediates/UMDevice

WriteAuxiliaryFile /Users/runner/Library/Developer/Xcode/DerivedData/countdown-commbukpdznukvarcianfztjiqgm/Build/Intermediates.noindex/ArchiveIntermediates/countdown/IntermediateBuildFilesPath/Pods.build/Release-iphoneos/ApplePurchaseKit.build/DerivedSources/ApplePurchaseKit_vers.c (in target 'ApplePurchaseKit' from project 'Pods')
    cd /Users/runner/work/CountdownW/CountdownW/Pods
    write-file /Users/runner/Library/Developer/Xcode/DerivedData/countdown-commbukpdznukvarcianfztjiqgm/Build/Intermediates.noindex/ArchiveIntermediates/countdown/IntermediateBuildFilesPath/Pods.build/Release-iphoneos/ApplePurchaseKit.build/DerivedSources/ApplePurchaseKit_vers.c

WriteAuxiliaryFile /Users/runner/Library/Developer/Xcode/DerivedData/countdown-commbukpdznukvarcianfztjiqgm/Build/Intermediates.noindex/ArchiveIntermediates/countdown/IntermediateBuildFilesPath/Pods.build/Release-iphoneos/ApplePurchaseKit.build/ApplePurchaseKit.hmap (in target 'ApplePurchaseKit' from project 'Pods')
    cd /Users/runner/work/CountdownW/CountdownW/Pods
    write-file /Users/runner/Library/Developer/Xcode/DerivedData/countdown-commbukpdznukvarcianfztjiqgm/Build/Intermediates.noindex/ArchiveIntermediates/countdown/IntermediateBuildFilesPath/Pods.build/Release-iphoneos/ApplePurchaseKit.build/ApplePurchaseKit.hmap

WriteAuxiliaryFile /Users/runner/Library/Developer/Xcode/DerivedData/countdown-commbukpdznukvarcianfztjiqgm/Build/Intermediates.noindex/ArchiveIntermediates/countdown/IntermediateBuildFilesPath/Pods.build/Release-iphoneos/ApplePurchaseKit.build/ApplePurchaseKit.DependencyStaticMetadataFileList (in target 'ApplePurchaseKit' from project 'Pods')
    cd /Users/runner/work/CountdownW/CountdownW/Pods
    write-file /Users/runner/Library/Developer/Xcode/DerivedData/countdown-commbukpdznukvarcianfztjiqgm/Build/Intermediates.noindex/ArchiveIntermediates/countdown/IntermediateBuildFilesPath/Pods.build/Release-iphoneos/ApplePurchaseKit.build/ApplePurchaseKit.DependencyStaticMetadataFileList

WriteAuxiliaryFile /Users/runner/Library/Developer/Xcode/DerivedData/countdown-commbukpdznukvarcianfztjiqgm/Build/Intermediates.noindex/ArchiveIntermediates/countdown/IntermediateBuildFilesPath/Pods.build/Release-iphoneos/ApplePurchaseKit.build/ApplePurchaseKit.DependencyMetadataFileList (in target 'ApplePurchaseKit' from project 'Pods')
    cd /Users/runner/work/CountdownW/CountdownW/Pods
    write-file /Users/runner/Library/Developer/Xcode/DerivedData/countdown-commbukpdznukvarcianfztjiqgm/Build/Intermediates.noindex/ArchiveIntermediates/countdown/IntermediateBuildFilesPath/Pods.build/Release-iphoneos/ApplePurchaseKit.build/ApplePurchaseKit.DependencyMetadataFileList

WriteAuxiliaryFile /Users/runner/Library/Developer/Xcode/DerivedData/countdown-commbukpdznukvarcianfztjiqgm/Build/Intermediates.noindex/ArchiveIntermediates/countdown/IntermediateBuildFilesPath/Pods.build/Release-iphoneos/ApplePurchaseKit.build/ApplePurchaseKit-project-headers.hmap (in target 'ApplePurchaseKit' from project 'Pods')
    cd /Users/runner/work/CountdownW/CountdownW/Pods
    write-file /Users/runner/Library/Developer/Xcode/DerivedData/countdown-commbukpdznukvarcianfztjiqgm/Build/Intermediates.noindex/ArchiveIntermediates/countdown/IntermediateBuildFilesPath/Pods.build/Release-iphoneos/ApplePurchaseKit.build/ApplePurchaseKit-project-headers.hmap

WriteAuxiliaryFile /Users/runner/Library/Developer/Xcode/DerivedData/countdown-commbukpdznukvarcianfztjiqgm/Build/Intermediates.noindex/ArchiveIntermediates/countdown/IntermediateBuildFilesPath/Pods.build/Release-iphoneos/ApplePurchaseKit.build/ApplePurchaseKit-own-target-headers.hmap (in target 'ApplePurchaseKit' from project 'Pods')
    cd /Users/runner/work/CountdownW/CountdownW/Pods
    write-file /Users/runner/Library/Developer/Xcode/DerivedData/countdown-commbukpdznukvarcianfztjiqgm/Build/Intermediates.noindex/ArchiveIntermediates/countdown/IntermediateBuildFilesPath/Pods.build/Release-iphoneos/ApplePurchaseKit.build/ApplePurchaseKit-own-target-headers.hmap

WriteAuxiliaryFile /Users/runner/Library/Developer/Xcode/DerivedData/countdown-commbukpdznukvarcianfztjiqgm/Build/Intermediates.noindex/ArchiveIntermediates/countdown/IntermediateBuildFilesPath/Pods.build/Release-iphoneos/ApplePurchaseKit.build/ApplePurchaseKit-generated-files.hmap (in target 'ApplePurchaseKit' from project 'Pods')
    cd /Users/runner/work/CountdownW/CountdownW/Pods
    write-file /Users/runner/Library/Developer/Xcode/DerivedData/countdown-commbukpdznukvarcianfztjiqgm/Build/Intermediates.noindex/ArchiveIntermediates/countdown/IntermediateBuildFilesPath/Pods.build/Release-iphoneos/ApplePurchaseKit.build/ApplePurchaseKit-generated-files.hmap

WriteAuxiliaryFile /Users/runner/Library/Developer/Xcode/DerivedData/countdown-commbukpdznukvarcianfztjiqgm/Build/Intermediates.noindex/ArchiveIntermediates/countdown/IntermediateBuildFilesPath/Pods.build/Release-iphoneos/ApplePurchaseKit.build/ApplePurchaseKit-all-target-headers.hmap (in target 'ApplePurchaseKit' from project 'Pods')
    cd /Users/runner/work/CountdownW/CountdownW/Pods
    write-file /Users/runner/Library/Developer/Xcode/DerivedData/countdown-commbukpdznukvarcianfztjiqgm/Build/Intermediates.noindex/ArchiveIntermediates/countdown/IntermediateBuildFilesPath/Pods.build/Release-iphoneos/ApplePurchaseKit.build/ApplePurchaseKit-all-target-headers.hmap

WriteAuxiliaryFile /Users/runner/Library/Developer/Xcode/DerivedData/countdown-commbukpdznukvarcianfztjiqgm/Build/Intermediates.noindex/ArchiveIntermediates/countdown/IntermediateBuildFilesPath/Pods.build/Release-iphoneos/ApplePurchaseKit.build/ApplePurchaseKit-all-non-framework-target-headers.hmap (in target 'ApplePurchaseKit' from project 'Pods')
    cd /Users/runner/work/CountdownW/CountdownW/Pods
    write-file /Users/runner/Library/Developer/Xcode/DerivedData/countdown-commbukpdznukvarcianfztjiqgm/Build/Intermediates.noindex/ArchiveIntermediates/countdown/IntermediateBuildFilesPath/Pods.build/Release-iphoneos/ApplePurchaseKit.build/ApplePurchaseKit-all-non-framework-target-headers.hmap

CpHeader /Users/runner/Library/Developer/Xcode/DerivedData/countdown-commbukpdznukvarcianfztjiqgm/Build/Intermediates.noindex/ArchiveIntermediates/countdown/IntermediateBuildFilesPath/UninstalledProducts/iphoneos/ApplePurchaseKit.framework/Headers/ApplePurchaseKit-umbrella.h /Users/runner/work/CountdownW/CountdownW/Pods/Target\ Support\ Files/ApplePurchaseKit/ApplePurchaseKit-umbrella.h (in target 'ApplePurchaseKit' from project 'Pods')
    cd /Users/runner/work/CountdownW/CountdownW/Pods
    builtin-copy -exclude .DS_Store -exclude CVS -exclude .svn -exclude .git -exclude .hg -resolve-src-symlinks /Users/runner/work/CountdownW/CountdownW/Pods/Target\ Support\ Files/ApplePurchaseKit/ApplePurchaseKit-umbrella.h /Users/runner/Library/Developer/Xcode/DerivedData/countdown-commbukpdznukvarcianfztjiqgm/Build/Intermediates.noindex/ArchiveIntermediates/countdown/IntermediateBuildFilesPath/UninstalledProducts/iphoneos/ApplePurchaseKit.framework/Headers

Concatenate /Users/runner/Library/Developer/Xcode/DerivedData/countdown-commbukpdznukvarcianfztjiqgm/Build/Intermediates.noindex/ArchiveIntermediates/countdown/IntermediateBuildFilesPath/Pods.build/Release-iphoneos/ApplePurchaseKit.build/unextended-module.modulemap /Users/runner/work/CountdownW/CountdownW/Pods/Target\ Support\ Files/ApplePurchaseKit/ApplePurchaseKit.modulemap /Users/runner/Library/Developer/Xcode/DerivedData/countdown-commbukpdznukvarcianfztjiqgm/Build/Intermediates.noindex/ArchiveIntermediates/countdown/IntermediateBuildFilesPath/Pods.build/Release-iphoneos/ApplePurchaseKit.build/unextended-module-swiftunextension.modulemap (in target 'ApplePurchaseKit' from project 'Pods')
    cd /Users/runner/work/CountdownW/CountdownW/Pods
    builtin-concatenate /Users/runner/Library/Developer/Xcode/DerivedData/countdown-commbukpdznukvarcianfztjiqgm/Build/Intermediates.noindex/ArchiveIntermediates/countdown/IntermediateBuildFilesPath/Pods.build/Release-iphoneos/ApplePurchaseKit.build/unextended-module.modulemap /Users/runner/work/CountdownW/CountdownW/Pods/Target\ Support\ Files/ApplePurchaseKit/ApplePurchaseKit.modulemap /Users/runner/Library/Developer/Xcode/DerivedData/countdown-commbukpdznukvarcianfztjiqgm/Build/Intermediates.noindex/ArchiveIntermediates/countdown/IntermediateBuildFilesPath/Pods.build/Release-iphoneos/ApplePurchaseKit.build/unextended-module-swiftunextension.modulemap

Concatenate /Users/runner/Library/Developer/Xcode/DerivedData/countdown-commbukpdznukvarcianfztjiqgm/Build/Intermediates.noindex/ArchiveIntermediates/countdown/IntermediateBuildFilesPath/Pods.build/Release-iphoneos/ApplePurchaseKit.build/module.modulemap /Users/runner/work/CountdownW/CountdownW/Pods/Target\ Support\ Files/ApplePurchaseKit/ApplePurchaseKit.modulemap /Users/runner/Library/Developer/Xcode/DerivedData/countdown-commbukpdznukvarcianfztjiqgm/Build/Intermediates.noindex/ArchiveIntermediates/countdown/IntermediateBuildFilesPath/Pods.build/Release-iphoneos/ApplePurchaseKit.build/module-swiftextension.modulemap (in target 'ApplePurchaseKit' from project 'Pods')
    cd /Users/runner/work/CountdownW/CountdownW/Pods
    builtin-concatenate /Users/runner/Library/Developer/Xcode/DerivedData/countdown-commbukpdznukvarcianfztjiqgm/Build/Intermediates.noindex/ArchiveIntermediates/countdown/IntermediateBuildFilesPath/Pods.build/Release-iphoneos/ApplePurchaseKit.build/module.modulemap /Users/runner/work/CountdownW/CountdownW/Pods/Target\ Support\ Files/ApplePurchaseKit/ApplePurchaseKit.modulemap /Users/runner/Library/Developer/Xcode/DerivedData/countdown-commbukpdznukvarcianfztjiqgm/Build/Intermediates.noindex/ArchiveIntermediates/countdown/IntermediateBuildFilesPath/Pods.build/Release-iphoneos/ApplePurchaseKit.build/module-swiftextension.modulemap

SymLink /Users/runner/Library/Developer/Xcode/DerivedData/countdown-commbukpdznukvarcianfztjiqgm/Build/Intermediates.noindex/ArchiveIntermediates/countdown/BuildProductsPath/Release-iphoneos/KeychainAccess/KeychainAccess.framework ../../../IntermediateBuildFilesPath/UninstalledProducts/iphoneos/KeychainAccess.framework (in target 'KeychainAccess' from project 'Pods')
    cd /Users/runner/work/CountdownW/CountdownW/Pods
    /bin/ln -sfh ../../../IntermediateBuildFilesPath/UninstalledProducts/iphoneos/KeychainAccess.framework /Users/runner/Library/Developer/Xcode/DerivedData/countdown-commbukpdznukvarcianfztjiqgm/Build/Intermediates.noindex/ArchiveIntermediates/countdown/BuildProductsPath/Release-iphoneos/KeychainAccess/KeychainAccess.framework

MkDir /Users/runner/Library/Developer/Xcode/DerivedData/countdown-commbukpdznukvarcianfztjiqgm/Build/Intermediates.noindex/ArchiveIntermediates/countdown/IntermediateBuildFilesPath/UninstalledProducts/iphoneos/KeychainAccess.framework/Headers (in target 'KeychainAccess' from project 'Pods')
    cd /Users/runner/work/CountdownW/CountdownW/Pods
    /bin/mkdir -p /Users/runner/Library/Developer/Xcode/DerivedData/countdown-commbukpdznukvarcianfztjiqgm/Build/Intermediates.noindex/ArchiveIntermediates/countdown/IntermediateBuildFilesPath/UninstalledProducts/iphoneos/KeychainAccess.framework/Headers

MkDir /Users/runner/Library/Developer/Xcode/DerivedData/countdown-commbukpdznukvarcianfztjiqgm/Build/Intermediates.noindex/ArchiveIntermediates/countdown/IntermediateBuildFilesPath/UninstalledProducts/iphoneos/KeychainAccess.framework (in target 'KeychainAccess' from project 'Pods')
    cd /Users/runner/work/CountdownW/CountdownW/Pods
    /bin/mkdir -p /Users/runner/Library/Developer/Xcode/DerivedData/countdown-commbukpdznukvarcianfztjiqgm/Build/Intermediates.noindex/ArchiveIntermediates/countdown/IntermediateBuildFilesPath/UninstalledProducts/iphoneos/KeychainAccess.framework

SymLink /Users/runner/Library/Developer/Xcode/DerivedData/countdown-commbukpdznukvarcianfztjiqgm/Build/Intermediates.noindex/ArchiveIntermediates/countdown/BuildProductsPath/Release-iphoneos/ApplePurchaseKit/ApplePurchaseKit.framework ../../../IntermediateBuildFilesPath/UninstalledProducts/iphoneos/ApplePurchaseKit.framework (in target 'ApplePurchaseKit' from project 'Pods')
    cd /Users/runner/work/CountdownW/CountdownW/Pods
    /bin/ln -sfh ../../../IntermediateBuildFilesPath/UninstalledProducts/iphoneos/ApplePurchaseKit.framework /Users/runner/Library/Developer/Xcode/DerivedData/countdown-commbukpdznukvarcianfztjiqgm/Build/Intermediates.noindex/ArchiveIntermediates/countdown/BuildProductsPath/Release-iphoneos/ApplePurchaseKit/ApplePurchaseKit.framework

MkDir /Users/runner/Library/Developer/Xcode/DerivedData/countdown-commbukpdznukvarcianfztjiqgm/Build/Intermediates.noindex/ArchiveIntermediates/countdown/IntermediateBuildFilesPath/UninstalledProducts/iphoneos/ApplePurchaseKit.framework/Headers (in target 'ApplePurchaseKit' from project 'Pods')
    cd /Users/runner/work/CountdownW/CountdownW/Pods
    /bin/mkdir -p /Users/runner/Library/Developer/Xcode/DerivedData/countdown-commbukpdznukvarcianfztjiqgm/Build/Intermediates.noindex/ArchiveIntermediates/countdown/IntermediateBuildFilesPath/UninstalledProducts/iphoneos/ApplePurchaseKit.framework/Headers

MkDir /Users/runner/Library/Developer/Xcode/DerivedData/countdown-commbukpdznukvarcianfztjiqgm/Build/Intermediates.noindex/ArchiveIntermediates/countdown/IntermediateBuildFilesPath/UninstalledProducts/iphoneos/ApplePurchaseKit.framework (in target 'ApplePurchaseKit' from project 'Pods')
    cd /Users/runner/work/CountdownW/CountdownW/Pods
    /bin/mkdir -p /Users/runner/Library/Developer/Xcode/DerivedData/countdown-commbukpdznukvarcianfztjiqgm/Build/Intermediates.noindex/ArchiveIntermediates/countdown/IntermediateBuildFilesPath/UninstalledProducts/iphoneos/ApplePurchaseKit.framework

Copy /Users/runner/Library/Developer/Xcode/DerivedData/countdown-commbukpdznukvarcianfztjiqgm/Build/Intermediates.noindex/ArchiveIntermediates/countdown/IntermediateBuildFilesPath/UninstalledProducts/iphoneos/ApplePurchaseKit.framework/Modules/module.modulemap /Users/runner/Library/Developer/Xcode/DerivedData/countdown-commbukpdznukvarcianfztjiqgm/Build/Intermediates.noindex/ArchiveIntermediates/countdown/IntermediateBuildFilesPath/Pods.build/Release-iphoneos/ApplePurchaseKit.build/module.modulemap (in target 'ApplePurchaseKit' from project 'Pods')
    cd /Users/runner/work/CountdownW/CountdownW/Pods
    builtin-copy -exclude .DS_Store -exclude CVS -exclude .svn -exclude .git -exclude .hg -resolve-src-symlinks /Users/runner/Library/Developer/Xcode/DerivedData/countdown-commbukpdznukvarcianfztjiqgm/Build/Intermediates.noindex/ArchiveIntermediates/countdown/IntermediateBuildFilesPath/Pods.build/Release-iphoneos/ApplePurchaseKit.build/module.modulemap /Users/runner/Library/Developer/Xcode/DerivedData/countdown-commbukpdznukvarcianfztjiqgm/Build/Intermediates.noindex/ArchiveIntermediates/countdown/IntermediateBuildFilesPath/UninstalledProducts/iphoneos/ApplePurchaseKit.framework/Modules

PhaseScriptExecution [CP]\ Copy\ XCFrameworks /Users/runner/Library/Developer/Xcode/DerivedData/countdown-commbukpdznukvarcianfztjiqgm/Build/Intermediates.noindex/ArchiveIntermediates/countdown/IntermediateBuildFilesPath/Pods.build/Release-iphoneos/UMCommon.build/Script-F231889C42B687A49E20C9CE007405F3.sh (in target 'UMCommon' from project 'Pods')
    cd /Users/runner/work/CountdownW/CountdownW/Pods
    /bin/sh -c /Users/runner/Library/Developer/Xcode/DerivedData/countdown-commbukpdznukvarcianfztjiqgm/Build/Intermediates.noindex/ArchiveIntermediates/countdown/IntermediateBuildFilesPath/Pods.build/Release-iphoneos/UMCommon.build/Script-F231889C42B687A49E20C9CE007405F3.sh
Selected xcframework slice ios-arm64
rsync --delete -av --filter P .*.?????? --links --filter "- CVS/" --filter "- .svn/" --filter "- .git/" --filter "- .hg/" "/Users/runner/work/CountdownW/CountdownW/Pods/UMCommon/UMCommon_7.5.8/UMCommon.xcframework/ios-arm64/*" "/Users/runner/Library/Developer/Xcode/DerivedData/countdown-commbukpdznukvarcianfztjiqgm/Build/Intermediates.noindex/ArchiveIntermediates/countdown/BuildProductsPath/Release-iphoneos/XCFrameworkIntermediates/UMCommon"
Transfer starting: 16 files
UMCommon.framework/
UMCommon.framework/Info.plist
UMCommon.framework/PrivacyInfo.xcprivacy
UMCommon.framework/UMCommon
UMCommon.framework/Headers/
UMCommon.framework/Headers/MobClick.h
UMCommon.framework/Headers/UMCommon.h
UMCommon.framework/Headers/UMConfigure.h
UMCommon.framework/Modules/
UMCommon.framework/Modules/module.modulemap
UMCommon.framework/_CodeSignature/
UMCommon.framework/_CodeSignature/CodeDirectory
UMCommon.framework/_CodeSignature/CodeRequirements
UMCommon.framework/_CodeSignature/CodeRequirements-1
UMCommon.framework/_CodeSignature/CodeResources
UMCommon.framework/_CodeSignature/CodeSignature

sent 1701718 bytes  received 308 bytes  21248764 bytes/sec
total size is 1699828  speedup is 1.00
Copied /Users/runner/work/CountdownW/CountdownW/Pods/UMCommon/UMCommon_7.5.8/UMCommon.xcframework/ios-arm64 to /Users/runner/Library/Developer/Xcode/DerivedData/countdown-commbukpdznukvarcianfztjiqgm/Build/Intermediates.noindex/ArchiveIntermediates/countdown/BuildProductsPath/Release-iphoneos/XCFrameworkIntermediates/UMCommon

ProcessInfoPlistFile /Users/runner/Library/Developer/Xcode/DerivedData/countdown-commbukpdznukvarcianfztjiqgm/Build/Intermediates.noindex/ArchiveIntermediates/countdown/IntermediateBuildFilesPath/UninstalledProducts/iphoneos/LottiePrivacyInfo.bundle/Info.plist /Users/runner/work/CountdownW/CountdownW/Pods/Target\ Support\ Files/lottie-ios/ResourceBundle-LottiePrivacyInfo-lottie-ios-Info.plist (in target 'lottie-ios-LottiePrivacyInfo' from project 'Pods')
    cd /Users/runner/work/CountdownW/CountdownW/Pods
    builtin-infoPlistUtility /Users/runner/work/CountdownW/CountdownW/Pods/Target\ Support\ Files/lottie-ios/ResourceBundle-LottiePrivacyInfo-lottie-ios-Info.plist -producttype com.apple.product-type.bundle -expandbuildsettings -format binary -platform iphoneos -requiredArchitecture arm64 -o /Users/runner/Library/Developer/Xcode/DerivedData/countdown-commbukpdznukvarcianfztjiqgm/Build/Intermediates.noindex/ArchiveIntermediates/countdown/IntermediateBuildFilesPath/UninstalledProducts/iphoneos/LottiePrivacyInfo.bundle/Info.plist

CpResource /Users/runner/Library/Developer/Xcode/DerivedData/countdown-commbukpdznukvarcianfztjiqgm/Build/Intermediates.noindex/ArchiveIntermediates/countdown/IntermediateBuildFilesPath/UninstalledProducts/iphoneos/LottiePrivacyInfo.bundle/PrivacyInfo.xcprivacy /Users/runner/work/CountdownW/CountdownW/Pods/lottie-ios/Sources/PrivacyInfo.xcprivacy (in target 'lottie-ios-LottiePrivacyInfo' from project 'Pods')
    cd /Users/runner/work/CountdownW/CountdownW/Pods
    builtin-copy -exclude .DS_Store -exclude CVS -exclude .svn -exclude .git -exclude .hg -resolve-src-symlinks /Users/runner/work/CountdownW/CountdownW/Pods/lottie-ios/Sources/PrivacyInfo.xcprivacy /Users/runner/Library/Developer/Xcode/DerivedData/countdown-commbukpdznukvarcianfztjiqgm/Build/Intermediates.noindex/ArchiveIntermediates/countdown/IntermediateBuildFilesPath/UninstalledProducts/iphoneos/LottiePrivacyInfo.bundle

ProcessInfoPlistFile /Users/runner/Library/Developer/Xcode/DerivedData/countdown-commbukpdznukvarcianfztjiqgm/Build/Intermediates.noindex/ArchiveIntermediates/countdown/IntermediateBuildFilesPath/UninstalledProducts/iphoneos/SVProgressHUD.framework/Info.plist /Users/runner/work/CountdownW/CountdownW/Pods/Target\ Support\ Files/SVProgressHUD/SVProgressHUD-Info.plist (in target 'SVProgressHUD' from project 'Pods')
    cd /Users/runner/work/CountdownW/CountdownW/Pods
    builtin-infoPlistUtility /Users/runner/work/CountdownW/CountdownW/Pods/Target\ Support\ Files/SVProgressHUD/SVProgressHUD-Info.plist -producttype com.apple.product-type.framework -expandbuildsettings -format binary -platform iphoneos -requiredArchitecture arm64 -o /Users/runner/Library/Developer/Xcode/DerivedData/countdown-commbukpdznukvarcianfztjiqgm/Build/Intermediates.noindex/ArchiveIntermediates/countdown/IntermediateBuildFilesPath/UninstalledProducts/iphoneos/SVProgressHUD.framework/Info.plist

CpResource /Users/runner/Library/Developer/Xcode/DerivedData/countdown-commbukpdznukvarcianfztjiqgm/Build/Intermediates.noindex/ArchiveIntermediates/countdown/IntermediateBuildFilesPath/UninstalledProducts/iphoneos/SVProgressHUD.framework/SVProgressHUD.bundle /Users/runner/work/CountdownW/CountdownW/Pods/SVProgressHUD/SVProgressHUD/SVProgressHUD.bundle (in target 'SVProgressHUD' from project 'Pods')
    cd /Users/runner/work/CountdownW/CountdownW/Pods
    builtin-copy -exclude .DS_Store -exclude CVS -exclude .svn -exclude .git -exclude .hg -resolve-src-symlinks /Users/runner/work/CountdownW/CountdownW/Pods/SVProgressHUD/SVProgressHUD/SVProgressHUD.bundle /Users/runner/Library/Developer/Xcode/DerivedData/countdown-commbukpdznukvarcianfztjiqgm/Build/Intermediates.noindex/ArchiveIntermediates/countdown/IntermediateBuildFilesPath/UninstalledProducts/iphoneos/SVProgressHUD.framework

CpResource /Users/runner/Library/Developer/Xcode/DerivedData/countdown-commbukpdznukvarcianfztjiqgm/Build/Intermediates.noindex/ArchiveIntermediates/countdown/IntermediateBuildFilesPath/UninstalledProducts/iphoneos/SVProgressHUD.framework/PrivacyInfo.xcprivacy /Users/runner/work/CountdownW/CountdownW/Pods/SVProgressHUD/SVProgressHUD/PrivacyInfo.xcprivacy (in target 'SVProgressHUD' from project 'Pods')
    cd /Users/runner/work/CountdownW/CountdownW/Pods
    builtin-copy -exclude .DS_Store -exclude CVS -exclude .svn -exclude .git -exclude .hg -resolve-src-symlinks /Users/runner/work/CountdownW/CountdownW/Pods/SVProgressHUD/SVProgressHUD/PrivacyInfo.xcprivacy /Users/runner/Library/Developer/Xcode/DerivedData/countdown-commbukpdznukvarcianfztjiqgm/Build/Intermediates.noindex/ArchiveIntermediates/countdown/IntermediateBuildFilesPath/UninstalledProducts/iphoneos/SVProgressHUD.framework

ProcessInfoPlistFile /Users/runner/Library/Developer/Xcode/DerivedData/countdown-commbukpdznukvarcianfztjiqgm/Build/Intermediates.noindex/ArchiveIntermediates/countdown/IntermediateBuildFilesPath/UninstalledProducts/iphoneos/KeychainAccess.framework/Info.plist /Users/runner/work/CountdownW/CountdownW/Pods/Target\ Support\ Files/KeychainAccess/KeychainAccess-Info.plist (in target 'KeychainAccess' from project 'Pods')
    cd /Users/runner/work/CountdownW/CountdownW/Pods
    builtin-infoPlistUtility /Users/runner/work/CountdownW/CountdownW/Pods/Target\ Support\ Files/KeychainAccess/KeychainAccess-Info.plist -producttype com.apple.product-type.framework -expandbuildsettings -format binary -platform iphoneos -requiredArchitecture arm64 -o /Users/runner/Library/Developer/Xcode/DerivedData/countdown-commbukpdznukvarcianfztjiqgm/Build/Intermediates.noindex/ArchiveIntermediates/countdown/IntermediateBuildFilesPath/UninstalledProducts/iphoneos/KeychainAccess.framework/Info.plist

SetOwnerAndGroup runner:staff /Users/runner/Library/Developer/Xcode/DerivedData/countdown-commbukpdznukvarcianfztjiqgm/Build/Intermediates.noindex/ArchiveIntermediates/countdown/IntermediateBuildFilesPath/UninstalledProducts/iphoneos/LottiePrivacyInfo.bundle (in target 'lottie-ios-LottiePrivacyInfo' from project 'Pods')
    cd /Users/runner/work/CountdownW/CountdownW/Pods
    /usr/sbin/chown -RH runner:staff /Users/runner/Library/Developer/Xcode/DerivedData/countdown-commbukpdznukvarcianfztjiqgm/Build/Intermediates.noindex/ArchiveIntermediates/countdown/IntermediateBuildFilesPath/UninstalledProducts/iphoneos/LottiePrivacyInfo.bundle

SetMode u+w,go-w,a+rX /Users/runner/Library/Developer/Xcode/DerivedData/countdown-commbukpdznukvarcianfztjiqgm/Build/Intermediates.noindex/ArchiveIntermediates/countdown/IntermediateBuildFilesPath/UninstalledProducts/iphoneos/LottiePrivacyInfo.bundle (in target 'lottie-ios-LottiePrivacyInfo' from project 'Pods')
    cd /Users/runner/work/CountdownW/CountdownW/Pods
    /bin/chmod -RH u+w,go-w,a+rX /Users/runner/Library/Developer/Xcode/DerivedData/countdown-commbukpdznukvarcianfztjiqgm/Build/Intermediates.noindex/ArchiveIntermediates/countdown/IntermediateBuildFilesPath/UninstalledProducts/iphoneos/LottiePrivacyInfo.bundle

RegisterExecutionPolicyException /Users/runner/Library/Developer/Xcode/DerivedData/countdown-commbukpdznukvarcianfztjiqgm/Build/Intermediates.noindex/ArchiveIntermediates/countdown/IntermediateBuildFilesPath/UninstalledProducts/iphoneos/LottiePrivacyInfo.bundle (in target 'lottie-ios-LottiePrivacyInfo' from project 'Pods')
    cd /Users/runner/work/CountdownW/CountdownW/Pods
    builtin-RegisterExecutionPolicyException /Users/runner/Library/Developer/Xcode/DerivedData/countdown-commbukpdznukvarcianfztjiqgm/Build/Intermediates.noindex/ArchiveIntermediates/countdown/IntermediateBuildFilesPath/UninstalledProducts/iphoneos/LottiePrivacyInfo.bundle

Touch /Users/runner/Library/Developer/Xcode/DerivedData/countdown-commbukpdznukvarcianfztjiqgm/Build/Intermediates.noindex/ArchiveIntermediates/countdown/IntermediateBuildFilesPath/UninstalledProducts/iphoneos/LottiePrivacyInfo.bundle (in target 'lottie-ios-LottiePrivacyInfo' from project 'Pods')
    cd /Users/runner/work/CountdownW/CountdownW/Pods
    /usr/bin/touch -c /Users/runner/Library/Developer/Xcode/DerivedData/countdown-commbukpdznukvarcianfztjiqgm/Build/Intermediates.noindex/ArchiveIntermediates/countdown/IntermediateBuildFilesPath/UninstalledProducts/iphoneos/LottiePrivacyInfo.bundle

ProcessInfoPlistFile /Users/runner/Library/Developer/Xcode/DerivedData/countdown-commbukpdznukvarcianfztjiqgm/Build/Intermediates.noindex/ArchiveIntermediates/countdown/IntermediateBuildFilesPath/UninstalledProducts/iphoneos/Lottie.framework/Info.plist /Users/runner/work/CountdownW/CountdownW/Pods/Target\ Support\ Files/lottie-ios/lottie-ios-Info.plist (in target 'lottie-ios' from project 'Pods')
    cd /Users/runner/work/CountdownW/CountdownW/Pods
    builtin-infoPlistUtility /Users/runner/work/CountdownW/CountdownW/Pods/Target\ Support\ Files/lottie-ios/lottie-ios-Info.plist -producttype com.apple.product-type.framework -expandbuildsettings -format binary -platform iphoneos -requiredArchitecture arm64 -o /Users/runner/Library/Developer/Xcode/DerivedData/countdown-commbukpdznukvarcianfztjiqgm/Build/Intermediates.noindex/ArchiveIntermediates/countdown/IntermediateBuildFilesPath/UninstalledProducts/iphoneos/Lottie.framework/Info.plist

CpResource /Users/runner/Library/Developer/Xcode/DerivedData/countdown-commbukpdznukvarcianfztjiqgm/Build/Intermediates.noindex/ArchiveIntermediates/countdown/IntermediateBuildFilesPath/UninstalledProducts/iphoneos/Lottie.framework/LottiePrivacyInfo.bundle /Users/runner/Library/Developer/Xcode/DerivedData/countdown-commbukpdznukvarcianfztjiqgm/Build/Intermediates.noindex/ArchiveIntermediates/countdown/BuildProductsPath/Release-iphoneos/lottie-ios/LottiePrivacyInfo.bundle (in target 'lottie-ios' from project 'Pods')
    cd /Users/runner/work/CountdownW/CountdownW/Pods
    builtin-copy -exclude .DS_Store -exclude CVS -exclude .svn -exclude .git -exclude .hg -resolve-src-symlinks /Users/runner/Library/Developer/Xcode/DerivedData/countdown-commbukpdznukvarcianfztjiqgm/Build/Intermediates.noindex/ArchiveIntermediates/countdown/BuildProductsPath/Release-iphoneos/lottie-ios/LottiePrivacyInfo.bundle /Users/runner/Library/Developer/Xcode/DerivedData/countdown-commbukpdznukvarcianfztjiqgm/Build/Intermediates.noindex/ArchiveIntermediates/countdown/IntermediateBuildFilesPath/UninstalledProducts/iphoneos/Lottie.framework

ProcessInfoPlistFile /Users/runner/Library/Developer/Xcode/DerivedData/countdown-commbukpdznukvarcianfztjiqgm/Build/Intermediates.noindex/ArchiveIntermediates/countdown/IntermediateBuildFilesPath/UninstalledProducts/iphoneos/ApplePurchaseKit.framework/Info.plist /Users/runner/work/CountdownW/CountdownW/Pods/Target\ Support\ Files/ApplePurchaseKit/ApplePurchaseKit-Info.plist (in target 'ApplePurchaseKit' from project 'Pods')
    cd /Users/runner/work/CountdownW/CountdownW/Pods
    builtin-infoPlistUtility /Users/runner/work/CountdownW/CountdownW/Pods/Target\ Support\ Files/ApplePurchaseKit/ApplePurchaseKit-Info.plist -producttype com.apple.product-type.framework -expandbuildsettings -format binary -platform iphoneos -requiredArchitecture arm64 -o /Users/runner/Library/Developer/Xcode/DerivedData/countdown-commbukpdznukvarcianfztjiqgm/Build/Intermediates.noindex/ArchiveIntermediates/countdown/IntermediateBuildFilesPath/UninstalledProducts/iphoneos/ApplePurchaseKit.framework/Info.plist

SwiftDriver lottie-ios normal arm64 com.apple.xcode.tools.swift.compiler (in target 'lottie-ios' from project 'Pods')
    cd /Users/runner/work/CountdownW/CountdownW/Pods
    builtin-SwiftDriver -- /Applications/Xcode_16.4.app/Contents/Developer/Toolchains/XcodeDefault.xctoolchain/usr/bin/swiftc -module-name Lottie -O -whole-module-optimization -enforce-exclusivity\=checked @/Users/runner/Library/Developer/Xcode/DerivedData/countdown-commbukpdznukvarcianfztjiqgm/Build/Intermediates.noindex/ArchiveIntermediates/countdown/IntermediateBuildFilesPath/Pods.build/Release-iphoneos/lottie-ios.build/Objects-normal/arm64/Lottie.SwiftFileList -D COCOAPODS -suppress-warnings -enable-bare-slash-regex -enable-experimental-feature DebugDescriptionMacro -sdk /Applications/Xcode_16.4.app/Contents/Developer/Platforms/iPhoneOS.platform/Developer/SDKs/iPhoneOS18.5.sdk -target arm64-apple-ios13.0 -g -module-cache-path /Users/runner/Library/Developer/Xcode/DerivedData/ModuleCache.noindex -Xfrontend -serialize-debugging-options -swift-version 5 -I /Users/runner/Library/Developer/Xcode/DerivedData/countdown-commbukpdznukvarcianfztjiqgm/Build/Intermediates.noindex/ArchiveIntermediates/countdown/BuildProductsPath/Release-iphoneos/lottie-ios -F /Users/runner/Library/Developer/Xcode/DerivedData/countdown-commbukpdznukvarcianfztjiqgm/Build/Intermediates.noindex/ArchiveIntermediates/countdown/BuildProductsPath/Release-iphoneos/lottie-ios -c -num-threads 3 -Xcc -ivfsstatcache -Xcc /Users/runner/Library/Developer/Xcode/DerivedData/SDKStatCaches.noindex/iphoneos18.5-22F76-a529daf784b3616c7c04a36aeb7f5c05.sdkstatcache -output-file-map /Users/runner/Library/Developer/Xcode/DerivedData/countdown-commbukpdznukvarcianfztjiqgm/Build/Intermediates.noindex/ArchiveIntermediates/countdown/IntermediateBuildFilesPath/Pods.build/Release-iphoneos/lottie-ios.build/Objects-normal/arm64/lottie-ios-OutputFileMap.json -use-frontend-parseable-output -save-temps -no-color-diagnostics -serialize-diagnostics -emit-dependencies -emit-module -emit-module-path /Users/runner/Library/Developer/Xcode/DerivedData/countdown-commbukpdznukvarcianfztjiqgm/Build/Intermediates.noindex/ArchiveIntermediates/countdown/IntermediateBuildFilesPath/Pods.build/Release-iphoneos/lottie-ios.build/Objects-normal/arm64/Lottie.swiftmodule -validate-clang-modules-once -clang-build-session-file /Users/runner/Library/Developer/Xcode/DerivedData/ModuleCache.noindex/Session.modulevalidation -Xcc -I/Users/runner/Library/Developer/Xcode/DerivedData/countdown-commbukpdznukvarcianfztjiqgm/Build/Intermediates.noindex/ArchiveIntermediates/countdown/IntermediateBuildFilesPath/Pods.build/Release-iphoneos/lottie-ios.build/swift-overrides.hmap -emit-const-values -Xfrontend -const-gather-protocols-file -Xfrontend /Users/runner/Library/Developer/Xcode/DerivedData/countdown-commbukpdznukvarcianfztjiqgm/Build/Intermediates.noindex/ArchiveIntermediates/countdown/IntermediateBuildFilesPath/Pods.build/Release-iphoneos/lottie-ios.build/Objects-normal/arm64/lottie-ios_const_extract_protocols.json -Xcc -iquote -Xcc /Users/runner/Library/Developer/Xcode/DerivedData/countdown-commbukpdznukvarcianfztjiqgm/Build/Intermediates.noindex/ArchiveIntermediates/countdown/IntermediateBuildFilesPath/Pods.build/Release-iphoneos/lottie-ios.build/Lottie-generated-files.hmap -Xcc -I/Users/runner/Library/Developer/Xcode/DerivedData/countdown-commbukpdznukvarcianfztjiqgm/Build/Intermediates.noindex/ArchiveIntermediates/countdown/IntermediateBuildFilesPath/Pods.build/Release-iphoneos/lottie-ios.build/Lottie-own-target-headers.hmap -Xcc -I/Users/runner/Library/Developer/Xcode/DerivedData/countdown-commbukpdznukvarcianfztjiqgm/Build/Intermediates.noindex/ArchiveIntermediates/countdown/IntermediateBuildFilesPath/Pods.build/Release-iphoneos/lottie-ios.build/Lottie-all-non-framework-target-headers.hmap -Xcc -ivfsoverlay -Xcc /Users/runner/Library/Developer/Xcode/DerivedData/countdown-commbukpdznukvarcianfztjiqgm/Build/Intermediates.noindex/ArchiveIntermediates/countdown/IntermediateBuildFilesPath/Pods.build/Release-iphoneos/Pods-8699adb1dd336b26511df848a716bd42-VFS-iphoneos/all-product-headers.yaml -Xcc -iquote -Xcc /Users/runner/Library/Developer/Xcode/DerivedData/countdown-commbukpdznukvarcianfztjiqgm/Build/Intermediates.noindex/ArchiveIntermediates/countdown/IntermediateBuildFilesPath/Pods.build/Release-iphoneos/lottie-ios.build/Lottie-project-headers.hmap -Xcc -I/Users/runner/Library/Developer/Xcode/DerivedData/countdown-commbukpdznukvarcianfztjiqgm/Build/Intermediates.noindex/ArchiveIntermediates/countdown/BuildProductsPath/Release-iphoneos/lottie-ios/include -Xcc -I/Users/runner/Library/Developer/Xcode/DerivedData/countdown-commbukpdznukvarcianfztjiqgm/Build/Intermediates.noindex/ArchiveIntermediates/countdown/IntermediateBuildFilesPath/Pods.build/Release-iphoneos/lottie-ios.build/DerivedSources-normal/arm64 -Xcc -I/Users/runner/Library/Developer/Xcode/DerivedData/countdown-commbukpdznukvarcianfztjiqgm/Build/Intermediates.noindex/ArchiveIntermediates/countdown/IntermediateBuildFilesPath/Pods.build/Release-iphoneos/lottie-ios.build/DerivedSources/arm64 -Xcc -I/Users/runner/Library/Developer/Xcode/DerivedData/countdown-commbukpdznukvarcianfztjiqgm/Build/Intermediates.noindex/ArchiveIntermediates/countdown/IntermediateBuildFilesPath/Pods.build/Release-iphoneos/lottie-ios.build/DerivedSources -Xcc -DPOD_CONFIGURATION_RELEASE\=1 -Xcc -DCOCOAPODS\=1 -emit-objc-header -emit-objc-header-path /Users/runner/Library/Developer/Xcode/DerivedData/countdown-commbukpdznukvarcianfztjiqgm/Build/Intermediates.noindex/ArchiveIntermediates/countdown/IntermediateBuildFilesPath/Pods.build/Release-iphoneos/lottie-ios.build/Objects-normal/arm64/Lottie-Swift.h -import-underlying-module -Xcc -ivfsoverlay -Xcc /Users/runner/Library/Developer/Xcode/DerivedData/countdown-commbukpdznukvarcianfztjiqgm/Build/Intermediates.noindex/ArchiveIntermediates/countdown/IntermediateBuildFilesPath/Pods.build/Release-iphoneos/lottie-ios.build/unextended-module-overlay.yaml -working-directory /Users/runner/work/CountdownW/CountdownW/Pods -no-emit-module-separately-wmo

SwiftDriver KeychainAccess normal arm64 com.apple.xcode.tools.swift.compiler (in target 'KeychainAccess' from project 'Pods')
    cd /Users/runner/work/CountdownW/CountdownW/Pods
    builtin-SwiftDriver -- /Applications/Xcode_16.4.app/Contents/Developer/Toolchains/XcodeDefault.xctoolchain/usr/bin/swiftc -module-name KeychainAccess -O -whole-module-optimization -enforce-exclusivity\=checked @/Users/runner/Library/Developer/Xcode/DerivedData/countdown-commbukpdznukvarcianfztjiqgm/Build/Intermediates.noindex/ArchiveIntermediates/countdown/IntermediateBuildFilesPath/Pods.build/Release-iphoneos/KeychainAccess.build/Objects-normal/arm64/KeychainAccess.SwiftFileList -D COCOAPODS -suppress-warnings -enable-bare-slash-regex -enable-experimental-feature DebugDescriptionMacro -sdk /Applications/Xcode_16.4.app/Contents/Developer/Platforms/iPhoneOS.platform/Developer/SDKs/iPhoneOS18.5.sdk -target arm64-apple-ios9.0 -g -module-cache-path /Users/runner/Library/Developer/Xcode/DerivedData/ModuleCache.noindex -Xfrontend -serialize-debugging-options -swift-version 5 -I /Users/runner/Library/Developer/Xcode/DerivedData/countdown-commbukpdznukvarcianfztjiqgm/Build/Intermediates.noindex/ArchiveIntermediates/countdown/BuildProductsPath/Release-iphoneos/KeychainAccess -F /Users/runner/Library/Developer/Xcode/DerivedData/countdown-commbukpdznukvarcianfztjiqgm/Build/Intermediates.noindex/ArchiveIntermediates/countdown/BuildProductsPath/Release-iphoneos/KeychainAccess -parse-as-library -c -num-threads 3 -Xcc -ivfsstatcache -Xcc /Users/runner/Library/Developer/Xcode/DerivedData/SDKStatCaches.noindex/iphoneos18.5-22F76-a529daf784b3616c7c04a36aeb7f5c05.sdkstatcache -output-file-map /Users/runner/Library/Developer/Xcode/DerivedData/countdown-commbukpdznukvarcianfztjiqgm/Build/Intermediates.noindex/ArchiveIntermediates/countdown/IntermediateBuildFilesPath/Pods.build/Release-iphoneos/KeychainAccess.build/Objects-normal/arm64/KeychainAccess-OutputFileMap.json -use-frontend-parseable-output -save-temps -no-color-diagnostics -serialize-diagnostics -emit-dependencies -emit-module -emit-module-path /Users/runner/Library/Developer/Xcode/DerivedData/countdown-commbukpdznukvarcianfztjiqgm/Build/Intermediates.noindex/ArchiveIntermediates/countdown/IntermediateBuildFilesPath/Pods.build/Release-iphoneos/KeychainAccess.build/Objects-normal/arm64/KeychainAccess.swiftmodule -validate-clang-modules-once -clang-build-session-file /Users/runner/Library/Developer/Xcode/DerivedData/ModuleCache.noindex/Session.modulevalidation -Xcc -I/Users/runner/Library/Developer/Xcode/DerivedData/countdown-commbukpdznukvarcianfztjiqgm/Build/Intermediates.noindex/ArchiveIntermediates/countdown/IntermediateBuildFilesPath/Pods.build/Release-iphoneos/KeychainAccess.build/swift-overrides.hmap -emit-const-values -Xfrontend -const-gather-protocols-file -Xfrontend /Users/runner/Library/Developer/Xcode/DerivedData/countdown-commbukpdznukvarcianfztjiqgm/Build/Intermediates.noindex/ArchiveIntermediates/countdown/IntermediateBuildFilesPath/Pods.build/Release-iphoneos/KeychainAccess.build/Objects-normal/arm64/KeychainAccess_const_extract_protocols.json -Xcc -iquote -Xcc /Users/runner/Library/Developer/Xcode/DerivedData/countdown-commbukpdznukvarcianfztjiqgm/Build/Intermediates.noindex/ArchiveIntermediates/countdown/IntermediateBuildFilesPath/Pods.build/Release-iphoneos/KeychainAccess.build/KeychainAccess-generated-files.hmap -Xcc -I/Users/runner/Library/Developer/Xcode/DerivedData/countdown-commbukpdznukvarcianfztjiqgm/Build/Intermediates.noindex/ArchiveIntermediates/countdown/IntermediateBuildFilesPath/Pods.build/Release-iphoneos/KeychainAccess.build/KeychainAccess-own-target-headers.hmap -Xcc -I/Users/runner/Library/Developer/Xcode/DerivedData/countdown-commbukpdznukvarcianfztjiqgm/Build/Intermediates.noindex/ArchiveIntermediates/countdown/IntermediateBuildFilesPath/Pods.build/Release-iphoneos/KeychainAccess.build/KeychainAccess-all-non-framework-target-headers.hmap -Xcc -ivfsoverlay -Xcc /Users/runner/Library/Developer/Xcode/DerivedData/countdown-commbukpdznukvarcianfztjiqgm/Build/Intermediates.noindex/ArchiveIntermediates/countdown/IntermediateBuildFilesPath/Pods.build/Release-iphoneos/Pods-8699adb1dd336b26511df848a716bd42-VFS-iphoneos/all-product-headers.yaml -Xcc -iquote -Xcc /Users/runner/Library/Developer/Xcode/DerivedData/countdown-commbukpdznukvarcianfztjiqgm/Build/Intermediates.noindex/ArchiveIntermediates/countdown/IntermediateBuildFilesPath/Pods.build/Release-iphoneos/KeychainAccess.build/KeychainAccess-project-headers.hmap -Xcc -I/Users/runner/Library/Developer/Xcode/DerivedData/countdown-commbukpdznukvarcianfztjiqgm/Build/Intermediates.noindex/ArchiveIntermediates/countdown/BuildProductsPath/Release-iphoneos/KeychainAccess/include -Xcc -I/Users/runner/Library/Developer/Xcode/DerivedData/countdown-commbukpdznukvarcianfztjiqgm/Build/Intermediates.noindex/ArchiveIntermediates/countdown/IntermediateBuildFilesPath/Pods.build/Release-iphoneos/KeychainAccess.build/DerivedSources-normal/arm64 -Xcc -I/Users/runner/Library/Developer/Xcode/DerivedData/countdown-commbukpdznukvarcianfztjiqgm/Build/Intermediates.noindex/ArchiveIntermediates/countdown/IntermediateBuildFilesPath/Pods.build/Release-iphoneos/KeychainAccess.build/DerivedSources/arm64 -Xcc -I/Users/runner/Library/Developer/Xcode/DerivedData/countdown-commbukpdznukvarcianfztjiqgm/Build/Intermediates.noindex/ArchiveIntermediates/countdown/IntermediateBuildFilesPath/Pods.build/Release-iphoneos/KeychainAccess.build/DerivedSources -Xcc -DPOD_CONFIGURATION_RELEASE\=1 -Xcc -DCOCOAPODS\=1 -emit-objc-header -emit-objc-header-path /Users/runner/Library/Developer/Xcode/DerivedData/countdown-commbukpdznukvarcianfztjiqgm/Build/Intermediates.noindex/ArchiveIntermediates/countdown/IntermediateBuildFilesPath/Pods.build/Release-iphoneos/KeychainAccess.build/Objects-normal/arm64/KeychainAccess-Swift.h -import-underlying-module -Xcc -ivfsoverlay -Xcc /Users/runner/Library/Developer/Xcode/DerivedData/countdown-commbukpdznukvarcianfztjiqgm/Build/Intermediates.noindex/ArchiveIntermediates/countdown/IntermediateBuildFilesPath/Pods.build/Release-iphoneos/KeychainAccess.build/unextended-module-overlay.yaml -working-directory /Users/runner/work/CountdownW/CountdownW/Pods -no-emit-module-separately-wmo

SwiftDriver ApplePurchaseKit normal arm64 com.apple.xcode.tools.swift.compiler (in target 'ApplePurchaseKit' from project 'Pods')
    cd /Users/runner/work/CountdownW/CountdownW/Pods
    builtin-SwiftDriver -- /Applications/Xcode_16.4.app/Contents/Developer/Toolchains/XcodeDefault.xctoolchain/usr/bin/swiftc -module-name ApplePurchaseKit -O -whole-module-optimization -enforce-exclusivity\=checked @/Users/runner/Library/Developer/Xcode/DerivedData/countdown-commbukpdznukvarcianfztjiqgm/Build/Intermediates.noindex/ArchiveIntermediates/countdown/IntermediateBuildFilesPath/Pods.build/Release-iphoneos/ApplePurchaseKit.build/Objects-normal/arm64/ApplePurchaseKit.SwiftFileList -D COCOAPODS -suppress-warnings -enable-bare-slash-regex -enable-experimental-feature DebugDescriptionMacro -sdk /Applications/Xcode_16.4.app/Contents/Developer/Platforms/iPhoneOS.platform/Developer/SDKs/iPhoneOS18.5.sdk -target arm64-apple-ios15.0 -g -module-cache-path /Users/runner/Library/Developer/Xcode/DerivedData/ModuleCache.noindex -Xfrontend -serialize-debugging-options -swift-version 5 -I /Users/runner/Library/Developer/Xcode/DerivedData/countdown-commbukpdznukvarcianfztjiqgm/Build/Intermediates.noindex/ArchiveIntermediates/countdown/BuildProductsPath/Release-iphoneos/ApplePurchaseKit -F /Users/runner/Library/Developer/Xcode/DerivedData/countdown-commbukpdznukvarcianfztjiqgm/Build/Intermediates.noindex/ArchiveIntermediates/countdown/BuildProductsPath/Release-iphoneos/ApplePurchaseKit -F /Users/runner/work/CountdownW/CountdownW/Pods/UMCommon/UMCommon_7.5.8 -F /Users/runner/work/CountdownW/CountdownW/Pods/UMDevice/UMDevice_3.5.0 -F /Users/runner/Library/Developer/Xcode/DerivedData/countdown-commbukpdznukvarcianfztjiqgm/Build/Intermediates.noindex/ArchiveIntermediates/countdown/BuildProductsPath/Release-iphoneos/XCFrameworkIntermediates/UMCommon -F /Users/runner/Library/Developer/Xcode/DerivedData/countdown-commbukpdznukvarcianfztjiqgm/Build/Intermediates.noindex/ArchiveIntermediates/countdown/BuildProductsPath/Release-iphoneos/XCFrameworkIntermediates/UMDevice -c -num-threads 3 -Xcc -ivfsstatcache -Xcc /Users/runner/Library/Developer/Xcode/DerivedData/SDKStatCaches.noindex/iphoneos18.5-22F76-a529daf784b3616c7c04a36aeb7f5c05.sdkstatcache -output-file-map /Users/runner/Library/Developer/Xcode/DerivedData/countdown-commbukpdznukvarcianfztjiqgm/Build/Intermediates.noindex/ArchiveIntermediates/countdown/IntermediateBuildFilesPath/Pods.build/Release-iphoneos/ApplePurchaseKit.build/Objects-normal/arm64/ApplePurchaseKit-OutputFileMap.json -use-frontend-parseable-output -save-temps -no-color-diagnostics -serialize-diagnostics -emit-dependencies -emit-module -emit-module-path /Users/runner/Library/Developer/Xcode/DerivedData/countdown-commbukpdznukvarcianfztjiqgm/Build/Intermediates.noindex/ArchiveIntermediates/countdown/IntermediateBuildFilesPath/Pods.build/Release-iphoneos/ApplePurchaseKit.build/Objects-normal/arm64/ApplePurchaseKit.swiftmodule -validate-clang-modules-once -clang-build-session-file /Users/runner/Library/Developer/Xcode/DerivedData/ModuleCache.noindex/Session.modulevalidation -Xcc -I/Users/runner/Library/Developer/Xcode/DerivedData/countdown-commbukpdznukvarcianfztjiqgm/Build/Intermediates.noindex/ArchiveIntermediates/countdown/IntermediateBuildFilesPath/Pods.build/Release-iphoneos/ApplePurchaseKit.build/swift-overrides.hmap -emit-const-values -Xfrontend -const-gather-protocols-file -Xfrontend /Users/runner/Library/Developer/Xcode/DerivedData/countdown-commbukpdznukvarcianfztjiqgm/Build/Intermediates.noindex/ArchiveIntermediates/countdown/IntermediateBuildFilesPath/Pods.build/Release-iphoneos/ApplePurchaseKit.build/Objects-normal/arm64/ApplePurchaseKit_const_extract_protocols.json -Xcc -iquote -Xcc /Users/runner/Library/Developer/Xcode/DerivedData/countdown-commbukpdznukvarcianfztjiqgm/Build/Intermediates.noindex/ArchiveIntermediates/countdown/IntermediateBuildFilesPath/Pods.build/Release-iphoneos/ApplePurchaseKit.build/ApplePurchaseKit-generated-files.hmap -Xcc -I/Users/runner/Library/Developer/Xcode/DerivedData/countdown-commbukpdznukvarcianfztjiqgm/Build/Intermediates.noindex/ArchiveIntermediates/countdown/IntermediateBuildFilesPath/Pods.build/Release-iphoneos/ApplePurchaseKit.build/ApplePurchaseKit-own-target-headers.hmap -Xcc -I/Users/runner/Library/Developer/Xcode/DerivedData/countdown-commbukpdznukvarcianfztjiqgm/Build/Intermediates.noindex/ArchiveIntermediates/countdown/IntermediateBuildFilesPath/Pods.build/Release-iphoneos/ApplePurchaseKit.build/ApplePurchaseKit-all-non-framework-target-headers.hmap -Xcc -ivfsoverlay -Xcc /Users/runner/Library/Developer/Xcode/DerivedData/countdown-commbukpdznukvarcianfztjiqgm/Build/Intermediates.noindex/ArchiveIntermediates/countdown/IntermediateBuildFilesPath/Pods.build/Release-iphoneos/Pods-8699adb1dd336b26511df848a716bd42-VFS-iphoneos/all-product-headers.yaml -Xcc -iquote -Xcc /Users/runner/Library/Developer/Xcode/DerivedData/countdown-commbukpdznukvarcianfztjiqgm/Build/Intermediates.noindex/ArchiveIntermediates/countdown/IntermediateBuildFilesPath/Pods.build/Release-iphoneos/ApplePurchaseKit.build/ApplePurchaseKit-project-headers.hmap -Xcc -I/Users/runner/Library/Developer/Xcode/DerivedData/countdown-commbukpdznukvarcianfztjiqgm/Build/Intermediates.noindex/ArchiveIntermediates/countdown/BuildProductsPath/Release-iphoneos/ApplePurchaseKit/include -Xcc -I/Users/runner/Library/Developer/Xcode/DerivedData/countdown-commbukpdznukvarcianfztjiqgm/Build/Intermediates.noindex/ArchiveIntermediates/countdown/IntermediateBuildFilesPath/Pods.build/Release-iphoneos/ApplePurchaseKit.build/DerivedSources-normal/arm64 -Xcc -I/Users/runner/Library/Developer/Xcode/DerivedData/countdown-commbukpdznukvarcianfztjiqgm/Build/Intermediates.noindex/ArchiveIntermediates/countdown/IntermediateBuildFilesPath/Pods.build/Release-iphoneos/ApplePurchaseKit.build/DerivedSources/arm64 -Xcc -I/Users/runner/Library/Developer/Xcode/DerivedData/countdown-commbukpdznukvarcianfztjiqgm/Build/Intermediates.noindex/ArchiveIntermediates/countdown/IntermediateBuildFilesPath/Pods.build/Release-iphoneos/ApplePurchaseKit.build/DerivedSources -Xcc -DPOD_CONFIGURATION_RELEASE\=1 -Xcc -DCOCOAPODS\=1 -emit-objc-header -emit-objc-header-path /Users/runner/Library/Developer/Xcode/DerivedData/countdown-commbukpdznukvarcianfztjiqgm/Build/Intermediates.noindex/ArchiveIntermediates/countdown/IntermediateBuildFilesPath/Pods.build/Release-iphoneos/ApplePurchaseKit.build/Objects-normal/arm64/ApplePurchaseKit-Swift.h -import-underlying-module -Xcc -ivfsoverlay -Xcc /Users/runner/Library/Developer/Xcode/DerivedData/countdown-commbukpdznukvarcianfztjiqgm/Build/Intermediates.noindex/ArchiveIntermediates/countdown/IntermediateBuildFilesPath/Pods.build/Release-iphoneos/ApplePurchaseKit.build/unextended-module-overlay.yaml -working-directory /Users/runner/work/CountdownW/CountdownW/Pods -no-emit-module-separately-wmo

ScanDependencies /Users/runner/Library/Developer/Xcode/DerivedData/countdown-commbukpdznukvarcianfztjiqgm/Build/Intermediates.noindex/ArchiveIntermediates/countdown/IntermediateBuildFilesPath/Pods.build/Release-iphoneos/SVProgressHUD.build/Objects-normal/arm64/SVRadialGradientLayer.o /Users/runner/work/CountdownW/CountdownW/Pods/SVProgressHUD/SVProgressHUD/SVRadialGradientLayer.m normal arm64 objective-c com.apple.compilers.llvm.clang.1_0.compiler (in target 'SVProgressHUD' from project 'Pods')
    cd /Users/runner/work/CountdownW/CountdownW/Pods
    
    Using response file: /Users/runner/Library/Developer/Xcode/DerivedData/countdown-commbukpdznukvarcianfztjiqgm/Build/Intermediates.noindex/ArchiveIntermediates/countdown/IntermediateBuildFilesPath/Pods.build/Release-iphoneos/SVProgressHUD.build/Objects-normal/arm64/e6072d4f65d7061329687fe24e3d63a7-common-args.resp
    
    builtin-ScanDependencies -o /Users/runner/Library/Developer/Xcode/DerivedData/countdown-commbukpdznukvarcianfztjiqgm/Build/Intermediates.noindex/ArchiveIntermediates/countdown/IntermediateBuildFilesPath/Pods.build/Release-iphoneos/SVProgressHUD.build/Objects-normal/arm64/SVRadialGradientLayer.o.scan -- /Applications/Xcode_16.4.app/Contents/Developer/Toolchains/XcodeDefault.xctoolchain/usr/bin/clang -x objective-c -ivfsstatcache /Users/runner/Library/Developer/Xcode/DerivedData/SDKStatCaches.noindex/iphoneos18.5-22F76-a529daf784b3616c7c04a36aeb7f5c05.sdkstatcache -fmessage-length\=0 -fdiagnostics-show-note-include-stack -fmacro-backtrace-limit\=0 -fno-color-diagnostics -fmodules-prune-interval\=86400 -fmodules-prune-after\=345600 -fbuild-session-file\=/Users/runner/Library/Developer/Xcode/DerivedData/ModuleCache.noindex/Session.modulevalidation -fmodules-validate-once-per-build-session -Wnon-modular-include-in-framework-module -Werror\=non-modular-include-in-framework-module -Wno-trigraphs -Wno-missing-field-initializers -Wno-missing-prototypes -Werror\=return-type -Wdocumentation -Wunreachable-code -Wno-implicit-atomic-properties -Werror\=deprecated-objc-isa-usage -Wno-objc-interface-ivars -Werror\=objc-root-class -Wno-arc-repeated-use-of-weak -Wimplicit-retain-self -Wduplicate-method-match -Wno-missing-braces -Wparentheses -Wswitch -Wunused-function -Wno-unused-label -Wno-unused-parameter -Wunused-variable -Wunused-value -Wempty-body -Wuninitialized -Wconditional-uninitialized -Wno-unknown-pragmas -Wno-shadow -Wno-four-char-constants -Wno-conversion -Wconstant-conversion -Wint-conversion -Wbool-conversion -Wenum-conversion -Wno-float-conversion -Wnon-literal-null-conversion -Wobjc-literal-conversion -Wshorten-64-to-32 -Wpointer-sign -Wno-newline-eof -Wno-selector -Wno-strict-selector-match -Wundeclared-selector -Wdeprecated-implementations -Wno-implicit-fallthrough -fstrict-aliasing -Wprotocol -Wdeprecated-declarations -Wno-sign-conversion -Winfinite-recursion -Wcomma -Wblock-capture-autoreleasing -Wstrict-prototypes -Wno-semicolon-before-method-body -Wunguarded-availability @/Users/runner/Library/Developer/Xcode/DerivedData/countdown-commbukpdznukvarcianfztjiqgm/Build/Intermediates.noindex/ArchiveIntermediates/countdown/IntermediateBuildFilesPath/Pods.build/Release-iphoneos/SVProgressHUD.build/Objects-normal/arm64/e6072d4f65d7061329687fe24e3d63a7-common-args.resp -w -Xanalyzer -analyzer-disable-all-checks -include /Users/runner/work/CountdownW/CountdownW/Pods/Target\ Support\ Files/SVProgressHUD/SVProgressHUD-prefix.pch -MMD -MT dependencies -MF /Users/runner/Library/Developer/Xcode/DerivedData/countdown-commbukpdznukvarcianfztjiqgm/Build/Intermediates.noindex/ArchiveIntermediates/countdown/IntermediateBuildFilesPath/Pods.build/Release-iphoneos/SVProgressHUD.build/Objects-normal/arm64/SVRadialGradientLayer.d --serialize-diagnostics /Users/runner/Library/Developer/Xcode/DerivedData/countdown-commbukpdznukvarcianfztjiqgm/Build/Intermediates.noindex/ArchiveIntermediates/countdown/IntermediateBuildFilesPath/Pods.build/Release-iphoneos/SVProgressHUD.build/Objects-normal/arm64/SVRadialGradientLayer.dia -c /Users/runner/work/CountdownW/CountdownW/Pods/SVProgressHUD/SVProgressHUD/SVRadialGradientLayer.m -o /Users/runner/Library/Developer/Xcode/DerivedData/countdown-commbukpdznukvarcianfztjiqgm/Build/Intermediates.noindex/ArchiveIntermediates/countdown/IntermediateBuildFilesPath/Pods.build/Release-iphoneos/SVProgressHUD.build/Objects-normal/arm64/SVRadialGradientLayer.o

SwiftCompile normal arm64 Compiling\ Keychain.swift /Users/runner/work/CountdownW/CountdownW/Pods/KeychainAccess/Lib/KeychainAccess/Keychain.swift (in target 'KeychainAccess' from project 'Pods')
SwiftCompile normal arm64 /Users/runner/work/CountdownW/CountdownW/Pods/KeychainAccess/Lib/KeychainAccess/Keychain.swift (in target 'KeychainAccess' from project 'Pods')
    cd /Users/runner/work/CountdownW/CountdownW/Pods
    

SwiftCompile normal arm64 Compiling\ APKASAManager.swift,\ APKNetLog.swift,\ APKNetLogDetailVC.swift,\ APKNetLogger.swift,\ APKNetLogListVC.swift,\ APKNetworkTools.swift,\ APKOneAppsManager.swift,\ APKOneAppsRecord.swift,\ APKOneRecommendApp.swift,\ APKProduct.swift,\ APKPurchaseManager.swift,\ APKRecordDetailViewController.swift,\ APKRecordsOverViewTableViewController.swift,\ APKRecordsViewController.swift,\ APKReportManager.swift,\ APKSwiftUINetLogListVC.swift,\ APKSwiftUIRecordsOverViewTableViewController.swift,\ APKTools.swift,\ APKTransaction.swift,\ ApplePurchaseManager.swift /Users/runner/work/CountdownW/CountdownW/Pods/ApplePurchaseKit/ApplePurchaseKit/Classes/APKASAManager.swift /Users/runner/work/CountdownW/CountdownW/Pods/ApplePurchaseKit/ApplePurchaseKit/Classes/Network/APKNetLog.swift /Users/runner/work/CountdownW/CountdownW/Pods/ApplePurchaseKit/ApplePurchaseKit/Classes/Network/APKNetLogDetailVC.swift /Users/runner/work/CountdownW/CountdownW/Pods/ApplePurchaseKit/ApplePurchaseKit/Classes/Network/APKNetLogger.swift /Users/runner/work/CountdownW/CountdownW/Pods/ApplePurchaseKit/ApplePurchaseKit/Classes/Network/APKNetLogListVC.swift /Users/runner/work/CountdownW/CountdownW/Pods/ApplePurchaseKit/ApplePurchaseKit/Classes/Network/APKNetworkTools.swift /Users/runner/work/CountdownW/CountdownW/Pods/ApplePurchaseKit/ApplePurchaseKit/Classes/OneApps/APKOneAppsManager.swift /Users/runner/work/CountdownW/CountdownW/Pods/ApplePurchaseKit/ApplePurchaseKit/Classes/OneApps/APKOneAppsRecord.swift /Users/runner/work/CountdownW/CountdownW/Pods/ApplePurchaseKit/ApplePurchaseKit/Classes/OneApps/APKOneRecommendApp.swift /Users/runner/work/CountdownW/CountdownW/Pods/ApplePurchaseKit/ApplePurchaseKit/Classes/Records/APKProduct.swift /Users/runner/work/CountdownW/CountdownW/Pods/ApplePurchaseKit/ApplePurchaseKit/Classes/Records/APKPurchaseManager.swift /Users/runner/work/CountdownW/CountdownW/Pods/ApplePurchaseKit/ApplePurchaseKit/Classes/Records/APKRecordDetailViewController.swift /Users/runner/work/CountdownW/CountdownW/Pods/ApplePurchaseKit/ApplePurchaseKit/Classes/Records/APKRecordsOverViewTableViewController.swift /Users/runner/work/CountdownW/CountdownW/Pods/ApplePurchaseKit/ApplePurchaseKit/Classes/Records/APKRecordsViewController.swift /Users/runner/work/CountdownW/CountdownW/Pods/ApplePurchaseKit/ApplePurchaseKit/Classes/APKReportManager.swift /Users/runner/work/CountdownW/CountdownW/Pods/ApplePurchaseKit/ApplePurchaseKit/Classes/Network/APKSwiftUINetLogListVC.swift /Users/runner/work/CountdownW/CountdownW/Pods/ApplePurchaseKit/ApplePurchaseKit/Classes/Records/APKSwiftUIRecordsOverViewTableViewController.swift /Users/runner/work/CountdownW/CountdownW/Pods/ApplePurchaseKit/ApplePurchaseKit/Classes/APKTools.swift /Users/runner/work/CountdownW/CountdownW/Pods/ApplePurchaseKit/ApplePurchaseKit/Classes/Records/APKTransaction.swift /Users/runner/work/CountdownW/CountdownW/Pods/ApplePurchaseKit/ApplePurchaseKit/Classes/ApplePurchaseManager.swift (in target 'ApplePurchaseKit' from project 'Pods')
CompileSwift normal arm64 (in target 'ApplePurchaseKit' from project 'Pods')
    cd /Users/runner/work/CountdownW/CountdownW/Pods
    

SwiftCompile normal arm64 Compiling\ AnimatedButton.swift,\ AnimatedControl.swift,\ AnimatedProviding.swift,\ AnimatedSwitch.swift,\ AnimationCacheProvider.swift,\ AnimationContext.swift,\ AnimationFontProvider.swift,\ AnimationImageProvider.swift,\ AnimationKeypath.swift,\ AnimationKeypathExtension.swift,\ AnimationLayer.swift,\ AnimationSubview.swift,\ AnimationTextProvider.swift,\ AnimationTime.swift,\ AnimatorNode.swift,\ AnimatorNodeDebugging.swift,\ AnyEpoxyModelProperty.swift,\ AnyEquatable.swift,\ AnyNodeProperty.swift,\ AnyValueContainer.swift,\ AnyValueProvider.swift,\ Archive.swift,\ Archive+BackingConfiguration.swift,\ Archive+Helpers.swift,\ Archive+MemoryFile.swift,\ Archive+Progress.swift,\ Archive+Reading.swift,\ Archive+ReadingDeprecated.swift,\ Archive+Writing.swift,\ Archive+WritingDeprecated.swift,\ Archive+ZIP64.swift,\ Asset.swift,\ AssetLibrary.swift,\ BaseAnimationLayer.swift,\ BaseCompositionLayer.swift,\ BehaviorsConfigurableView.swift,\ BezierPath.swift,\ BezierPathRoundExtension.swift,\ Binding+Map.swift,\ BlendMode+Filter.swift,\ Bundle.swift,\ BundleImageProvider.swift,\ CAAnimation+TimingConfiguration.swift,\ CachedImageProvider.swift,\ CALayer+addAnimation.swift,\ CALayer+fillBounds.swift,\ CALayer+setupLayerHierarchy.swift,\ CallbackContextEpoxyModeled.swift,\ CGColor+RGB.swift,\ CGFloatExtensions.swift,\ CGPointExtension.swift,\ ClassReference.swift,\ Collection+Diff.swift,\ ColorEffectValue.swift,\ ColorExtension.swift,\ ColorValueProvider.swift,\ CombinedShapeAnimation.swift,\ CompatibilityTracker.swift,\ CompatibleAnimationKeypath.swift,\ CompatibleAnimationView.swift,\ CompositionLayer.swift,\ CompositionLayersInitializer.swift,\ CompoundBezierPath.swift,\ ContentConfigurableView.swift,\ CoreAnimationLayer.swift,\ CoreTextRenderLayer.swift,\ CurveVertex.swift,\ CustomPathAnimation.swift,\ DashPattern.swift,\ Data+Compression.swift,\ Data+CompressionDeprecated.swift,\ Data+Serialization.swift,\ DataExtension.swift,\ DataIDProviding.swift,\ DecodingStrategy.swift,\ DefaultAnimationCache.swift,\ DictionaryInitializable.swift,\ DidDisplayProviding.swift,\ DidEndDisplayingProviding.swift,\ DidSelectProviding.swift,\ Diffable.swift,\ DiffableSection.swift,\ DotLottieAnimation.swift,\ DotLottieCache.swift,\ DotLottieCacheProvider.swift,\ DotLottieConfiguration.swift,\ DotLottieFile.swift,\ DotLottieFileHelpers.swift,\ DotLottieImageProvider.swift,\ DotLottieManifest.swift,\ DotLottieUtils.swift,\ DropShadowAnimation.swift,\ DropShadowEffect.swift,\ DropShadowNode.swift,\ DropShadowStyle.swift,\ EffectValue.swift,\ Ellipse.swift,\ EllipseAnimation.swift,\ EllipseNode.swift,\ Entry.swift,\ Entry+Serialization.swift,\ Entry+ZIP64.swift,\ EpoxyableView.swift,\ EpoxyableView+SwiftUIView.swift,\ EpoxyLogger.swift,\ EpoxyModelArrayBuilder.swift,\ EpoxyModeled.swift,\ EpoxyModelProperty.swift,\ EpoxyModelStorage.swift,\ EpoxySwiftUIIntrinsicContentSizeInvalidator.swift,\ EpoxySwiftUILayoutMargins.swift,\ ErasedContentProviding.swift,\ FileManager+ZIP.swift,\ FilepathImageProvider.swift,\ Fill.swift,\ FillNode.swift,\ FillRenderer.swift,\ FloatValueProvider.swift,\ Font.swift,\ Glyph.swift,\ GradientAnimations.swift,\ GradientFill.swift,\ GradientFillNode.swift,\ GradientFillRenderer.swift,\ GradientRenderLayer.swift,\ GradientStroke.swift,\ GradientStrokeNode.swift,\ GradientStrokeRenderer.swift,\ GradientValueProvider.swift,\ Group.swift,\ GroupInterpolator.swift,\ GroupNode.swift,\ GroupOutputNode.swift,\ ImageAsset.swift,\ ImageCompositionLayer.swift,\ ImageLayer.swift,\ ImageLayerModel.swift,\ IndexChangeset.swift,\ InfiniteOpaqueAnimationLayer.swift,\ Interpolatable.swift,\ InterpolatableExtensions.swift,\ InvertedMatteLayer.swift,\ ItemsExtension.swift,\ KeyedDecodingContainerExtensions.swift,\ Keyframe.swift,\ KeyframeData.swift,\ KeyframeExtensions.swift,\ KeyframeGroup.swift,\ KeyframeGroup+exactlyOneKeyframe.swift,\ KeyframeInterpolator.swift,\ Keyframes+combined.swift,\ Keyframes+timeRemapping.swift,\ KeypathSearchable.swift,\ LayerDebugging.swift,\ LayerEffect.swift,\ LayerEffectNode.swift,\ LayerFontProvider.swift,\ LayerImageProvider.swift,\ LayerModel.swift,\ LayerModel+makeAnimationLayer.swift,\ LayerProperty.swift,\ LayerStyle.swift,\ LayerTextProvider.swift,\ LayerTransformNode.swift,\ LegacyGradientFillRenderer.swift,\ LottieAnimation.swift,\ LottieAnimationCache.swift,\ LottieAnimationHelpers.swift,\ LottieAnimationLayer.swift,\ LottieAnimationSource.swift,\ LottieAnimationView.swift,\ LottieAnimationViewBase.swift,\ LottieAnimationViewInitializers.swift,\ LottieButton.swift,\ LottieColor.swift,\ LottieConfiguration.swift,\ LottieLogger.swift,\ LottiePlaybackMode.swift,\ LottieSwitch.swift,\ LottieURLSession.swift,\ LottieView.swift,\ LottieViewType.swift,\ LRUAnimationCache.swift,\ LRUCache.swift,\ MainThreadAnimationLayer.swift,\ MakeViewProviding.swift,\ Marker.swift,\ Mask.swift,\ MaskCompositionLayer.swift,\ MaskContainerLayer.swift,\ MathKit.swift,\ MeasuringViewRepresentable.swift,\ Merge.swift,\ NodeProperty.swift,\ NodePropertyMap.swift,\ NullCompositionLayer.swift,\ OpacityAnimation.swift,\ PassThroughOutputNode.swift,\ PathElement.swift,\ PathNode.swift,\ PathOutputNode.swift,\ PointValueProvider.swift,\ PolygonNode.swift,\ PrecompAsset.swift,\ PreCompLayer.swift,\ PreCompLayerModel.swift,\ PreCompositionLayer.swift,\ Rectangle.swift,\ RectangleAnimation.swift,\ RectNode.swift,\ ReducedMotionOption.swift,\ RenderingEngineOption.swift,\ RenderNode.swift,\ Repeater.swift,\ RepeaterLayer.swift,\ RootAnimationLayer.swift,\ RoundedCorners.swift,\ RoundedCornersNode.swift,\ SectionedChangeset.swift,\ SetBehaviorsProviding.swift,\ SetContentProviding.swift,\ Shape.swift,\ ShapeAnimation.swift,\ ShapeCompositionLayer.swift,\ ShapeContainerLayer.swift,\ ShapeItem.swift,\ ShapeItemLayer.swift,\ ShapeLayer.swift,\ ShapeLayerModel.swift,\ ShapeNode.swift,\ ShapeRenderLayer.swift,\ ShapeTransform.swift,\ SingleValueProvider.swift,\ SizeValueProvider.swift,\ SolidCompositionLayer.swift,\ SolidLayer.swift,\ SolidLayerModel.swift,\ Star.swift,\ StarAnimation.swift,\ StarNode.swift,\ StringExtensions.swift,\ Stroke.swift,\ StrokeAnimation.swift,\ StrokeNode.swift,\ StrokeRenderer.swift,\ StyledView.swift,\ StyleIDProviding.swift,\ SwiftUIMeasurementContainer.swift,\ SwiftUIView.swift,\ TestHelpers.swift,\ TextAnimator.swift,\ TextAnimatorNode.swift,\ TextCompositionLayer.swift,\ TextDocument.swift,\ TextLayer.swift,\ TextLayerModel.swift,\ TraitCollectionProviding.swift,\ Transform.swift,\ TransformAnimations.swift,\ TransformLayer.swift,\ Trim.swift,\ TrimPathNode.swift,\ UIColorExtension.swift,\ UIView+SwiftUIView.swift,\ UIViewConfiguringSwiftUIView.swift,\ UnitBezier.swift,\ URL+ZIP.swift,\ ValueContainer.swift,\ ValueProviderStore.swift,\ Vector1DEffectValue.swift,\ Vectors.swift,\ VectorsExtensions.swift,\ View+ValueChanged.swift,\ ViewDifferentiatorProviding.swift,\ ViewEpoxyModeled.swift,\ ViewProviding.swift,\ ViewType.swift,\ VisibilityAnimation.swift,\ WillDisplayProviding.swift /Users/runner/work/CountdownW/CountdownW/Pods/lottie-ios/Sources/Public/Controls/AnimatedButton.swift /Users/runner/work/CountdownW/CountdownW/Pods/lottie-ios/Sources/Public/Controls/AnimatedControl.swift /Users/runner/work/CountdownW/CountdownW/Pods/lottie-ios/Sources/Private/EmbeddedLibraries/EpoxyCore/Model/Providers/AnimatedProviding.swift /Users/runner/work/CountdownW/CountdownW/Pods/lottie-ios/Sources/Public/Controls/AnimatedSwitch.swift /Users/runner/work/CountdownW/CountdownW/Pods/lottie-ios/Sources/Public/AnimationCache/AnimationCacheProvider.swift /Users/runner/work/CountdownW/CountdownW/Pods/lottie-ios/Sources/Private/Utility/Helpers/AnimationContext.swift /Users/runner/work/CountdownW/CountdownW/Pods/lottie-ios/Sources/Public/FontProvider/AnimationFontProvider.swift /Users/runner/work/CountdownW/CountdownW/Pods/lottie-ios/Sources/Public/ImageProvider/AnimationImageProvider.swift /Users/runner/work/CountdownW/CountdownW/Pods/lottie-ios/Sources/Public/DynamicProperties/AnimationKeypath.swift /Users/runner/work/CountdownW/CountdownW/Pods/lottie-ios/Sources/Private/Utility/Extensions/AnimationKeypathExtension.swift /Users/runner/work/CountdownW/CountdownW/Pods/lottie-ios/Sources/Private/CoreAnimation/Layers/AnimationLayer.swift /Users/runner/work/CountdownW/CountdownW/Pods/lottie-ios/Sources/Public/iOS/AnimationSubview.swift /Users/runner/work/CountdownW/CountdownW/Pods/lottie-ios/Sources/Public/TextProvider/AnimationTextProvider.swift /Users/runner/work/CountdownW/CountdownW/Pods/lottie-ios/Sources/Public/Primitives/AnimationTime.swift /Users/runner/work/CountdownW/CountdownW/Pods/lottie-ios/Sources/Private/MainThread/NodeRenderSystem/Protocols/AnimatorNode.swift /Users/runner/work/CountdownW/CountdownW/Pods/lottie-ios/Sources/Private/Utility/Debugging/AnimatorNodeDebugging.swift /Users/runner/work/CountdownW/CountdownW/Pods/lottie-ios/Sources/Private/EmbeddedLibraries/EpoxyCore/Model/Internal/AnyEpoxyModelProperty.swift /Users/runner/work/CountdownW/CountdownW/Pods/lottie-ios/Sources/Private/Utility/Helpers/AnyEquatable.swift /Users/runner/work/CountdownW/CountdownW/Pods/lottie-ios/Sources/Private/MainThread/NodeRenderSystem/NodeProperties/Protocols/AnyNodeProperty.swift /Users/runner/work/CountdownW/CountdownW/Pods/lottie-ios/Sources/Private/MainThread/NodeRenderSystem/NodeProperties/Protocols/AnyValueContainer.swift /Users/runner/work/CountdownW/CountdownW/Pods/lottie-ios/Sources/Public/DynamicProperties/AnyValueProvider.swift /Users/runner/work/CountdownW/CountdownW/Pods/lottie-ios/Sources/Private/EmbeddedLibraries/ZipFoundation/Archive.swift /Users/runner/work/CountdownW/CountdownW/Pods/lottie-ios/Sources/Private/EmbeddedLibraries/ZipFoundation/Archive+BackingConfiguration.swift /Users/runner/work/CountdownW/CountdownW/Pods/lottie-ios/Sources/Private/EmbeddedLibraries/ZipFoundation/Archive+Helpers.swift /Users/runner/work/CountdownW/CountdownW/Pods/lottie-ios/Sources/Private/EmbeddedLibraries/ZipFoundation/Archive+MemoryFile.swift /Users/runner/work/CountdownW/CountdownW/Pods/lottie-ios/Sources/Private/EmbeddedLibraries/ZipFoundation/Archive+Progress.swift /Users/runner/work/CountdownW/CountdownW/Pods/lottie-ios/Sources/Private/EmbeddedLibraries/ZipFoundation/Archive+Reading.swift /Users/runner/work/CountdownW/CountdownW/Pods/lottie-ios/Sources/Private/EmbeddedLibraries/ZipFoundation/Archive+ReadingDeprecated.swift /Users/runner/work/CountdownW/CountdownW/Pods/lottie-ios/Sources/Private/EmbeddedLibraries/ZipFoundation/Archive+Writing.swift /Users/runner/work/CountdownW/CountdownW/Pods/lottie-ios/Sources/Private/EmbeddedLibraries/ZipFoundation/Archive+WritingDeprecated.swift /Users/runner/work/CountdownW/CountdownW/Pods/lottie-ios/Sources/Private/EmbeddedLibraries/ZipFoundation/Archive+ZIP64.swift /Users/runner/work/CountdownW/CountdownW/Pods/lottie-ios/Sources/Private/Model/Assets/Asset.swift /Users/runner/work/CountdownW/CountdownW/Pods/lottie-ios/Sources/Private/Model/Assets/AssetLibrary.swift /Users/runner/work/CountdownW/CountdownW/Pods/lottie-ios/Sources/Private/CoreAnimation/Layers/BaseAnimationLayer.swift /Users/runner/work/CountdownW/CountdownW/Pods/lottie-ios/Sources/Private/CoreAnimation/Layers/BaseCompositionLayer.swift /Users/runner/work/CountdownW/CountdownW/Pods/lottie-ios/Sources/Private/EmbeddedLibraries/EpoxyCore/Views/BehaviorsConfigurableView.swift /Users/runner/work/CountdownW/CountdownW/Pods/lottie-ios/Sources/Private/Utility/Primitives/BezierPath.swift /Users/runner/work/CountdownW/CountdownW/Pods/lottie-ios/Sources/Private/Utility/Primitives/BezierPathRoundExtension.swift /Users/runner/work/CountdownW/CountdownW/Pods/lottie-ios/Sources/Private/Utility/Helpers/Binding+Map.swift /Users/runner/work/CountdownW/CountdownW/Pods/lottie-ios/Sources/Private/Utility/Extensions/BlendMode+Filter.swift /Users/runner/work/CountdownW/CountdownW/Pods/lottie-ios/Sources/Private/Model/Extensions/Bundle.swift /Users/runner/work/CountdownW/CountdownW/Pods/lottie-ios/Sources/Public/iOS/BundleImageProvider.swift /Users/runner/work/CountdownW/CountdownW/Pods/lottie-ios/Sources/Private/CoreAnimation/Animations/CAAnimation+TimingConfiguration.swift /Users/runner/work/CountdownW/CountdownW/Pods/lottie-ios/Sources/Private/MainThread/LayerContainers/Utility/CachedImageProvider.swift /Users/runner/work/CountdownW/CountdownW/Pods/lottie-ios/Sources/Private/CoreAnimation/Animations/CALayer+addAnimation.swift /Users/runner/work/CountdownW/CountdownW/Pods/lottie-ios/Sources/Private/CoreAnimation/Extensions/CALayer+fillBounds.swift /Users/runner/work/CountdownW/CountdownW/Pods/lottie-ios/Sources/Private/CoreAnimation/Layers/CALayer+setupLayerHierarchy.swift /Users/runner/work/CountdownW/CountdownW/Pods/lottie-ios/Sources/Private/EmbeddedLibraries/EpoxyCore/Model/CallbackContextEpoxyModeled.swift /Users/runner/work/CountdownW/CountdownW/Pods/lottie-ios/Sources/Private/Utility/Extensions/CGColor+RGB.swift /Users/runner/work/CountdownW/CountdownW/Pods/lottie-ios/Sources/Private/Utility/Extensions/CGFloatExtensions.swift /Users/runner/work/CountdownW/CountdownW/Pods/lottie-ios/Sources/Private/Utility/Primitives/CGPointExtension.swift /Users/runner/work/CountdownW/CountdownW/Pods/lottie-ios/Sources/Private/EmbeddedLibraries/EpoxyCore/Model/Internal/ClassReference.swift /Users/runner/work/CountdownW/CountdownW/Pods/lottie-ios/Sources/Private/EmbeddedLibraries/EpoxyCore/Diffing/Collection+Diff.swift /Users/runner/work/CountdownW/CountdownW/Pods/lottie-ios/Sources/Private/Model/LayerEffects/EffectValues/ColorEffectValue.swift /Users/runner/work/CountdownW/CountdownW/Pods/lottie-ios/Sources/Private/Utility/Primitives/ColorExtension.swift /Users/runner/work/CountdownW/CountdownW/Pods/lottie-ios/Sources/Public/DynamicProperties/ValueProviders/ColorValueProvider.swift /Users/runner/work/CountdownW/CountdownW/Pods/lottie-ios/Sources/Private/CoreAnimation/Animations/CombinedShapeAnimation.swift /Users/runner/work/CountdownW/CountdownW/Pods/lottie-ios/Sources/Private/CoreAnimation/CompatibilityTracker.swift /Users/runner/work/CountdownW/CountdownW/Pods/lottie-ios/Sources/Public/iOS/Compatibility/CompatibleAnimationKeypath.swift /Users/runner/work/CountdownW/CountdownW/Pods/lottie-ios/Sources/Public/iOS/Compatibility/CompatibleAnimationView.swift /Users/runner/work/CountdownW/CountdownW/Pods/lottie-ios/Sources/Private/MainThread/LayerContainers/CompLayers/CompositionLayer.swift /Users/runner/work/CountdownW/CountdownW/Pods/lottie-ios/Sources/Private/MainThread/LayerContainers/Utility/CompositionLayersInitializer.swift /Users/runner/work/CountdownW/CountdownW/Pods/lottie-ios/Sources/Private/Utility/Primitives/CompoundBezierPath.swift /Users/runner/work/CountdownW/CountdownW/Pods/lottie-ios/Sources/Private/EmbeddedLibraries/EpoxyCore/Views/ContentConfigurableView.swift /Users/runner/work/CountdownW/CountdownW/Pods/lottie-ios/Sources/Private/CoreAnimation/CoreAnimationLayer.swift /Users/runner/work/CountdownW/CountdownW/Pods/lottie-ios/Sources/Private/MainThread/LayerContainers/Utility/CoreTextRenderLayer.swift /Users/runner/work/CountdownW/CountdownW/Pods/lottie-ios/Sources/Private/Utility/Primitives/CurveVertex.swift /Users/runner/work/CountdownW/CountdownW/Pods/lottie-ios/Sources/Private/CoreAnimation/Animations/CustomPathAnimation.swift /Users/runner/work/CountdownW/CountdownW/Pods/lottie-ios/Sources/Private/Model/Objects/DashPattern.swift /Users/runner/work/CountdownW/CountdownW/Pods/lottie-ios/Sources/Private/EmbeddedLibraries/ZipFoundation/Data+Compression.swift /Users/runner/work/CountdownW/CountdownW/Pods/lottie-ios/Sources/Private/EmbeddedLibraries/ZipFoundation/Data+CompressionDeprecated.swift /Users/runner/work/CountdownW/CountdownW/Pods/lottie-ios/Sources/Private/EmbeddedLibraries/ZipFoundation/Data+Serialization.swift /Users/runner/work/CountdownW/CountdownW/Pods/lottie-ios/Sources/Private/Utility/Extensions/DataExtension.swift /Users/runner/work/CountdownW/CountdownW/Pods/lottie-ios/Sources/Private/EmbeddedLibraries/EpoxyCore/Model/Providers/DataIDProviding.swift /Users/runner/work/CountdownW/CountdownW/Pods/lottie-ios/Sources/Public/Configuration/DecodingStrategy.swift /Users/runner/work/CountdownW/CountdownW/Pods/lottie-ios/Sources/Public/AnimationCache/DefaultAnimationCache.swift /Users/runner/work/CountdownW/CountdownW/Pods/lottie-ios/Sources/Private/Model/DictionaryInitializable.swift /Users/runner/work/CountdownW/CountdownW/Pods/lottie-ios/Sources/Private/EmbeddedLibraries/EpoxyCore/Model/Providers/DidDisplayProviding.swift /Users/runner/work/CountdownW/CountdownW/Pods/lottie-ios/Sources/Private/EmbeddedLibraries/EpoxyCore/Model/Providers/DidEndDisplayingProviding.swift /Users/runner/work/CountdownW/CountdownW/Pods/lottie-ios/Sources/Private/EmbeddedLibraries/EpoxyCore/Model/Providers/DidSelectProviding.swift /Users/runner/work/CountdownW/CountdownW/Pods/lottie-ios/Sources/Private/EmbeddedLibraries/EpoxyCore/Diffing/Diffable.swift /Users/runner/work/CountdownW/CountdownW/Pods/lottie-ios/Sources/Private/EmbeddedLibraries/EpoxyCore/Diffing/DiffableSection.swift /Users/runner/work/CountdownW/CountdownW/Pods/lottie-ios/Sources/Private/Model/DotLottie/DotLottieAnimation.swift /Users/runner/work/CountdownW/CountdownW/Pods/lottie-ios/Sources/Public/DotLottie/Cache/DotLottieCache.swift /Users/runner/work/CountdownW/CountdownW/Pods/lottie-ios/Sources/Public/DotLottie/Cache/DotLottieCacheProvider.swift /Users/runner/work/CountdownW/CountdownW/Pods/lottie-ios/Sources/Public/DotLottie/DotLottieConfiguration.swift /Users/runner/work/CountdownW/CountdownW/Pods/lottie-ios/Sources/Public/DotLottie/DotLottieFile.swift /Users/runner/work/CountdownW/CountdownW/Pods/lottie-ios/Sources/Public/DotLottie/DotLottieFileHelpers.swift /Users/runner/work/CountdownW/CountdownW/Pods/lottie-ios/Sources/Private/Model/DotLottie/DotLottieImageProvider.swift /Users/runner/work/CountdownW/CountdownW/Pods/lottie-ios/Sources/Private/Model/DotLottie/DotLottieManifest.swift /Users/runner/work/CountdownW/CountdownW/Pods/lottie-ios/Sources/Private/Model/DotLottie/DotLottieUtils.swift /Users/runner/work/CountdownW/CountdownW/Pods/lottie-ios/Sources/Private/CoreAnimation/Animations/DropShadowAnimation.swift /Users/runner/work/CountdownW/CountdownW/Pods/lottie-ios/Sources/Private/Model/LayerEffects/DropShadowEffect.swift /Users/runner/work/CountdownW/CountdownW/Pods/lottie-ios/Sources/Private/MainThread/NodeRenderSystem/Nodes/LayerEffectNodes/DropShadowNode.swift /Users/runner/work/CountdownW/CountdownW/Pods/lottie-ios/Sources/Private/Model/LayerStyles/DropShadowStyle.swift /Users/runner/work/CountdownW/CountdownW/Pods/lottie-ios/Sources/Private/Model/LayerEffects/EffectValues/EffectValue.swift /Users/runner/work/CountdownW/CountdownW/Pods/lottie-ios/Sources/Private/Model/ShapeItems/Ellipse.swift /Users/runner/work/CountdownW/CountdownW/Pods/lottie-ios/Sources/Private/CoreAnimation/Animations/EllipseAnimation.swift /Users/runner/work/CountdownW/CountdownW/Pods/lottie-ios/Sources/Private/MainThread/NodeRenderSystem/Nodes/PathNodes/EllipseNode.swift /Users/runner/work/CountdownW/CountdownW/Pods/lottie-ios/Sources/Private/EmbeddedLibraries/ZipFoundation/Entry.swift /Users/runner/work/CountdownW/CountdownW/Pods/lottie-ios/Sources/Private/EmbeddedLibraries/ZipFoundation/Entry+Serialization.swift /Users/runner/work/CountdownW/CountdownW/Pods/lottie-ios/Sources/Private/EmbeddedLibraries/ZipFoundation/Entry+ZIP64.swift /Users/runner/work/CountdownW/CountdownW/Pods/lottie-ios/Sources/Private/EmbeddedLibraries/EpoxyCore/Views/EpoxyableView.swift /Users/runner/work/CountdownW/CountdownW/Pods/lottie-ios/Sources/Private/EmbeddedLibraries/EpoxyCore/SwiftUI/EpoxyableView+SwiftUIView.swift /Users/runner/work/CountdownW/CountdownW/Pods/lottie-ios/Sources/Private/EmbeddedLibraries/EpoxyCore/Logging/EpoxyLogger.swift /Users/runner/work/CountdownW/CountdownW/Pods/lottie-ios/Sources/Private/EmbeddedLibraries/EpoxyCore/Model/EpoxyModelArrayBuilder.swift /Users/runner/work/CountdownW/CountdownW/Pods/lottie-ios/Sources/Private/EmbeddedLibraries/EpoxyCore/Model/EpoxyModeled.swift /Users/runner/work/CountdownW/CountdownW/Pods/lottie-ios/Sources/Private/EmbeddedLibraries/EpoxyCore/Model/EpoxyModelProperty.swift /Users/runner/work/CountdownW/CountdownW/Pods/lottie-ios/Sources/Private/EmbeddedLibraries/EpoxyCore/Model/EpoxyModelStorage.swift /Users/runner/work/CountdownW/CountdownW/Pods/lottie-ios/Sources/Private/EmbeddedLibraries/EpoxyCore/SwiftUI/EpoxySwiftUIIntrinsicContentSizeInvalidator.swift /Users/runner/work/CountdownW/CountdownW/Pods/lottie-ios/Sources/Private/EmbeddedLibraries/EpoxyCore/SwiftUI/EpoxySwiftUILayoutMargins.swift /Users/runner/work/CountdownW/CountdownW/Pods/lottie-ios/Sources/Private/EmbeddedLibraries/EpoxyCore/Model/Providers/ErasedContentProviding.swift /Users/runner/work/CountdownW/CountdownW/Pods/lottie-ios/Sources/Private/EmbeddedLibraries/ZipFoundation/FileManager+ZIP.swift /Users/runner/work/CountdownW/CountdownW/Pods/lottie-ios/Sources/Public/iOS/FilepathImageProvider.swift /Users/runner/work/CountdownW/CountdownW/Pods/lottie-ios/Sources/Private/Model/ShapeItems/Fill.swift /Users/runner/work/CountdownW/CountdownW/Pods/lottie-ios/Sources/Private/MainThread/NodeRenderSystem/Nodes/RenderNodes/FillNode.swift /Users/runner/work/CountdownW/CountdownW/Pods/lottie-ios/Sources/Private/MainThread/NodeRenderSystem/Nodes/OutputNodes/Renderables/FillRenderer.swift /Users/runner/work/CountdownW/CountdownW/Pods/lottie-ios/Sources/Public/DynamicProperties/ValueProviders/FloatValueProvider.swift /Users/runner/work/CountdownW/CountdownW/Pods/lottie-ios/Sources/Private/Model/Text/Font.swift /Users/runner/work/CountdownW/CountdownW/Pods/lottie-ios/Sources/Private/Model/Text/Glyph.swift /Users/runner/work/CountdownW/CountdownW/Pods/lottie-ios/Sources/Private/CoreAnimation/Animations/GradientAnimations.swift /Users/runner/work/CountdownW/CountdownW/Pods/lottie-ios/Sources/Private/Model/ShapeItems/GradientFill.swift /Users/runner/work/CountdownW/CountdownW/Pods/lottie-ios/Sources/Private/MainThread/NodeRenderSystem/Nodes/RenderNodes/GradientFillNode.swift /Users/runner/work/CountdownW/CountdownW/Pods/lottie-ios/Sources/Private/MainThread/NodeRenderSystem/Nodes/OutputNodes/Renderables/GradientFillRenderer.swift /Users/runner/work/CountdownW/CountdownW/Pods/lottie-ios/Sources/Private/CoreAnimation/Layers/GradientRenderLayer.swift /Users/runner/work/CountdownW/CountdownW/Pods/lottie-ios/Sources/Private/Model/ShapeItems/GradientStroke.swift /Users/runner/work/CountdownW/CountdownW/Pods/lottie-ios/Sources/Private/MainThread/NodeRenderSystem/Nodes/RenderNodes/GradientStrokeNode.swift /Users/runner/work/CountdownW/CountdownW/Pods/lottie-ios/Sources/Private/MainThread/NodeRenderSystem/Nodes/OutputNodes/Renderables/GradientStrokeRenderer.swift /Users/runner/work/CountdownW/CountdownW/Pods/lottie-ios/Sources/Public/DynamicProperties/ValueProviders/GradientValueProvider.swift /Users/runner/work/CountdownW/CountdownW/Pods/lottie-ios/Sources/Private/Model/ShapeItems/Group.swift /Users/runner/work/CountdownW/CountdownW/Pods/lottie-ios/Sources/Private/MainThread/NodeRenderSystem/NodeProperties/ValueProviders/GroupInterpolator.swift /Users/runner/work/CountdownW/CountdownW/Pods/lottie-ios/Sources/Private/MainThread/NodeRenderSystem/Nodes/RenderContainers/GroupNode.swift /Users/runner/work/CountdownW/CountdownW/Pods/lottie-ios/Sources/Private/MainThread/NodeRenderSystem/Nodes/OutputNodes/GroupOutputNode.swift /Users/runner/work/CountdownW/CountdownW/Pods/lottie-ios/Sources/Private/Model/Assets/ImageAsset.swift /Users/runner/work/CountdownW/CountdownW/Pods/lottie-ios/Sources/Private/MainThread/LayerContainers/CompLayers/ImageCompositionLayer.swift /Users/runner/work/CountdownW/CountdownW/Pods/lottie-ios/Sources/Private/CoreAnimation/Layers/ImageLayer.swift /Users/runner/work/CountdownW/CountdownW/Pods/lottie-ios/Sources/Private/Model/Layers/ImageLayerModel.swift /Users/runner/work/CountdownW/CountdownW/Pods/lottie-ios/Sources/Private/EmbeddedLibraries/EpoxyCore/Diffing/IndexChangeset.swift /Users/runner/work/CountdownW/CountdownW/Pods/lottie-ios/Sources/Private/CoreAnimation/Layers/InfiniteOpaqueAnimationLayer.swift /Users/runner/work/CountdownW/CountdownW/Pods/lottie-ios/Sources/Public/Keyframes/Interpolatable.swift /Users/runner/work/CountdownW/CountdownW/Pods/lottie-ios/Sources/Private/Utility/Interpolatable/InterpolatableExtensions.swift /Users/runner/work/CountdownW/CountdownW/Pods/lottie-ios/Sources/Private/MainThread/LayerContainers/Utility/InvertedMatteLayer.swift /Users/runner/work/CountdownW/CountdownW/Pods/lottie-ios/Sources/Private/MainThread/NodeRenderSystem/Extensions/ItemsExtension.swift /Users/runner/work/CountdownW/CountdownW/Pods/lottie-ios/Sources/Private/Model/Extensions/KeyedDecodingContainerExtensions.swift /Users/runner/work/CountdownW/CountdownW/Pods/lottie-ios/Sources/Public/Keyframes/Keyframe.swift /Users/runner/work/CountdownW/CountdownW/Pods/lottie-ios/Sources/Private/Model/Keyframes/KeyframeData.swift /Users/runner/work/CountdownW/CountdownW/Pods/lottie-ios/Sources/Private/Utility/Interpolatable/KeyframeExtensions.swift /Users/runner/work/CountdownW/CountdownW/Pods/lottie-ios/Sources/Private/Model/Keyframes/KeyframeGroup.swift /Users/runner/work/CountdownW/CountdownW/Pods/lottie-ios/Sources/Private/CoreAnimation/Extensions/KeyframeGroup+exactlyOneKeyframe.swift /Users/runner/work/CountdownW/CountdownW/Pods/lottie-ios/Sources/Private/Utility/Interpolatable/KeyframeInterpolator.swift /Users/runner/work/CountdownW/CountdownW/Pods/lottie-ios/Sources/Private/CoreAnimation/Extensions/Keyframes+combined.swift /Users/runner/work/CountdownW/CountdownW/Pods/lottie-ios/Sources/Private/CoreAnimation/Extensions/Keyframes+timeRemapping.swift /Users/runner/work/CountdownW/CountdownW/Pods/lottie-ios/Sources/Private/MainThread/NodeRenderSystem/NodeProperties/Protocols/KeypathSearchable.swift /Users/runner/work/CountdownW/CountdownW/Pods/lottie-ios/Sources/Private/Utility/Debugging/LayerDebugging.swift /Users/runner/work/CountdownW/CountdownW/Pods/lottie-ios/Sources/Private/Model/LayerEffects/LayerEffect.swift /Users/runner/work/CountdownW/CountdownW/Pods/lottie-ios/Sources/Private/MainThread/NodeRenderSystem/Nodes/LayerEffectNodes/LayerEffectNode.swift /Users/runner/work/CountdownW/CountdownW/Pods/lottie-ios/Sources/Private/MainThread/LayerContainers/Utility/LayerFontProvider.swift /Users/runner/work/CountdownW/CountdownW/Pods/lottie-ios/Sources/Private/MainThread/LayerContainers/Utility/LayerImageProvider.swift /Users/runner/work/CountdownW/CountdownW/Pods/lottie-ios/Sources/Private/Model/Layers/LayerModel.swift /Users/runner/work/CountdownW/CountdownW/Pods/lottie-ios/Sources/Private/CoreAnimation/Layers/LayerModel+makeAnimationLayer.swift /Users/runner/work/CountdownW/CountdownW/Pods/lottie-ios/Sources/Private/CoreAnimation/Animations/LayerProperty.swift /Users/runner/work/CountdownW/CountdownW/Pods/lottie-ios/Sources/Private/Model/LayerStyles/LayerStyle.swift /Users/runner/work/CountdownW/CountdownW/Pods/lottie-ios/Sources/Private/MainThread/LayerContainers/Utility/LayerTextProvider.swift /Users/runner/work/CountdownW/CountdownW/Pods/lottie-ios/Sources/Private/MainThread/LayerContainers/Utility/LayerTransformNode.swift /Users/runner/work/CountdownW/CountdownW/Pods/lottie-ios/Sources/Private/MainThread/NodeRenderSystem/Nodes/OutputNodes/Renderables/LegacyGradientFillRenderer.swift /Users/runner/work/CountdownW/CountdownW/Pods/lottie-ios/Sources/Public/Animation/LottieAnimation.swift /Users/runner/work/CountdownW/CountdownW/Pods/lottie-ios/Sources/Public/AnimationCache/LottieAnimationCache.swift /Users/runner/work/CountdownW/CountdownW/Pods/lottie-ios/Sources/Public/Animation/LottieAnimationHelpers.swift /Users/runner/work/CountdownW/CountdownW/Pods/lottie-ios/Sources/Public/Animation/LottieAnimationLayer.swift /Users/runner/work/CountdownW/CountdownW/Pods/lottie-ios/Sources/Private/Utility/LottieAnimationSource.swift /Users/runner/work/CountdownW/CountdownW/Pods/lottie-ios/Sources/Public/Animation/LottieAnimationView.swift /Users/runner/work/CountdownW/CountdownW/Pods/lottie-ios/Sources/Public/iOS/LottieAnimationViewBase.swift /Users/runner/work/CountdownW/CountdownW/Pods/lottie-ios/Sources/Public/Animation/LottieAnimationViewInitializers.swift /Users/runner/work/CountdownW/CountdownW/Pods/lottie-ios/Sources/Public/Controls/LottieButton.swift /Users/runner/work/CountdownW/CountdownW/Pods/lottie-ios/Sources/Public/Primitives/LottieColor.swift /Users/runner/work/CountdownW/CountdownW/Pods/lottie-ios/Sources/Public/Configuration/LottieConfiguration.swift /Users/runner/work/CountdownW/CountdownW/Pods/lottie-ios/Sources/Public/Logging/LottieLogger.swift /Users/runner/work/CountdownW/CountdownW/Pods/lottie-ios/Sources/Public/Animation/LottiePlaybackMode.swift /Users/runner/work/CountdownW/CountdownW/Pods/lottie-ios/Sources/Public/Controls/LottieSwitch.swift /Users/runner/work/CountdownW/CountdownW/Pods/lottie-ios/Sources/Public/Configuration/LottieURLSession.swift /Users/runner/work/CountdownW/CountdownW/Pods/lottie-ios/Sources/Public/Animation/LottieView.swift /Users/runner/work/CountdownW/CountdownW/Pods/lottie-ios/Sources/Public/Controls/LottieViewType.swift /Users/runner/work/CountdownW/CountdownW/Pods/lottie-ios/Sources/Public/AnimationCache/LRUAnimationCache.swift /Users/runner/work/CountdownW/CountdownW/Pods/lottie-ios/Sources/Private/EmbeddedLibraries/LRUCache/LRUCache.swift /Users/runner/work/CountdownW/CountdownW/Pods/lottie-ios/Sources/Private/MainThread/LayerContainers/MainThreadAnimationLayer.swift /Users/runner/work/CountdownW/CountdownW/Pods/lottie-ios/Sources/Private/EmbeddedLibraries/EpoxyCore/Model/Providers/MakeViewProviding.swift /Users/runner/work/CountdownW/CountdownW/Pods/lottie-ios/Sources/Private/Model/Objects/Marker.swift /Users/runner/work/CountdownW/CountdownW/Pods/lottie-ios/Sources/Private/Model/Objects/Mask.swift /Users/runner/work/CountdownW/CountdownW/Pods/lottie-ios/Sources/Private/CoreAnimation/Layers/MaskCompositionLayer.swift /Users/runner/work/CountdownW/CountdownW/Pods/lottie-ios/Sources/Private/MainThread/LayerContainers/CompLayers/MaskContainerLayer.swift /Users/runner/work/CountdownW/CountdownW/Pods/lottie-ios/Sources/Private/Utility/Extensions/MathKit.swift /Users/runner/work/CountdownW/CountdownW/Pods/lottie-ios/Sources/Private/EmbeddedLibraries/EpoxyCore/SwiftUI/LayoutUtilities/MeasuringViewRepresentable.swift /Users/runner/work/CountdownW/CountdownW/Pods/lottie-ios/Sources/Private/Model/ShapeItems/Merge.swift /Users/runner/work/CountdownW/CountdownW/Pods/lottie-ios/Sources/Private/MainThread/NodeRenderSystem/NodeProperties/NodeProperty.swift /Users/runner/work/CountdownW/CountdownW/Pods/lottie-ios/Sources/Private/MainThread/NodeRenderSystem/NodeProperties/Protocols/NodePropertyMap.swift /Users/runner/work/CountdownW/CountdownW/Pods/lottie-ios/Sources/Private/MainThread/LayerContainers/CompLayers/NullCompositionLayer.swift /Users/runner/work/CountdownW/CountdownW/Pods/lottie-ios/Sources/Private/CoreAnimation/Animations/OpacityAnimation.swift /Users/runner/work/CountdownW/CountdownW/Pods/lottie-ios/Sources/Private/MainThread/NodeRenderSystem/Nodes/OutputNodes/PassThroughOutputNode.swift /Users/runner/work/CountdownW/CountdownW/Pods/lottie-ios/Sources/Private/Utility/Primitives/PathElement.swift /Users/runner/work/CountdownW/CountdownW/Pods/lottie-ios/Sources/Private/MainThread/NodeRenderSystem/Protocols/PathNode.swift /Users/runner/work/CountdownW/CountdownW/Pods/lottie-ios/Sources/Private/MainThread/NodeRenderSystem/Nodes/OutputNodes/PathOutputNode.swift /Users/runner/work/CountdownW/CountdownW/Pods/lottie-ios/Sources/Public/DynamicProperties/ValueProviders/PointValueProvider.swift /Users/runner/work/CountdownW/CountdownW/Pods/lottie-ios/Sources/Private/MainThread/NodeRenderSystem/Nodes/PathNodes/PolygonNode.swift /Users/runner/work/CountdownW/CountdownW/Pods/lottie-ios/Sources/Private/Model/Assets/PrecompAsset.swift /Users/runner/work/CountdownW/CountdownW/Pods/lottie-ios/Sources/Private/CoreAnimation/Layers/PreCompLayer.swift /Users/runner/work/CountdownW/CountdownW/Pods/lottie-ios/Sources/Private/Model/Layers/PreCompLayerModel.swift /Users/runner/work/CountdownW/CountdownW/Pods/lottie-ios/Sources/Private/MainThread/LayerContainers/CompLayers/PreCompositionLayer.swift /Users/runner/work/CountdownW/CountdownW/Pods/lottie-ios/Sources/Private/Model/ShapeItems/Rectangle.swift /Users/runner/work/CountdownW/CountdownW/Pods/lottie-ios/Sources/Private/CoreAnimation/Animations/RectangleAnimation.swift /Users/runner/work/CountdownW/CountdownW/Pods/lottie-ios/Sources/Private/MainThread/NodeRenderSystem/Nodes/PathNodes/RectNode.swift /Users/runner/work/CountdownW/CountdownW/Pods/lottie-ios/Sources/Public/Configuration/ReducedMotionOption.swift /Users/runner/work/CountdownW/CountdownW/Pods/lottie-ios/Sources/Public/Configuration/RenderingEngineOption.swift /Users/runner/work/CountdownW/CountdownW/Pods/lottie-ios/Sources/Private/MainThread/NodeRenderSystem/Protocols/RenderNode.swift /Users/runner/work/CountdownW/CountdownW/Pods/lottie-ios/Sources/Private/Model/ShapeItems/Repeater.swift /Users/runner/work/CountdownW/CountdownW/Pods/lottie-ios/Sources/Private/CoreAnimation/Layers/RepeaterLayer.swift /Users/runner/work/CountdownW/CountdownW/Pods/lottie-ios/Sources/Private/RootAnimationLayer.swift /Users/runner/work/CountdownW/CountdownW/Pods/lottie-ios/Sources/Private/Model/ShapeItems/RoundedCorners.swift /Users/runner/work/CountdownW/CountdownW/Pods/lottie-ios/Sources/Private/MainThread/NodeRenderSystem/Nodes/ModifierNodes/RoundedCornersNode.swift /Users/runner/work/CountdownW/CountdownW/Pods/lottie-ios/Sources/Private/EmbeddedLibraries/EpoxyCore/Diffing/SectionedChangeset.swift /Users/runner/work/CountdownW/CountdownW/Pods/lottie-ios/Sources/Private/EmbeddedLibraries/EpoxyCore/Model/Providers/SetBehaviorsProviding.swift /Users/runner/work/CountdownW/CountdownW/Pods/lottie-ios/Sources/Private/EmbeddedLibraries/EpoxyCore/Model/Providers/SetContentProviding.swift /Users/runner/work/CountdownW/CountdownW/Pods/lottie-ios/Sources/Private/Model/ShapeItems/Shape.swift /Users/runner/work/CountdownW/CountdownW/Pods/lottie-ios/Sources/Private/CoreAnimation/Animations/ShapeAnimation.swift /Users/runner/work/CountdownW/CountdownW/Pods/lottie-ios/Sources/Private/MainThread/LayerContainers/CompLayers/ShapeCompositionLayer.swift /Users/runner/work/CountdownW/CountdownW/Pods/lottie-ios/Sources/Private/MainThread/NodeRenderSystem/RenderLayers/ShapeContainerLayer.swift /Users/runner/work/CountdownW/CountdownW/Pods/lottie-ios/Sources/Private/Model/ShapeItems/ShapeItem.swift /Users/runner/work/CountdownW/CountdownW/Pods/lottie-ios/Sources/Private/CoreAnimation/Layers/ShapeItemLayer.swift /Users/runner/work/CountdownW/CountdownW/Pods/lottie-ios/Sources/Private/CoreAnimation/Layers/ShapeLayer.swift /Users/runner/work/CountdownW/CountdownW/Pods/lottie-ios/Sources/Private/Model/Layers/ShapeLayerModel.swift /Users/runner/work/CountdownW/CountdownW/Pods/lottie-ios/Sources/Private/MainThread/NodeRenderSystem/Nodes/PathNodes/ShapeNode.swift /Users/runner/work/CountdownW/CountdownW/Pods/lottie-ios/Sources/Private/MainThread/NodeRenderSystem/RenderLayers/ShapeRenderLayer.swift /Users/runner/work/CountdownW/CountdownW/Pods/lottie-ios/Sources/Private/Model/ShapeItems/ShapeTransform.swift /Users/runner/work/CountdownW/CountdownW/Pods/lottie-ios/Sources/Private/MainThread/NodeRenderSystem/NodeProperties/ValueProviders/SingleValueProvider.swift /Users/runner/work/CountdownW/CountdownW/Pods/lottie-ios/Sources/Public/DynamicProperties/ValueProviders/SizeValueProvider.swift /Users/runner/work/CountdownW/CountdownW/Pods/lottie-ios/Sources/Private/MainThread/LayerContainers/CompLayers/SolidCompositionLayer.swift /Users/runner/work/CountdownW/CountdownW/Pods/lottie-ios/Sources/Private/CoreAnimation/Layers/SolidLayer.swift /Users/runner/work/CountdownW/CountdownW/Pods/lottie-ios/Sources/Private/Model/Layers/SolidLayerModel.swift /Users/runner/work/CountdownW/CountdownW/Pods/lottie-ios/Sources/Private/Model/ShapeItems/Star.swift /Users/runner/work/CountdownW/CountdownW/Pods/lottie-ios/Sources/Private/CoreAnimation/Animations/StarAnimation.swift /Users/runner/work/CountdownW/CountdownW/Pods/lottie-ios/Sources/Private/MainThread/NodeRenderSystem/Nodes/PathNodes/StarNode.swift /Users/runner/work/CountdownW/CountdownW/Pods/lottie-ios/Sources/Private/Utility/Extensions/StringExtensions.swift /Users/runner/work/CountdownW/CountdownW/Pods/lottie-ios/Sources/Private/Model/ShapeItems/Stroke.swift /Users/runner/work/CountdownW/CountdownW/Pods/lottie-ios/Sources/Private/CoreAnimation/Animations/StrokeAnimation.swift /Users/runner/work/CountdownW/CountdownW/Pods/lottie-ios/Sources/Private/MainThread/NodeRenderSystem/Nodes/RenderNodes/StrokeNode.swift /Users/runner/work/CountdownW/CountdownW/Pods/lottie-ios/Sources/Private/MainThread/NodeRenderSystem/Nodes/OutputNodes/Renderables/StrokeRenderer.swift /Users/runner/work/CountdownW/CountdownW/Pods/lottie-ios/Sources/Private/EmbeddedLibraries/EpoxyCore/Views/StyledView.swift /Users/runner/work/CountdownW/CountdownW/Pods/lottie-ios/Sources/Private/EmbeddedLibraries/EpoxyCore/Model/Providers/StyleIDProviding.swift /Users/runner/work/CountdownW/CountdownW/Pods/lottie-ios/Sources/Private/EmbeddedLibraries/EpoxyCore/SwiftUI/LayoutUtilities/SwiftUIMeasurementContainer.swift /Users/runner/work/CountdownW/CountdownW/Pods/lottie-ios/Sources/Private/EmbeddedLibraries/EpoxyCore/SwiftUI/SwiftUIView.swift /Users/runner/work/CountdownW/CountdownW/Pods/lottie-ios/Sources/Private/Utility/Debugging/TestHelpers.swift /Users/runner/work/CountdownW/CountdownW/Pods/lottie-ios/Sources/Private/Model/Text/TextAnimator.swift /Users/runner/work/CountdownW/CountdownW/Pods/lottie-ios/Sources/Private/MainThread/NodeRenderSystem/Nodes/Text/TextAnimatorNode.swift /Users/runner/work/CountdownW/CountdownW/Pods/lottie-ios/Sources/Private/MainThread/LayerContainers/CompLayers/TextCompositionLayer.swift /Users/runner/work/CountdownW/CountdownW/Pods/lottie-ios/Sources/Private/Model/Text/TextDocument.swift /Users/runner/work/CountdownW/CountdownW/Pods/lottie-ios/Sources/Private/CoreAnimation/Layers/TextLayer.swift /Users/runner/work/CountdownW/CountdownW/Pods/lottie-ios/Sources/Private/Model/Layers/TextLayerModel.swift /Users/runner/work/CountdownW/CountdownW/Pods/lottie-ios/Sources/Private/EmbeddedLibraries/EpoxyCore/Model/Providers/TraitCollectionProviding.swift /Users/runner/work/CountdownW/CountdownW/Pods/lottie-ios/Sources/Private/Model/Objects/Transform.swift /Users/runner/work/CountdownW/CountdownW/Pods/lottie-ios/Sources/Private/CoreAnimation/Animations/TransformAnimations.swift /Users/runner/work/CountdownW/CountdownW/Pods/lottie-ios/Sources/Private/CoreAnimation/Layers/TransformLayer.swift /Users/runner/work/CountdownW/CountdownW/Pods/lottie-ios/Sources/Private/Model/ShapeItems/Trim.swift /Users/runner/work/CountdownW/CountdownW/Pods/lottie-ios/Sources/Private/MainThread/NodeRenderSystem/Nodes/ModifierNodes/TrimPathNode.swift /Users/runner/work/CountdownW/CountdownW/Pods/lottie-ios/Sources/Public/iOS/UIColorExtension.swift /Users/runner/work/CountdownW/CountdownW/Pods/lottie-ios/Sources/Private/EmbeddedLibraries/EpoxyCore/SwiftUI/UIView+SwiftUIView.swift /Users/runner/work/CountdownW/CountdownW/Pods/lottie-ios/Sources/Private/EmbeddedLibraries/EpoxyCore/SwiftUI/UIViewConfiguringSwiftUIView.swift /Users/runner/work/CountdownW/CountdownW/Pods/lottie-ios/Sources/Private/Utility/Primitives/UnitBezier.swift /Users/runner/work/CountdownW/CountdownW/Pods/lottie-ios/Sources/Private/EmbeddedLibraries/ZipFoundation/URL+ZIP.swift /Users/runner/work/CountdownW/CountdownW/Pods/lottie-ios/Sources/Private/MainThread/NodeRenderSystem/NodeProperties/ValueContainer.swift /Users/runner/work/CountdownW/CountdownW/Pods/lottie-ios/Sources/Private/CoreAnimation/ValueProviderStore.swift /Users/runner/work/CountdownW/CountdownW/Pods/lottie-ios/Sources/Private/Model/LayerEffects/EffectValues/Vector1DEffectValue.swift /Users/runner/work/CountdownW/CountdownW/Pods/lottie-ios/Sources/Public/Primitives/Vectors.swift /Users/runner/work/CountdownW/CountdownW/Pods/lottie-ios/Sources/Private/Utility/Primitives/VectorsExtensions.swift /Users/runner/work/CountdownW/CountdownW/Pods/lottie-ios/Sources/Private/Utility/Helpers/View+ValueChanged.swift /Users/runner/work/CountdownW/CountdownW/Pods/lottie-ios/Sources/Private/EmbeddedLibraries/EpoxyCore/Model/Providers/ViewDifferentiatorProviding.swift /Users/runner/work/CountdownW/CountdownW/Pods/lottie-ios/Sources/Private/EmbeddedLibraries/EpoxyCore/Model/ViewEpoxyModeled.swift /Users/runner/work/CountdownW/CountdownW/Pods/lottie-ios/Sources/Private/EmbeddedLibraries/EpoxyCore/Model/Providers/ViewProviding.swift /Users/runner/work/CountdownW/CountdownW/Pods/lottie-ios/Sources/Private/EmbeddedLibraries/EpoxyCore/Views/ViewType.swift /Users/runner/work/CountdownW/CountdownW/Pods/lottie-ios/Sources/Private/CoreAnimation/Animations/VisibilityAnimation.swift /Users/runner/work/CountdownW/CountdownW/Pods/lottie-ios/Sources/Private/EmbeddedLibraries/EpoxyCore/Model/Providers/WillDisplayProviding.swift (in target 'lottie-ios' from project 'Pods')
CompileSwift normal arm64 (in target 'lottie-ios' from project 'Pods')
    cd /Users/runner/work/CountdownW/CountdownW/Pods
    

PrecompileModule /Users/runner/Library/Developer/Xcode/DerivedData/countdown-commbukpdznukvarcianfztjiqgm/Build/Intermediates.noindex/ArchiveIntermediates/countdown/IntermediateBuildFilesPath/ExplicitPrecompiledModules/_Builtin_stdbool-DCYSU06N4LA9DAUVH3KMPA89G.scan
    cd /Users/runner/work/CountdownW/CountdownW/Pods
    builtin-precompileModule /Users/runner/Library/Developer/Xcode/DerivedData/countdown-commbukpdznukvarcianfztjiqgm/Build/Intermediates.noindex/ArchiveIntermediates/countdown/IntermediateBuildFilesPath/ExplicitPrecompiledModules/_Builtin_stdbool-DCYSU06N4LA9DAUVH3KMPA89G.scan

SwiftDriverJobDiscovery normal arm64 Compiling Keychain.swift (in target 'KeychainAccess' from project 'Pods')

SwiftDriver\ Compilation\ Requirements KeychainAccess normal arm64 com.apple.xcode.tools.swift.compiler (in target 'KeychainAccess' from project 'Pods')
    cd /Users/runner/work/CountdownW/CountdownW/Pods
    builtin-Swift-Compilation-Requirements -- /Applications/Xcode_16.4.app/Contents/Developer/Toolchains/XcodeDefault.xctoolchain/usr/bin/swiftc -module-name KeychainAccess -O -whole-module-optimization -enforce-exclusivity\=checked @/Users/runner/Library/Developer/Xcode/DerivedData/countdown-commbukpdznukvarcianfztjiqgm/Build/Intermediates.noindex/ArchiveIntermediates/countdown/IntermediateBuildFilesPath/Pods.build/Release-iphoneos/KeychainAccess.build/Objects-normal/arm64/KeychainAccess.SwiftFileList -D COCOAPODS -suppress-warnings -enable-bare-slash-regex -enable-experimental-feature DebugDescriptionMacro -sdk /Applications/Xcode_16.4.app/Contents/Developer/Platforms/iPhoneOS.platform/Developer/SDKs/iPhoneOS18.5.sdk -target arm64-apple-ios9.0 -g -module-cache-path /Users/runner/Library/Developer/Xcode/DerivedData/ModuleCache.noindex -Xfrontend -serialize-debugging-options -swift-version 5 -I /Users/runner/Library/Developer/Xcode/DerivedData/countdown-commbukpdznukvarcianfztjiqgm/Build/Intermediates.noindex/ArchiveIntermediates/countdown/BuildProductsPath/Release-iphoneos/KeychainAccess -F /Users/runner/Library/Developer/Xcode/DerivedData/countdown-commbukpdznukvarcianfztjiqgm/Build/Intermediates.noindex/ArchiveIntermediates/countdown/BuildProductsPath/Release-iphoneos/KeychainAccess -parse-as-library -c -num-threads 3 -Xcc -ivfsstatcache -Xcc /Users/runner/Library/Developer/Xcode/DerivedData/SDKStatCaches.noindex/iphoneos18.5-22F76-a529daf784b3616c7c04a36aeb7f5c05.sdkstatcache -output-file-map /Users/runner/Library/Developer/Xcode/DerivedData/countdown-commbukpdznukvarcianfztjiqgm/Build/Intermediates.noindex/ArchiveIntermediates/countdown/IntermediateBuildFilesPath/Pods.build/Release-iphoneos/KeychainAccess.build/Objects-normal/arm64/KeychainAccess-OutputFileMap.json -use-frontend-parseable-output -save-temps -no-color-diagnostics -serialize-diagnostics -emit-dependencies -emit-module -emit-module-path /Users/runner/Library/Developer/Xcode/DerivedData/countdown-commbukpdznukvarcianfztjiqgm/Build/Intermediates.noindex/ArchiveIntermediates/countdown/IntermediateBuildFilesPath/Pods.build/Release-iphoneos/KeychainAccess.build/Objects-normal/arm64/KeychainAccess.swiftmodule -validate-clang-modules-once -clang-build-session-file /Users/runner/Library/Developer/Xcode/DerivedData/ModuleCache.noindex/Session.modulevalidation -Xcc -I/Users/runner/Library/Developer/Xcode/DerivedData/countdown-commbukpdznukvarcianfztjiqgm/Build/Intermediates.noindex/ArchiveIntermediates/countdown/IntermediateBuildFilesPath/Pods.build/Release-iphoneos/KeychainAccess.build/swift-overrides.hmap -emit-const-values -Xfrontend -const-gather-protocols-file -Xfrontend /Users/runner/Library/Developer/Xcode/DerivedData/countdown-commbukpdznukvarcianfztjiqgm/Build/Intermediates.noindex/ArchiveIntermediates/countdown/IntermediateBuildFilesPath/Pods.build/Release-iphoneos/KeychainAccess.build/Objects-normal/arm64/KeychainAccess_const_extract_protocols.json -Xcc -iquote -Xcc /Users/runner/Library/Developer/Xcode/DerivedData/countdown-commbukpdznukvarcianfztjiqgm/Build/Intermediates.noindex/ArchiveIntermediates/countdown/IntermediateBuildFilesPath/Pods.build/Release-iphoneos/KeychainAccess.build/KeychainAccess-generated-files.hmap -Xcc -I/Users/runner/Library/Developer/Xcode/DerivedData/countdown-commbukpdznukvarcianfztjiqgm/Build/Intermediates.noindex/ArchiveIntermediates/countdown/IntermediateBuildFilesPath/Pods.build/Release-iphoneos/KeychainAccess.build/KeychainAccess-own-target-headers.hmap -Xcc -I/Users/runner/Library/Developer/Xcode/DerivedData/countdown-commbukpdznukvarcianfztjiqgm/Build/Intermediates.noindex/ArchiveIntermediates/countdown/IntermediateBuildFilesPath/Pods.build/Release-iphoneos/KeychainAccess.build/KeychainAccess-all-non-framework-target-headers.hmap -Xcc -ivfsoverlay -Xcc /Users/runner/Library/Developer/Xcode/DerivedData/countdown-commbukpdznukvarcianfztjiqgm/Build/Intermediates.noindex/ArchiveIntermediates/countdown/IntermediateBuildFilesPath/Pods.build/Release-iphoneos/Pods-8699adb1dd336b26511df848a716bd42-VFS-iphoneos/all-product-headers.yaml -Xcc -iquote -Xcc /Users/runner/Library/Developer/Xcode/DerivedData/countdown-commbukpdznukvarcianfztjiqgm/Build/Intermediates.noindex/ArchiveIntermediates/countdown/IntermediateBuildFilesPath/Pods.build/Release-iphoneos/KeychainAccess.build/KeychainAccess-project-headers.hmap -Xcc -I/Users/runner/Library/Developer/Xcode/DerivedData/countdown-commbukpdznukvarcianfztjiqgm/Build/Intermediates.noindex/ArchiveIntermediates/countdown/BuildProductsPath/Release-iphoneos/KeychainAccess/include -Xcc -I/Users/runner/Library/Developer/Xcode/DerivedData/countdown-commbukpdznukvarcianfztjiqgm/Build/Intermediates.noindex/ArchiveIntermediates/countdown/IntermediateBuildFilesPath/Pods.build/Release-iphoneos/KeychainAccess.build/DerivedSources-normal/arm64 -Xcc -I/Users/runner/Library/Developer/Xcode/DerivedData/countdown-commbukpdznukvarcianfztjiqgm/Build/Intermediates.noindex/ArchiveIntermediates/countdown/IntermediateBuildFilesPath/Pods.build/Release-iphoneos/KeychainAccess.build/DerivedSources/arm64 -Xcc -I/Users/runner/Library/Developer/Xcode/DerivedData/countdown-commbukpdznukvarcianfztjiqgm/Build/Intermediates.noindex/ArchiveIntermediates/countdown/IntermediateBuildFilesPath/Pods.build/Release-iphoneos/KeychainAccess.build/DerivedSources -Xcc -DPOD_CONFIGURATION_RELEASE\=1 -Xcc -DCOCOAPODS\=1 -emit-objc-header -emit-objc-header-path /Users/runner/Library/Developer/Xcode/DerivedData/countdown-commbukpdznukvarcianfztjiqgm/Build/Intermediates.noindex/ArchiveIntermediates/countdown/IntermediateBuildFilesPath/Pods.build/Release-iphoneos/KeychainAccess.build/Objects-normal/arm64/KeychainAccess-Swift.h -import-underlying-module -Xcc -ivfsoverlay -Xcc /Users/runner/Library/Developer/Xcode/DerivedData/countdown-commbukpdznukvarcianfztjiqgm/Build/Intermediates.noindex/ArchiveIntermediates/countdown/IntermediateBuildFilesPath/Pods.build/Release-iphoneos/KeychainAccess.build/unextended-module-overlay.yaml -working-directory /Users/runner/work/CountdownW/CountdownW/Pods -no-emit-module-separately-wmo

PrecompileModule /Users/runner/Library/Developer/Xcode/DerivedData/countdown-commbukpdznukvarcianfztjiqgm/Build/Intermediates.noindex/ArchiveIntermediates/countdown/IntermediateBuildFilesPath/ExplicitPrecompiledModules/_Builtin_stdarg-9THTKUAIO7LQNC9BUIGXBDNQ.scan
    cd /Users/runner/work/CountdownW/CountdownW/Pods
    builtin-precompileModule /Users/runner/Library/Developer/Xcode/DerivedData/countdown-commbukpdznukvarcianfztjiqgm/Build/Intermediates.noindex/ArchiveIntermediates/countdown/IntermediateBuildFilesPath/ExplicitPrecompiledModules/_Builtin_stdarg-9THTKUAIO7LQNC9BUIGXBDNQ.scan

SwiftMergeGeneratedHeaders /Users/runner/Library/Developer/Xcode/DerivedData/countdown-commbukpdznukvarcianfztjiqgm/Build/Intermediates.noindex/ArchiveIntermediates/countdown/IntermediateBuildFilesPath/UninstalledProducts/iphoneos/KeychainAccess.framework/Headers/KeychainAccess-Swift.h /Users/runner/Library/Developer/Xcode/DerivedData/countdown-commbukpdznukvarcianfztjiqgm/Build/Intermediates.noindex/ArchiveIntermediates/countdown/IntermediateBuildFilesPath/Pods.build/Release-iphoneos/KeychainAccess.build/Objects-normal/arm64/KeychainAccess-Swift.h (in target 'KeychainAccess' from project 'Pods')
    cd /Users/runner/work/CountdownW/CountdownW/Pods
    builtin-swiftHeaderTool -arch arm64 /Users/runner/Library/Developer/Xcode/DerivedData/countdown-commbukpdznukvarcianfztjiqgm/Build/Intermediates.noindex/ArchiveIntermediates/countdown/IntermediateBuildFilesPath/Pods.build/Release-iphoneos/KeychainAccess.build/Objects-normal/arm64/KeychainAccess-Swift.h -o /Users/runner/Library/Developer/Xcode/DerivedData/countdown-commbukpdznukvarcianfztjiqgm/Build/Intermediates.noindex/ArchiveIntermediates/countdown/IntermediateBuildFilesPath/UninstalledProducts/iphoneos/KeychainAccess.framework/Headers/KeychainAccess-Swift.h

Copy /Users/runner/Library/Developer/Xcode/DerivedData/countdown-commbukpdznukvarcianfztjiqgm/Build/Intermediates.noindex/ArchiveIntermediates/countdown/IntermediateBuildFilesPath/UninstalledProducts/iphoneos/KeychainAccess.framework/Modules/KeychainAccess.swiftmodule/arm64-apple-ios.swiftmodule /Users/runner/Library/Developer/Xcode/DerivedData/countdown-commbukpdznukvarcianfztjiqgm/Build/Intermediates.noindex/ArchiveIntermediates/countdown/IntermediateBuildFilesPath/Pods.build/Release-iphoneos/KeychainAccess.build/Objects-normal/arm64/KeychainAccess.swiftmodule (in target 'KeychainAccess' from project 'Pods')
    cd /Users/runner/work/CountdownW/CountdownW/Pods
    builtin-copy -exclude .DS_Store -exclude CVS -exclude .svn -exclude .git -exclude .hg -resolve-src-symlinks -rename /Users/runner/Library/Developer/Xcode/DerivedData/countdown-commbukpdznukvarcianfztjiqgm/Build/Intermediates.noindex/ArchiveIntermediates/countdown/IntermediateBuildFilesPath/Pods.build/Release-iphoneos/KeychainAccess.build/Objects-normal/arm64/KeychainAccess.swiftmodule /Users/runner/Library/Developer/Xcode/DerivedData/countdown-commbukpdznukvarcianfztjiqgm/Build/Intermediates.noindex/ArchiveIntermediates/countdown/IntermediateBuildFilesPath/UninstalledProducts/iphoneos/KeychainAccess.framework/Modules/KeychainAccess.swiftmodule/arm64-apple-ios.swiftmodule

Copy /Users/runner/Library/Developer/Xcode/DerivedData/countdown-commbukpdznukvarcianfztjiqgm/Build/Intermediates.noindex/ArchiveIntermediates/countdown/IntermediateBuildFilesPath/UninstalledProducts/iphoneos/KeychainAccess.framework/Modules/KeychainAccess.swiftmodule/arm64-apple-ios.swiftdoc /Users/runner/Library/Developer/Xcode/DerivedData/countdown-commbukpdznukvarcianfztjiqgm/Build/Intermediates.noindex/ArchiveIntermediates/countdown/IntermediateBuildFilesPath/Pods.build/Release-iphoneos/KeychainAccess.build/Objects-normal/arm64/KeychainAccess.swiftdoc (in target 'KeychainAccess' from project 'Pods')
    cd /Users/runner/work/CountdownW/CountdownW/Pods
    builtin-copy -exclude .DS_Store -exclude CVS -exclude .svn -exclude .git -exclude .hg -resolve-src-symlinks -rename /Users/runner/Library/Developer/Xcode/DerivedData/countdown-commbukpdznukvarcianfztjiqgm/Build/Intermediates.noindex/ArchiveIntermediates/countdown/IntermediateBuildFilesPath/Pods.build/Release-iphoneos/KeychainAccess.build/Objects-normal/arm64/KeychainAccess.swiftdoc /Users/runner/Library/Developer/Xcode/DerivedData/countdown-commbukpdznukvarcianfztjiqgm/Build/Intermediates.noindex/ArchiveIntermediates/countdown/IntermediateBuildFilesPath/UninstalledProducts/iphoneos/KeychainAccess.framework/Modules/KeychainAccess.swiftmodule/arm64-apple-ios.swiftdoc

Copy /Users/runner/Library/Developer/Xcode/DerivedData/countdown-commbukpdznukvarcianfztjiqgm/Build/Intermediates.noindex/ArchiveIntermediates/countdown/IntermediateBuildFilesPath/UninstalledProducts/iphoneos/KeychainAccess.framework/Modules/KeychainAccess.swiftmodule/arm64-apple-ios.abi.json /Users/runner/Library/Developer/Xcode/DerivedData/countdown-commbukpdznukvarcianfztjiqgm/Build/Intermediates.noindex/ArchiveIntermediates/countdown/IntermediateBuildFilesPath/Pods.build/Release-iphoneos/KeychainAccess.build/Objects-normal/arm64/KeychainAccess.abi.json (in target 'KeychainAccess' from project 'Pods')
    cd /Users/runner/work/CountdownW/CountdownW/Pods
    builtin-copy -exclude .DS_Store -exclude CVS -exclude .svn -exclude .git -exclude .hg -resolve-src-symlinks -rename /Users/runner/Library/Developer/Xcode/DerivedData/countdown-commbukpdznukvarcianfztjiqgm/Build/Intermediates.noindex/ArchiveIntermediates/countdown/IntermediateBuildFilesPath/Pods.build/Release-iphoneos/KeychainAccess.build/Objects-normal/arm64/KeychainAccess.abi.json /Users/runner/Library/Developer/Xcode/DerivedData/countdown-commbukpdznukvarcianfztjiqgm/Build/Intermediates.noindex/ArchiveIntermediates/countdown/IntermediateBuildFilesPath/UninstalledProducts/iphoneos/KeychainAccess.framework/Modules/KeychainAccess.swiftmodule/arm64-apple-ios.abi.json

PrecompileModule /Users/runner/Library/Developer/Xcode/DerivedData/countdown-commbukpdznukvarcianfztjiqgm/Build/Intermediates.noindex/ArchiveIntermediates/countdown/IntermediateBuildFilesPath/ExplicitPrecompiledModules/_Builtin_iso646-2SZKIOQ7N34XYJQD9YW6IRTF0.scan
    cd /Users/runner/work/CountdownW/CountdownW/Pods
    builtin-precompileModule /Users/runner/Library/Developer/Xcode/DerivedData/countdown-commbukpdznukvarcianfztjiqgm/Build/Intermediates.noindex/ArchiveIntermediates/countdown/IntermediateBuildFilesPath/ExplicitPrecompiledModules/_Builtin_iso646-2SZKIOQ7N34XYJQD9YW6IRTF0.scan

PrecompileModule /Users/runner/Library/Developer/Xcode/DerivedData/countdown-commbukpdznukvarcianfztjiqgm/Build/Intermediates.noindex/ArchiveIntermediates/countdown/IntermediateBuildFilesPath/ExplicitPrecompiledModules/_float-6PLVHYWIX0CL1I9B29JVA7MYH.scan
    cd /Users/runner/work/CountdownW/CountdownW/Pods
    builtin-precompileModule /Users/runner/Library/Developer/Xcode/DerivedData/countdown-commbukpdznukvarcianfztjiqgm/Build/Intermediates.noindex/ArchiveIntermediates/countdown/IntermediateBuildFilesPath/ExplicitPrecompiledModules/_float-6PLVHYWIX0CL1I9B29JVA7MYH.scan

PrecompileModule /Users/runner/Library/Developer/Xcode/DerivedData/countdown-commbukpdznukvarcianfztjiqgm/Build/Intermediates.noindex/ArchiveIntermediates/countdown/IntermediateBuildFilesPath/ExplicitPrecompiledModules/TargetConditionals-881LSXMA9Y9W2LUL8CLEE5SLD.scan
    cd /Users/runner/work/CountdownW/CountdownW/Pods
    builtin-precompileModule /Users/runner/Library/Developer/Xcode/DerivedData/countdown-commbukpdznukvarcianfztjiqgm/Build/Intermediates.noindex/ArchiveIntermediates/countdown/IntermediateBuildFilesPath/ExplicitPrecompiledModules/TargetConditionals-881LSXMA9Y9W2LUL8CLEE5SLD.scan

PrecompileModule /Users/runner/Library/Developer/Xcode/DerivedData/countdown-commbukpdznukvarcianfztjiqgm/Build/Intermediates.noindex/ArchiveIntermediates/countdown/IntermediateBuildFilesPath/ExplicitPrecompiledModules/_Builtin_float-EYAQMR1EEE0K4S3ERQOCJ88NW.scan
    cd /Users/runner/work/CountdownW/CountdownW/Pods
    builtin-precompileModule /Users/runner/Library/Developer/Xcode/DerivedData/countdown-commbukpdznukvarcianfztjiqgm/Build/Intermediates.noindex/ArchiveIntermediates/countdown/IntermediateBuildFilesPath/ExplicitPrecompiledModules/_Builtin_float-EYAQMR1EEE0K4S3ERQOCJ88NW.scan

PrecompileModule /Users/runner/Library/Developer/Xcode/DerivedData/countdown-commbukpdznukvarcianfztjiqgm/Build/Intermediates.noindex/ArchiveIntermediates/countdown/IntermediateBuildFilesPath/ExplicitPrecompiledModules/ptrauth-97LXM4R4WM5NDQBQHG6IQC6FT.scan
    cd /Users/runner/work/CountdownW/CountdownW/Pods
    builtin-precompileModule /Users/runner/Library/Developer/Xcode/DerivedData/countdown-commbukpdznukvarcianfztjiqgm/Build/Intermediates.noindex/ArchiveIntermediates/countdown/IntermediateBuildFilesPath/ExplicitPrecompiledModules/ptrauth-97LXM4R4WM5NDQBQHG6IQC6FT.scan

PrecompileModule /Users/runner/Library/Developer/Xcode/DerivedData/countdown-commbukpdznukvarcianfztjiqgm/Build/Intermediates.noindex/ArchiveIntermediates/countdown/IntermediateBuildFilesPath/ExplicitPrecompiledModules/os_availability_internal-BSRQNIHV8VURKIKWF9E8PS5N8.scan
    cd /Users/runner/work/CountdownW/CountdownW/Pods
    builtin-precompileModule /Users/runner/Library/Developer/Xcode/DerivedData/countdown-commbukpdznukvarcianfztjiqgm/Build/Intermediates.noindex/ArchiveIntermediates/countdown/IntermediateBuildFilesPath/ExplicitPrecompiledModules/os_availability_internal-BSRQNIHV8VURKIKWF9E8PS5N8.scan

PrecompileModule /Users/runner/Library/Developer/Xcode/DerivedData/countdown-commbukpdznukvarcianfztjiqgm/Build/Intermediates.noindex/ArchiveIntermediates/countdown/IntermediateBuildFilesPath/ExplicitPrecompiledModules/ptrcheck-AZY21488CILQQDOBSTF2QFJJW.scan
    cd /Users/runner/work/CountdownW/CountdownW/Pods
    builtin-precompileModule /Users/runner/Library/Developer/Xcode/DerivedData/countdown-commbukpdznukvarcianfztjiqgm/Build/Intermediates.noindex/ArchiveIntermediates/countdown/IntermediateBuildFilesPath/ExplicitPrecompiledModules/ptrcheck-AZY21488CILQQDOBSTF2QFJJW.scan

PrecompileModule /Users/runner/Library/Developer/Xcode/DerivedData/countdown-commbukpdznukvarcianfztjiqgm/Build/Intermediates.noindex/ArchiveIntermediates/countdown/IntermediateBuildFilesPath/ExplicitPrecompiledModules/os_availability-EWVNMX5DRZ8UG9MQK3XSKQHP0.scan
    cd /Users/runner/work/CountdownW/CountdownW/Pods
    builtin-precompileModule /Users/runner/Library/Developer/Xcode/DerivedData/countdown-commbukpdznukvarcianfztjiqgm/Build/Intermediates.noindex/ArchiveIntermediates/countdown/IntermediateBuildFilesPath/ExplicitPrecompiledModules/os_availability-EWVNMX5DRZ8UG9MQK3XSKQHP0.scan

PrecompileModule /Users/runner/Library/Developer/Xcode/DerivedData/countdown-commbukpdznukvarcianfztjiqgm/Build/Intermediates.noindex/ArchiveIntermediates/countdown/IntermediateBuildFilesPath/ExplicitPrecompiledModules/_Builtin_stddef-5ERYLC3RH1AYGULZYWF6H46E4.scan
    cd /Users/runner/work/CountdownW/CountdownW/Pods
    builtin-precompileModule /Users/runner/Library/Developer/Xcode/DerivedData/countdown-commbukpdznukvarcianfztjiqgm/Build/Intermediates.noindex/ArchiveIntermediates/countdown/IntermediateBuildFilesPath/ExplicitPrecompiledModules/_Builtin_stddef-5ERYLC3RH1AYGULZYWF6H46E4.scan

PrecompileModule /Users/runner/Library/Developer/Xcode/DerivedData/countdown-commbukpdznukvarcianfztjiqgm/Build/Intermediates.noindex/ArchiveIntermediates/countdown/IntermediateBuildFilesPath/ExplicitPrecompiledModules/AvailabilityMacros-7ZNR73TJKD9NOL9BQNQ5D8LY3.scan
    cd /Users/runner/work/CountdownW/CountdownW/Pods
    builtin-precompileModule /Users/runner/Library/Developer/Xcode/DerivedData/countdown-commbukpdznukvarcianfztjiqgm/Build/Intermediates.noindex/ArchiveIntermediates/countdown/IntermediateBuildFilesPath/ExplicitPrecompiledModules/AvailabilityMacros-7ZNR73TJKD9NOL9BQNQ5D8LY3.scan

PrecompileModule /Users/runner/Library/Developer/Xcode/DerivedData/countdown-commbukpdznukvarcianfztjiqgm/Build/Intermediates.noindex/ArchiveIntermediates/countdown/IntermediateBuildFilesPath/ExplicitPrecompiledModules/DarwinFoundation-EMIWR07UNBN20K4ID5RHFNJFJ.scan
    cd /Users/runner/work/CountdownW/CountdownW/Pods
    builtin-precompileModule /Users/runner/Library/Developer/Xcode/DerivedData/countdown-commbukpdznukvarcianfztjiqgm/Build/Intermediates.noindex/ArchiveIntermediates/countdown/IntermediateBuildFilesPath/ExplicitPrecompiledModules/DarwinFoundation-EMIWR07UNBN20K4ID5RHFNJFJ.scan

PrecompileModule /Users/runner/Library/Developer/Xcode/DerivedData/countdown-commbukpdznukvarcianfztjiqgm/Build/Intermediates.noindex/ArchiveIntermediates/countdown/IntermediateBuildFilesPath/ExplicitPrecompiledModules/_fenv-716KPKA5YAAHA36GXDB9YSRZ0.scan
    cd /Users/runner/work/CountdownW/CountdownW/Pods
    builtin-precompileModule /Users/runner/Library/Developer/Xcode/DerivedData/countdown-commbukpdznukvarcianfztjiqgm/Build/Intermediates.noindex/ArchiveIntermediates/countdown/IntermediateBuildFilesPath/ExplicitPrecompiledModules/_fenv-716KPKA5YAAHA36GXDB9YSRZ0.scan

PrecompileModule /Users/runner/Library/Developer/Xcode/DerivedData/countdown-commbukpdznukvarcianfztjiqgm/Build/Intermediates.noindex/ArchiveIntermediates/countdown/IntermediateBuildFilesPath/ExplicitPrecompiledModules/_stdint-E8069ZKAJU3J48LGYLNTPCF9S.scan
    cd /Users/runner/work/CountdownW/CountdownW/Pods
    builtin-precompileModule /Users/runner/Library/Developer/Xcode/DerivedData/countdown-commbukpdznukvarcianfztjiqgm/Build/Intermediates.noindex/ArchiveIntermediates/countdown/IntermediateBuildFilesPath/ExplicitPrecompiledModules/_stdint-E8069ZKAJU3J48LGYLNTPCF9S.scan

PrecompileModule /Users/runner/Library/Developer/Xcode/DerivedData/countdown-commbukpdznukvarcianfztjiqgm/Build/Intermediates.noindex/ArchiveIntermediates/countdown/IntermediateBuildFilesPath/ExplicitPrecompiledModules/sys_time-1LZORR99ZRIJPOSE4XS0TCHCV.scan
    cd /Users/runner/work/CountdownW/CountdownW/Pods
    builtin-precompileModule /Users/runner/Library/Developer/Xcode/DerivedData/countdown-commbukpdznukvarcianfztjiqgm/Build/Intermediates.noindex/ArchiveIntermediates/countdown/IntermediateBuildFilesPath/ExplicitPrecompiledModules/sys_time-1LZORR99ZRIJPOSE4XS0TCHCV.scan

PrecompileModule /Users/runner/Library/Developer/Xcode/DerivedData/countdown-commbukpdznukvarcianfztjiqgm/Build/Intermediates.noindex/ArchiveIntermediates/countdown/IntermediateBuildFilesPath/ExplicitPrecompiledModules/alloca-92TDYQMOL3F9OLPC6F2HHL7PY.scan
    cd /Users/runner/work/CountdownW/CountdownW/Pods
    builtin-precompileModule /Users/runner/Library/Developer/Xcode/DerivedData/countdown-commbukpdznukvarcianfztjiqgm/Build/Intermediates.noindex/ArchiveIntermediates/countdown/IntermediateBuildFilesPath/ExplicitPrecompiledModules/alloca-92TDYQMOL3F9OLPC6F2HHL7PY.scan

PrecompileModule /Users/runner/Library/Developer/Xcode/DerivedData/countdown-commbukpdznukvarcianfztjiqgm/Build/Intermediates.noindex/ArchiveIntermediates/countdown/IntermediateBuildFilesPath/ExplicitPrecompiledModules/_locale-D4CS5OZRSR190TFVUZQCLLJOP.scan
    cd /Users/runner/work/CountdownW/CountdownW/Pods
    builtin-precompileModule /Users/runner/Library/Developer/Xcode/DerivedData/countdown-commbukpdznukvarcianfztjiqgm/Build/Intermediates.noindex/ArchiveIntermediates/countdown/IntermediateBuildFilesPath/ExplicitPrecompiledModules/_locale-D4CS5OZRSR190TFVUZQCLLJOP.scan

PrecompileModule /Users/runner/Library/Developer/Xcode/DerivedData/countdown-commbukpdznukvarcianfztjiqgm/Build/Intermediates.noindex/ArchiveIntermediates/countdown/IntermediateBuildFilesPath/ExplicitPrecompiledModules/netinet_in-DWVKTVIVLZD1X5XQEX3CM8TDF.scan
    cd /Users/runner/work/CountdownW/CountdownW/Pods
    builtin-precompileModule /Users/runner/Library/Developer/Xcode/DerivedData/countdown-commbukpdznukvarcianfztjiqgm/Build/Intermediates.noindex/ArchiveIntermediates/countdown/IntermediateBuildFilesPath/ExplicitPrecompiledModules/netinet_in-DWVKTVIVLZD1X5XQEX3CM8TDF.scan

PrecompileModule /Users/runner/Library/Developer/Xcode/DerivedData/countdown-commbukpdznukvarcianfztjiqgm/Build/Intermediates.noindex/ArchiveIntermediates/countdown/IntermediateBuildFilesPath/ExplicitPrecompiledModules/_setjmp-88JB916GLGFFQ92V35YKJOIF2.scan
    cd /Users/runner/work/CountdownW/CountdownW/Pods
    builtin-precompileModule /Users/runner/Library/Developer/Xcode/DerivedData/countdown-commbukpdznukvarcianfztjiqgm/Build/Intermediates.noindex/ArchiveIntermediates/countdown/IntermediateBuildFilesPath/ExplicitPrecompiledModules/_setjmp-88JB916GLGFFQ92V35YKJOIF2.scan

PrecompileModule /Users/runner/Library/Developer/Xcode/DerivedData/countdown-commbukpdznukvarcianfztjiqgm/Build/Intermediates.noindex/ArchiveIntermediates/countdown/IntermediateBuildFilesPath/ExplicitPrecompiledModules/_useconds_t-1T9U0PKU1UCYJ75I34T4BOTW3.scan
    cd /Users/runner/work/CountdownW/CountdownW/Pods
    builtin-precompileModule /Users/runner/Library/Developer/Xcode/DerivedData/countdown-commbukpdznukvarcianfztjiqgm/Build/Intermediates.noindex/ArchiveIntermediates/countdown/IntermediateBuildFilesPath/ExplicitPrecompiledModules/_useconds_t-1T9U0PKU1UCYJ75I34T4BOTW3.scan

PrecompileModule /Users/runner/Library/Developer/Xcode/DerivedData/countdown-commbukpdznukvarcianfztjiqgm/Build/Intermediates.noindex/ArchiveIntermediates/countdown/IntermediateBuildFilesPath/ExplicitPrecompiledModules/_assert-9B8JE3Q8DIZ0UJZ0HE0N9TWLD.scan
    cd /Users/runner/work/CountdownW/CountdownW/Pods
    builtin-precompileModule /Users/runner/Library/Developer/Xcode/DerivedData/countdown-commbukpdznukvarcianfztjiqgm/Build/Intermediates.noindex/ArchiveIntermediates/countdown/IntermediateBuildFilesPath/ExplicitPrecompiledModules/_assert-9B8JE3Q8DIZ0UJZ0HE0N9TWLD.scan

PrecompileModule /Users/runner/Library/Developer/Xcode/DerivedData/countdown-commbukpdznukvarcianfztjiqgm/Build/Intermediates.noindex/ArchiveIntermediates/countdown/IntermediateBuildFilesPath/ExplicitPrecompiledModules/uuid-7VQOP0RPRCSFG2N4ARMHUPS2Q.scan
    cd /Users/runner/work/CountdownW/CountdownW/Pods
    builtin-precompileModule /Users/runner/Library/Developer/Xcode/DerivedData/countdown-commbukpdznukvarcianfztjiqgm/Build/Intermediates.noindex/ArchiveIntermediates/countdown/IntermediateBuildFilesPath/ExplicitPrecompiledModules/uuid-7VQOP0RPRCSFG2N4ARMHUPS2Q.scan

PrecompileModule /Users/runner/Library/Developer/Xcode/DerivedData/countdown-commbukpdznukvarcianfztjiqgm/Build/Intermediates.noindex/ArchiveIntermediates/countdown/IntermediateBuildFilesPath/ExplicitPrecompiledModules/_complex-ZJEPRWU33SKR9318KWY8MHUR.scan
    cd /Users/runner/work/CountdownW/CountdownW/Pods
    builtin-precompileModule /Users/runner/Library/Developer/Xcode/DerivedData/countdown-commbukpdznukvarcianfztjiqgm/Build/Intermediates.noindex/ArchiveIntermediates/countdown/IntermediateBuildFilesPath/ExplicitPrecompiledModules/_complex-ZJEPRWU33SKR9318KWY8MHUR.scan

PrecompileModule /Users/runner/Library/Developer/Xcode/DerivedData/countdown-commbukpdznukvarcianfztjiqgm/Build/Intermediates.noindex/ArchiveIntermediates/countdown/IntermediateBuildFilesPath/ExplicitPrecompiledModules/mach-3GE1CDYB5PGE7FMYP6IIPH64B.scan
    cd /Users/runner/work/CountdownW/CountdownW/Pods
    builtin-precompileModule /Users/runner/Library/Developer/Xcode/DerivedData/countdown-commbukpdznukvarcianfztjiqgm/Build/Intermediates.noindex/ArchiveIntermediates/countdown/IntermediateBuildFilesPath/ExplicitPrecompiledModules/mach-3GE1CDYB5PGE7FMYP6IIPH64B.scan

PrecompileModule /Users/runner/Library/Developer/Xcode/DerivedData/countdown-commbukpdznukvarcianfztjiqgm/Build/Intermediates.noindex/ArchiveIntermediates/countdown/IntermediateBuildFilesPath/ExplicitPrecompiledModules/_math-A0W7U03SQDVFJ5DSVU1NLV6X7.scan
    cd /Users/runner/work/CountdownW/CountdownW/Pods
    builtin-precompileModule /Users/runner/Library/Developer/Xcode/DerivedData/countdown-commbukpdznukvarcianfztjiqgm/Build/Intermediates.noindex/ArchiveIntermediates/countdown/IntermediateBuildFilesPath/ExplicitPrecompiledModules/_math-A0W7U03SQDVFJ5DSVU1NLV6X7.scan

PrecompileModule /Users/runner/Library/Developer/Xcode/DerivedData/countdown-commbukpdznukvarcianfztjiqgm/Build/Intermediates.noindex/ArchiveIntermediates/countdown/IntermediateBuildFilesPath/ExplicitPrecompiledModules/_Builtin_stdint-98XPCLPXYRFOUVFSFP18DK6YR.scan
    cd /Users/runner/work/CountdownW/CountdownW/Pods
    builtin-precompileModule /Users/runner/Library/Developer/Xcode/DerivedData/countdown-commbukpdznukvarcianfztjiqgm/Build/Intermediates.noindex/ArchiveIntermediates/countdown/IntermediateBuildFilesPath/ExplicitPrecompiledModules/_Builtin_stdint-98XPCLPXYRFOUVFSFP18DK6YR.scan

PrecompileModule /Users/runner/Library/Developer/Xcode/DerivedData/countdown-commbukpdznukvarcianfztjiqgm/Build/Intermediates.noindex/ArchiveIntermediates/countdown/IntermediateBuildFilesPath/ExplicitPrecompiledModules/_tgmath-8XXYG3MDFR5J0FKNUGXS9AXMK.scan
    cd /Users/runner/work/CountdownW/CountdownW/Pods
    builtin-precompileModule /Users/runner/Library/Developer/Xcode/DerivedData/countdown-commbukpdznukvarcianfztjiqgm/Build/Intermediates.noindex/ArchiveIntermediates/countdown/IntermediateBuildFilesPath/ExplicitPrecompiledModules/_tgmath-8XXYG3MDFR5J0FKNUGXS9AXMK.scan

PrecompileModule /Users/runner/Library/Developer/Xcode/DerivedData/countdown-commbukpdznukvarcianfztjiqgm/Build/Intermediates.noindex/ArchiveIntermediates/countdown/IntermediateBuildFilesPath/ExplicitPrecompiledModules/_inttypes-EC3CL2UJ9V9XHBCP1E7NMVT9N.scan
    cd /Users/runner/work/CountdownW/CountdownW/Pods
    builtin-precompileModule /Users/runner/Library/Developer/Xcode/DerivedData/countdown-commbukpdznukvarcianfztjiqgm/Build/Intermediates.noindex/ArchiveIntermediates/countdown/IntermediateBuildFilesPath/ExplicitPrecompiledModules/_inttypes-EC3CL2UJ9V9XHBCP1E7NMVT9N.scan

PrecompileModule /Users/runner/Library/Developer/Xcode/DerivedData/countdown-commbukpdznukvarcianfztjiqgm/Build/Intermediates.noindex/ArchiveIntermediates/countdown/IntermediateBuildFilesPath/ExplicitPrecompiledModules/_Builtin_stdatomic-7RO3YRPACTWGMM5UHNP37N3YL.scan
    cd /Users/runner/work/CountdownW/CountdownW/Pods
    builtin-precompileModule /Users/runner/Library/Developer/Xcode/DerivedData/countdown-commbukpdznukvarcianfztjiqgm/Build/Intermediates.noindex/ArchiveIntermediates/countdown/IntermediateBuildFilesPath/ExplicitPrecompiledModules/_Builtin_stdatomic-7RO3YRPACTWGMM5UHNP37N3YL.scan

PrecompileModule /Users/runner/Library/Developer/Xcode/DerivedData/countdown-commbukpdznukvarcianfztjiqgm/Build/Intermediates.noindex/ArchiveIntermediates/countdown/IntermediateBuildFilesPath/ExplicitPrecompiledModules/_Builtin_inttypes-2C8GJ4XUEOSZ7IKCHGIQOONNN.scan
    cd /Users/runner/work/CountdownW/CountdownW/Pods
    builtin-precompileModule /Users/runner/Library/Developer/Xcode/DerivedData/countdown-commbukpdznukvarcianfztjiqgm/Build/Intermediates.noindex/ArchiveIntermediates/countdown/IntermediateBuildFilesPath/ExplicitPrecompiledModules/_Builtin_inttypes-2C8GJ4XUEOSZ7IKCHGIQOONNN.scan

PrecompileModule /Users/runner/Library/Developer/Xcode/DerivedData/countdown-commbukpdznukvarcianfztjiqgm/Build/Intermediates.noindex/ArchiveIntermediates/countdown/IntermediateBuildFilesPath/ExplicitPrecompiledModules/_limits-73QFIR7IPF7RZOK0Y97Y2BJTY.scan
    cd /Users/runner/work/CountdownW/CountdownW/Pods
    builtin-precompileModule /Users/runner/Library/Developer/Xcode/DerivedData/countdown-commbukpdznukvarcianfztjiqgm/Build/Intermediates.noindex/ArchiveIntermediates/countdown/IntermediateBuildFilesPath/ExplicitPrecompiledModules/_limits-73QFIR7IPF7RZOK0Y97Y2BJTY.scan

PrecompileModule /Users/runner/Library/Developer/Xcode/DerivedData/countdown-commbukpdznukvarcianfztjiqgm/Build/Intermediates.noindex/ArchiveIntermediates/countdown/IntermediateBuildFilesPath/ExplicitPrecompiledModules/_errno-56AB7VJHVA6DK0U68XA8LQQHB.scan
    cd /Users/runner/work/CountdownW/CountdownW/Pods
    builtin-precompileModule /Users/runner/Library/Developer/Xcode/DerivedData/countdown-commbukpdznukvarcianfztjiqgm/Build/Intermediates.noindex/ArchiveIntermediates/countdown/IntermediateBuildFilesPath/ExplicitPrecompiledModules/_errno-56AB7VJHVA6DK0U68XA8LQQHB.scan

PrecompileModule /Users/runner/Library/Developer/Xcode/DerivedData/countdown-commbukpdznukvarcianfztjiqgm/Build/Intermediates.noindex/ArchiveIntermediates/countdown/IntermediateBuildFilesPath/ExplicitPrecompiledModules/_Builtin_limits-68248UZEPUY7L0RTD71R1HRBL.scan
    cd /Users/runner/work/CountdownW/CountdownW/Pods
    builtin-precompileModule /Users/runner/Library/Developer/Xcode/DerivedData/countdown-commbukpdznukvarcianfztjiqgm/Build/Intermediates.noindex/ArchiveIntermediates/countdown/IntermediateBuildFilesPath/ExplicitPrecompiledModules/_Builtin_limits-68248UZEPUY7L0RTD71R1HRBL.scan

PrecompileModule /Users/runner/Library/Developer/Xcode/DerivedData/countdown-commbukpdznukvarcianfztjiqgm/Build/Intermediates.noindex/ArchiveIntermediates/countdown/IntermediateBuildFilesPath/ExplicitPrecompiledModules/_strings-35TM7OBQSB001RJ2LOGIIOY08.scan
    cd /Users/runner/work/CountdownW/CountdownW/Pods
    builtin-precompileModule /Users/runner/Library/Developer/Xcode/DerivedData/countdown-commbukpdznukvarcianfztjiqgm/Build/Intermediates.noindex/ArchiveIntermediates/countdown/IntermediateBuildFilesPath/ExplicitPrecompiledModules/_strings-35TM7OBQSB001RJ2LOGIIOY08.scan

PrecompileModule /Users/runner/Library/Developer/Xcode/DerivedData/countdown-commbukpdznukvarcianfztjiqgm/Build/Intermediates.noindex/ArchiveIntermediates/countdown/IntermediateBuildFilesPath/ExplicitPrecompiledModules/_Builtin_tgmath-38OHM9LACVSEAJ4S9QM5CFQ3B.scan
    cd /Users/runner/work/CountdownW/CountdownW/Pods
    builtin-precompileModule /Users/runner/Library/Developer/Xcode/DerivedData/countdown-commbukpdznukvarcianfztjiqgm/Build/Intermediates.noindex/ArchiveIntermediates/countdown/IntermediateBuildFilesPath/ExplicitPrecompiledModules/_Builtin_tgmath-38OHM9LACVSEAJ4S9QM5CFQ3B.scan

PrecompileModule /Users/runner/Library/Developer/Xcode/DerivedData/countdown-commbukpdznukvarcianfztjiqgm/Build/Intermediates.noindex/ArchiveIntermediates/countdown/IntermediateBuildFilesPath/ExplicitPrecompiledModules/_sys_select-EO5MG3ZFHJ8WJ5QOXETERWZE5.scan
    cd /Users/runner/work/CountdownW/CountdownW/Pods
    builtin-precompileModule /Users/runner/Library/Developer/Xcode/DerivedData/countdown-commbukpdznukvarcianfztjiqgm/Build/Intermediates.noindex/ArchiveIntermediates/countdown/IntermediateBuildFilesPath/ExplicitPrecompiledModules/_sys_select-EO5MG3ZFHJ8WJ5QOXETERWZE5.scan

PrecompileModule /Users/runner/Library/Developer/Xcode/DerivedData/countdown-commbukpdznukvarcianfztjiqgm/Build/Intermediates.noindex/ArchiveIntermediates/countdown/IntermediateBuildFilesPath/ExplicitPrecompiledModules/xlocale-RO4H6BT1NYMLOKKK2ZJM2E7S.scan
    cd /Users/runner/work/CountdownW/CountdownW/Pods
    builtin-precompileModule /Users/runner/Library/Developer/Xcode/DerivedData/countdown-commbukpdznukvarcianfztjiqgm/Build/Intermediates.noindex/ArchiveIntermediates/countdown/IntermediateBuildFilesPath/ExplicitPrecompiledModules/xlocale-RO4H6BT1NYMLOKKK2ZJM2E7S.scan

PrecompileModule /Users/runner/Library/Developer/Xcode/DerivedData/countdown-commbukpdznukvarcianfztjiqgm/Build/Intermediates.noindex/ArchiveIntermediates/countdown/IntermediateBuildFilesPath/ExplicitPrecompiledModules/sys_types-61U2B1GRZJ6SFU6AI6UGFXP5F.scan
    cd /Users/runner/work/CountdownW/CountdownW/Pods
    builtin-precompileModule /Users/runner/Library/Developer/Xcode/DerivedData/countdown-commbukpdznukvarcianfztjiqgm/Build/Intermediates.noindex/ArchiveIntermediates/countdown/IntermediateBuildFilesPath/ExplicitPrecompiledModules/sys_types-61U2B1GRZJ6SFU6AI6UGFXP5F.scan

PrecompileModule /Users/runner/Library/Developer/Xcode/DerivedData/countdown-commbukpdznukvarcianfztjiqgm/Build/Intermediates.noindex/ArchiveIntermediates/countdown/IntermediateBuildFilesPath/ExplicitPrecompiledModules/runetype-D2WXC0ZUT4E3HUU57LND02KQP.scan
    cd /Users/runner/work/CountdownW/CountdownW/Pods
    builtin-precompileModule /Users/runner/Library/Developer/Xcode/DerivedData/countdown-commbukpdznukvarcianfztjiqgm/Build/Intermediates.noindex/ArchiveIntermediates/countdown/IntermediateBuildFilesPath/ExplicitPrecompiledModules/runetype-D2WXC0ZUT4E3HUU57LND02KQP.scan

PrecompileModule /Users/runner/Library/Developer/Xcode/DerivedData/countdown-commbukpdznukvarcianfztjiqgm/Build/Intermediates.noindex/ArchiveIntermediates/countdown/IntermediateBuildFilesPath/ExplicitPrecompiledModules/sys_resource-7AFOHUXZ7ELIUJG0XF6HTADRO.scan
    cd /Users/runner/work/CountdownW/CountdownW/Pods
    builtin-precompileModule /Users/runner/Library/Developer/Xcode/DerivedData/countdown-commbukpdznukvarcianfztjiqgm/Build/Intermediates.noindex/ArchiveIntermediates/countdown/IntermediateBuildFilesPath/ExplicitPrecompiledModules/sys_resource-7AFOHUXZ7ELIUJG0XF6HTADRO.scan

PrecompileModule /Users/runner/Library/Developer/Xcode/DerivedData/countdown-commbukpdznukvarcianfztjiqgm/Build/Intermediates.noindex/ArchiveIntermediates/countdown/IntermediateBuildFilesPath/ExplicitPrecompiledModules/_time-7JNW0Y4CHD4JI4A9D4MQIO2F3.scan
    cd /Users/runner/work/CountdownW/CountdownW/Pods
    builtin-precompileModule /Users/runner/Library/Developer/Xcode/DerivedData/countdown-commbukpdznukvarcianfztjiqgm/Build/Intermediates.noindex/ArchiveIntermediates/countdown/IntermediateBuildFilesPath/ExplicitPrecompiledModules/_time-7JNW0Y4CHD4JI4A9D4MQIO2F3.scan

PrecompileModule /Users/runner/Library/Developer/Xcode/DerivedData/countdown-commbukpdznukvarcianfztjiqgm/Build/Intermediates.noindex/ArchiveIntermediates/countdown/IntermediateBuildFilesPath/ExplicitPrecompiledModules/_stdio-9R57Y5C10O5Y3YGUULF293BZ1.scan
    cd /Users/runner/work/CountdownW/CountdownW/Pods
    builtin-precompileModule /Users/runner/Library/Developer/Xcode/DerivedData/countdown-commbukpdznukvarcianfztjiqgm/Build/Intermediates.noindex/ArchiveIntermediates/countdown/IntermediateBuildFilesPath/ExplicitPrecompiledModules/_stdio-9R57Y5C10O5Y3YGUULF293BZ1.scan

PrecompileModule /Users/runner/Library/Developer/Xcode/DerivedData/countdown-commbukpdznukvarcianfztjiqgm/Build/Intermediates.noindex/ArchiveIntermediates/countdown/IntermediateBuildFilesPath/ExplicitPrecompiledModules/_ctype-2XUSQM0BA2EWUJGK0H28CGCEQ.scan
    cd /Users/runner/work/CountdownW/CountdownW/Pods
    builtin-precompileModule /Users/runner/Library/Developer/Xcode/DerivedData/countdown-commbukpdznukvarcianfztjiqgm/Build/Intermediates.noindex/ArchiveIntermediates/countdown/IntermediateBuildFilesPath/ExplicitPrecompiledModules/_ctype-2XUSQM0BA2EWUJGK0H28CGCEQ.scan

PrecompileModule /Users/runner/Library/Developer/Xcode/DerivedData/countdown-commbukpdznukvarcianfztjiqgm/Build/Intermediates.noindex/ArchiveIntermediates/countdown/IntermediateBuildFilesPath/ExplicitPrecompiledModules/nl_types-B42NMWZHI0P8ZD8LBR28XS50.scan
    cd /Users/runner/work/CountdownW/CountdownW/Pods
    builtin-precompileModule /Users/runner/Library/Developer/Xcode/DerivedData/countdown-commbukpdznukvarcianfztjiqgm/Build/Intermediates.noindex/ArchiveIntermediates/countdown/IntermediateBuildFilesPath/ExplicitPrecompiledModules/nl_types-B42NMWZHI0P8ZD8LBR28XS50.scan

PrecompileModule /Users/runner/Library/Developer/Xcode/DerivedData/countdown-commbukpdznukvarcianfztjiqgm/Build/Intermediates.noindex/ArchiveIntermediates/countdown/IntermediateBuildFilesPath/ExplicitPrecompiledModules/__wctype-8WNC9EUWK4Z0UTNA2IP4GJCI5.scan
    cd /Users/runner/work/CountdownW/CountdownW/Pods
    builtin-precompileModule /Users/runner/Library/Developer/Xcode/DerivedData/countdown-commbukpdznukvarcianfztjiqgm/Build/Intermediates.noindex/ArchiveIntermediates/countdown/IntermediateBuildFilesPath/ExplicitPrecompiledModules/__wctype-8WNC9EUWK4Z0UTNA2IP4GJCI5.scan

PrecompileModule /Users/runner/Library/Developer/Xcode/DerivedData/countdown-commbukpdznukvarcianfztjiqgm/Build/Intermediates.noindex/ArchiveIntermediates/countdown/IntermediateBuildFilesPath/ExplicitPrecompiledModules/_signal-33SFUDN4JYS21EHL77NAADSSO.scan
    cd /Users/runner/work/CountdownW/CountdownW/Pods
    builtin-precompileModule /Users/runner/Library/Developer/Xcode/DerivedData/countdown-commbukpdznukvarcianfztjiqgm/Build/Intermediates.noindex/ArchiveIntermediates/countdown/IntermediateBuildFilesPath/ExplicitPrecompiledModules/_signal-33SFUDN4JYS21EHL77NAADSSO.scan

PrecompileModule /Users/runner/Library/Developer/Xcode/DerivedData/countdown-commbukpdznukvarcianfztjiqgm/Build/Intermediates.noindex/ArchiveIntermediates/countdown/IntermediateBuildFilesPath/ExplicitPrecompiledModules/_wchar-EFMP5HQYEENTPIIKQAMPY8HB6.scan
    cd /Users/runner/work/CountdownW/CountdownW/Pods
    builtin-precompileModule /Users/runner/Library/Developer/Xcode/DerivedData/countdown-commbukpdznukvarcianfztjiqgm/Build/Intermediates.noindex/ArchiveIntermediates/countdown/IntermediateBuildFilesPath/ExplicitPrecompiledModules/_wchar-EFMP5HQYEENTPIIKQAMPY8HB6.scan

PrecompileModule /Users/runner/Library/Developer/Xcode/DerivedData/countdown-commbukpdznukvarcianfztjiqgm/Build/Intermediates.noindex/ArchiveIntermediates/countdown/IntermediateBuildFilesPath/ExplicitPrecompiledModules/sys_wait-1VIC9TBW0P4L3FTNQL9S9REEH.scan
    cd /Users/runner/work/CountdownW/CountdownW/Pods
    builtin-precompileModule /Users/runner/Library/Developer/Xcode/DerivedData/countdown-commbukpdznukvarcianfztjiqgm/Build/Intermediates.noindex/ArchiveIntermediates/countdown/IntermediateBuildFilesPath/ExplicitPrecompiledModules/sys_wait-1VIC9TBW0P4L3FTNQL9S9REEH.scan

PrecompileModule /Users/runner/Library/Developer/Xcode/DerivedData/countdown-commbukpdznukvarcianfztjiqgm/Build/Intermediates.noindex/ArchiveIntermediates/countdown/IntermediateBuildFilesPath/ExplicitPrecompiledModules/pthread-3PX8S7YGHXTLHYT9HYD7G39P.scan
    cd /Users/runner/work/CountdownW/CountdownW/Pods
    builtin-precompileModule /Users/runner/Library/Developer/Xcode/DerivedData/countdown-commbukpdznukvarcianfztjiqgm/Build/Intermediates.noindex/ArchiveIntermediates/countdown/IntermediateBuildFilesPath/ExplicitPrecompiledModules/pthread-3PX8S7YGHXTLHYT9HYD7G39P.scan

PrecompileModule /Users/runner/Library/Developer/Xcode/DerivedData/countdown-commbukpdznukvarcianfztjiqgm/Build/Intermediates.noindex/ArchiveIntermediates/countdown/IntermediateBuildFilesPath/ExplicitPrecompiledModules/_stdlib-D0RXG3B1LNJIQHCZ2I9TSABGH.scan
    cd /Users/runner/work/CountdownW/CountdownW/Pods
    builtin-precompileModule /Users/runner/Library/Developer/Xcode/DerivedData/countdown-commbukpdznukvarcianfztjiqgm/Build/Intermediates.noindex/ArchiveIntermediates/countdown/IntermediateBuildFilesPath/ExplicitPrecompiledModules/_stdlib-D0RXG3B1LNJIQHCZ2I9TSABGH.scan

PrecompileModule /Users/runner/Library/Developer/Xcode/DerivedData/countdown-commbukpdznukvarcianfztjiqgm/Build/Intermediates.noindex/ArchiveIntermediates/countdown/IntermediateBuildFilesPath/ExplicitPrecompiledModules/sys_select-3FI8CNIXS4GNT1EWFJCOE3BK8.scan
    cd /Users/runner/work/CountdownW/CountdownW/Pods
    builtin-precompileModule /Users/runner/Library/Developer/Xcode/DerivedData/countdown-commbukpdznukvarcianfztjiqgm/Build/Intermediates.noindex/ArchiveIntermediates/countdown/IntermediateBuildFilesPath/ExplicitPrecompiledModules/sys_select-3FI8CNIXS4GNT1EWFJCOE3BK8.scan

PrecompileModule /Users/runner/Library/Developer/Xcode/DerivedData/countdown-commbukpdznukvarcianfztjiqgm/Build/Intermediates.noindex/ArchiveIntermediates/countdown/IntermediateBuildFilesPath/ExplicitPrecompiledModules/_string-8L2I3CTBQXLM2DNP4QZG17KCH.scan
    cd /Users/runner/work/CountdownW/CountdownW/Pods
    builtin-precompileModule /Users/runner/Library/Developer/Xcode/DerivedData/countdown-commbukpdznukvarcianfztjiqgm/Build/Intermediates.noindex/ArchiveIntermediates/countdown/IntermediateBuildFilesPath/ExplicitPrecompiledModules/_string-8L2I3CTBQXLM2DNP4QZG17KCH.scan

PrecompileModule /Users/runner/Library/Developer/Xcode/DerivedData/countdown-commbukpdznukvarcianfztjiqgm/Build/Intermediates.noindex/ArchiveIntermediates/countdown/IntermediateBuildFilesPath/ExplicitPrecompiledModules/gethostuuid-80GVYXPGTJTFE688QSPFVRHG9.scan
    cd /Users/runner/work/CountdownW/CountdownW/Pods
    builtin-precompileModule /Users/runner/Library/Developer/Xcode/DerivedData/countdown-commbukpdznukvarcianfztjiqgm/Build/Intermediates.noindex/ArchiveIntermediates/countdown/IntermediateBuildFilesPath/ExplicitPrecompiledModules/gethostuuid-80GVYXPGTJTFE688QSPFVRHG9.scan

PrecompileModule /Users/runner/Library/Developer/Xcode/DerivedData/countdown-commbukpdznukvarcianfztjiqgm/Build/Intermediates.noindex/ArchiveIntermediates/countdown/IntermediateBuildFilesPath/ExplicitPrecompiledModules/_wctype-9S6UA7EH168EBZHFWEMHFYX6O.scan
    cd /Users/runner/work/CountdownW/CountdownW/Pods
    builtin-precompileModule /Users/runner/Library/Developer/Xcode/DerivedData/countdown-commbukpdznukvarcianfztjiqgm/Build/Intermediates.noindex/ArchiveIntermediates/countdown/IntermediateBuildFilesPath/ExplicitPrecompiledModules/_wctype-9S6UA7EH168EBZHFWEMHFYX6O.scan

PrecompileModule /Users/runner/Library/Developer/Xcode/DerivedData/countdown-commbukpdznukvarcianfztjiqgm/Build/Intermediates.noindex/ArchiveIntermediates/countdown/IntermediateBuildFilesPath/ExplicitPrecompiledModules/unistd-CA4VXJXVBRO5UCIAO56KHPGA6.scan
    cd /Users/runner/work/CountdownW/CountdownW/Pods
    builtin-precompileModule /Users/runner/Library/Developer/Xcode/DerivedData/countdown-commbukpdznukvarcianfztjiqgm/Build/Intermediates.noindex/ArchiveIntermediates/countdown/IntermediateBuildFilesPath/ExplicitPrecompiledModules/unistd-CA4VXJXVBRO5UCIAO56KHPGA6.scan

SwiftDriver\ Compilation lottie-ios normal arm64 com.apple.xcode.tools.swift.compiler (in target 'lottie-ios' from project 'Pods')
    cd /Users/runner/work/CountdownW/CountdownW/Pods
    builtin-Swift-Compilation -- /Applications/Xcode_16.4.app/Contents/Developer/Toolchains/XcodeDefault.xctoolchain/usr/bin/swiftc -module-name Lottie -O -whole-module-optimization -enforce-exclusivity\=checked @/Users/runner/Library/Developer/Xcode/DerivedData/countdown-commbukpdznukvarcianfztjiqgm/Build/Intermediates.noindex/ArchiveIntermediates/countdown/IntermediateBuildFilesPath/Pods.build/Release-iphoneos/lottie-ios.build/Objects-normal/arm64/Lottie.SwiftFileList -D COCOAPODS -suppress-warnings -enable-bare-slash-regex -enable-experimental-feature DebugDescriptionMacro -sdk /Applications/Xcode_16.4.app/Contents/Developer/Platforms/iPhoneOS.platform/Developer/SDKs/iPhoneOS18.5.sdk -target arm64-apple-ios13.0 -g -module-cache-path /Users/runner/Library/Developer/Xcode/DerivedData/ModuleCache.noindex -Xfrontend -serialize-debugging-options -swift-version 5 -I /Users/runner/Library/Developer/Xcode/DerivedData/countdown-commbukpdznukvarcianfztjiqgm/Build/Intermediates.noindex/ArchiveIntermediates/countdown/BuildProductsPath/Release-iphoneos/lottie-ios -F /Users/runner/Library/Developer/Xcode/DerivedData/countdown-commbukpdznukvarcianfztjiqgm/Build/Intermediates.noindex/ArchiveIntermediates/countdown/BuildProductsPath/Release-iphoneos/lottie-ios -c -num-threads 3 -Xcc -ivfsstatcache -Xcc /Users/runner/Library/Developer/Xcode/DerivedData/SDKStatCaches.noindex/iphoneos18.5-22F76-a529daf784b3616c7c04a36aeb7f5c05.sdkstatcache -output-file-map /Users/runner/Library/Developer/Xcode/DerivedData/countdown-commbukpdznukvarcianfztjiqgm/Build/Intermediates.noindex/ArchiveIntermediates/countdown/IntermediateBuildFilesPath/Pods.build/Release-iphoneos/lottie-ios.build/Objects-normal/arm64/lottie-ios-OutputFileMap.json -use-frontend-parseable-output -save-temps -no-color-diagnostics -serialize-diagnostics -emit-dependencies -emit-module -emit-module-path /Users/runner/Library/Developer/Xcode/DerivedData/countdown-commbukpdznukvarcianfztjiqgm/Build/Intermediates.noindex/ArchiveIntermediates/countdown/IntermediateBuildFilesPath/Pods.build/Release-iphoneos/lottie-ios.build/Objects-normal/arm64/Lottie.swiftmodule -validate-clang-modules-once -clang-build-session-file /Users/runner/Library/Developer/Xcode/DerivedData/ModuleCache.noindex/Session.modulevalidation -Xcc -I/Users/runner/Library/Developer/Xcode/DerivedData/countdown-commbukpdznukvarcianfztjiqgm/Build/Intermediates.noindex/ArchiveIntermediates/countdown/IntermediateBuildFilesPath/Pods.build/Release-iphoneos/lottie-ios.build/swift-overrides.hmap -emit-const-values -Xfrontend -const-gather-protocols-file -Xfrontend /Users/runner/Library/Developer/Xcode/DerivedData/countdown-commbukpdznukvarcianfztjiqgm/Build/Intermediates.noindex/ArchiveIntermediates/countdown/IntermediateBuildFilesPath/Pods.build/Release-iphoneos/lottie-ios.build/Objects-normal/arm64/lottie-ios_const_extract_protocols.json -Xcc -iquote -Xcc /Users/runner/Library/Developer/Xcode/DerivedData/countdown-commbukpdznukvarcianfztjiqgm/Build/Intermediates.noindex/ArchiveIntermediates/countdown/IntermediateBuildFilesPath/Pods.build/Release-iphoneos/lottie-ios.build/Lottie-generated-files.hmap -Xcc -I/Users/runner/Library/Developer/Xcode/DerivedData/countdown-commbukpdznukvarcianfztjiqgm/Build/Intermediates.noindex/ArchiveIntermediates/countdown/IntermediateBuildFilesPath/Pods.build/Release-iphoneos/lottie-ios.build/Lottie-own-target-headers.hmap -Xcc -I/Users/runner/Library/Developer/Xcode/DerivedData/countdown-commbukpdznukvarcianfztjiqgm/Build/Intermediates.noindex/ArchiveIntermediates/countdown/IntermediateBuildFilesPath/Pods.build/Release-iphoneos/lottie-ios.build/Lottie-all-non-framework-target-headers.hmap -Xcc -ivfsoverlay -Xcc /Users/runner/Library/Developer/Xcode/DerivedData/countdown-commbukpdznukvarcianfztjiqgm/Build/Intermediates.noindex/ArchiveIntermediates/countdown/IntermediateBuildFilesPath/Pods.build/Release-iphoneos/Pods-8699adb1dd336b26511df848a716bd42-VFS-iphoneos/all-product-headers.yaml -Xcc -iquote -Xcc /Users/runner/Library/Developer/Xcode/DerivedData/countdown-commbukpdznukvarcianfztjiqgm/Build/Intermediates.noindex/ArchiveIntermediates/countdown/IntermediateBuildFilesPath/Pods.build/Release-iphoneos/lottie-ios.build/Lottie-project-headers.hmap -Xcc -I/Users/runner/Library/Developer/Xcode/DerivedData/countdown-commbukpdznukvarcianfztjiqgm/Build/Intermediates.noindex/ArchiveIntermediates/countdown/BuildProductsPath/Release-iphoneos/lottie-ios/include -Xcc -I/Users/runner/Library/Developer/Xcode/DerivedData/countdown-commbukpdznukvarcianfztjiqgm/Build/Intermediates.noindex/ArchiveIntermediates/countdown/IntermediateBuildFilesPath/Pods.build/Release-iphoneos/lottie-ios.build/DerivedSources-normal/arm64 -Xcc -I/Users/runner/Library/Developer/Xcode/DerivedData/countdown-commbukpdznukvarcianfztjiqgm/Build/Intermediates.noindex/ArchiveIntermediates/countdown/IntermediateBuildFilesPath/Pods.build/Release-iphoneos/lottie-ios.build/DerivedSources/arm64 -Xcc -I/Users/runner/Library/Developer/Xcode/DerivedData/countdown-commbukpdznukvarcianfztjiqgm/Build/Intermediates.noindex/ArchiveIntermediates/countdown/IntermediateBuildFilesPath/Pods.build/Release-iphoneos/lottie-ios.build/DerivedSources -Xcc -DPOD_CONFIGURATION_RELEASE\=1 -Xcc -DCOCOAPODS\=1 -emit-objc-header -emit-objc-header-path /Users/runner/Library/Developer/Xcode/DerivedData/countdown-commbukpdznukvarcianfztjiqgm/Build/Intermediates.noindex/ArchiveIntermediates/countdown/IntermediateBuildFilesPath/Pods.build/Release-iphoneos/lottie-ios.build/Objects-normal/arm64/Lottie-Swift.h -import-underlying-module -Xcc -ivfsoverlay -Xcc /Users/runner/Library/Developer/Xcode/DerivedData/countdown-commbukpdznukvarcianfztjiqgm/Build/Intermediates.noindex/ArchiveIntermediates/countdown/IntermediateBuildFilesPath/Pods.build/Release-iphoneos/lottie-ios.build/unextended-module-overlay.yaml -working-directory /Users/runner/work/CountdownW/CountdownW/Pods -no-emit-module-separately-wmo

PrecompileModule /Users/runner/Library/Developer/Xcode/DerivedData/countdown-commbukpdznukvarcianfztjiqgm/Build/Intermediates.noindex/ArchiveIntermediates/countdown/IntermediateBuildFilesPath/ExplicitPrecompiledModules/Darwin-9TJXR5D54QSLPZML6TJVXXE8K.scan
    cd /Users/runner/work/CountdownW/CountdownW/Pods
    builtin-precompileModule /Users/runner/Library/Developer/Xcode/DerivedData/countdown-commbukpdznukvarcianfztjiqgm/Build/Intermediates.noindex/ArchiveIntermediates/countdown/IntermediateBuildFilesPath/ExplicitPrecompiledModules/Darwin-9TJXR5D54QSLPZML6TJVXXE8K.scan

ScanDependencies /Users/runner/Library/Developer/Xcode/DerivedData/countdown-commbukpdznukvarcianfztjiqgm/Build/Intermediates.noindex/ArchiveIntermediates/countdown/IntermediateBuildFilesPath/Pods.build/Release-iphoneos/SVProgressHUD.build/Objects-normal/arm64/SVProgressHUD_vers.o /Users/runner/Library/Developer/Xcode/DerivedData/countdown-commbukpdznukvarcianfztjiqgm/Build/Intermediates.noindex/ArchiveIntermediates/countdown/IntermediateBuildFilesPath/Pods.build/Release-iphoneos/SVProgressHUD.build/DerivedSources/SVProgressHUD_vers.c normal arm64 c com.apple.compilers.llvm.clang.1_0.compiler (in target 'SVProgressHUD' from project 'Pods')
    cd /Users/runner/work/CountdownW/CountdownW/Pods
    
    Using response file: /Users/runner/Library/Developer/Xcode/DerivedData/countdown-commbukpdznukvarcianfztjiqgm/Build/Intermediates.noindex/ArchiveIntermediates/countdown/IntermediateBuildFilesPath/Pods.build/Release-iphoneos/SVProgressHUD.build/Objects-normal/arm64/7187679823f38a2a940e0043cdf9d637-common-args.resp
    
    builtin-ScanDependencies -o /Users/runner/Library/Developer/Xcode/DerivedData/countdown-commbukpdznukvarcianfztjiqgm/Build/Intermediates.noindex/ArchiveIntermediates/countdown/IntermediateBuildFilesPath/Pods.build/Release-iphoneos/SVProgressHUD.build/Objects-normal/arm64/SVProgressHUD_vers.o.scan -- /Applications/Xcode_16.4.app/Contents/Developer/Toolchains/XcodeDefault.xctoolchain/usr/bin/clang -x c -ivfsstatcache /Users/runner/Library/Developer/Xcode/DerivedData/SDKStatCaches.noindex/iphoneos18.5-22F76-a529daf784b3616c7c04a36aeb7f5c05.sdkstatcache -fmessage-length\=0 -fdiagnostics-show-note-include-stack -fmacro-backtrace-limit\=0 -fno-color-diagnostics -fmodules-prune-interval\=86400 -fmodules-prune-after\=345600 -fbuild-session-file\=/Users/runner/Library/Developer/Xcode/DerivedData/ModuleCache.noindex/Session.modulevalidation -fmodules-validate-once-per-build-session -Wnon-modular-include-in-framework-module -Werror\=non-modular-include-in-framework-module -Wno-trigraphs -Wno-missing-field-initializers -Wno-missing-prototypes -Werror\=return-type -Wdocumentation -Wunreachable-code -Werror\=deprecated-objc-isa-usage -Werror\=objc-root-class -Wno-missing-braces -Wparentheses -Wswitch -Wunused-function -Wno-unused-label -Wno-unused-parameter -Wunused-variable -Wunused-value -Wempty-body -Wuninitialized -Wconditional-uninitialized -Wno-unknown-pragmas -Wno-shadow -Wno-four-char-constants -Wno-conversion -Wconstant-conversion -Wint-conversion -Wbool-conversion -Wenum-conversion -Wno-float-conversion -Wnon-literal-null-conversion -Wobjc-literal-conversion -Wshorten-64-to-32 -Wpointer-sign -Wno-newline-eof -Wno-implicit-fallthrough -fstrict-aliasing -Wdeprecated-declarations -Wno-sign-conversion -Winfinite-recursion -Wcomma -Wblock-capture-autoreleasing -Wstrict-prototypes -Wno-semicolon-before-method-body -Wunguarded-availability @/Users/runner/Library/Developer/Xcode/DerivedData/countdown-commbukpdznukvarcianfztjiqgm/Build/Intermediates.noindex/ArchiveIntermediates/countdown/IntermediateBuildFilesPath/Pods.build/Release-iphoneos/SVProgressHUD.build/Objects-normal/arm64/7187679823f38a2a940e0043cdf9d637-common-args.resp -MMD -MT dependencies -MF /Users/runner/Library/Developer/Xcode/DerivedData/countdown-commbukpdznukvarcianfztjiqgm/Build/Intermediates.noindex/ArchiveIntermediates/countdown/IntermediateBuildFilesPath/Pods.build/Release-iphoneos/SVProgressHUD.build/Objects-normal/arm64/SVProgressHUD_vers.d --serialize-diagnostics /Users/runner/Library/Developer/Xcode/DerivedData/countdown-commbukpdznukvarcianfztjiqgm/Build/Intermediates.noindex/ArchiveIntermediates/countdown/IntermediateBuildFilesPath/Pods.build/Release-iphoneos/SVProgressHUD.build/Objects-normal/arm64/SVProgressHUD_vers.dia -c /Users/runner/Library/Developer/Xcode/DerivedData/countdown-commbukpdznukvarcianfztjiqgm/Build/Intermediates.noindex/ArchiveIntermediates/countdown/IntermediateBuildFilesPath/Pods.build/Release-iphoneos/SVProgressHUD.build/DerivedSources/SVProgressHUD_vers.c -o /Users/runner/Library/Developer/Xcode/DerivedData/countdown-commbukpdznukvarcianfztjiqgm/Build/Intermediates.noindex/ArchiveIntermediates/countdown/IntermediateBuildFilesPath/Pods.build/Release-iphoneos/SVProgressHUD.build/Objects-normal/arm64/SVProgressHUD_vers.o

PrecompileModule /Users/runner/Library/Developer/Xcode/DerivedData/countdown-commbukpdznukvarcianfztjiqgm/Build/Intermediates.noindex/ArchiveIntermediates/countdown/IntermediateBuildFilesPath/ExplicitPrecompiledModules/ObjectiveC-61UNZC8YWKC88291BVJ1M3F15.scan
    cd /Users/runner/work/CountdownW/CountdownW/Pods
    builtin-precompileModule /Users/runner/Library/Developer/Xcode/DerivedData/countdown-commbukpdznukvarcianfztjiqgm/Build/Intermediates.noindex/ArchiveIntermediates/countdown/IntermediateBuildFilesPath/ExplicitPrecompiledModules/ObjectiveC-61UNZC8YWKC88291BVJ1M3F15.scan

CompileC /Users/runner/Library/Developer/Xcode/DerivedData/countdown-commbukpdznukvarcianfztjiqgm/Build/Intermediates.noindex/ArchiveIntermediates/countdown/IntermediateBuildFilesPath/Pods.build/Release-iphoneos/SVProgressHUD.build/Objects-normal/arm64/SVProgressHUD_vers.o /Users/runner/Library/Developer/Xcode/DerivedData/countdown-commbukpdznukvarcianfztjiqgm/Build/Intermediates.noindex/ArchiveIntermediates/countdown/IntermediateBuildFilesPath/Pods.build/Release-iphoneos/SVProgressHUD.build/DerivedSources/SVProgressHUD_vers.c normal arm64 c com.apple.compilers.llvm.clang.1_0.compiler (in target 'SVProgressHUD' from project 'Pods')
    cd /Users/runner/work/CountdownW/CountdownW/Pods
    
    Using response file: /Users/runner/Library/Developer/Xcode/DerivedData/countdown-commbukpdznukvarcianfztjiqgm/Build/Intermediates.noindex/ArchiveIntermediates/countdown/IntermediateBuildFilesPath/Pods.build/Release-iphoneos/SVProgressHUD.build/Objects-normal/arm64/7187679823f38a2a940e0043cdf9d637-common-args.resp
    
    /Applications/Xcode_16.4.app/Contents/Developer/Toolchains/XcodeDefault.xctoolchain/usr/bin/clang -x c -ivfsstatcache /Users/runner/Library/Developer/Xcode/DerivedData/SDKStatCaches.noindex/iphoneos18.5-22F76-a529daf784b3616c7c04a36aeb7f5c05.sdkstatcache -fmessage-length\=0 -fdiagnostics-show-note-include-stack -fmacro-backtrace-limit\=0 -fno-color-diagnostics -fmodules-prune-interval\=86400 -fmodules-prune-after\=345600 -fbuild-session-file\=/Users/runner/Library/Developer/Xcode/DerivedData/ModuleCache.noindex/Session.modulevalidation -fmodules-validate-once-per-build-session -Wnon-modular-include-in-framework-module -Werror\=non-modular-include-in-framework-module -Wno-trigraphs -Wno-missing-field-initializers -Wno-missing-prototypes -Werror\=return-type -Wdocumentation -Wunreachable-code -Werror\=deprecated-objc-isa-usage -Werror\=objc-root-class -Wno-missing-braces -Wparentheses -Wswitch -Wunused-function -Wno-unused-label -Wno-unused-parameter -Wunused-variable -Wunused-value -Wempty-body -Wuninitialized -Wconditional-uninitialized -Wno-unknown-pragmas -Wno-shadow -Wno-four-char-constants -Wno-conversion -Wconstant-conversion -Wint-conversion -Wbool-conversion -Wenum-conversion -Wno-float-conversion -Wnon-literal-null-conversion -Wobjc-literal-conversion -Wshorten-64-to-32 -Wpointer-sign -Wno-newline-eof -Wno-implicit-fallthrough -fstrict-aliasing -Wdeprecated-declarations -Wno-sign-conversion -Winfinite-recursion -Wcomma -Wblock-capture-autoreleasing -Wstrict-prototypes -Wno-semicolon-before-method-body -Wunguarded-availability @/Users/runner/Library/Developer/Xcode/DerivedData/countdown-commbukpdznukvarcianfztjiqgm/Build/Intermediates.noindex/ArchiveIntermediates/countdown/IntermediateBuildFilesPath/Pods.build/Release-iphoneos/SVProgressHUD.build/Objects-normal/arm64/7187679823f38a2a940e0043cdf9d637-common-args.resp -MMD -MT dependencies -MF /Users/runner/Library/Developer/Xcode/DerivedData/countdown-commbukpdznukvarcianfztjiqgm/Build/Intermediates.noindex/ArchiveIntermediates/countdown/IntermediateBuildFilesPath/Pods.build/Release-iphoneos/SVProgressHUD.build/Objects-normal/arm64/SVProgressHUD_vers.d --serialize-diagnostics /Users/runner/Library/Developer/Xcode/DerivedData/countdown-commbukpdznukvarcianfztjiqgm/Build/Intermediates.noindex/ArchiveIntermediates/countdown/IntermediateBuildFilesPath/Pods.build/Release-iphoneos/SVProgressHUD.build/Objects-normal/arm64/SVProgressHUD_vers.dia -c /Users/runner/Library/Developer/Xcode/DerivedData/countdown-commbukpdznukvarcianfztjiqgm/Build/Intermediates.noindex/ArchiveIntermediates/countdown/IntermediateBuildFilesPath/Pods.build/Release-iphoneos/SVProgressHUD.build/DerivedSources/SVProgressHUD_vers.c -o /Users/runner/Library/Developer/Xcode/DerivedData/countdown-commbukpdznukvarcianfztjiqgm/Build/Intermediates.noindex/ArchiveIntermediates/countdown/IntermediateBuildFilesPath/Pods.build/Release-iphoneos/SVProgressHUD.build/Objects-normal/arm64/SVProgressHUD_vers.o

PrecompileModule /Users/runner/Library/Developer/Xcode/DerivedData/countdown-commbukpdznukvarcianfztjiqgm/Build/Intermediates.noindex/ArchiveIntermediates/countdown/IntermediateBuildFilesPath/ExplicitPrecompiledModules/os_object-8JVWLQMNVYSVPCBS9O1ATJ9MS.scan
    cd /Users/runner/work/CountdownW/CountdownW/Pods
    builtin-precompileModule /Users/runner/Library/Developer/Xcode/DerivedData/countdown-commbukpdznukvarcianfztjiqgm/Build/Intermediates.noindex/ArchiveIntermediates/countdown/IntermediateBuildFilesPath/ExplicitPrecompiledModules/os_object-8JVWLQMNVYSVPCBS9O1ATJ9MS.scan

ScanDependencies /Users/runner/Library/Developer/Xcode/DerivedData/countdown-commbukpdznukvarcianfztjiqgm/Build/Intermediates.noindex/ArchiveIntermediates/countdown/IntermediateBuildFilesPath/Pods.build/Release-iphoneos/SVProgressHUD.build/Objects-normal/arm64/SVProgressHUD.o /Users/runner/work/CountdownW/CountdownW/Pods/SVProgressHUD/SVProgressHUD/SVProgressHUD.m normal arm64 objective-c com.apple.compilers.llvm.clang.1_0.compiler (in target 'SVProgressHUD' from project 'Pods')
    cd /Users/runner/work/CountdownW/CountdownW/Pods
    
    Using response file: /Users/runner/Library/Developer/Xcode/DerivedData/countdown-commbukpdznukvarcianfztjiqgm/Build/Intermediates.noindex/ArchiveIntermediates/countdown/IntermediateBuildFilesPath/Pods.build/Release-iphoneos/SVProgressHUD.build/Objects-normal/arm64/e6072d4f65d7061329687fe24e3d63a7-common-args.resp
    
    builtin-ScanDependencies -o /Users/runner/Library/Developer/Xcode/DerivedData/countdown-commbukpdznukvarcianfztjiqgm/Build/Intermediates.noindex/ArchiveIntermediates/countdown/IntermediateBuildFilesPath/Pods.build/Release-iphoneos/SVProgressHUD.build/Objects-normal/arm64/SVProgressHUD.o.scan -- /Applications/Xcode_16.4.app/Contents/Developer/Toolchains/XcodeDefault.xctoolchain/usr/bin/clang -x objective-c -ivfsstatcache /Users/runner/Library/Developer/Xcode/DerivedData/SDKStatCaches.noindex/iphoneos18.5-22F76-a529daf784b3616c7c04a36aeb7f5c05.sdkstatcache -fmessage-length\=0 -fdiagnostics-show-note-include-stack -fmacro-backtrace-limit\=0 -fno-color-diagnostics -fmodules-prune-interval\=86400 -fmodules-prune-after\=345600 -fbuild-session-file\=/Users/runner/Library/Developer/Xcode/DerivedData/ModuleCache.noindex/Session.modulevalidation -fmodules-validate-once-per-build-session -Wnon-modular-include-in-framework-module -Werror\=non-modular-include-in-framework-module -Wno-trigraphs -Wno-missing-field-initializers -Wno-missing-prototypes -Werror\=return-type -Wdocumentation -Wunreachable-code -Wno-implicit-atomic-properties -Werror\=deprecated-objc-isa-usage -Wno-objc-interface-ivars -Werror\=objc-root-class -Wno-arc-repeated-use-of-weak -Wimplicit-retain-self -Wduplicate-method-match -Wno-missing-braces -Wparentheses -Wswitch -Wunused-function -Wno-unused-label -Wno-unused-parameter -Wunused-variable -Wunused-value -Wempty-body -Wuninitialized -Wconditional-uninitialized -Wno-unknown-pragmas -Wno-shadow -Wno-four-char-constants -Wno-conversion -Wconstant-conversion -Wint-conversion -Wbool-conversion -Wenum-conversion -Wno-float-conversion -Wnon-literal-null-conversion -Wobjc-literal-conversion -Wshorten-64-to-32 -Wpointer-sign -Wno-newline-eof -Wno-selector -Wno-strict-selector-match -Wundeclared-selector -Wdeprecated-implementations -Wno-implicit-fallthrough -fstrict-aliasing -Wprotocol -Wdeprecated-declarations -Wno-sign-conversion -Winfinite-recursion -Wcomma -Wblock-capture-autoreleasing -Wstrict-prototypes -Wno-semicolon-before-method-body -Wunguarded-availability @/Users/runner/Library/Developer/Xcode/DerivedData/countdown-commbukpdznukvarcianfztjiqgm/Build/Intermediates.noindex/ArchiveIntermediates/countdown/IntermediateBuildFilesPath/Pods.build/Release-iphoneos/SVProgressHUD.build/Objects-normal/arm64/e6072d4f65d7061329687fe24e3d63a7-common-args.resp -w -Xanalyzer -analyzer-disable-all-checks -include /Users/runner/work/CountdownW/CountdownW/Pods/Target\ Support\ Files/SVProgressHUD/SVProgressHUD-prefix.pch -MMD -MT dependencies -MF /Users/runner/Library/Developer/Xcode/DerivedData/countdown-commbukpdznukvarcianfztjiqgm/Build/Intermediates.noindex/ArchiveIntermediates/countdown/IntermediateBuildFilesPath/Pods.build/Release-iphoneos/SVProgressHUD.build/Objects-normal/arm64/SVProgressHUD.d --serialize-diagnostics /Users/runner/Library/Developer/Xcode/DerivedData/countdown-commbukpdznukvarcianfztjiqgm/Build/Intermediates.noindex/ArchiveIntermediates/countdown/IntermediateBuildFilesPath/Pods.build/Release-iphoneos/SVProgressHUD.build/Objects-normal/arm64/SVProgressHUD.dia -c /Users/runner/work/CountdownW/CountdownW/Pods/SVProgressHUD/SVProgressHUD/SVProgressHUD.m -o /Users/runner/Library/Developer/Xcode/DerivedData/countdown-commbukpdznukvarcianfztjiqgm/Build/Intermediates.noindex/ArchiveIntermediates/countdown/IntermediateBuildFilesPath/Pods.build/Release-iphoneos/SVProgressHUD.build/Objects-normal/arm64/SVProgressHUD.o

PrecompileModule /Users/runner/Library/Developer/Xcode/DerivedData/countdown-commbukpdznukvarcianfztjiqgm/Build/Intermediates.noindex/ArchiveIntermediates/countdown/IntermediateBuildFilesPath/ExplicitPrecompiledModules/os_workgroup-6N0O91OBW7Z8A0ASGVP1JFXEO.scan
    cd /Users/runner/work/CountdownW/CountdownW/Pods
    builtin-precompileModule /Users/runner/Library/Developer/Xcode/DerivedData/countdown-commbukpdznukvarcianfztjiqgm/Build/Intermediates.noindex/ArchiveIntermediates/countdown/IntermediateBuildFilesPath/ExplicitPrecompiledModules/os_workgroup-6N0O91OBW7Z8A0ASGVP1JFXEO.scan

ScanDependencies /Users/runner/Library/Developer/Xcode/DerivedData/countdown-commbukpdznukvarcianfztjiqgm/Build/Intermediates.noindex/ArchiveIntermediates/countdown/IntermediateBuildFilesPath/Pods.build/Release-iphoneos/SVProgressHUD.build/Objects-normal/arm64/SVProgressHUD-dummy.o /Users/runner/work/CountdownW/CountdownW/Pods/Target\ Support\ Files/SVProgressHUD/SVProgressHUD-dummy.m normal arm64 objective-c com.apple.compilers.llvm.clang.1_0.compiler (in target 'SVProgressHUD' from project 'Pods')
    cd /Users/runner/work/CountdownW/CountdownW/Pods
    
    Using response file: /Users/runner/Library/Developer/Xcode/DerivedData/countdown-commbukpdznukvarcianfztjiqgm/Build/Intermediates.noindex/ArchiveIntermediates/countdown/IntermediateBuildFilesPath/Pods.build/Release-iphoneos/SVProgressHUD.build/Objects-normal/arm64/e6072d4f65d7061329687fe24e3d63a7-common-args.resp
    
    builtin-ScanDependencies -o /Users/runner/Library/Developer/Xcode/DerivedData/countdown-commbukpdznukvarcianfztjiqgm/Build/Intermediates.noindex/ArchiveIntermediates/countdown/IntermediateBuildFilesPath/Pods.build/Release-iphoneos/SVProgressHUD.build/Objects-normal/arm64/SVProgressHUD-dummy.o.scan -- /Applications/Xcode_16.4.app/Contents/Developer/Toolchains/XcodeDefault.xctoolchain/usr/bin/clang -x objective-c -ivfsstatcache /Users/runner/Library/Developer/Xcode/DerivedData/SDKStatCaches.noindex/iphoneos18.5-22F76-a529daf784b3616c7c04a36aeb7f5c05.sdkstatcache -fmessage-length\=0 -fdiagnostics-show-note-include-stack -fmacro-backtrace-limit\=0 -fno-color-diagnostics -fmodules-prune-interval\=86400 -fmodules-prune-after\=345600 -fbuild-session-file\=/Users/runner/Library/Developer/Xcode/DerivedData/ModuleCache.noindex/Session.modulevalidation -fmodules-validate-once-per-build-session -Wnon-modular-include-in-framework-module -Werror\=non-modular-include-in-framework-module -Wno-trigraphs -Wno-missing-field-initializers -Wno-missing-prototypes -Werror\=return-type -Wdocumentation -Wunreachable-code -Wno-implicit-atomic-properties -Werror\=deprecated-objc-isa-usage -Wno-objc-interface-ivars -Werror\=objc-root-class -Wno-arc-repeated-use-of-weak -Wimplicit-retain-self -Wduplicate-method-match -Wno-missing-braces -Wparentheses -Wswitch -Wunused-function -Wno-unused-label -Wno-unused-parameter -Wunused-variable -Wunused-value -Wempty-body -Wuninitialized -Wconditional-uninitialized -Wno-unknown-pragmas -Wno-shadow -Wno-four-char-constants -Wno-conversion -Wconstant-conversion -Wint-conversion -Wbool-conversion -Wenum-conversion -Wno-float-conversion -Wnon-literal-null-conversion -Wobjc-literal-conversion -Wshorten-64-to-32 -Wpointer-sign -Wno-newline-eof -Wno-selector -Wno-strict-selector-match -Wundeclared-selector -Wdeprecated-implementations -Wno-implicit-fallthrough -fstrict-aliasing -Wprotocol -Wdeprecated-declarations -Wno-sign-conversion -Winfinite-recursion -Wcomma -Wblock-capture-autoreleasing -Wstrict-prototypes -Wno-semicolon-before-method-body -Wunguarded-availability @/Users/runner/Library/Developer/Xcode/DerivedData/countdown-commbukpdznukvarcianfztjiqgm/Build/Intermediates.noindex/ArchiveIntermediates/countdown/IntermediateBuildFilesPath/Pods.build/Release-iphoneos/SVProgressHUD.build/Objects-normal/arm64/e6072d4f65d7061329687fe24e3d63a7-common-args.resp -include /Users/runner/work/CountdownW/CountdownW/Pods/Target\ Support\ Files/SVProgressHUD/SVProgressHUD-prefix.pch -MMD -MT dependencies -MF /Users/runner/Library/Developer/Xcode/DerivedData/countdown-commbukpdznukvarcianfztjiqgm/Build/Intermediates.noindex/ArchiveIntermediates/countdown/IntermediateBuildFilesPath/Pods.build/Release-iphoneos/SVProgressHUD.build/Objects-normal/arm64/SVProgressHUD-dummy.d --serialize-diagnostics /Users/runner/Library/Developer/Xcode/DerivedData/countdown-commbukpdznukvarcianfztjiqgm/Build/Intermediates.noindex/ArchiveIntermediates/countdown/IntermediateBuildFilesPath/Pods.build/Release-iphoneos/SVProgressHUD.build/Objects-normal/arm64/SVProgressHUD-dummy.dia -c /Users/runner/work/CountdownW/CountdownW/Pods/Target\ Support\ Files/SVProgressHUD/SVProgressHUD-dummy.m -o /Users/runner/Library/Developer/Xcode/DerivedData/countdown-commbukpdznukvarcianfztjiqgm/Build/Intermediates.noindex/ArchiveIntermediates/countdown/IntermediateBuildFilesPath/Pods.build/Release-iphoneos/SVProgressHUD.build/Objects-normal/arm64/SVProgressHUD-dummy.o

PrecompileModule /Users/runner/Library/Developer/Xcode/DerivedData/countdown-commbukpdznukvarcianfztjiqgm/Build/Intermediates.noindex/ArchiveIntermediates/countdown/IntermediateBuildFilesPath/ExplicitPrecompiledModules/Dispatch-COEDZ19P9N8S59B0EX50GJM85.scan
    cd /Users/runner/work/CountdownW/CountdownW/Pods
    builtin-precompileModule /Users/runner/Library/Developer/Xcode/DerivedData/countdown-commbukpdznukvarcianfztjiqgm/Build/Intermediates.noindex/ArchiveIntermediates/countdown/IntermediateBuildFilesPath/ExplicitPrecompiledModules/Dispatch-COEDZ19P9N8S59B0EX50GJM85.scan

PrecompileModule /Users/runner/Library/Developer/Xcode/DerivedData/countdown-commbukpdznukvarcianfztjiqgm/Build/Intermediates.noindex/ArchiveIntermediates/countdown/IntermediateBuildFilesPath/ExplicitPrecompiledModules/ptrcheck-DAKJ00H4GNTCO62S9WPE4MNPP.scan
    cd /Users/runner/work/CountdownW/CountdownW/Pods
    builtin-precompileModule /Users/runner/Library/Developer/Xcode/DerivedData/countdown-commbukpdznukvarcianfztjiqgm/Build/Intermediates.noindex/ArchiveIntermediates/countdown/IntermediateBuildFilesPath/ExplicitPrecompiledModules/ptrcheck-DAKJ00H4GNTCO62S9WPE4MNPP.scan

PrecompileModule /Users/runner/Library/Developer/Xcode/DerivedData/countdown-commbukpdznukvarcianfztjiqgm/Build/Intermediates.noindex/ArchiveIntermediates/countdown/IntermediateBuildFilesPath/ExplicitPrecompiledModules/os_availability_internal-28PD4R1Q5ENG1TVNCS7NT2ZV8.scan
    cd /Users/runner/work/CountdownW/CountdownW/Pods
    builtin-precompileModule /Users/runner/Library/Developer/Xcode/DerivedData/countdown-commbukpdznukvarcianfztjiqgm/Build/Intermediates.noindex/ArchiveIntermediates/countdown/IntermediateBuildFilesPath/ExplicitPrecompiledModules/os_availability_internal-28PD4R1Q5ENG1TVNCS7NT2ZV8.scan

PrecompileModule /Users/runner/Library/Developer/Xcode/DerivedData/countdown-commbukpdznukvarcianfztjiqgm/Build/Intermediates.noindex/ArchiveIntermediates/countdown/IntermediateBuildFilesPath/ExplicitPrecompiledModules/CoreFoundation-79BQN0OO50FP1D8Y4E0OGQJG3.scan
    cd /Users/runner/work/CountdownW/CountdownW/Pods
    builtin-precompileModule /Users/runner/Library/Developer/Xcode/DerivedData/countdown-commbukpdznukvarcianfztjiqgm/Build/Intermediates.noindex/ArchiveIntermediates/countdown/IntermediateBuildFilesPath/ExplicitPrecompiledModules/CoreFoundation-79BQN0OO50FP1D8Y4E0OGQJG3.scan

PrecompileModule /Users/runner/Library/Developer/Xcode/DerivedData/countdown-commbukpdznukvarcianfztjiqgm/Build/Intermediates.noindex/ArchiveIntermediates/countdown/IntermediateBuildFilesPath/ExplicitPrecompiledModules/_fenv-D9NNQ7DRIGQDS9AY96V44DIWG.scan
    cd /Users/runner/work/CountdownW/CountdownW/Pods
    builtin-precompileModule /Users/runner/Library/Developer/Xcode/DerivedData/countdown-commbukpdznukvarcianfztjiqgm/Build/Intermediates.noindex/ArchiveIntermediates/countdown/IntermediateBuildFilesPath/ExplicitPrecompiledModules/_fenv-D9NNQ7DRIGQDS9AY96V44DIWG.scan

PrecompileModule /Users/runner/Library/Developer/Xcode/DerivedData/countdown-commbukpdznukvarcianfztjiqgm/Build/Intermediates.noindex/ArchiveIntermediates/countdown/IntermediateBuildFilesPath/ExplicitPrecompiledModules/ptrauth-2KXQTQHUEVGPJ7ALIDNINGTEA.scan
    cd /Users/runner/work/CountdownW/CountdownW/Pods
    builtin-precompileModule /Users/runner/Library/Developer/Xcode/DerivedData/countdown-commbukpdznukvarcianfztjiqgm/Build/Intermediates.noindex/ArchiveIntermediates/countdown/IntermediateBuildFilesPath/ExplicitPrecompiledModules/ptrauth-2KXQTQHUEVGPJ7ALIDNINGTEA.scan

PrecompileModule /Users/runner/Library/Developer/Xcode/DerivedData/countdown-commbukpdznukvarcianfztjiqgm/Build/Intermediates.noindex/ArchiveIntermediates/countdown/IntermediateBuildFilesPath/ExplicitPrecompiledModules/_Builtin_stddef-AV5ZPTN8WTKF3GKRW17UH9WAI.scan
    cd /Users/runner/work/CountdownW/CountdownW/Pods
    builtin-precompileModule /Users/runner/Library/Developer/Xcode/DerivedData/countdown-commbukpdznukvarcianfztjiqgm/Build/Intermediates.noindex/ArchiveIntermediates/countdown/IntermediateBuildFilesPath/ExplicitPrecompiledModules/_Builtin_stddef-AV5ZPTN8WTKF3GKRW17UH9WAI.scan

PrecompileModule /Users/runner/Library/Developer/Xcode/DerivedData/countdown-commbukpdznukvarcianfztjiqgm/Build/Intermediates.noindex/ArchiveIntermediates/countdown/IntermediateBuildFilesPath/ExplicitPrecompiledModules/CFNetwork-DGJH8R2KU666Z1GTIGQ2R16EZ.scan
    cd /Users/runner/work/CountdownW/CountdownW/Pods
    builtin-precompileModule /Users/runner/Library/Developer/Xcode/DerivedData/countdown-commbukpdznukvarcianfztjiqgm/Build/Intermediates.noindex/ArchiveIntermediates/countdown/IntermediateBuildFilesPath/ExplicitPrecompiledModules/CFNetwork-DGJH8R2KU666Z1GTIGQ2R16EZ.scan

PrecompileModule /Users/runner/Library/Developer/Xcode/DerivedData/countdown-commbukpdznukvarcianfztjiqgm/Build/Intermediates.noindex/ArchiveIntermediates/countdown/IntermediateBuildFilesPath/ExplicitPrecompiledModules/_Builtin_stdbool-DXSKISAK424QB3WTPJM8EB9KF.scan
    cd /Users/runner/work/CountdownW/CountdownW/Pods
    builtin-precompileModule /Users/runner/Library/Developer/Xcode/DerivedData/countdown-commbukpdznukvarcianfztjiqgm/Build/Intermediates.noindex/ArchiveIntermediates/countdown/IntermediateBuildFilesPath/ExplicitPrecompiledModules/_Builtin_stdbool-DXSKISAK424QB3WTPJM8EB9KF.scan

PrecompileModule /Users/runner/Library/Developer/Xcode/DerivedData/countdown-commbukpdznukvarcianfztjiqgm/Build/Intermediates.noindex/ArchiveIntermediates/countdown/IntermediateBuildFilesPath/ExplicitPrecompiledModules/_Builtin_iso646-18ZZJ1UI4655MU4GDV9VM8GAW.scan
    cd /Users/runner/work/CountdownW/CountdownW/Pods
    builtin-precompileModule /Users/runner/Library/Developer/Xcode/DerivedData/countdown-commbukpdznukvarcianfztjiqgm/Build/Intermediates.noindex/ArchiveIntermediates/countdown/IntermediateBuildFilesPath/ExplicitPrecompiledModules/_Builtin_iso646-18ZZJ1UI4655MU4GDV9VM8GAW.scan

PrecompileModule /Users/runner/Library/Developer/Xcode/DerivedData/countdown-commbukpdznukvarcianfztjiqgm/Build/Intermediates.noindex/ArchiveIntermediates/countdown/IntermediateBuildFilesPath/ExplicitPrecompiledModules/XPC-1WBXA8FT18X5OUBPNV3NFHH6O.scan
    cd /Users/runner/work/CountdownW/CountdownW/Pods
    builtin-precompileModule /Users/runner/Library/Developer/Xcode/DerivedData/countdown-commbukpdznukvarcianfztjiqgm/Build/Intermediates.noindex/ArchiveIntermediates/countdown/IntermediateBuildFilesPath/ExplicitPrecompiledModules/XPC-1WBXA8FT18X5OUBPNV3NFHH6O.scan

PrecompileModule /Users/runner/Library/Developer/Xcode/DerivedData/countdown-commbukpdznukvarcianfztjiqgm/Build/Intermediates.noindex/ArchiveIntermediates/countdown/IntermediateBuildFilesPath/ExplicitPrecompiledModules/TargetConditionals-4X96OJO3AYN9QVZJJFGRHJ9JN.scan
    cd /Users/runner/work/CountdownW/CountdownW/Pods
    builtin-precompileModule /Users/runner/Library/Developer/Xcode/DerivedData/countdown-commbukpdznukvarcianfztjiqgm/Build/Intermediates.noindex/ArchiveIntermediates/countdown/IntermediateBuildFilesPath/ExplicitPrecompiledModules/TargetConditionals-4X96OJO3AYN9QVZJJFGRHJ9JN.scan

PrecompileModule /Users/runner/Library/Developer/Xcode/DerivedData/countdown-commbukpdznukvarcianfztjiqgm/Build/Intermediates.noindex/ArchiveIntermediates/countdown/IntermediateBuildFilesPath/ExplicitPrecompiledModules/_float-DE190IYFD1R9VRULSF4BB3QDQ.scan
    cd /Users/runner/work/CountdownW/CountdownW/Pods
    builtin-precompileModule /Users/runner/Library/Developer/Xcode/DerivedData/countdown-commbukpdznukvarcianfztjiqgm/Build/Intermediates.noindex/ArchiveIntermediates/countdown/IntermediateBuildFilesPath/ExplicitPrecompiledModules/_float-DE190IYFD1R9VRULSF4BB3QDQ.scan

PrecompileModule /Users/runner/Library/Developer/Xcode/DerivedData/countdown-commbukpdznukvarcianfztjiqgm/Build/Intermediates.noindex/ArchiveIntermediates/countdown/IntermediateBuildFilesPath/ExplicitPrecompiledModules/Security-8EZ286QXO2ZXV0AR5UJW1CFLG.scan
    cd /Users/runner/work/CountdownW/CountdownW/Pods
    builtin-precompileModule /Users/runner/Library/Developer/Xcode/DerivedData/countdown-commbukpdznukvarcianfztjiqgm/Build/Intermediates.noindex/ArchiveIntermediates/countdown/IntermediateBuildFilesPath/ExplicitPrecompiledModules/Security-8EZ286QXO2ZXV0AR5UJW1CFLG.scan

PrecompileModule /Users/runner/Library/Developer/Xcode/DerivedData/countdown-commbukpdznukvarcianfztjiqgm/Build/Intermediates.noindex/ArchiveIntermediates/countdown/IntermediateBuildFilesPath/ExplicitPrecompiledModules/_Builtin_float-4DYG2VBNJIJVBPFBUAMJFSERA.scan
    cd /Users/runner/work/CountdownW/CountdownW/Pods
    builtin-precompileModule /Users/runner/Library/Developer/Xcode/DerivedData/countdown-commbukpdznukvarcianfztjiqgm/Build/Intermediates.noindex/ArchiveIntermediates/countdown/IntermediateBuildFilesPath/ExplicitPrecompiledModules/_Builtin_float-4DYG2VBNJIJVBPFBUAMJFSERA.scan

PrecompileModule /Users/runner/Library/Developer/Xcode/DerivedData/countdown-commbukpdznukvarcianfztjiqgm/Build/Intermediates.noindex/ArchiveIntermediates/countdown/IntermediateBuildFilesPath/ExplicitPrecompiledModules/Foundation-AZKWDIL8P8XYGNVXHTDD5JRYA.scan
    cd /Users/runner/work/CountdownW/CountdownW/Pods
    builtin-precompileModule /Users/runner/Library/Developer/Xcode/DerivedData/countdown-commbukpdznukvarcianfztjiqgm/Build/Intermediates.noindex/ArchiveIntermediates/countdown/IntermediateBuildFilesPath/ExplicitPrecompiledModules/Foundation-AZKWDIL8P8XYGNVXHTDD5JRYA.scan

PrecompileModule /Users/runner/Library/Developer/Xcode/DerivedData/countdown-commbukpdznukvarcianfztjiqgm/Build/Intermediates.noindex/ArchiveIntermediates/countdown/IntermediateBuildFilesPath/ExplicitPrecompiledModules/CoreGraphics-3SB0DCQ09EWQQV8HO6092KJ2Q.scan
    cd /Users/runner/work/CountdownW/CountdownW/Pods
    builtin-precompileModule /Users/runner/Library/Developer/Xcode/DerivedData/countdown-commbukpdznukvarcianfztjiqgm/Build/Intermediates.noindex/ArchiveIntermediates/countdown/IntermediateBuildFilesPath/ExplicitPrecompiledModules/CoreGraphics-3SB0DCQ09EWQQV8HO6092KJ2Q.scan

PrecompileModule /Users/runner/Library/Developer/Xcode/DerivedData/countdown-commbukpdznukvarcianfztjiqgm/Build/Intermediates.noindex/ArchiveIntermediates/countdown/IntermediateBuildFilesPath/ExplicitPrecompiledModules/Symbols-BR55K9J1QEPSAOH6YBB0301MY.scan
    cd /Users/runner/work/CountdownW/CountdownW/Pods
    builtin-precompileModule /Users/runner/Library/Developer/Xcode/DerivedData/countdown-commbukpdznukvarcianfztjiqgm/Build/Intermediates.noindex/ArchiveIntermediates/countdown/IntermediateBuildFilesPath/ExplicitPrecompiledModules/Symbols-BR55K9J1QEPSAOH6YBB0301MY.scan

PrecompileModule /Users/runner/Library/Developer/Xcode/DerivedData/countdown-commbukpdznukvarcianfztjiqgm/Build/Intermediates.noindex/ArchiveIntermediates/countdown/IntermediateBuildFilesPath/ExplicitPrecompiledModules/FileProvider-OL5LRQR1PX11DBXNIHIOF8Q9.scan
    cd /Users/runner/work/CountdownW/CountdownW/Pods
    builtin-precompileModule /Users/runner/Library/Developer/Xcode/DerivedData/countdown-commbukpdznukvarcianfztjiqgm/Build/Intermediates.noindex/ArchiveIntermediates/countdown/IntermediateBuildFilesPath/ExplicitPrecompiledModules/FileProvider-OL5LRQR1PX11DBXNIHIOF8Q9.scan

PrecompileModule /Users/runner/Library/Developer/Xcode/DerivedData/countdown-commbukpdznukvarcianfztjiqgm/Build/Intermediates.noindex/ArchiveIntermediates/countdown/IntermediateBuildFilesPath/ExplicitPrecompiledModules/CoreText-9I2ITP3CYY8DBX1JD8TIP92V4.scan
    cd /Users/runner/work/CountdownW/CountdownW/Pods
    builtin-precompileModule /Users/runner/Library/Developer/Xcode/DerivedData/countdown-commbukpdznukvarcianfztjiqgm/Build/Intermediates.noindex/ArchiveIntermediates/countdown/IntermediateBuildFilesPath/ExplicitPrecompiledModules/CoreText-9I2ITP3CYY8DBX1JD8TIP92V4.scan

PrecompileModule /Users/runner/Library/Developer/Xcode/DerivedData/countdown-commbukpdznukvarcianfztjiqgm/Build/Intermediates.noindex/ArchiveIntermediates/countdown/IntermediateBuildFilesPath/ExplicitPrecompiledModules/IOSurface-6U4ZJ1VTZAYFAR1SFJOW8N211.scan
    cd /Users/runner/work/CountdownW/CountdownW/Pods
    builtin-precompileModule /Users/runner/Library/Developer/Xcode/DerivedData/countdown-commbukpdznukvarcianfztjiqgm/Build/Intermediates.noindex/ArchiveIntermediates/countdown/IntermediateBuildFilesPath/ExplicitPrecompiledModules/IOSurface-6U4ZJ1VTZAYFAR1SFJOW8N211.scan

PrecompileModule /Users/runner/Library/Developer/Xcode/DerivedData/countdown-commbukpdznukvarcianfztjiqgm/Build/Intermediates.noindex/ArchiveIntermediates/countdown/IntermediateBuildFilesPath/ExplicitPrecompiledModules/ImageIO-885J98LMTL0XNK53FYCWJMQN2.scan
    cd /Users/runner/work/CountdownW/CountdownW/Pods
    builtin-precompileModule /Users/runner/Library/Developer/Xcode/DerivedData/countdown-commbukpdznukvarcianfztjiqgm/Build/Intermediates.noindex/ArchiveIntermediates/countdown/IntermediateBuildFilesPath/ExplicitPrecompiledModules/ImageIO-885J98LMTL0XNK53FYCWJMQN2.scan

PrecompileModule /Users/runner/Library/Developer/Xcode/DerivedData/countdown-commbukpdznukvarcianfztjiqgm/Build/Intermediates.noindex/ArchiveIntermediates/countdown/IntermediateBuildFilesPath/ExplicitPrecompiledModules/OpenGLES-2B4T528H9QAA0M0WN8YVIUHLA.scan
    cd /Users/runner/work/CountdownW/CountdownW/Pods
    builtin-precompileModule /Users/runner/Library/Developer/Xcode/DerivedData/countdown-commbukpdznukvarcianfztjiqgm/Build/Intermediates.noindex/ArchiveIntermediates/countdown/IntermediateBuildFilesPath/ExplicitPrecompiledModules/OpenGLES-2B4T528H9QAA0M0WN8YVIUHLA.scan

PrecompileModule /Users/runner/Library/Developer/Xcode/DerivedData/countdown-commbukpdznukvarcianfztjiqgm/Build/Intermediates.noindex/ArchiveIntermediates/countdown/IntermediateBuildFilesPath/ExplicitPrecompiledModules/Metal-E4Q761V3GOGMTS0UBEXD94CFQ.scan
    cd /Users/runner/work/CountdownW/CountdownW/Pods
    builtin-precompileModule /Users/runner/Library/Developer/Xcode/DerivedData/countdown-commbukpdznukvarcianfztjiqgm/Build/Intermediates.noindex/ArchiveIntermediates/countdown/IntermediateBuildFilesPath/ExplicitPrecompiledModules/Metal-E4Q761V3GOGMTS0UBEXD94CFQ.scan

PrecompileModule /Users/runner/Library/Developer/Xcode/DerivedData/countdown-commbukpdznukvarcianfztjiqgm/Build/Intermediates.noindex/ArchiveIntermediates/countdown/IntermediateBuildFilesPath/ExplicitPrecompiledModules/UserNotifications-4N8Q1RBM01BOR6J3WLKJDF3UR.scan
    cd /Users/runner/work/CountdownW/CountdownW/Pods
    builtin-precompileModule /Users/runner/Library/Developer/Xcode/DerivedData/countdown-commbukpdznukvarcianfztjiqgm/Build/Intermediates.noindex/ArchiveIntermediates/countdown/IntermediateBuildFilesPath/ExplicitPrecompiledModules/UserNotifications-4N8Q1RBM01BOR6J3WLKJDF3UR.scan

PrecompileModule /Users/runner/Library/Developer/Xcode/DerivedData/countdown-commbukpdznukvarcianfztjiqgm/Build/Intermediates.noindex/ArchiveIntermediates/countdown/IntermediateBuildFilesPath/ExplicitPrecompiledModules/CoreVideo-AMBTERQA6CRJQIGX7FAHOUAXL.scan
    cd /Users/runner/work/CountdownW/CountdownW/Pods
    builtin-precompileModule /Users/runner/Library/Developer/Xcode/DerivedData/countdown-commbukpdznukvarcianfztjiqgm/Build/Intermediates.noindex/ArchiveIntermediates/countdown/IntermediateBuildFilesPath/ExplicitPrecompiledModules/CoreVideo-AMBTERQA6CRJQIGX7FAHOUAXL.scan

PrecompileModule /Users/runner/Library/Developer/Xcode/DerivedData/countdown-commbukpdznukvarcianfztjiqgm/Build/Intermediates.noindex/ArchiveIntermediates/countdown/IntermediateBuildFilesPath/ExplicitPrecompiledModules/_Builtin_stdarg-ESWTALC79VLE7442U2U9GXZXF.scan
    cd /Users/runner/work/CountdownW/CountdownW/Pods
    builtin-precompileModule /Users/runner/Library/Developer/Xcode/DerivedData/countdown-commbukpdznukvarcianfztjiqgm/Build/Intermediates.noindex/ArchiveIntermediates/countdown/IntermediateBuildFilesPath/ExplicitPrecompiledModules/_Builtin_stdarg-ESWTALC79VLE7442U2U9GXZXF.scan

PrecompileModule /Users/runner/Library/Developer/Xcode/DerivedData/countdown-commbukpdznukvarcianfztjiqgm/Build/Intermediates.noindex/ArchiveIntermediates/countdown/IntermediateBuildFilesPath/ExplicitPrecompiledModules/CoreImage-CO1QKFXOM5OGHBWXIWON7QQW5.scan
    cd /Users/runner/work/CountdownW/CountdownW/Pods
    builtin-precompileModule /Users/runner/Library/Developer/Xcode/DerivedData/countdown-commbukpdznukvarcianfztjiqgm/Build/Intermediates.noindex/ArchiveIntermediates/countdown/IntermediateBuildFilesPath/ExplicitPrecompiledModules/CoreImage-CO1QKFXOM5OGHBWXIWON7QQW5.scan

SwiftDriverJobDiscovery normal arm64 Compiling APKASAManager.swift, APKNetLog.swift, APKNetLogDetailVC.swift, APKNetLogger.swift, APKNetLogListVC.swift, APKNetworkTools.swift, APKOneAppsManager.swift, APKOneAppsRecord.swift, APKOneRecommendApp.swift, APKProduct.swift, APKPurchaseManager.swift, APKRecordDetailViewController.swift, APKRecordsOverViewTableViewController.swift, APKRecordsViewController.swift, APKReportManager.swift, APKSwiftUINetLogListVC.swift, APKSwiftUIRecordsOverViewTableViewController.swift, APKTools.swift, APKTransaction.swift, ApplePurchaseManager.swift (in target 'ApplePurchaseKit' from project 'Pods')

SwiftDriver\ Compilation\ Requirements ApplePurchaseKit normal arm64 com.apple.xcode.tools.swift.compiler (in target 'ApplePurchaseKit' from project 'Pods')
    cd /Users/runner/work/CountdownW/CountdownW/Pods
    builtin-Swift-Compilation-Requirements -- /Applications/Xcode_16.4.app/Contents/Developer/Toolchains/XcodeDefault.xctoolchain/usr/bin/swiftc -module-name ApplePurchaseKit -O -whole-module-optimization -enforce-exclusivity\=checked @/Users/runner/Library/Developer/Xcode/DerivedData/countdown-commbukpdznukvarcianfztjiqgm/Build/Intermediates.noindex/ArchiveIntermediates/countdown/IntermediateBuildFilesPath/Pods.build/Release-iphoneos/ApplePurchaseKit.build/Objects-normal/arm64/ApplePurchaseKit.SwiftFileList -D COCOAPODS -suppress-warnings -enable-bare-slash-regex -enable-experimental-feature DebugDescriptionMacro -sdk /Applications/Xcode_16.4.app/Contents/Developer/Platforms/iPhoneOS.platform/Developer/SDKs/iPhoneOS18.5.sdk -target arm64-apple-ios15.0 -g -module-cache-path /Users/runner/Library/Developer/Xcode/DerivedData/ModuleCache.noindex -Xfrontend -serialize-debugging-options -swift-version 5 -I /Users/runner/Library/Developer/Xcode/DerivedData/countdown-commbukpdznukvarcianfztjiqgm/Build/Intermediates.noindex/ArchiveIntermediates/countdown/BuildProductsPath/Release-iphoneos/ApplePurchaseKit -F /Users/runner/Library/Developer/Xcode/DerivedData/countdown-commbukpdznukvarcianfztjiqgm/Build/Intermediates.noindex/ArchiveIntermediates/countdown/BuildProductsPath/Release-iphoneos/ApplePurchaseKit -F /Users/runner/work/CountdownW/CountdownW/Pods/UMCommon/UMCommon_7.5.8 -F /Users/runner/work/CountdownW/CountdownW/Pods/UMDevice/UMDevice_3.5.0 -F /Users/runner/Library/Developer/Xcode/DerivedData/countdown-commbukpdznukvarcianfztjiqgm/Build/Intermediates.noindex/ArchiveIntermediates/countdown/BuildProductsPath/Release-iphoneos/XCFrameworkIntermediates/UMCommon -F /Users/runner/Library/Developer/Xcode/DerivedData/countdown-commbukpdznukvarcianfztjiqgm/Build/Intermediates.noindex/ArchiveIntermediates/countdown/BuildProductsPath/Release-iphoneos/XCFrameworkIntermediates/UMDevice -c -num-threads 3 -Xcc -ivfsstatcache -Xcc /Users/runner/Library/Developer/Xcode/DerivedData/SDKStatCaches.noindex/iphoneos18.5-22F76-a529daf784b3616c7c04a36aeb7f5c05.sdkstatcache -output-file-map /Users/runner/Library/Developer/Xcode/DerivedData/countdown-commbukpdznukvarcianfztjiqgm/Build/Intermediates.noindex/ArchiveIntermediates/countdown/IntermediateBuildFilesPath/Pods.build/Release-iphoneos/ApplePurchaseKit.build/Objects-normal/arm64/ApplePurchaseKit-OutputFileMap.json -use-frontend-parseable-output -save-temps -no-color-diagnostics -serialize-diagnostics -emit-dependencies -emit-module -emit-module-path /Users/runner/Library/Developer/Xcode/DerivedData/countdown-commbukpdznukvarcianfztjiqgm/Build/Intermediates.noindex/ArchiveIntermediates/countdown/IntermediateBuildFilesPath/Pods.build/Release-iphoneos/ApplePurchaseKit.build/Objects-normal/arm64/ApplePurchaseKit.swiftmodule -validate-clang-modules-once -clang-build-session-file /Users/runner/Library/Developer/Xcode/DerivedData/ModuleCache.noindex/Session.modulevalidation -Xcc -I/Users/runner/Library/Developer/Xcode/DerivedData/countdown-commbukpdznukvarcianfztjiqgm/Build/Intermediates.noindex/ArchiveIntermediates/countdown/IntermediateBuildFilesPath/Pods.build/Release-iphoneos/ApplePurchaseKit.build/swift-overrides.hmap -emit-const-values -Xfrontend -const-gather-protocols-file -Xfrontend /Users/runner/Library/Developer/Xcode/DerivedData/countdown-commbukpdznukvarcianfztjiqgm/Build/Intermediates.noindex/ArchiveIntermediates/countdown/IntermediateBuildFilesPath/Pods.build/Release-iphoneos/ApplePurchaseKit.build/Objects-normal/arm64/ApplePurchaseKit_const_extract_protocols.json -Xcc -iquote -Xcc /Users/runner/Library/Developer/Xcode/DerivedData/countdown-commbukpdznukvarcianfztjiqgm/Build/Intermediates.noindex/ArchiveIntermediates/countdown/IntermediateBuildFilesPath/Pods.build/Release-iphoneos/ApplePurchaseKit.build/ApplePurchaseKit-generated-files.hmap -Xcc -I/Users/runner/Library/Developer/Xcode/DerivedData/countdown-commbukpdznukvarcianfztjiqgm/Build/Intermediates.noindex/ArchiveIntermediates/countdown/IntermediateBuildFilesPath/Pods.build/Release-iphoneos/ApplePurchaseKit.build/ApplePurchaseKit-own-target-headers.hmap -Xcc -I/Users/runner/Library/Developer/Xcode/DerivedData/countdown-commbukpdznukvarcianfztjiqgm/Build/Intermediates.noindex/ArchiveIntermediates/countdown/IntermediateBuildFilesPath/Pods.build/Release-iphoneos/ApplePurchaseKit.build/ApplePurchaseKit-all-non-framework-target-headers.hmap -Xcc -ivfsoverlay -Xcc /Users/runner/Library/Developer/Xcode/DerivedData/countdown-commbukpdznukvarcianfztjiqgm/Build/Intermediates.noindex/ArchiveIntermediates/countdown/IntermediateBuildFilesPath/Pods.build/Release-iphoneos/Pods-8699adb1dd336b26511df848a716bd42-VFS-iphoneos/all-product-headers.yaml -Xcc -iquote -Xcc /Users/runner/Library/Developer/Xcode/DerivedData/countdown-commbukpdznukvarcianfztjiqgm/Build/Intermediates.noindex/ArchiveIntermediates/countdown/IntermediateBuildFilesPath/Pods.build/Release-iphoneos/ApplePurchaseKit.build/ApplePurchaseKit-project-headers.hmap -Xcc -I/Users/runner/Library/Developer/Xcode/DerivedData/countdown-commbukpdznukvarcianfztjiqgm/Build/Intermediates.noindex/ArchiveIntermediates/countdown/BuildProductsPath/Release-iphoneos/ApplePurchaseKit/include -Xcc -I/Users/runner/Library/Developer/Xcode/DerivedData/countdown-commbukpdznukvarcianfztjiqgm/Build/Intermediates.noindex/ArchiveIntermediates/countdown/IntermediateBuildFilesPath/Pods.build/Release-iphoneos/ApplePurchaseKit.build/DerivedSources-normal/arm64 -Xcc -I/Users/runner/Library/Developer/Xcode/DerivedData/countdown-commbukpdznukvarcianfztjiqgm/Build/Intermediates.noindex/ArchiveIntermediates/countdown/IntermediateBuildFilesPath/Pods.build/Release-iphoneos/ApplePurchaseKit.build/DerivedSources/arm64 -Xcc -I/Users/runner/Library/Developer/Xcode/DerivedData/countdown-commbukpdznukvarcianfztjiqgm/Build/Intermediates.noindex/ArchiveIntermediates/countdown/IntermediateBuildFilesPath/Pods.build/Release-iphoneos/ApplePurchaseKit.build/DerivedSources -Xcc -DPOD_CONFIGURATION_RELEASE\=1 -Xcc -DCOCOAPODS\=1 -emit-objc-header -emit-objc-header-path /Users/runner/Library/Developer/Xcode/DerivedData/countdown-commbukpdznukvarcianfztjiqgm/Build/Intermediates.noindex/ArchiveIntermediates/countdown/IntermediateBuildFilesPath/Pods.build/Release-iphoneos/ApplePurchaseKit.build/Objects-normal/arm64/ApplePurchaseKit-Swift.h -import-underlying-module -Xcc -ivfsoverlay -Xcc /Users/runner/Library/Developer/Xcode/DerivedData/countdown-commbukpdznukvarcianfztjiqgm/Build/Intermediates.noindex/ArchiveIntermediates/countdown/IntermediateBuildFilesPath/Pods.build/Release-iphoneos/ApplePurchaseKit.build/unextended-module-overlay.yaml -working-directory /Users/runner/work/CountdownW/CountdownW/Pods -no-emit-module-separately-wmo

PrecompileModule /Users/runner/Library/Developer/Xcode/DerivedData/countdown-commbukpdznukvarcianfztjiqgm/Build/Intermediates.noindex/ArchiveIntermediates/countdown/IntermediateBuildFilesPath/ExplicitPrecompiledModules/QuartzCore-AKCWM2H7XAEZMNQL2AWEX1CHD.scan
    cd /Users/runner/work/CountdownW/CountdownW/Pods
    builtin-precompileModule /Users/runner/Library/Developer/Xcode/DerivedData/countdown-commbukpdznukvarcianfztjiqgm/Build/Intermediates.noindex/ArchiveIntermediates/countdown/IntermediateBuildFilesPath/ExplicitPrecompiledModules/QuartzCore-AKCWM2H7XAEZMNQL2AWEX1CHD.scan

SwiftMergeGeneratedHeaders /Users/runner/Library/Developer/Xcode/DerivedData/countdown-commbukpdznukvarcianfztjiqgm/Build/Intermediates.noindex/ArchiveIntermediates/countdown/IntermediateBuildFilesPath/UninstalledProducts/iphoneos/ApplePurchaseKit.framework/Headers/ApplePurchaseKit-Swift.h /Users/runner/Library/Developer/Xcode/DerivedData/countdown-commbukpdznukvarcianfztjiqgm/Build/Intermediates.noindex/ArchiveIntermediates/countdown/IntermediateBuildFilesPath/Pods.build/Release-iphoneos/ApplePurchaseKit.build/Objects-normal/arm64/ApplePurchaseKit-Swift.h (in target 'ApplePurchaseKit' from project 'Pods')
    cd /Users/runner/work/CountdownW/CountdownW/Pods
    builtin-swiftHeaderTool -arch arm64 /Users/runner/Library/Developer/Xcode/DerivedData/countdown-commbukpdznukvarcianfztjiqgm/Build/Intermediates.noindex/ArchiveIntermediates/countdown/IntermediateBuildFilesPath/Pods.build/Release-iphoneos/ApplePurchaseKit.build/Objects-normal/arm64/ApplePurchaseKit-Swift.h -o /Users/runner/Library/Developer/Xcode/DerivedData/countdown-commbukpdznukvarcianfztjiqgm/Build/Intermediates.noindex/ArchiveIntermediates/countdown/IntermediateBuildFilesPath/UninstalledProducts/iphoneos/ApplePurchaseKit.framework/Headers/ApplePurchaseKit-Swift.h

Copy /Users/runner/Library/Developer/Xcode/DerivedData/countdown-commbukpdznukvarcianfztjiqgm/Build/Intermediates.noindex/ArchiveIntermediates/countdown/IntermediateBuildFilesPath/UninstalledProducts/iphoneos/ApplePurchaseKit.framework/Modules/ApplePurchaseKit.swiftmodule/arm64-apple-ios.swiftmodule /Users/runner/Library/Developer/Xcode/DerivedData/countdown-commbukpdznukvarcianfztjiqgm/Build/Intermediates.noindex/ArchiveIntermediates/countdown/IntermediateBuildFilesPath/Pods.build/Release-iphoneos/ApplePurchaseKit.build/Objects-normal/arm64/ApplePurchaseKit.swiftmodule (in target 'ApplePurchaseKit' from project 'Pods')
    cd /Users/runner/work/CountdownW/CountdownW/Pods
    builtin-copy -exclude .DS_Store -exclude CVS -exclude .svn -exclude .git -exclude .hg -resolve-src-symlinks -rename /Users/runner/Library/Developer/Xcode/DerivedData/countdown-commbukpdznukvarcianfztjiqgm/Build/Intermediates.noindex/ArchiveIntermediates/countdown/IntermediateBuildFilesPath/Pods.build/Release-iphoneos/ApplePurchaseKit.build/Objects-normal/arm64/ApplePurchaseKit.swiftmodule /Users/runner/Library/Developer/Xcode/DerivedData/countdown-commbukpdznukvarcianfztjiqgm/Build/Intermediates.noindex/ArchiveIntermediates/countdown/IntermediateBuildFilesPath/UninstalledProducts/iphoneos/ApplePurchaseKit.framework/Modules/ApplePurchaseKit.swiftmodule/arm64-apple-ios.swiftmodule

Copy /Users/runner/Library/Developer/Xcode/DerivedData/countdown-commbukpdznukvarcianfztjiqgm/Build/Intermediates.noindex/ArchiveIntermediates/countdown/IntermediateBuildFilesPath/UninstalledProducts/iphoneos/ApplePurchaseKit.framework/Modules/ApplePurchaseKit.swiftmodule/arm64-apple-ios.swiftdoc /Users/runner/Library/Developer/Xcode/DerivedData/countdown-commbukpdznukvarcianfztjiqgm/Build/Intermediates.noindex/ArchiveIntermediates/countdown/IntermediateBuildFilesPath/Pods.build/Release-iphoneos/ApplePurchaseKit.build/Objects-normal/arm64/ApplePurchaseKit.swiftdoc (in target 'ApplePurchaseKit' from project 'Pods')
    cd /Users/runner/work/CountdownW/CountdownW/Pods
    builtin-copy -exclude .DS_Store -exclude CVS -exclude .svn -exclude .git -exclude .hg -resolve-src-symlinks -rename /Users/runner/Library/Developer/Xcode/DerivedData/countdown-commbukpdznukvarcianfztjiqgm/Build/Intermediates.noindex/ArchiveIntermediates/countdown/IntermediateBuildFilesPath/Pods.build/Release-iphoneos/ApplePurchaseKit.build/Objects-normal/arm64/ApplePurchaseKit.swiftdoc /Users/runner/Library/Developer/Xcode/DerivedData/countdown-commbukpdznukvarcianfztjiqgm/Build/Intermediates.noindex/ArchiveIntermediates/countdown/IntermediateBuildFilesPath/UninstalledProducts/iphoneos/ApplePurchaseKit.framework/Modules/ApplePurchaseKit.swiftmodule/arm64-apple-ios.swiftdoc

Copy /Users/runner/Library/Developer/Xcode/DerivedData/countdown-commbukpdznukvarcianfztjiqgm/Build/Intermediates.noindex/ArchiveIntermediates/countdown/IntermediateBuildFilesPath/UninstalledProducts/iphoneos/ApplePurchaseKit.framework/Modules/ApplePurchaseKit.swiftmodule/arm64-apple-ios.abi.json /Users/runner/Library/Developer/Xcode/DerivedData/countdown-commbukpdznukvarcianfztjiqgm/Build/Intermediates.noindex/ArchiveIntermediates/countdown/IntermediateBuildFilesPath/Pods.build/Release-iphoneos/ApplePurchaseKit.build/Objects-normal/arm64/ApplePurchaseKit.abi.json (in target 'ApplePurchaseKit' from project 'Pods')
    cd /Users/runner/work/CountdownW/CountdownW/Pods
    builtin-copy -exclude .DS_Store -exclude CVS -exclude .svn -exclude .git -exclude .hg -resolve-src-symlinks -rename /Users/runner/Library/Developer/Xcode/DerivedData/countdown-commbukpdznukvarcianfztjiqgm/Build/Intermediates.noindex/ArchiveIntermediates/countdown/IntermediateBuildFilesPath/Pods.build/Release-iphoneos/ApplePurchaseKit.build/Objects-normal/arm64/ApplePurchaseKit.abi.json /Users/runner/Library/Developer/Xcode/DerivedData/countdown-commbukpdznukvarcianfztjiqgm/Build/Intermediates.noindex/ArchiveIntermediates/countdown/IntermediateBuildFilesPath/UninstalledProducts/iphoneos/ApplePurchaseKit.framework/Modules/ApplePurchaseKit.swiftmodule/arm64-apple-ios.abi.json

PrecompileModule /Users/runner/Library/Developer/Xcode/DerivedData/countdown-commbukpdznukvarcianfztjiqgm/Build/Intermediates.noindex/ArchiveIntermediates/countdown/IntermediateBuildFilesPath/ExplicitPrecompiledModules/UIKit-AWFBEXCGBMB70HUKJTWALVCW9.scan
    cd /Users/runner/work/CountdownW/CountdownW/Pods
    builtin-precompileModule /Users/runner/Library/Developer/Xcode/DerivedData/countdown-commbukpdznukvarcianfztjiqgm/Build/Intermediates.noindex/ArchiveIntermediates/countdown/IntermediateBuildFilesPath/ExplicitPrecompiledModules/UIKit-AWFBEXCGBMB70HUKJTWALVCW9.scan

PrecompileModule /Users/runner/Library/Developer/Xcode/DerivedData/countdown-commbukpdznukvarcianfztjiqgm/Build/Intermediates.noindex/ArchiveIntermediates/countdown/IntermediateBuildFilesPath/ExplicitPrecompiledModules/os_availability-4M0DS23NINFZRPOR3JY1XXSEV.scan
    cd /Users/runner/work/CountdownW/CountdownW/Pods
    builtin-precompileModule /Users/runner/Library/Developer/Xcode/DerivedData/countdown-commbukpdznukvarcianfztjiqgm/Build/Intermediates.noindex/ArchiveIntermediates/countdown/IntermediateBuildFilesPath/ExplicitPrecompiledModules/os_availability-4M0DS23NINFZRPOR3JY1XXSEV.scan

ScanDependencies /Users/runner/Library/Developer/Xcode/DerivedData/countdown-commbukpdznukvarcianfztjiqgm/Build/Intermediates.noindex/ArchiveIntermediates/countdown/IntermediateBuildFilesPath/Pods.build/Release-iphoneos/SVProgressHUD.build/Objects-normal/arm64/SVProgressAnimatedView.o /Users/runner/work/CountdownW/CountdownW/Pods/SVProgressHUD/SVProgressHUD/SVProgressAnimatedView.m normal arm64 objective-c com.apple.compilers.llvm.clang.1_0.compiler (in target 'SVProgressHUD' from project 'Pods')
    cd /Users/runner/work/CountdownW/CountdownW/Pods
    
    Using response file: /Users/runner/Library/Developer/Xcode/DerivedData/countdown-commbukpdznukvarcianfztjiqgm/Build/Intermediates.noindex/ArchiveIntermediates/countdown/IntermediateBuildFilesPath/Pods.build/Release-iphoneos/SVProgressHUD.build/Objects-normal/arm64/e6072d4f65d7061329687fe24e3d63a7-common-args.resp
    
    builtin-ScanDependencies -o /Users/runner/Library/Developer/Xcode/DerivedData/countdown-commbukpdznukvarcianfztjiqgm/Build/Intermediates.noindex/ArchiveIntermediates/countdown/IntermediateBuildFilesPath/Pods.build/Release-iphoneos/SVProgressHUD.build/Objects-normal/arm64/SVProgressAnimatedView.o.scan -- /Applications/Xcode_16.4.app/Contents/Developer/Toolchains/XcodeDefault.xctoolchain/usr/bin/clang -x objective-c -ivfsstatcache /Users/runner/Library/Developer/Xcode/DerivedData/SDKStatCaches.noindex/iphoneos18.5-22F76-a529daf784b3616c7c04a36aeb7f5c05.sdkstatcache -fmessage-length\=0 -fdiagnostics-show-note-include-stack -fmacro-backtrace-limit\=0 -fno-color-diagnostics -fmodules-prune-interval\=86400 -fmodules-prune-after\=345600 -fbuild-session-file\=/Users/runner/Library/Developer/Xcode/DerivedData/ModuleCache.noindex/Session.modulevalidation -fmodules-validate-once-per-build-session -Wnon-modular-include-in-framework-module -Werror\=non-modular-include-in-framework-module -Wno-trigraphs -Wno-missing-field-initializers -Wno-missing-prototypes -Werror\=return-type -Wdocumentation -Wunreachable-code -Wno-implicit-atomic-properties -Werror\=deprecated-objc-isa-usage -Wno-objc-interface-ivars -Werror\=objc-root-class -Wno-arc-repeated-use-of-weak -Wimplicit-retain-self -Wduplicate-method-match -Wno-missing-braces -Wparentheses -Wswitch -Wunused-function -Wno-unused-label -Wno-unused-parameter -Wunused-variable -Wunused-value -Wempty-body -Wuninitialized -Wconditional-uninitialized -Wno-unknown-pragmas -Wno-shadow -Wno-four-char-constants -Wno-conversion -Wconstant-conversion -Wint-conversion -Wbool-conversion -Wenum-conversion -Wno-float-conversion -Wnon-literal-null-conversion -Wobjc-literal-conversion -Wshorten-64-to-32 -Wpointer-sign -Wno-newline-eof -Wno-selector -Wno-strict-selector-match -Wundeclared-selector -Wdeprecated-implementations -Wno-implicit-fallthrough -fstrict-aliasing -Wprotocol -Wdeprecated-declarations -Wno-sign-conversion -Winfinite-recursion -Wcomma -Wblock-capture-autoreleasing -Wstrict-prototypes -Wno-semicolon-before-method-body -Wunguarded-availability @/Users/runner/Library/Developer/Xcode/DerivedData/countdown-commbukpdznukvarcianfztjiqgm/Build/Intermediates.noindex/ArchiveIntermediates/countdown/IntermediateBuildFilesPath/Pods.build/Release-iphoneos/SVProgressHUD.build/Objects-normal/arm64/e6072d4f65d7061329687fe24e3d63a7-common-args.resp -w -Xanalyzer -analyzer-disable-all-checks -include /Users/runner/work/CountdownW/CountdownW/Pods/Target\ Support\ Files/SVProgressHUD/SVProgressHUD-prefix.pch -MMD -MT dependencies -MF /Users/runner/Library/Developer/Xcode/DerivedData/countdown-commbukpdznukvarcianfztjiqgm/Build/Intermediates.noindex/ArchiveIntermediates/countdown/IntermediateBuildFilesPath/Pods.build/Release-iphoneos/SVProgressHUD.build/Objects-normal/arm64/SVProgressAnimatedView.d --serialize-diagnostics /Users/runner/Library/Developer/Xcode/DerivedData/countdown-commbukpdznukvarcianfztjiqgm/Build/Intermediates.noindex/ArchiveIntermediates/countdown/IntermediateBuildFilesPath/Pods.build/Release-iphoneos/SVProgressHUD.build/Objects-normal/arm64/SVProgressAnimatedView.dia -c /Users/runner/work/CountdownW/CountdownW/Pods/SVProgressHUD/SVProgressHUD/SVProgressAnimatedView.m -o /Users/runner/Library/Developer/Xcode/DerivedData/countdown-commbukpdznukvarcianfztjiqgm/Build/Intermediates.noindex/ArchiveIntermediates/countdown/IntermediateBuildFilesPath/Pods.build/Release-iphoneos/SVProgressHUD.build/Objects-normal/arm64/SVProgressAnimatedView.o

PrecompileModule /Users/runner/Library/Developer/Xcode/DerivedData/countdown-commbukpdznukvarcianfztjiqgm/Build/Intermediates.noindex/ArchiveIntermediates/countdown/IntermediateBuildFilesPath/ExplicitPrecompiledModules/AvailabilityMacros-9FUCMI8NDEI7VKPY3TFNEBDML.scan
    cd /Users/runner/work/CountdownW/CountdownW/Pods
    builtin-precompileModule /Users/runner/Library/Developer/Xcode/DerivedData/countdown-commbukpdznukvarcianfztjiqgm/Build/Intermediates.noindex/ArchiveIntermediates/countdown/IntermediateBuildFilesPath/ExplicitPrecompiledModules/AvailabilityMacros-9FUCMI8NDEI7VKPY3TFNEBDML.scan

PrecompileModule /Users/runner/Library/Developer/Xcode/DerivedData/countdown-commbukpdznukvarcianfztjiqgm/Build/Intermediates.noindex/ArchiveIntermediates/countdown/IntermediateBuildFilesPath/ExplicitPrecompiledModules/DarwinFoundation-DAUQPJ63KHIYXX7160LXQ6JGD.scan
    cd /Users/runner/work/CountdownW/CountdownW/Pods
    builtin-precompileModule /Users/runner/Library/Developer/Xcode/DerivedData/countdown-commbukpdznukvarcianfztjiqgm/Build/Intermediates.noindex/ArchiveIntermediates/countdown/IntermediateBuildFilesPath/ExplicitPrecompiledModules/DarwinFoundation-DAUQPJ63KHIYXX7160LXQ6JGD.scan

ScanDependencies /Users/runner/Library/Developer/Xcode/DerivedData/countdown-commbukpdznukvarcianfztjiqgm/Build/Intermediates.noindex/ArchiveIntermediates/countdown/IntermediateBuildFilesPath/Pods.build/Release-iphoneos/SVProgressHUD.build/Objects-normal/arm64/SVIndefiniteAnimatedView.o /Users/runner/work/CountdownW/CountdownW/Pods/SVProgressHUD/SVProgressHUD/SVIndefiniteAnimatedView.m normal arm64 objective-c com.apple.compilers.llvm.clang.1_0.compiler (in target 'SVProgressHUD' from project 'Pods')
    cd /Users/runner/work/CountdownW/CountdownW/Pods
    
    Using response file: /Users/runner/Library/Developer/Xcode/DerivedData/countdown-commbukpdznukvarcianfztjiqgm/Build/Intermediates.noindex/ArchiveIntermediates/countdown/IntermediateBuildFilesPath/Pods.build/Release-iphoneos/SVProgressHUD.build/Objects-normal/arm64/e6072d4f65d7061329687fe24e3d63a7-common-args.resp
    
    builtin-ScanDependencies -o /Users/runner/Library/Developer/Xcode/DerivedData/countdown-commbukpdznukvarcianfztjiqgm/Build/Intermediates.noindex/ArchiveIntermediates/countdown/IntermediateBuildFilesPath/Pods.build/Release-iphoneos/SVProgressHUD.build/Objects-normal/arm64/SVIndefiniteAnimatedView.o.scan -- /Applications/Xcode_16.4.app/Contents/Developer/Toolchains/XcodeDefault.xctoolchain/usr/bin/clang -x objective-c -ivfsstatcache /Users/runner/Library/Developer/Xcode/DerivedData/SDKStatCaches.noindex/iphoneos18.5-22F76-a529daf784b3616c7c04a36aeb7f5c05.sdkstatcache -fmessage-length\=0 -fdiagnostics-show-note-include-stack -fmacro-backtrace-limit\=0 -fno-color-diagnostics -fmodules-prune-interval\=86400 -fmodules-prune-after\=345600 -fbuild-session-file\=/Users/runner/Library/Developer/Xcode/DerivedData/ModuleCache.noindex/Session.modulevalidation -fmodules-validate-once-per-build-session -Wnon-modular-include-in-framework-module -Werror\=non-modular-include-in-framework-module -Wno-trigraphs -Wno-missing-field-initializers -Wno-missing-prototypes -Werror\=return-type -Wdocumentation -Wunreachable-code -Wno-implicit-atomic-properties -Werror\=deprecated-objc-isa-usage -Wno-objc-interface-ivars -Werror\=objc-root-class -Wno-arc-repeated-use-of-weak -Wimplicit-retain-self -Wduplicate-method-match -Wno-missing-braces -Wparentheses -Wswitch -Wunused-function -Wno-unused-label -Wno-unused-parameter -Wunused-variable -Wunused-value -Wempty-body -Wuninitialized -Wconditional-uninitialized -Wno-unknown-pragmas -Wno-shadow -Wno-four-char-constants -Wno-conversion -Wconstant-conversion -Wint-conversion -Wbool-conversion -Wenum-conversion -Wno-float-conversion -Wnon-literal-null-conversion -Wobjc-literal-conversion -Wshorten-64-to-32 -Wpointer-sign -Wno-newline-eof -Wno-selector -Wno-strict-selector-match -Wundeclared-selector -Wdeprecated-implementations -Wno-implicit-fallthrough -fstrict-aliasing -Wprotocol -Wdeprecated-declarations -Wno-sign-conversion -Winfinite-recursion -Wcomma -Wblock-capture-autoreleasing -Wstrict-prototypes -Wno-semicolon-before-method-body -Wunguarded-availability @/Users/runner/Library/Developer/Xcode/DerivedData/countdown-commbukpdznukvarcianfztjiqgm/Build/Intermediates.noindex/ArchiveIntermediates/countdown/IntermediateBuildFilesPath/Pods.build/Release-iphoneos/SVProgressHUD.build/Objects-normal/arm64/e6072d4f65d7061329687fe24e3d63a7-common-args.resp -w -Xanalyzer -analyzer-disable-all-checks -include /Users/runner/work/CountdownW/CountdownW/Pods/Target\ Support\ Files/SVProgressHUD/SVProgressHUD-prefix.pch -MMD -MT dependencies -MF /Users/runner/Library/Developer/Xcode/DerivedData/countdown-commbukpdznukvarcianfztjiqgm/Build/Intermediates.noindex/ArchiveIntermediates/countdown/IntermediateBuildFilesPath/Pods.build/Release-iphoneos/SVProgressHUD.build/Objects-normal/arm64/SVIndefiniteAnimatedView.d --serialize-diagnostics /Users/runner/Library/Developer/Xcode/DerivedData/countdown-commbukpdznukvarcianfztjiqgm/Build/Intermediates.noindex/ArchiveIntermediates/countdown/IntermediateBuildFilesPath/Pods.build/Release-iphoneos/SVProgressHUD.build/Objects-normal/arm64/SVIndefiniteAnimatedView.dia -c /Users/runner/work/CountdownW/CountdownW/Pods/SVProgressHUD/SVProgressHUD/SVIndefiniteAnimatedView.m -o /Users/runner/Library/Developer/Xcode/DerivedData/countdown-commbukpdznukvarcianfztjiqgm/Build/Intermediates.noindex/ArchiveIntermediates/countdown/IntermediateBuildFilesPath/Pods.build/Release-iphoneos/SVProgressHUD.build/Objects-normal/arm64/SVIndefiniteAnimatedView.o

PrecompileModule /Users/runner/Library/Developer/Xcode/DerivedData/countdown-commbukpdznukvarcianfztjiqgm/Build/Intermediates.noindex/ArchiveIntermediates/countdown/IntermediateBuildFilesPath/ExplicitPrecompiledModules/netinet_in-7KJ3VQQUKHODQYUBNAGE7MVN7.scan
    cd /Users/runner/work/CountdownW/CountdownW/Pods
    builtin-precompileModule /Users/runner/Library/Developer/Xcode/DerivedData/countdown-commbukpdznukvarcianfztjiqgm/Build/Intermediates.noindex/ArchiveIntermediates/countdown/IntermediateBuildFilesPath/ExplicitPrecompiledModules/netinet_in-7KJ3VQQUKHODQYUBNAGE7MVN7.scan

PrecompileModule /Users/runner/Library/Developer/Xcode/DerivedData/countdown-commbukpdznukvarcianfztjiqgm/Build/Intermediates.noindex/ArchiveIntermediates/countdown/IntermediateBuildFilesPath/ExplicitPrecompiledModules/_complex-2ZK3AMVVQWW216AQB0EE2X6V3.scan
    cd /Users/runner/work/CountdownW/CountdownW/Pods
    builtin-precompileModule /Users/runner/Library/Developer/Xcode/DerivedData/countdown-commbukpdznukvarcianfztjiqgm/Build/Intermediates.noindex/ArchiveIntermediates/countdown/IntermediateBuildFilesPath/ExplicitPrecompiledModules/_complex-2ZK3AMVVQWW216AQB0EE2X6V3.scan

PrecompileModule /Users/runner/Library/Developer/Xcode/DerivedData/countdown-commbukpdznukvarcianfztjiqgm/Build/Intermediates.noindex/ArchiveIntermediates/countdown/IntermediateBuildFilesPath/ExplicitPrecompiledModules/_limits-B0YBVO9WWU8WHMEXIG08U8UZI.scan
    cd /Users/runner/work/CountdownW/CountdownW/Pods
    builtin-precompileModule /Users/runner/Library/Developer/Xcode/DerivedData/countdown-commbukpdznukvarcianfztjiqgm/Build/Intermediates.noindex/ArchiveIntermediates/countdown/IntermediateBuildFilesPath/ExplicitPrecompiledModules/_limits-B0YBVO9WWU8WHMEXIG08U8UZI.scan

PrecompileModule /Users/runner/Library/Developer/Xcode/DerivedData/countdown-commbukpdznukvarcianfztjiqgm/Build/Intermediates.noindex/ArchiveIntermediates/countdown/IntermediateBuildFilesPath/ExplicitPrecompiledModules/sys_time-CK20K2MXOUXLWP65ACF7NU6QF.scan
    cd /Users/runner/work/CountdownW/CountdownW/Pods
    builtin-precompileModule /Users/runner/Library/Developer/Xcode/DerivedData/countdown-commbukpdznukvarcianfztjiqgm/Build/Intermediates.noindex/ArchiveIntermediates/countdown/IntermediateBuildFilesPath/ExplicitPrecompiledModules/sys_time-CK20K2MXOUXLWP65ACF7NU6QF.scan

PrecompileModule /Users/runner/Library/Developer/Xcode/DerivedData/countdown-commbukpdznukvarcianfztjiqgm/Build/Intermediates.noindex/ArchiveIntermediates/countdown/IntermediateBuildFilesPath/ExplicitPrecompiledModules/_strings-8ONPWU8PCYO13VXZNV9W5LBLU.scan
    cd /Users/runner/work/CountdownW/CountdownW/Pods
    builtin-precompileModule /Users/runner/Library/Developer/Xcode/DerivedData/countdown-commbukpdznukvarcianfztjiqgm/Build/Intermediates.noindex/ArchiveIntermediates/countdown/IntermediateBuildFilesPath/ExplicitPrecompiledModules/_strings-8ONPWU8PCYO13VXZNV9W5LBLU.scan

PrecompileModule /Users/runner/Library/Developer/Xcode/DerivedData/countdown-commbukpdznukvarcianfztjiqgm/Build/Intermediates.noindex/ArchiveIntermediates/countdown/IntermediateBuildFilesPath/ExplicitPrecompiledModules/_math-8BWIXM9MYAYUVSUM0EHEI63BL.scan
    cd /Users/runner/work/CountdownW/CountdownW/Pods
    builtin-precompileModule /Users/runner/Library/Developer/Xcode/DerivedData/countdown-commbukpdznukvarcianfztjiqgm/Build/Intermediates.noindex/ArchiveIntermediates/countdown/IntermediateBuildFilesPath/ExplicitPrecompiledModules/_math-8BWIXM9MYAYUVSUM0EHEI63BL.scan

PrecompileModule /Users/runner/Library/Developer/Xcode/DerivedData/countdown-commbukpdznukvarcianfztjiqgm/Build/Intermediates.noindex/ArchiveIntermediates/countdown/IntermediateBuildFilesPath/ExplicitPrecompiledModules/alloca-1FMA4HZ2XA1MRIA1CRD9ASRP9.scan
    cd /Users/runner/work/CountdownW/CountdownW/Pods
    builtin-precompileModule /Users/runner/Library/Developer/Xcode/DerivedData/countdown-commbukpdznukvarcianfztjiqgm/Build/Intermediates.noindex/ArchiveIntermediates/countdown/IntermediateBuildFilesPath/ExplicitPrecompiledModules/alloca-1FMA4HZ2XA1MRIA1CRD9ASRP9.scan

PrecompileModule /Users/runner/Library/Developer/Xcode/DerivedData/countdown-commbukpdznukvarcianfztjiqgm/Build/Intermediates.noindex/ArchiveIntermediates/countdown/IntermediateBuildFilesPath/ExplicitPrecompiledModules/_useconds_t-YBOV8GCRW3F6FDOLBLLGWPQS.scan
    cd /Users/runner/work/CountdownW/CountdownW/Pods
    builtin-precompileModule /Users/runner/Library/Developer/Xcode/DerivedData/countdown-commbukpdznukvarcianfztjiqgm/Build/Intermediates.noindex/ArchiveIntermediates/countdown/IntermediateBuildFilesPath/ExplicitPrecompiledModules/_useconds_t-YBOV8GCRW3F6FDOLBLLGWPQS.scan

PrecompileModule /Users/runner/Library/Developer/Xcode/DerivedData/countdown-commbukpdznukvarcianfztjiqgm/Build/Intermediates.noindex/ArchiveIntermediates/countdown/IntermediateBuildFilesPath/ExplicitPrecompiledModules/_locale-C052W2DVMVCY2VCPDAMA1M3ZP.scan
    cd /Users/runner/work/CountdownW/CountdownW/Pods
    builtin-precompileModule /Users/runner/Library/Developer/Xcode/DerivedData/countdown-commbukpdznukvarcianfztjiqgm/Build/Intermediates.noindex/ArchiveIntermediates/countdown/IntermediateBuildFilesPath/ExplicitPrecompiledModules/_locale-C052W2DVMVCY2VCPDAMA1M3ZP.scan

PrecompileModule /Users/runner/Library/Developer/Xcode/DerivedData/countdown-commbukpdznukvarcianfztjiqgm/Build/Intermediates.noindex/ArchiveIntermediates/countdown/IntermediateBuildFilesPath/ExplicitPrecompiledModules/mach-2R3KK5WA46DCUXMWUVJQ1GXAE.scan
    cd /Users/runner/work/CountdownW/CountdownW/Pods
    builtin-precompileModule /Users/runner/Library/Developer/Xcode/DerivedData/countdown-commbukpdznukvarcianfztjiqgm/Build/Intermediates.noindex/ArchiveIntermediates/countdown/IntermediateBuildFilesPath/ExplicitPrecompiledModules/mach-2R3KK5WA46DCUXMWUVJQ1GXAE.scan

PrecompileModule /Users/runner/Library/Developer/Xcode/DerivedData/countdown-commbukpdznukvarcianfztjiqgm/Build/Intermediates.noindex/ArchiveIntermediates/countdown/IntermediateBuildFilesPath/ExplicitPrecompiledModules/uuid-9VCCU2JXQRA3UBEHKCPIZ3K8H.scan
    cd /Users/runner/work/CountdownW/CountdownW/Pods
    builtin-precompileModule /Users/runner/Library/Developer/Xcode/DerivedData/countdown-commbukpdznukvarcianfztjiqgm/Build/Intermediates.noindex/ArchiveIntermediates/countdown/IntermediateBuildFilesPath/ExplicitPrecompiledModules/uuid-9VCCU2JXQRA3UBEHKCPIZ3K8H.scan

PrecompileModule /Users/runner/Library/Developer/Xcode/DerivedData/countdown-commbukpdznukvarcianfztjiqgm/Build/Intermediates.noindex/ArchiveIntermediates/countdown/IntermediateBuildFilesPath/ExplicitPrecompiledModules/xlocale-3XMN5PFEW8YRWWHPZMPVHBV1M.scan
    cd /Users/runner/work/CountdownW/CountdownW/Pods
    builtin-precompileModule /Users/runner/Library/Developer/Xcode/DerivedData/countdown-commbukpdznukvarcianfztjiqgm/Build/Intermediates.noindex/ArchiveIntermediates/countdown/IntermediateBuildFilesPath/ExplicitPrecompiledModules/xlocale-3XMN5PFEW8YRWWHPZMPVHBV1M.scan

PrecompileModule /Users/runner/Library/Developer/Xcode/DerivedData/countdown-commbukpdznukvarcianfztjiqgm/Build/Intermediates.noindex/ArchiveIntermediates/countdown/IntermediateBuildFilesPath/ExplicitPrecompiledModules/_Builtin_limits-7TX8XJ3X08SS5HH2OAQEWEUXT.scan
    cd /Users/runner/work/CountdownW/CountdownW/Pods
    builtin-precompileModule /Users/runner/Library/Developer/Xcode/DerivedData/countdown-commbukpdznukvarcianfztjiqgm/Build/Intermediates.noindex/ArchiveIntermediates/countdown/IntermediateBuildFilesPath/ExplicitPrecompiledModules/_Builtin_limits-7TX8XJ3X08SS5HH2OAQEWEUXT.scan

PrecompileModule /Users/runner/Library/Developer/Xcode/DerivedData/countdown-commbukpdznukvarcianfztjiqgm/Build/Intermediates.noindex/ArchiveIntermediates/countdown/IntermediateBuildFilesPath/ExplicitPrecompiledModules/runetype-6Q568JS3PKBN4CSY00R79HKEM.scan
    cd /Users/runner/work/CountdownW/CountdownW/Pods
    builtin-precompileModule /Users/runner/Library/Developer/Xcode/DerivedData/countdown-commbukpdznukvarcianfztjiqgm/Build/Intermediates.noindex/ArchiveIntermediates/countdown/IntermediateBuildFilesPath/ExplicitPrecompiledModules/runetype-6Q568JS3PKBN4CSY00R79HKEM.scan

PrecompileModule /Users/runner/Library/Developer/Xcode/DerivedData/countdown-commbukpdznukvarcianfztjiqgm/Build/Intermediates.noindex/ArchiveIntermediates/countdown/IntermediateBuildFilesPath/ExplicitPrecompiledModules/_sys_select-5V0BGAF9PKATW4WIXJ4Y3WQOD.scan
    cd /Users/runner/work/CountdownW/CountdownW/Pods
    builtin-precompileModule /Users/runner/Library/Developer/Xcode/DerivedData/countdown-commbukpdznukvarcianfztjiqgm/Build/Intermediates.noindex/ArchiveIntermediates/countdown/IntermediateBuildFilesPath/ExplicitPrecompiledModules/_sys_select-5V0BGAF9PKATW4WIXJ4Y3WQOD.scan

PrecompileModule /Users/runner/Library/Developer/Xcode/DerivedData/countdown-commbukpdznukvarcianfztjiqgm/Build/Intermediates.noindex/ArchiveIntermediates/countdown/IntermediateBuildFilesPath/ExplicitPrecompiledModules/_assert-5VMY8C8E2M322V3P5LQKK4537.scan
    cd /Users/runner/work/CountdownW/CountdownW/Pods
    builtin-precompileModule /Users/runner/Library/Developer/Xcode/DerivedData/countdown-commbukpdznukvarcianfztjiqgm/Build/Intermediates.noindex/ArchiveIntermediates/countdown/IntermediateBuildFilesPath/ExplicitPrecompiledModules/_assert-5VMY8C8E2M322V3P5LQKK4537.scan

PrecompileModule /Users/runner/Library/Developer/Xcode/DerivedData/countdown-commbukpdznukvarcianfztjiqgm/Build/Intermediates.noindex/ArchiveIntermediates/countdown/IntermediateBuildFilesPath/ExplicitPrecompiledModules/_tgmath-8FQHMBWUWF6VPVA4VLSA6Y4CI.scan
    cd /Users/runner/work/CountdownW/CountdownW/Pods
    builtin-precompileModule /Users/runner/Library/Developer/Xcode/DerivedData/countdown-commbukpdznukvarcianfztjiqgm/Build/Intermediates.noindex/ArchiveIntermediates/countdown/IntermediateBuildFilesPath/ExplicitPrecompiledModules/_tgmath-8FQHMBWUWF6VPVA4VLSA6Y4CI.scan

PrecompileModule /Users/runner/Library/Developer/Xcode/DerivedData/countdown-commbukpdznukvarcianfztjiqgm/Build/Intermediates.noindex/ArchiveIntermediates/countdown/IntermediateBuildFilesPath/ExplicitPrecompiledModules/_ctype-AM5790EL0CRLYN0AJRP1WOKL4.scan
    cd /Users/runner/work/CountdownW/CountdownW/Pods
    builtin-precompileModule /Users/runner/Library/Developer/Xcode/DerivedData/countdown-commbukpdznukvarcianfztjiqgm/Build/Intermediates.noindex/ArchiveIntermediates/countdown/IntermediateBuildFilesPath/ExplicitPrecompiledModules/_ctype-AM5790EL0CRLYN0AJRP1WOKL4.scan

PrecompileModule /Users/runner/Library/Developer/Xcode/DerivedData/countdown-commbukpdznukvarcianfztjiqgm/Build/Intermediates.noindex/ArchiveIntermediates/countdown/IntermediateBuildFilesPath/ExplicitPrecompiledModules/_Builtin_tgmath-F0TBR00UD1B01ODQF5GSW6A40.scan
    cd /Users/runner/work/CountdownW/CountdownW/Pods
    builtin-precompileModule /Users/runner/Library/Developer/Xcode/DerivedData/countdown-commbukpdznukvarcianfztjiqgm/Build/Intermediates.noindex/ArchiveIntermediates/countdown/IntermediateBuildFilesPath/ExplicitPrecompiledModules/_Builtin_tgmath-F0TBR00UD1B01ODQF5GSW6A40.scan

PrecompileModule /Users/runner/Library/Developer/Xcode/DerivedData/countdown-commbukpdznukvarcianfztjiqgm/Build/Intermediates.noindex/ArchiveIntermediates/countdown/IntermediateBuildFilesPath/ExplicitPrecompiledModules/__wctype-B6WGPRB0OP2OUEN3R1UTNIRKX.scan
    cd /Users/runner/work/CountdownW/CountdownW/Pods
    builtin-precompileModule /Users/runner/Library/Developer/Xcode/DerivedData/countdown-commbukpdznukvarcianfztjiqgm/Build/Intermediates.noindex/ArchiveIntermediates/countdown/IntermediateBuildFilesPath/ExplicitPrecompiledModules/__wctype-B6WGPRB0OP2OUEN3R1UTNIRKX.scan

PrecompileModule /Users/runner/Library/Developer/Xcode/DerivedData/countdown-commbukpdznukvarcianfztjiqgm/Build/Intermediates.noindex/ArchiveIntermediates/countdown/IntermediateBuildFilesPath/ExplicitPrecompiledModules/_errno-8GQUBK655ECLA69GFTK2O0TWI.scan
    cd /Users/runner/work/CountdownW/CountdownW/Pods
    builtin-precompileModule /Users/runner/Library/Developer/Xcode/DerivedData/countdown-commbukpdznukvarcianfztjiqgm/Build/Intermediates.noindex/ArchiveIntermediates/countdown/IntermediateBuildFilesPath/ExplicitPrecompiledModules/_errno-8GQUBK655ECLA69GFTK2O0TWI.scan

PrecompileModule /Users/runner/Library/Developer/Xcode/DerivedData/countdown-commbukpdznukvarcianfztjiqgm/Build/Intermediates.noindex/ArchiveIntermediates/countdown/IntermediateBuildFilesPath/ExplicitPrecompiledModules/_wctype-68LYCSBLYSPCZHOWHMV6B01VP.scan
    cd /Users/runner/work/CountdownW/CountdownW/Pods
    builtin-precompileModule /Users/runner/Library/Developer/Xcode/DerivedData/countdown-commbukpdznukvarcianfztjiqgm/Build/Intermediates.noindex/ArchiveIntermediates/countdown/IntermediateBuildFilesPath/ExplicitPrecompiledModules/_wctype-68LYCSBLYSPCZHOWHMV6B01VP.scan

PrecompileModule /Users/runner/Library/Developer/Xcode/DerivedData/countdown-commbukpdznukvarcianfztjiqgm/Build/Intermediates.noindex/ArchiveIntermediates/countdown/IntermediateBuildFilesPath/ExplicitPrecompiledModules/_setjmp-74877OYGOWBGLCW8D77RPETJ4.scan
    cd /Users/runner/work/CountdownW/CountdownW/Pods
    builtin-precompileModule /Users/runner/Library/Developer/Xcode/DerivedData/countdown-commbukpdznukvarcianfztjiqgm/Build/Intermediates.noindex/ArchiveIntermediates/countdown/IntermediateBuildFilesPath/ExplicitPrecompiledModules/_setjmp-74877OYGOWBGLCW8D77RPETJ4.scan

PrecompileModule /Users/runner/Library/Developer/Xcode/DerivedData/countdown-commbukpdznukvarcianfztjiqgm/Build/Intermediates.noindex/ArchiveIntermediates/countdown/IntermediateBuildFilesPath/ExplicitPrecompiledModules/_stdint-ELVLK72DYC6T28LBU50II01VJ.scan
    cd /Users/runner/work/CountdownW/CountdownW/Pods
    builtin-precompileModule /Users/runner/Library/Developer/Xcode/DerivedData/countdown-commbukpdznukvarcianfztjiqgm/Build/Intermediates.noindex/ArchiveIntermediates/countdown/IntermediateBuildFilesPath/ExplicitPrecompiledModules/_stdint-ELVLK72DYC6T28LBU50II01VJ.scan

PrecompileModule /Users/runner/Library/Developer/Xcode/DerivedData/countdown-commbukpdznukvarcianfztjiqgm/Build/Intermediates.noindex/ArchiveIntermediates/countdown/IntermediateBuildFilesPath/ExplicitPrecompiledModules/sys_types-QX4JTIGKJ8R3S7ZW2SWLK6O6.scan
    cd /Users/runner/work/CountdownW/CountdownW/Pods
    builtin-precompileModule /Users/runner/Library/Developer/Xcode/DerivedData/countdown-commbukpdznukvarcianfztjiqgm/Build/Intermediates.noindex/ArchiveIntermediates/countdown/IntermediateBuildFilesPath/ExplicitPrecompiledModules/sys_types-QX4JTIGKJ8R3S7ZW2SWLK6O6.scan

PrecompileModule /Users/runner/Library/Developer/Xcode/DerivedData/countdown-commbukpdznukvarcianfztjiqgm/Build/Intermediates.noindex/ArchiveIntermediates/countdown/IntermediateBuildFilesPath/ExplicitPrecompiledModules/_Builtin_stdint-DPAVQ31MK0M6O8TFLCEYUHG46.scan
    cd /Users/runner/work/CountdownW/CountdownW/Pods
    builtin-precompileModule /Users/runner/Library/Developer/Xcode/DerivedData/countdown-commbukpdznukvarcianfztjiqgm/Build/Intermediates.noindex/ArchiveIntermediates/countdown/IntermediateBuildFilesPath/ExplicitPrecompiledModules/_Builtin_stdint-DPAVQ31MK0M6O8TFLCEYUHG46.scan

PrecompileModule /Users/runner/Library/Developer/Xcode/DerivedData/countdown-commbukpdznukvarcianfztjiqgm/Build/Intermediates.noindex/ArchiveIntermediates/countdown/IntermediateBuildFilesPath/ExplicitPrecompiledModules/nl_types-2NMJXF4KAC1EV9ZRCE1UIFFVQ.scan
    cd /Users/runner/work/CountdownW/CountdownW/Pods
    builtin-precompileModule /Users/runner/Library/Developer/Xcode/DerivedData/countdown-commbukpdznukvarcianfztjiqgm/Build/Intermediates.noindex/ArchiveIntermediates/countdown/IntermediateBuildFilesPath/ExplicitPrecompiledModules/nl_types-2NMJXF4KAC1EV9ZRCE1UIFFVQ.scan

PrecompileModule /Users/runner/Library/Developer/Xcode/DerivedData/countdown-commbukpdznukvarcianfztjiqgm/Build/Intermediates.noindex/ArchiveIntermediates/countdown/IntermediateBuildFilesPath/ExplicitPrecompiledModules/_inttypes-AA6TCX3A15AN0B9UY6S1WNZP6.scan
    cd /Users/runner/work/CountdownW/CountdownW/Pods
    builtin-precompileModule /Users/runner/Library/Developer/Xcode/DerivedData/countdown-commbukpdznukvarcianfztjiqgm/Build/Intermediates.noindex/ArchiveIntermediates/countdown/IntermediateBuildFilesPath/ExplicitPrecompiledModules/_inttypes-AA6TCX3A15AN0B9UY6S1WNZP6.scan

PrecompileModule /Users/runner/Library/Developer/Xcode/DerivedData/countdown-commbukpdznukvarcianfztjiqgm/Build/Intermediates.noindex/ArchiveIntermediates/countdown/IntermediateBuildFilesPath/ExplicitPrecompiledModules/sys_resource-C1K6X0HI0M2IQ5ENN7ZHMNWBO.scan
    cd /Users/runner/work/CountdownW/CountdownW/Pods
    builtin-precompileModule /Users/runner/Library/Developer/Xcode/DerivedData/countdown-commbukpdznukvarcianfztjiqgm/Build/Intermediates.noindex/ArchiveIntermediates/countdown/IntermediateBuildFilesPath/ExplicitPrecompiledModules/sys_resource-C1K6X0HI0M2IQ5ENN7ZHMNWBO.scan

PrecompileModule /Users/runner/Library/Developer/Xcode/DerivedData/countdown-commbukpdznukvarcianfztjiqgm/Build/Intermediates.noindex/ArchiveIntermediates/countdown/IntermediateBuildFilesPath/ExplicitPrecompiledModules/_stdio-852NSVQQ8BZB46PJ4KMY742OC.scan
    cd /Users/runner/work/CountdownW/CountdownW/Pods
    builtin-precompileModule /Users/runner/Library/Developer/Xcode/DerivedData/countdown-commbukpdznukvarcianfztjiqgm/Build/Intermediates.noindex/ArchiveIntermediates/countdown/IntermediateBuildFilesPath/ExplicitPrecompiledModules/_stdio-852NSVQQ8BZB46PJ4KMY742OC.scan

PrecompileModule /Users/runner/Library/Developer/Xcode/DerivedData/countdown-commbukpdznukvarcianfztjiqgm/Build/Intermediates.noindex/ArchiveIntermediates/countdown/IntermediateBuildFilesPath/ExplicitPrecompiledModules/_time-BAZVCKK4QNLIBKKP4ZDS2D5TX.scan
    cd /Users/runner/work/CountdownW/CountdownW/Pods
    builtin-precompileModule /Users/runner/Library/Developer/Xcode/DerivedData/countdown-commbukpdznukvarcianfztjiqgm/Build/Intermediates.noindex/ArchiveIntermediates/countdown/IntermediateBuildFilesPath/ExplicitPrecompiledModules/_time-BAZVCKK4QNLIBKKP4ZDS2D5TX.scan

PrecompileModule /Users/runner/Library/Developer/Xcode/DerivedData/countdown-commbukpdznukvarcianfztjiqgm/Build/Intermediates.noindex/ArchiveIntermediates/countdown/IntermediateBuildFilesPath/ExplicitPrecompiledModules/_Builtin_stdatomic-DYX8YOQR47J70JZOL7YLG6IG0.scan
    cd /Users/runner/work/CountdownW/CountdownW/Pods
    builtin-precompileModule /Users/runner/Library/Developer/Xcode/DerivedData/countdown-commbukpdznukvarcianfztjiqgm/Build/Intermediates.noindex/ArchiveIntermediates/countdown/IntermediateBuildFilesPath/ExplicitPrecompiledModules/_Builtin_stdatomic-DYX8YOQR47J70JZOL7YLG6IG0.scan

CompileC /Users/runner/Library/Developer/Xcode/DerivedData/countdown-commbukpdznukvarcianfztjiqgm/Build/Intermediates.noindex/ArchiveIntermediates/countdown/IntermediateBuildFilesPath/Pods.build/Release-iphoneos/SVProgressHUD.build/Objects-normal/arm64/SVRadialGradientLayer.o /Users/runner/work/CountdownW/CountdownW/Pods/SVProgressHUD/SVProgressHUD/SVRadialGradientLayer.m normal arm64 objective-c com.apple.compilers.llvm.clang.1_0.compiler (in target 'SVProgressHUD' from project 'Pods')
    cd /Users/runner/work/CountdownW/CountdownW/Pods
    
    Using response file: /Users/runner/Library/Developer/Xcode/DerivedData/countdown-commbukpdznukvarcianfztjiqgm/Build/Intermediates.noindex/ArchiveIntermediates/countdown/IntermediateBuildFilesPath/Pods.build/Release-iphoneos/SVProgressHUD.build/Objects-normal/arm64/e6072d4f65d7061329687fe24e3d63a7-common-args.resp
    
    /Applications/Xcode_16.4.app/Contents/Developer/Toolchains/XcodeDefault.xctoolchain/usr/bin/clang -x objective-c -ivfsstatcache /Users/runner/Library/Developer/Xcode/DerivedData/SDKStatCaches.noindex/iphoneos18.5-22F76-a529daf784b3616c7c04a36aeb7f5c05.sdkstatcache -fmessage-length\=0 -fdiagnostics-show-note-include-stack -fmacro-backtrace-limit\=0 -fno-color-diagnostics -fmodules-prune-interval\=86400 -fmodules-prune-after\=345600 -fbuild-session-file\=/Users/runner/Library/Developer/Xcode/DerivedData/ModuleCache.noindex/Session.modulevalidation -fmodules-validate-once-per-build-session -Wnon-modular-include-in-framework-module -Werror\=non-modular-include-in-framework-module -Wno-trigraphs -Wno-missing-field-initializers -Wno-missing-prototypes -Werror\=return-type -Wdocumentation -Wunreachable-code -Wno-implicit-atomic-properties -Werror\=deprecated-objc-isa-usage -Wno-objc-interface-ivars -Werror\=objc-root-class -Wno-arc-repeated-use-of-weak -Wimplicit-retain-self -Wduplicate-method-match -Wno-missing-braces -Wparentheses -Wswitch -Wunused-function -Wno-unused-label -Wno-unused-parameter -Wunused-variable -Wunused-value -Wempty-body -Wuninitialized -Wconditional-uninitialized -Wno-unknown-pragmas -Wno-shadow -Wno-four-char-constants -Wno-conversion -Wconstant-conversion -Wint-conversion -Wbool-conversion -Wenum-conversion -Wno-float-conversion -Wnon-literal-null-conversion -Wobjc-literal-conversion -Wshorten-64-to-32 -Wpointer-sign -Wno-newline-eof -Wno-selector -Wno-strict-selector-match -Wundeclared-selector -Wdeprecated-implementations -Wno-implicit-fallthrough -fstrict-aliasing -Wprotocol -Wdeprecated-declarations -Wno-sign-conversion -Winfinite-recursion -Wcomma -Wblock-capture-autoreleasing -Wstrict-prototypes -Wno-semicolon-before-method-body -Wunguarded-availability @/Users/runner/Library/Developer/Xcode/DerivedData/countdown-commbukpdznukvarcianfztjiqgm/Build/Intermediates.noindex/ArchiveIntermediates/countdown/IntermediateBuildFilesPath/Pods.build/Release-iphoneos/SVProgressHUD.build/Objects-normal/arm64/e6072d4f65d7061329687fe24e3d63a7-common-args.resp -w -Xanalyzer -analyzer-disable-all-checks -include /Users/runner/work/CountdownW/CountdownW/Pods/Target\ Support\ Files/SVProgressHUD/SVProgressHUD-prefix.pch -MMD -MT dependencies -MF /Users/runner/Library/Developer/Xcode/DerivedData/countdown-commbukpdznukvarcianfztjiqgm/Build/Intermediates.noindex/ArchiveIntermediates/countdown/IntermediateBuildFilesPath/Pods.build/Release-iphoneos/SVProgressHUD.build/Objects-normal/arm64/SVRadialGradientLayer.d --serialize-diagnostics /Users/runner/Library/Developer/Xcode/DerivedData/countdown-commbukpdznukvarcianfztjiqgm/Build/Intermediates.noindex/ArchiveIntermediates/countdown/IntermediateBuildFilesPath/Pods.build/Release-iphoneos/SVProgressHUD.build/Objects-normal/arm64/SVRadialGradientLayer.dia -c /Users/runner/work/CountdownW/CountdownW/Pods/SVProgressHUD/SVProgressHUD/SVRadialGradientLayer.m -o /Users/runner/Library/Developer/Xcode/DerivedData/countdown-commbukpdznukvarcianfztjiqgm/Build/Intermediates.noindex/ArchiveIntermediates/countdown/IntermediateBuildFilesPath/Pods.build/Release-iphoneos/SVProgressHUD.build/Objects-normal/arm64/SVRadialGradientLayer.o

CompileC /Users/runner/Library/Developer/Xcode/DerivedData/countdown-commbukpdznukvarcianfztjiqgm/Build/Intermediates.noindex/ArchiveIntermediates/countdown/IntermediateBuildFilesPath/Pods.build/Release-iphoneos/SVProgressHUD.build/Objects-normal/arm64/SVProgressHUD.o /Users/runner/work/CountdownW/CountdownW/Pods/SVProgressHUD/SVProgressHUD/SVProgressHUD.m normal arm64 objective-c com.apple.compilers.llvm.clang.1_0.compiler (in target 'SVProgressHUD' from project 'Pods')
    cd /Users/runner/work/CountdownW/CountdownW/Pods
    
    Using response file: /Users/runner/Library/Developer/Xcode/DerivedData/countdown-commbukpdznukvarcianfztjiqgm/Build/Intermediates.noindex/ArchiveIntermediates/countdown/IntermediateBuildFilesPath/Pods.build/Release-iphoneos/SVProgressHUD.build/Objects-normal/arm64/e6072d4f65d7061329687fe24e3d63a7-common-args.resp
    
    /Applications/Xcode_16.4.app/Contents/Developer/Toolchains/XcodeDefault.xctoolchain/usr/bin/clang -x objective-c -ivfsstatcache /Users/runner/Library/Developer/Xcode/DerivedData/SDKStatCaches.noindex/iphoneos18.5-22F76-a529daf784b3616c7c04a36aeb7f5c05.sdkstatcache -fmessage-length\=0 -fdiagnostics-show-note-include-stack -fmacro-backtrace-limit\=0 -fno-color-diagnostics -fmodules-prune-interval\=86400 -fmodules-prune-after\=345600 -fbuild-session-file\=/Users/runner/Library/Developer/Xcode/DerivedData/ModuleCache.noindex/Session.modulevalidation -fmodules-validate-once-per-build-session -Wnon-modular-include-in-framework-module -Werror\=non-modular-include-in-framework-module -Wno-trigraphs -Wno-missing-field-initializers -Wno-missing-prototypes -Werror\=return-type -Wdocumentation -Wunreachable-code -Wno-implicit-atomic-properties -Werror\=deprecated-objc-isa-usage -Wno-objc-interface-ivars -Werror\=objc-root-class -Wno-arc-repeated-use-of-weak -Wimplicit-retain-self -Wduplicate-method-match -Wno-missing-braces -Wparentheses -Wswitch -Wunused-function -Wno-unused-label -Wno-unused-parameter -Wunused-variable -Wunused-value -Wempty-body -Wuninitialized -Wconditional-uninitialized -Wno-unknown-pragmas -Wno-shadow -Wno-four-char-constants -Wno-conversion -Wconstant-conversion -Wint-conversion -Wbool-conversion -Wenum-conversion -Wno-float-conversion -Wnon-literal-null-conversion -Wobjc-literal-conversion -Wshorten-64-to-32 -Wpointer-sign -Wno-newline-eof -Wno-selector -Wno-strict-selector-match -Wundeclared-selector -Wdeprecated-implementations -Wno-implicit-fallthrough -fstrict-aliasing -Wprotocol -Wdeprecated-declarations -Wno-sign-conversion -Winfinite-recursion -Wcomma -Wblock-capture-autoreleasing -Wstrict-prototypes -Wno-semicolon-before-method-body -Wunguarded-availability @/Users/runner/Library/Developer/Xcode/DerivedData/countdown-commbukpdznukvarcianfztjiqgm/Build/Intermediates.noindex/ArchiveIntermediates/countdown/IntermediateBuildFilesPath/Pods.build/Release-iphoneos/SVProgressHUD.build/Objects-normal/arm64/e6072d4f65d7061329687fe24e3d63a7-common-args.resp -w -Xanalyzer -analyzer-disable-all-checks -include /Users/runner/work/CountdownW/CountdownW/Pods/Target\ Support\ Files/SVProgressHUD/SVProgressHUD-prefix.pch -MMD -MT dependencies -MF /Users/runner/Library/Developer/Xcode/DerivedData/countdown-commbukpdznukvarcianfztjiqgm/Build/Intermediates.noindex/ArchiveIntermediates/countdown/IntermediateBuildFilesPath/Pods.build/Release-iphoneos/SVProgressHUD.build/Objects-normal/arm64/SVProgressHUD.d --serialize-diagnostics /Users/runner/Library/Developer/Xcode/DerivedData/countdown-commbukpdznukvarcianfztjiqgm/Build/Intermediates.noindex/ArchiveIntermediates/countdown/IntermediateBuildFilesPath/Pods.build/Release-iphoneos/SVProgressHUD.build/Objects-normal/arm64/SVProgressHUD.dia -c /Users/runner/work/CountdownW/CountdownW/Pods/SVProgressHUD/SVProgressHUD/SVProgressHUD.m -o /Users/runner/Library/Developer/Xcode/DerivedData/countdown-commbukpdznukvarcianfztjiqgm/Build/Intermediates.noindex/ArchiveIntermediates/countdown/IntermediateBuildFilesPath/Pods.build/Release-iphoneos/SVProgressHUD.build/Objects-normal/arm64/SVProgressHUD.o

CompileC /Users/runner/Library/Developer/Xcode/DerivedData/countdown-commbukpdznukvarcianfztjiqgm/Build/Intermediates.noindex/ArchiveIntermediates/countdown/IntermediateBuildFilesPath/Pods.build/Release-iphoneos/SVProgressHUD.build/Objects-normal/arm64/SVProgressAnimatedView.o /Users/runner/work/CountdownW/CountdownW/Pods/SVProgressHUD/SVProgressHUD/SVProgressAnimatedView.m normal arm64 objective-c com.apple.compilers.llvm.clang.1_0.compiler (in target 'SVProgressHUD' from project 'Pods')
    cd /Users/runner/work/CountdownW/CountdownW/Pods
    
    Using response file: /Users/runner/Library/Developer/Xcode/DerivedData/countdown-commbukpdznukvarcianfztjiqgm/Build/Intermediates.noindex/ArchiveIntermediates/countdown/IntermediateBuildFilesPath/Pods.build/Release-iphoneos/SVProgressHUD.build/Objects-normal/arm64/e6072d4f65d7061329687fe24e3d63a7-common-args.resp
    
    /Applications/Xcode_16.4.app/Contents/Developer/Toolchains/XcodeDefault.xctoolchain/usr/bin/clang -x objective-c -ivfsstatcache /Users/runner/Library/Developer/Xcode/DerivedData/SDKStatCaches.noindex/iphoneos18.5-22F76-a529daf784b3616c7c04a36aeb7f5c05.sdkstatcache -fmessage-length\=0 -fdiagnostics-show-note-include-stack -fmacro-backtrace-limit\=0 -fno-color-diagnostics -fmodules-prune-interval\=86400 -fmodules-prune-after\=345600 -fbuild-session-file\=/Users/runner/Library/Developer/Xcode/DerivedData/ModuleCache.noindex/Session.modulevalidation -fmodules-validate-once-per-build-session -Wnon-modular-include-in-framework-module -Werror\=non-modular-include-in-framework-module -Wno-trigraphs -Wno-missing-field-initializers -Wno-missing-prototypes -Werror\=return-type -Wdocumentation -Wunreachable-code -Wno-implicit-atomic-properties -Werror\=deprecated-objc-isa-usage -Wno-objc-interface-ivars -Werror\=objc-root-class -Wno-arc-repeated-use-of-weak -Wimplicit-retain-self -Wduplicate-method-match -Wno-missing-braces -Wparentheses -Wswitch -Wunused-function -Wno-unused-label -Wno-unused-parameter -Wunused-variable -Wunused-value -Wempty-body -Wuninitialized -Wconditional-uninitialized -Wno-unknown-pragmas -Wno-shadow -Wno-four-char-constants -Wno-conversion -Wconstant-conversion -Wint-conversion -Wbool-conversion -Wenum-conversion -Wno-float-conversion -Wnon-literal-null-conversion -Wobjc-literal-conversion -Wshorten-64-to-32 -Wpointer-sign -Wno-newline-eof -Wno-selector -Wno-strict-selector-match -Wundeclared-selector -Wdeprecated-implementations -Wno-implicit-fallthrough -fstrict-aliasing -Wprotocol -Wdeprecated-declarations -Wno-sign-conversion -Winfinite-recursion -Wcomma -Wblock-capture-autoreleasing -Wstrict-prototypes -Wno-semicolon-before-method-body -Wunguarded-availability @/Users/runner/Library/Developer/Xcode/DerivedData/countdown-commbukpdznukvarcianfztjiqgm/Build/Intermediates.noindex/ArchiveIntermediates/countdown/IntermediateBuildFilesPath/Pods.build/Release-iphoneos/SVProgressHUD.build/Objects-normal/arm64/e6072d4f65d7061329687fe24e3d63a7-common-args.resp -w -Xanalyzer -analyzer-disable-all-checks -include /Users/runner/work/CountdownW/CountdownW/Pods/Target\ Support\ Files/SVProgressHUD/SVProgressHUD-prefix.pch -MMD -MT dependencies -MF /Users/runner/Library/Developer/Xcode/DerivedData/countdown-commbukpdznukvarcianfztjiqgm/Build/Intermediates.noindex/ArchiveIntermediates/countdown/IntermediateBuildFilesPath/Pods.build/Release-iphoneos/SVProgressHUD.build/Objects-normal/arm64/SVProgressAnimatedView.d --serialize-diagnostics /Users/runner/Library/Developer/Xcode/DerivedData/countdown-commbukpdznukvarcianfztjiqgm/Build/Intermediates.noindex/ArchiveIntermediates/countdown/IntermediateBuildFilesPath/Pods.build/Release-iphoneos/SVProgressHUD.build/Objects-normal/arm64/SVProgressAnimatedView.dia -c /Users/runner/work/CountdownW/CountdownW/Pods/SVProgressHUD/SVProgressHUD/SVProgressAnimatedView.m -o /Users/runner/Library/Developer/Xcode/DerivedData/countdown-commbukpdznukvarcianfztjiqgm/Build/Intermediates.noindex/ArchiveIntermediates/countdown/IntermediateBuildFilesPath/Pods.build/Release-iphoneos/SVProgressHUD.build/Objects-normal/arm64/SVProgressAnimatedView.o

CompileC /Users/runner/Library/Developer/Xcode/DerivedData/countdown-commbukpdznukvarcianfztjiqgm/Build/Intermediates.noindex/ArchiveIntermediates/countdown/IntermediateBuildFilesPath/Pods.build/Release-iphoneos/SVProgressHUD.build/Objects-normal/arm64/SVIndefiniteAnimatedView.o /Users/runner/work/CountdownW/CountdownW/Pods/SVProgressHUD/SVProgressHUD/SVIndefiniteAnimatedView.m normal arm64 objective-c com.apple.compilers.llvm.clang.1_0.compiler (in target 'SVProgressHUD' from project 'Pods')
    cd /Users/runner/work/CountdownW/CountdownW/Pods
    
    Using response file: /Users/runner/Library/Developer/Xcode/DerivedData/countdown-commbukpdznukvarcianfztjiqgm/Build/Intermediates.noindex/ArchiveIntermediates/countdown/IntermediateBuildFilesPath/Pods.build/Release-iphoneos/SVProgressHUD.build/Objects-normal/arm64/e6072d4f65d7061329687fe24e3d63a7-common-args.resp
    
    /Applications/Xcode_16.4.app/Contents/Developer/Toolchains/XcodeDefault.xctoolchain/usr/bin/clang -x objective-c -ivfsstatcache /Users/runner/Library/Developer/Xcode/DerivedData/SDKStatCaches.noindex/iphoneos18.5-22F76-a529daf784b3616c7c04a36aeb7f5c05.sdkstatcache -fmessage-length\=0 -fdiagnostics-show-note-include-stack -fmacro-backtrace-limit\=0 -fno-color-diagnostics -fmodules-prune-interval\=86400 -fmodules-prune-after\=345600 -fbuild-session-file\=/Users/runner/Library/Developer/Xcode/DerivedData/ModuleCache.noindex/Session.modulevalidation -fmodules-validate-once-per-build-session -Wnon-modular-include-in-framework-module -Werror\=non-modular-include-in-framework-module -Wno-trigraphs -Wno-missing-field-initializers -Wno-missing-prototypes -Werror\=return-type -Wdocumentation -Wunreachable-code -Wno-implicit-atomic-properties -Werror\=deprecated-objc-isa-usage -Wno-objc-interface-ivars -Werror\=objc-root-class -Wno-arc-repeated-use-of-weak -Wimplicit-retain-self -Wduplicate-method-match -Wno-missing-braces -Wparentheses -Wswitch -Wunused-function -Wno-unused-label -Wno-unused-parameter -Wunused-variable -Wunused-value -Wempty-body -Wuninitialized -Wconditional-uninitialized -Wno-unknown-pragmas -Wno-shadow -Wno-four-char-constants -Wno-conversion -Wconstant-conversion -Wint-conversion -Wbool-conversion -Wenum-conversion -Wno-float-conversion -Wnon-literal-null-conversion -Wobjc-literal-conversion -Wshorten-64-to-32 -Wpointer-sign -Wno-newline-eof -Wno-selector -Wno-strict-selector-match -Wundeclared-selector -Wdeprecated-implementations -Wno-implicit-fallthrough -fstrict-aliasing -Wprotocol -Wdeprecated-declarations -Wno-sign-conversion -Winfinite-recursion -Wcomma -Wblock-capture-autoreleasing -Wstrict-prototypes -Wno-semicolon-before-method-body -Wunguarded-availability @/Users/runner/Library/Developer/Xcode/DerivedData/countdown-commbukpdznukvarcianfztjiqgm/Build/Intermediates.noindex/ArchiveIntermediates/countdown/IntermediateBuildFilesPath/Pods.build/Release-iphoneos/SVProgressHUD.build/Objects-normal/arm64/e6072d4f65d7061329687fe24e3d63a7-common-args.resp -w -Xanalyzer -analyzer-disable-all-checks -include /Users/runner/work/CountdownW/CountdownW/Pods/Target\ Support\ Files/SVProgressHUD/SVProgressHUD-prefix.pch -MMD -MT dependencies -MF /Users/runner/Library/Developer/Xcode/DerivedData/countdown-commbukpdznukvarcianfztjiqgm/Build/Intermediates.noindex/ArchiveIntermediates/countdown/IntermediateBuildFilesPath/Pods.build/Release-iphoneos/SVProgressHUD.build/Objects-normal/arm64/SVIndefiniteAnimatedView.d --serialize-diagnostics /Users/runner/Library/Developer/Xcode/DerivedData/countdown-commbukpdznukvarcianfztjiqgm/Build/Intermediates.noindex/ArchiveIntermediates/countdown/IntermediateBuildFilesPath/Pods.build/Release-iphoneos/SVProgressHUD.build/Objects-normal/arm64/SVIndefiniteAnimatedView.dia -c /Users/runner/work/CountdownW/CountdownW/Pods/SVProgressHUD/SVProgressHUD/SVIndefiniteAnimatedView.m -o /Users/runner/Library/Developer/Xcode/DerivedData/countdown-commbukpdznukvarcianfztjiqgm/Build/Intermediates.noindex/ArchiveIntermediates/countdown/IntermediateBuildFilesPath/Pods.build/Release-iphoneos/SVProgressHUD.build/Objects-normal/arm64/SVIndefiniteAnimatedView.o

PrecompileModule /Users/runner/Library/Developer/Xcode/DerivedData/countdown-commbukpdznukvarcianfztjiqgm/Build/Intermediates.noindex/ArchiveIntermediates/countdown/IntermediateBuildFilesPath/ExplicitPrecompiledModules/_wchar-18S5N01GH8OCX2CGQ7689NOM5.scan
    cd /Users/runner/work/CountdownW/CountdownW/Pods
    builtin-precompileModule /Users/runner/Library/Developer/Xcode/DerivedData/countdown-commbukpdznukvarcianfztjiqgm/Build/Intermediates.noindex/ArchiveIntermediates/countdown/IntermediateBuildFilesPath/ExplicitPrecompiledModules/_wchar-18S5N01GH8OCX2CGQ7689NOM5.scan

PrecompileModule /Users/runner/Library/Developer/Xcode/DerivedData/countdown-commbukpdznukvarcianfztjiqgm/Build/Intermediates.noindex/ArchiveIntermediates/countdown/IntermediateBuildFilesPath/ExplicitPrecompiledModules/gethostuuid-823N4ZU5C56MGBXLKP1OVJHBV.scan
    cd /Users/runner/work/CountdownW/CountdownW/Pods
    builtin-precompileModule /Users/runner/Library/Developer/Xcode/DerivedData/countdown-commbukpdznukvarcianfztjiqgm/Build/Intermediates.noindex/ArchiveIntermediates/countdown/IntermediateBuildFilesPath/ExplicitPrecompiledModules/gethostuuid-823N4ZU5C56MGBXLKP1OVJHBV.scan

PrecompileModule /Users/runner/Library/Developer/Xcode/DerivedData/countdown-commbukpdznukvarcianfztjiqgm/Build/Intermediates.noindex/ArchiveIntermediates/countdown/IntermediateBuildFilesPath/ExplicitPrecompiledModules/_signal-7XG64GK09ZDQ9U5PJBQGH0UKM.scan
    cd /Users/runner/work/CountdownW/CountdownW/Pods
    builtin-precompileModule /Users/runner/Library/Developer/Xcode/DerivedData/countdown-commbukpdznukvarcianfztjiqgm/Build/Intermediates.noindex/ArchiveIntermediates/countdown/IntermediateBuildFilesPath/ExplicitPrecompiledModules/_signal-7XG64GK09ZDQ9U5PJBQGH0UKM.scan

PrecompileModule /Users/runner/Library/Developer/Xcode/DerivedData/countdown-commbukpdznukvarcianfztjiqgm/Build/Intermediates.noindex/ArchiveIntermediates/countdown/IntermediateBuildFilesPath/ExplicitPrecompiledModules/_string-5WPNPBZD6UZR7B5PX6D6ZONAI.scan
    cd /Users/runner/work/CountdownW/CountdownW/Pods
    builtin-precompileModule /Users/runner/Library/Developer/Xcode/DerivedData/countdown-commbukpdznukvarcianfztjiqgm/Build/Intermediates.noindex/ArchiveIntermediates/countdown/IntermediateBuildFilesPath/ExplicitPrecompiledModules/_string-5WPNPBZD6UZR7B5PX6D6ZONAI.scan

PrecompileModule /Users/runner/Library/Developer/Xcode/DerivedData/countdown-commbukpdznukvarcianfztjiqgm/Build/Intermediates.noindex/ArchiveIntermediates/countdown/IntermediateBuildFilesPath/ExplicitPrecompiledModules/_Builtin_inttypes-HUKRGMNMP0VJQ7QVE88PTS8M.scan
    cd /Users/runner/work/CountdownW/CountdownW/Pods
    builtin-precompileModule /Users/runner/Library/Developer/Xcode/DerivedData/countdown-commbukpdznukvarcianfztjiqgm/Build/Intermediates.noindex/ArchiveIntermediates/countdown/IntermediateBuildFilesPath/ExplicitPrecompiledModules/_Builtin_inttypes-HUKRGMNMP0VJQ7QVE88PTS8M.scan

SwiftDriver\ Compilation KeychainAccess normal arm64 com.apple.xcode.tools.swift.compiler (in target 'KeychainAccess' from project 'Pods')
    cd /Users/runner/work/CountdownW/CountdownW/Pods
    builtin-Swift-Compilation -- /Applications/Xcode_16.4.app/Contents/Developer/Toolchains/XcodeDefault.xctoolchain/usr/bin/swiftc -module-name KeychainAccess -O -whole-module-optimization -enforce-exclusivity\=checked @/Users/runner/Library/Developer/Xcode/DerivedData/countdown-commbukpdznukvarcianfztjiqgm/Build/Intermediates.noindex/ArchiveIntermediates/countdown/IntermediateBuildFilesPath/Pods.build/Release-iphoneos/KeychainAccess.build/Objects-normal/arm64/KeychainAccess.SwiftFileList -D COCOAPODS -suppress-warnings -enable-bare-slash-regex -enable-experimental-feature DebugDescriptionMacro -sdk /Applications/Xcode_16.4.app/Contents/Developer/Platforms/iPhoneOS.platform/Developer/SDKs/iPhoneOS18.5.sdk -target arm64-apple-ios9.0 -g -module-cache-path /Users/runner/Library/Developer/Xcode/DerivedData/ModuleCache.noindex -Xfrontend -serialize-debugging-options -swift-version 5 -I /Users/runner/Library/Developer/Xcode/DerivedData/countdown-commbukpdznukvarcianfztjiqgm/Build/Intermediates.noindex/ArchiveIntermediates/countdown/BuildProductsPath/Release-iphoneos/KeychainAccess -F /Users/runner/Library/Developer/Xcode/DerivedData/countdown-commbukpdznukvarcianfztjiqgm/Build/Intermediates.noindex/ArchiveIntermediates/countdown/BuildProductsPath/Release-iphoneos/KeychainAccess -parse-as-library -c -num-threads 3 -Xcc -ivfsstatcache -Xcc /Users/runner/Library/Developer/Xcode/DerivedData/SDKStatCaches.noindex/iphoneos18.5-22F76-a529daf784b3616c7c04a36aeb7f5c05.sdkstatcache -output-file-map /Users/runner/Library/Developer/Xcode/DerivedData/countdown-commbukpdznukvarcianfztjiqgm/Build/Intermediates.noindex/ArchiveIntermediates/countdown/IntermediateBuildFilesPath/Pods.build/Release-iphoneos/KeychainAccess.build/Objects-normal/arm64/KeychainAccess-OutputFileMap.json -use-frontend-parseable-output -save-temps -no-color-diagnostics -serialize-diagnostics -emit-dependencies -emit-module -emit-module-path /Users/runner/Library/Developer/Xcode/DerivedData/countdown-commbukpdznukvarcianfztjiqgm/Build/Intermediates.noindex/ArchiveIntermediates/countdown/IntermediateBuildFilesPath/Pods.build/Release-iphoneos/KeychainAccess.build/Objects-normal/arm64/KeychainAccess.swiftmodule -validate-clang-modules-once -clang-build-session-file /Users/runner/Library/Developer/Xcode/DerivedData/ModuleCache.noindex/Session.modulevalidation -Xcc -I/Users/runner/Library/Developer/Xcode/DerivedData/countdown-commbukpdznukvarcianfztjiqgm/Build/Intermediates.noindex/ArchiveIntermediates/countdown/IntermediateBuildFilesPath/Pods.build/Release-iphoneos/KeychainAccess.build/swift-overrides.hmap -emit-const-values -Xfrontend -const-gather-protocols-file -Xfrontend /Users/runner/Library/Developer/Xcode/DerivedData/countdown-commbukpdznukvarcianfztjiqgm/Build/Intermediates.noindex/ArchiveIntermediates/countdown/IntermediateBuildFilesPath/Pods.build/Release-iphoneos/KeychainAccess.build/Objects-normal/arm64/KeychainAccess_const_extract_protocols.json -Xcc -iquote -Xcc /Users/runner/Library/Developer/Xcode/DerivedData/countdown-commbukpdznukvarcianfztjiqgm/Build/Intermediates.noindex/ArchiveIntermediates/countdown/IntermediateBuildFilesPath/Pods.build/Release-iphoneos/KeychainAccess.build/KeychainAccess-generated-files.hmap -Xcc -I/Users/runner/Library/Developer/Xcode/DerivedData/countdown-commbukpdznukvarcianfztjiqgm/Build/Intermediates.noindex/ArchiveIntermediates/countdown/IntermediateBuildFilesPath/Pods.build/Release-iphoneos/KeychainAccess.build/KeychainAccess-own-target-headers.hmap -Xcc -I/Users/runner/Library/Developer/Xcode/DerivedData/countdown-commbukpdznukvarcianfztjiqgm/Build/Intermediates.noindex/ArchiveIntermediates/countdown/IntermediateBuildFilesPath/Pods.build/Release-iphoneos/KeychainAccess.build/KeychainAccess-all-non-framework-target-headers.hmap -Xcc -ivfsoverlay -Xcc /Users/runner/Library/Developer/Xcode/DerivedData/countdown-commbukpdznukvarcianfztjiqgm/Build/Intermediates.noindex/ArchiveIntermediates/countdown/IntermediateBuildFilesPath/Pods.build/Release-iphoneos/Pods-8699adb1dd336b26511df848a716bd42-VFS-iphoneos/all-product-headers.yaml -Xcc -iquote -Xcc /Users/runner/Library/Developer/Xcode/DerivedData/countdown-commbukpdznukvarcianfztjiqgm/Build/Intermediates.noindex/ArchiveIntermediates/countdown/IntermediateBuildFilesPath/Pods.build/Release-iphoneos/KeychainAccess.build/KeychainAccess-project-headers.hmap -Xcc -I/Users/runner/Library/Developer/Xcode/DerivedData/countdown-commbukpdznukvarcianfztjiqgm/Build/Intermediates.noindex/ArchiveIntermediates/countdown/BuildProductsPath/Release-iphoneos/KeychainAccess/include -Xcc -I/Users/runner/Library/Developer/Xcode/DerivedData/countdown-commbukpdznukvarcianfztjiqgm/Build/Intermediates.noindex/ArchiveIntermediates/countdown/IntermediateBuildFilesPath/Pods.build/Release-iphoneos/KeychainAccess.build/DerivedSources-normal/arm64 -Xcc -I/Users/runner/Library/Developer/Xcode/DerivedData/countdown-commbukpdznukvarcianfztjiqgm/Build/Intermediates.noindex/ArchiveIntermediates/countdown/IntermediateBuildFilesPath/Pods.build/Release-iphoneos/KeychainAccess.build/DerivedSources/arm64 -Xcc -I/Users/runner/Library/Developer/Xcode/DerivedData/countdown-commbukpdznukvarcianfztjiqgm/Build/Intermediates.noindex/ArchiveIntermediates/countdown/IntermediateBuildFilesPath/Pods.build/Release-iphoneos/KeychainAccess.build/DerivedSources -Xcc -DPOD_CONFIGURATION_RELEASE\=1 -Xcc -DCOCOAPODS\=1 -emit-objc-header -emit-objc-header-path /Users/runner/Library/Developer/Xcode/DerivedData/countdown-commbukpdznukvarcianfztjiqgm/Build/Intermediates.noindex/ArchiveIntermediates/countdown/IntermediateBuildFilesPath/Pods.build/Release-iphoneos/KeychainAccess.build/Objects-normal/arm64/KeychainAccess-Swift.h -import-underlying-module -Xcc -ivfsoverlay -Xcc /Users/runner/Library/Developer/Xcode/DerivedData/countdown-commbukpdznukvarcianfztjiqgm/Build/Intermediates.noindex/ArchiveIntermediates/countdown/IntermediateBuildFilesPath/Pods.build/Release-iphoneos/KeychainAccess.build/unextended-module-overlay.yaml -working-directory /Users/runner/work/CountdownW/CountdownW/Pods -no-emit-module-separately-wmo

PrecompileModule /Users/runner/Library/Developer/Xcode/DerivedData/countdown-commbukpdznukvarcianfztjiqgm/Build/Intermediates.noindex/ArchiveIntermediates/countdown/IntermediateBuildFilesPath/ExplicitPrecompiledModules/sys_wait-B7VHS7MVQPL943MDD7UHHHSMN.scan
    cd /Users/runner/work/CountdownW/CountdownW/Pods
    builtin-precompileModule /Users/runner/Library/Developer/Xcode/DerivedData/countdown-commbukpdznukvarcianfztjiqgm/Build/Intermediates.noindex/ArchiveIntermediates/countdown/IntermediateBuildFilesPath/ExplicitPrecompiledModules/sys_wait-B7VHS7MVQPL943MDD7UHHHSMN.scan

PrecompileModule /Users/runner/Library/Developer/Xcode/DerivedData/countdown-commbukpdznukvarcianfztjiqgm/Build/Intermediates.noindex/ArchiveIntermediates/countdown/IntermediateBuildFilesPath/ExplicitPrecompiledModules/sys_select-CBYON6DQMBVLFE8ME2531R4A4.scan
    cd /Users/runner/work/CountdownW/CountdownW/Pods
    builtin-precompileModule /Users/runner/Library/Developer/Xcode/DerivedData/countdown-commbukpdznukvarcianfztjiqgm/Build/Intermediates.noindex/ArchiveIntermediates/countdown/IntermediateBuildFilesPath/ExplicitPrecompiledModules/sys_select-CBYON6DQMBVLFE8ME2531R4A4.scan

PrecompileModule /Users/runner/Library/Developer/Xcode/DerivedData/countdown-commbukpdznukvarcianfztjiqgm/Build/Intermediates.noindex/ArchiveIntermediates/countdown/IntermediateBuildFilesPath/ExplicitPrecompiledModules/pthread-EN62P81P73HJ8IIAP168WN04M.scan
    cd /Users/runner/work/CountdownW/CountdownW/Pods
    builtin-precompileModule /Users/runner/Library/Developer/Xcode/DerivedData/countdown-commbukpdznukvarcianfztjiqgm/Build/Intermediates.noindex/ArchiveIntermediates/countdown/IntermediateBuildFilesPath/ExplicitPrecompiledModules/pthread-EN62P81P73HJ8IIAP168WN04M.scan

PrecompileModule /Users/runner/Library/Developer/Xcode/DerivedData/countdown-commbukpdznukvarcianfztjiqgm/Build/Intermediates.noindex/ArchiveIntermediates/countdown/IntermediateBuildFilesPath/ExplicitPrecompiledModules/_stdlib-2ME1WY742WS3JU3Q6R2EWIMSM.scan
    cd /Users/runner/work/CountdownW/CountdownW/Pods
    builtin-precompileModule /Users/runner/Library/Developer/Xcode/DerivedData/countdown-commbukpdznukvarcianfztjiqgm/Build/Intermediates.noindex/ArchiveIntermediates/countdown/IntermediateBuildFilesPath/ExplicitPrecompiledModules/_stdlib-2ME1WY742WS3JU3Q6R2EWIMSM.scan

PrecompileModule /Users/runner/Library/Developer/Xcode/DerivedData/countdown-commbukpdznukvarcianfztjiqgm/Build/Intermediates.noindex/ArchiveIntermediates/countdown/IntermediateBuildFilesPath/ExplicitPrecompiledModules/unistd-2THWG7LUU79SDOZVB4ETT4QSN.scan
    cd /Users/runner/work/CountdownW/CountdownW/Pods
    builtin-precompileModule /Users/runner/Library/Developer/Xcode/DerivedData/countdown-commbukpdznukvarcianfztjiqgm/Build/Intermediates.noindex/ArchiveIntermediates/countdown/IntermediateBuildFilesPath/ExplicitPrecompiledModules/unistd-2THWG7LUU79SDOZVB4ETT4QSN.scan

SwiftDriver\ Compilation ApplePurchaseKit normal arm64 com.apple.xcode.tools.swift.compiler (in target 'ApplePurchaseKit' from project 'Pods')
    cd /Users/runner/work/CountdownW/CountdownW/Pods
    builtin-Swift-Compilation -- /Applications/Xcode_16.4.app/Contents/Developer/Toolchains/XcodeDefault.xctoolchain/usr/bin/swiftc -module-name ApplePurchaseKit -O -whole-module-optimization -enforce-exclusivity\=checked @/Users/runner/Library/Developer/Xcode/DerivedData/countdown-commbukpdznukvarcianfztjiqgm/Build/Intermediates.noindex/ArchiveIntermediates/countdown/IntermediateBuildFilesPath/Pods.build/Release-iphoneos/ApplePurchaseKit.build/Objects-normal/arm64/ApplePurchaseKit.SwiftFileList -D COCOAPODS -suppress-warnings -enable-bare-slash-regex -enable-experimental-feature DebugDescriptionMacro -sdk /Applications/Xcode_16.4.app/Contents/Developer/Platforms/iPhoneOS.platform/Developer/SDKs/iPhoneOS18.5.sdk -target arm64-apple-ios15.0 -g -module-cache-path /Users/runner/Library/Developer/Xcode/DerivedData/ModuleCache.noindex -Xfrontend -serialize-debugging-options -swift-version 5 -I /Users/runner/Library/Developer/Xcode/DerivedData/countdown-commbukpdznukvarcianfztjiqgm/Build/Intermediates.noindex/ArchiveIntermediates/countdown/BuildProductsPath/Release-iphoneos/ApplePurchaseKit -F /Users/runner/Library/Developer/Xcode/DerivedData/countdown-commbukpdznukvarcianfztjiqgm/Build/Intermediates.noindex/ArchiveIntermediates/countdown/BuildProductsPath/Release-iphoneos/ApplePurchaseKit -F /Users/runner/work/CountdownW/CountdownW/Pods/UMCommon/UMCommon_7.5.8 -F /Users/runner/work/CountdownW/CountdownW/Pods/UMDevice/UMDevice_3.5.0 -F /Users/runner/Library/Developer/Xcode/DerivedData/countdown-commbukpdznukvarcianfztjiqgm/Build/Intermediates.noindex/ArchiveIntermediates/countdown/BuildProductsPath/Release-iphoneos/XCFrameworkIntermediates/UMCommon -F /Users/runner/Library/Developer/Xcode/DerivedData/countdown-commbukpdznukvarcianfztjiqgm/Build/Intermediates.noindex/ArchiveIntermediates/countdown/BuildProductsPath/Release-iphoneos/XCFrameworkIntermediates/UMDevice -c -num-threads 3 -Xcc -ivfsstatcache -Xcc /Users/runner/Library/Developer/Xcode/DerivedData/SDKStatCaches.noindex/iphoneos18.5-22F76-a529daf784b3616c7c04a36aeb7f5c05.sdkstatcache -output-file-map /Users/runner/Library/Developer/Xcode/DerivedData/countdown-commbukpdznukvarcianfztjiqgm/Build/Intermediates.noindex/ArchiveIntermediates/countdown/IntermediateBuildFilesPath/Pods.build/Release-iphoneos/ApplePurchaseKit.build/Objects-normal/arm64/ApplePurchaseKit-OutputFileMap.json -use-frontend-parseable-output -save-temps -no-color-diagnostics -serialize-diagnostics -emit-dependencies -emit-module -emit-module-path /Users/runner/Library/Developer/Xcode/DerivedData/countdown-commbukpdznukvarcianfztjiqgm/Build/Intermediates.noindex/ArchiveIntermediates/countdown/IntermediateBuildFilesPath/Pods.build/Release-iphoneos/ApplePurchaseKit.build/Objects-normal/arm64/ApplePurchaseKit.swiftmodule -validate-clang-modules-once -clang-build-session-file /Users/runner/Library/Developer/Xcode/DerivedData/ModuleCache.noindex/Session.modulevalidation -Xcc -I/Users/runner/Library/Developer/Xcode/DerivedData/countdown-commbukpdznukvarcianfztjiqgm/Build/Intermediates.noindex/ArchiveIntermediates/countdown/IntermediateBuildFilesPath/Pods.build/Release-iphoneos/ApplePurchaseKit.build/swift-overrides.hmap -emit-const-values -Xfrontend -const-gather-protocols-file -Xfrontend /Users/runner/Library/Developer/Xcode/DerivedData/countdown-commbukpdznukvarcianfztjiqgm/Build/Intermediates.noindex/ArchiveIntermediates/countdown/IntermediateBuildFilesPath/Pods.build/Release-iphoneos/ApplePurchaseKit.build/Objects-normal/arm64/ApplePurchaseKit_const_extract_protocols.json -Xcc -iquote -Xcc /Users/runner/Library/Developer/Xcode/DerivedData/countdown-commbukpdznukvarcianfztjiqgm/Build/Intermediates.noindex/ArchiveIntermediates/countdown/IntermediateBuildFilesPath/Pods.build/Release-iphoneos/ApplePurchaseKit.build/ApplePurchaseKit-generated-files.hmap -Xcc -I/Users/runner/Library/Developer/Xcode/DerivedData/countdown-commbukpdznukvarcianfztjiqgm/Build/Intermediates.noindex/ArchiveIntermediates/countdown/IntermediateBuildFilesPath/Pods.build/Release-iphoneos/ApplePurchaseKit.build/ApplePurchaseKit-own-target-headers.hmap -Xcc -I/Users/runner/Library/Developer/Xcode/DerivedData/countdown-commbukpdznukvarcianfztjiqgm/Build/Intermediates.noindex/ArchiveIntermediates/countdown/IntermediateBuildFilesPath/Pods.build/Release-iphoneos/ApplePurchaseKit.build/ApplePurchaseKit-all-non-framework-target-headers.hmap -Xcc -ivfsoverlay -Xcc /Users/runner/Library/Developer/Xcode/DerivedData/countdown-commbukpdznukvarcianfztjiqgm/Build/Intermediates.noindex/ArchiveIntermediates/countdown/IntermediateBuildFilesPath/Pods.build/Release-iphoneos/Pods-8699adb1dd336b26511df848a716bd42-VFS-iphoneos/all-product-headers.yaml -Xcc -iquote -Xcc /Users/runner/Library/Developer/Xcode/DerivedData/countdown-commbukpdznukvarcianfztjiqgm/Build/Intermediates.noindex/ArchiveIntermediates/countdown/IntermediateBuildFilesPath/Pods.build/Release-iphoneos/ApplePurchaseKit.build/ApplePurchaseKit-project-headers.hmap -Xcc -I/Users/runner/Library/Developer/Xcode/DerivedData/countdown-commbukpdznukvarcianfztjiqgm/Build/Intermediates.noindex/ArchiveIntermediates/countdown/BuildProductsPath/Release-iphoneos/ApplePurchaseKit/include -Xcc -I/Users/runner/Library/Developer/Xcode/DerivedData/countdown-commbukpdznukvarcianfztjiqgm/Build/Intermediates.noindex/ArchiveIntermediates/countdown/IntermediateBuildFilesPath/Pods.build/Release-iphoneos/ApplePurchaseKit.build/DerivedSources-normal/arm64 -Xcc -I/Users/runner/Library/Developer/Xcode/DerivedData/countdown-commbukpdznukvarcianfztjiqgm/Build/Intermediates.noindex/ArchiveIntermediates/countdown/IntermediateBuildFilesPath/Pods.build/Release-iphoneos/ApplePurchaseKit.build/DerivedSources/arm64 -Xcc -I/Users/runner/Library/Developer/Xcode/DerivedData/countdown-commbukpdznukvarcianfztjiqgm/Build/Intermediates.noindex/ArchiveIntermediates/countdown/IntermediateBuildFilesPath/Pods.build/Release-iphoneos/ApplePurchaseKit.build/DerivedSources -Xcc -DPOD_CONFIGURATION_RELEASE\=1 -Xcc -DCOCOAPODS\=1 -emit-objc-header -emit-objc-header-path /Users/runner/Library/Developer/Xcode/DerivedData/countdown-commbukpdznukvarcianfztjiqgm/Build/Intermediates.noindex/ArchiveIntermediates/countdown/IntermediateBuildFilesPath/Pods.build/Release-iphoneos/ApplePurchaseKit.build/Objects-normal/arm64/ApplePurchaseKit-Swift.h -import-underlying-module -Xcc -ivfsoverlay -Xcc /Users/runner/Library/Developer/Xcode/DerivedData/countdown-commbukpdznukvarcianfztjiqgm/Build/Intermediates.noindex/ArchiveIntermediates/countdown/IntermediateBuildFilesPath/Pods.build/Release-iphoneos/ApplePurchaseKit.build/unextended-module-overlay.yaml -working-directory /Users/runner/work/CountdownW/CountdownW/Pods -no-emit-module-separately-wmo

ScanDependencies /Users/runner/Library/Developer/Xcode/DerivedData/countdown-commbukpdznukvarcianfztjiqgm/Build/Intermediates.noindex/ArchiveIntermediates/countdown/IntermediateBuildFilesPath/Pods.build/Release-iphoneos/KeychainAccess.build/Objects-normal/arm64/KeychainAccess_vers.o /Users/runner/Library/Developer/Xcode/DerivedData/countdown-commbukpdznukvarcianfztjiqgm/Build/Intermediates.noindex/ArchiveIntermediates/countdown/IntermediateBuildFilesPath/Pods.build/Release-iphoneos/KeychainAccess.build/DerivedSources/KeychainAccess_vers.c normal arm64 c com.apple.compilers.llvm.clang.1_0.compiler (in target 'KeychainAccess' from project 'Pods')
    cd /Users/runner/work/CountdownW/CountdownW/Pods
    
    Using response file: /Users/runner/Library/Developer/Xcode/DerivedData/countdown-commbukpdznukvarcianfztjiqgm/Build/Intermediates.noindex/ArchiveIntermediates/countdown/IntermediateBuildFilesPath/Pods.build/Release-iphoneos/KeychainAccess.build/Objects-normal/arm64/7187679823f38a2a940e0043cdf9d637-common-args.resp
    
    builtin-ScanDependencies -o /Users/runner/Library/Developer/Xcode/DerivedData/countdown-commbukpdznukvarcianfztjiqgm/Build/Intermediates.noindex/ArchiveIntermediates/countdown/IntermediateBuildFilesPath/Pods.build/Release-iphoneos/KeychainAccess.build/Objects-normal/arm64/KeychainAccess_vers.o.scan -- /Applications/Xcode_16.4.app/Contents/Developer/Toolchains/XcodeDefault.xctoolchain/usr/bin/clang -x c -ivfsstatcache /Users/runner/Library/Developer/Xcode/DerivedData/SDKStatCaches.noindex/iphoneos18.5-22F76-a529daf784b3616c7c04a36aeb7f5c05.sdkstatcache -fmessage-length\=0 -fdiagnostics-show-note-include-stack -fmacro-backtrace-limit\=0 -fno-color-diagnostics -fmodules-prune-interval\=86400 -fmodules-prune-after\=345600 -fbuild-session-file\=/Users/runner/Library/Developer/Xcode/DerivedData/ModuleCache.noindex/Session.modulevalidation -fmodules-validate-once-per-build-session -Wnon-modular-include-in-framework-module -Werror\=non-modular-include-in-framework-module -Wno-trigraphs -Wno-missing-field-initializers -Wno-missing-prototypes -Werror\=return-type -Wdocumentation -Wunreachable-code -Werror\=deprecated-objc-isa-usage -Werror\=objc-root-class -Wno-missing-braces -Wparentheses -Wswitch -Wunused-function -Wno-unused-label -Wno-unused-parameter -Wunused-variable -Wunused-value -Wempty-body -Wuninitialized -Wconditional-uninitialized -Wno-unknown-pragmas -Wno-shadow -Wno-four-char-constants -Wno-conversion -Wconstant-conversion -Wint-conversion -Wbool-conversion -Wenum-conversion -Wno-float-conversion -Wnon-literal-null-conversion -Wobjc-literal-conversion -Wshorten-64-to-32 -Wpointer-sign -Wno-newline-eof -Wno-implicit-fallthrough -fstrict-aliasing -Wdeprecated-declarations -Wno-sign-conversion -Winfinite-recursion -Wcomma -Wblock-capture-autoreleasing -Wstrict-prototypes -Wno-semicolon-before-method-body -Wunguarded-availability @/Users/runner/Library/Developer/Xcode/DerivedData/countdown-commbukpdznukvarcianfztjiqgm/Build/Intermediates.noindex/ArchiveIntermediates/countdown/IntermediateBuildFilesPath/Pods.build/Release-iphoneos/KeychainAccess.build/Objects-normal/arm64/7187679823f38a2a940e0043cdf9d637-common-args.resp -MMD -MT dependencies -MF /Users/runner/Library/Developer/Xcode/DerivedData/countdown-commbukpdznukvarcianfztjiqgm/Build/Intermediates.noindex/ArchiveIntermediates/countdown/IntermediateBuildFilesPath/Pods.build/Release-iphoneos/KeychainAccess.build/Objects-normal/arm64/KeychainAccess_vers.d --serialize-diagnostics /Users/runner/Library/Developer/Xcode/DerivedData/countdown-commbukpdznukvarcianfztjiqgm/Build/Intermediates.noindex/ArchiveIntermediates/countdown/IntermediateBuildFilesPath/Pods.build/Release-iphoneos/KeychainAccess.build/Objects-normal/arm64/KeychainAccess_vers.dia -c /Users/runner/Library/Developer/Xcode/DerivedData/countdown-commbukpdznukvarcianfztjiqgm/Build/Intermediates.noindex/ArchiveIntermediates/countdown/IntermediateBuildFilesPath/Pods.build/Release-iphoneos/KeychainAccess.build/DerivedSources/KeychainAccess_vers.c -o /Users/runner/Library/Developer/Xcode/DerivedData/countdown-commbukpdznukvarcianfztjiqgm/Build/Intermediates.noindex/ArchiveIntermediates/countdown/IntermediateBuildFilesPath/Pods.build/Release-iphoneos/KeychainAccess.build/Objects-normal/arm64/KeychainAccess_vers.o

ScanDependencies /Users/runner/Library/Developer/Xcode/DerivedData/countdown-commbukpdznukvarcianfztjiqgm/Build/Intermediates.noindex/ArchiveIntermediates/countdown/IntermediateBuildFilesPath/Pods.build/Release-iphoneos/KeychainAccess.build/Objects-normal/arm64/KeychainAccess-dummy.o /Users/runner/work/CountdownW/CountdownW/Pods/Target\ Support\ Files/KeychainAccess/KeychainAccess-dummy.m normal arm64 objective-c com.apple.compilers.llvm.clang.1_0.compiler (in target 'KeychainAccess' from project 'Pods')
    cd /Users/runner/work/CountdownW/CountdownW/Pods
    
    Using response file: /Users/runner/Library/Developer/Xcode/DerivedData/countdown-commbukpdznukvarcianfztjiqgm/Build/Intermediates.noindex/ArchiveIntermediates/countdown/IntermediateBuildFilesPath/Pods.build/Release-iphoneos/KeychainAccess.build/Objects-normal/arm64/e6072d4f65d7061329687fe24e3d63a7-common-args.resp
    
    builtin-ScanDependencies -o /Users/runner/Library/Developer/Xcode/DerivedData/countdown-commbukpdznukvarcianfztjiqgm/Build/Intermediates.noindex/ArchiveIntermediates/countdown/IntermediateBuildFilesPath/Pods.build/Release-iphoneos/KeychainAccess.build/Objects-normal/arm64/KeychainAccess-dummy.o.scan -- /Applications/Xcode_16.4.app/Contents/Developer/Toolchains/XcodeDefault.xctoolchain/usr/bin/clang -x objective-c -ivfsstatcache /Users/runner/Library/Developer/Xcode/DerivedData/SDKStatCaches.noindex/iphoneos18.5-22F76-a529daf784b3616c7c04a36aeb7f5c05.sdkstatcache -fmessage-length\=0 -fdiagnostics-show-note-include-stack -fmacro-backtrace-limit\=0 -fno-color-diagnostics -fmodules-prune-interval\=86400 -fmodules-prune-after\=345600 -fbuild-session-file\=/Users/runner/Library/Developer/Xcode/DerivedData/ModuleCache.noindex/Session.modulevalidation -fmodules-validate-once-per-build-session -Wnon-modular-include-in-framework-module -Werror\=non-modular-include-in-framework-module -Wno-trigraphs -Wno-missing-field-initializers -Wno-missing-prototypes -Werror\=return-type -Wdocumentation -Wunreachable-code -Wno-implicit-atomic-properties -Werror\=deprecated-objc-isa-usage -Wno-objc-interface-ivars -Werror\=objc-root-class -Wno-arc-repeated-use-of-weak -Wimplicit-retain-self -Wduplicate-method-match -Wno-missing-braces -Wparentheses -Wswitch -Wunused-function -Wno-unused-label -Wno-unused-parameter -Wunused-variable -Wunused-value -Wempty-body -Wuninitialized -Wconditional-uninitialized -Wno-unknown-pragmas -Wno-shadow -Wno-four-char-constants -Wno-conversion -Wconstant-conversion -Wint-conversion -Wbool-conversion -Wenum-conversion -Wno-float-conversion -Wnon-literal-null-conversion -Wobjc-literal-conversion -Wshorten-64-to-32 -Wpointer-sign -Wno-newline-eof -Wno-selector -Wno-strict-selector-match -Wundeclared-selector -Wdeprecated-implementations -Wno-implicit-fallthrough -fstrict-aliasing -Wprotocol -Wdeprecated-declarations -Wno-sign-conversion -Winfinite-recursion -Wcomma -Wblock-capture-autoreleasing -Wstrict-prototypes -Wno-semicolon-before-method-body -Wunguarded-availability @/Users/runner/Library/Developer/Xcode/DerivedData/countdown-commbukpdznukvarcianfztjiqgm/Build/Intermediates.noindex/ArchiveIntermediates/countdown/IntermediateBuildFilesPath/Pods.build/Release-iphoneos/KeychainAccess.build/Objects-normal/arm64/e6072d4f65d7061329687fe24e3d63a7-common-args.resp -include /Users/runner/work/CountdownW/CountdownW/Pods/Target\ Support\ Files/KeychainAccess/KeychainAccess-prefix.pch -MMD -MT dependencies -MF /Users/runner/Library/Developer/Xcode/DerivedData/countdown-commbukpdznukvarcianfztjiqgm/Build/Intermediates.noindex/ArchiveIntermediates/countdown/IntermediateBuildFilesPath/Pods.build/Release-iphoneos/KeychainAccess.build/Objects-normal/arm64/KeychainAccess-dummy.d --serialize-diagnostics /Users/runner/Library/Developer/Xcode/DerivedData/countdown-commbukpdznukvarcianfztjiqgm/Build/Intermediates.noindex/ArchiveIntermediates/countdown/IntermediateBuildFilesPath/Pods.build/Release-iphoneos/KeychainAccess.build/Objects-normal/arm64/KeychainAccess-dummy.dia -c /Users/runner/work/CountdownW/CountdownW/Pods/Target\ Support\ Files/KeychainAccess/KeychainAccess-dummy.m -o /Users/runner/Library/Developer/Xcode/DerivedData/countdown-commbukpdznukvarcianfztjiqgm/Build/Intermediates.noindex/ArchiveIntermediates/countdown/IntermediateBuildFilesPath/Pods.build/Release-iphoneos/KeychainAccess.build/Objects-normal/arm64/KeychainAccess-dummy.o

PrecompileModule /Users/runner/Library/Developer/Xcode/DerivedData/countdown-commbukpdznukvarcianfztjiqgm/Build/Intermediates.noindex/ArchiveIntermediates/countdown/IntermediateBuildFilesPath/ExplicitPrecompiledModules/Darwin-5C8E241848I311BAA1KCVLYSM.scan
    cd /Users/runner/work/CountdownW/CountdownW/Pods
    builtin-precompileModule /Users/runner/Library/Developer/Xcode/DerivedData/countdown-commbukpdznukvarcianfztjiqgm/Build/Intermediates.noindex/ArchiveIntermediates/countdown/IntermediateBuildFilesPath/ExplicitPrecompiledModules/Darwin-5C8E241848I311BAA1KCVLYSM.scan

CompileC /Users/runner/Library/Developer/Xcode/DerivedData/countdown-commbukpdznukvarcianfztjiqgm/Build/Intermediates.noindex/ArchiveIntermediates/countdown/IntermediateBuildFilesPath/Pods.build/Release-iphoneos/KeychainAccess.build/Objects-normal/arm64/KeychainAccess_vers.o /Users/runner/Library/Developer/Xcode/DerivedData/countdown-commbukpdznukvarcianfztjiqgm/Build/Intermediates.noindex/ArchiveIntermediates/countdown/IntermediateBuildFilesPath/Pods.build/Release-iphoneos/KeychainAccess.build/DerivedSources/KeychainAccess_vers.c normal arm64 c com.apple.compilers.llvm.clang.1_0.compiler (in target 'KeychainAccess' from project 'Pods')
    cd /Users/runner/work/CountdownW/CountdownW/Pods
    
    Using response file: /Users/runner/Library/Developer/Xcode/DerivedData/countdown-commbukpdznukvarcianfztjiqgm/Build/Intermediates.noindex/ArchiveIntermediates/countdown/IntermediateBuildFilesPath/Pods.build/Release-iphoneos/KeychainAccess.build/Objects-normal/arm64/7187679823f38a2a940e0043cdf9d637-common-args.resp
    
    /Applications/Xcode_16.4.app/Contents/Developer/Toolchains/XcodeDefault.xctoolchain/usr/bin/clang -x c -ivfsstatcache /Users/runner/Library/Developer/Xcode/DerivedData/SDKStatCaches.noindex/iphoneos18.5-22F76-a529daf784b3616c7c04a36aeb7f5c05.sdkstatcache -fmessage-length\=0 -fdiagnostics-show-note-include-stack -fmacro-backtrace-limit\=0 -fno-color-diagnostics -fmodules-prune-interval\=86400 -fmodules-prune-after\=345600 -fbuild-session-file\=/Users/runner/Library/Developer/Xcode/DerivedData/ModuleCache.noindex/Session.modulevalidation -fmodules-validate-once-per-build-session -Wnon-modular-include-in-framework-module -Werror\=non-modular-include-in-framework-module -Wno-trigraphs -Wno-missing-field-initializers -Wno-missing-prototypes -Werror\=return-type -Wdocumentation -Wunreachable-code -Werror\=deprecated-objc-isa-usage -Werror\=objc-root-class -Wno-missing-braces -Wparentheses -Wswitch -Wunused-function -Wno-unused-label -Wno-unused-parameter -Wunused-variable -Wunused-value -Wempty-body -Wuninitialized -Wconditional-uninitialized -Wno-unknown-pragmas -Wno-shadow -Wno-four-char-constants -Wno-conversion -Wconstant-conversion -Wint-conversion -Wbool-conversion -Wenum-conversion -Wno-float-conversion -Wnon-literal-null-conversion -Wobjc-literal-conversion -Wshorten-64-to-32 -Wpointer-sign -Wno-newline-eof -Wno-implicit-fallthrough -fstrict-aliasing -Wdeprecated-declarations -Wno-sign-conversion -Winfinite-recursion -Wcomma -Wblock-capture-autoreleasing -Wstrict-prototypes -Wno-semicolon-before-method-body -Wunguarded-availability @/Users/runner/Library/Developer/Xcode/DerivedData/countdown-commbukpdznukvarcianfztjiqgm/Build/Intermediates.noindex/ArchiveIntermediates/countdown/IntermediateBuildFilesPath/Pods.build/Release-iphoneos/KeychainAccess.build/Objects-normal/arm64/7187679823f38a2a940e0043cdf9d637-common-args.resp -MMD -MT dependencies -MF /Users/runner/Library/Developer/Xcode/DerivedData/countdown-commbukpdznukvarcianfztjiqgm/Build/Intermediates.noindex/ArchiveIntermediates/countdown/IntermediateBuildFilesPath/Pods.build/Release-iphoneos/KeychainAccess.build/Objects-normal/arm64/KeychainAccess_vers.d --serialize-diagnostics /Users/runner/Library/Developer/Xcode/DerivedData/countdown-commbukpdznukvarcianfztjiqgm/Build/Intermediates.noindex/ArchiveIntermediates/countdown/IntermediateBuildFilesPath/Pods.build/Release-iphoneos/KeychainAccess.build/Objects-normal/arm64/KeychainAccess_vers.dia -c /Users/runner/Library/Developer/Xcode/DerivedData/countdown-commbukpdznukvarcianfztjiqgm/Build/Intermediates.noindex/ArchiveIntermediates/countdown/IntermediateBuildFilesPath/Pods.build/Release-iphoneos/KeychainAccess.build/DerivedSources/KeychainAccess_vers.c -o /Users/runner/Library/Developer/Xcode/DerivedData/countdown-commbukpdznukvarcianfztjiqgm/Build/Intermediates.noindex/ArchiveIntermediates/countdown/IntermediateBuildFilesPath/Pods.build/Release-iphoneos/KeychainAccess.build/Objects-normal/arm64/KeychainAccess_vers.o

PrecompileModule /Users/runner/Library/Developer/Xcode/DerivedData/countdown-commbukpdznukvarcianfztjiqgm/Build/Intermediates.noindex/ArchiveIntermediates/countdown/IntermediateBuildFilesPath/ExplicitPrecompiledModules/ObjectiveC-7VYD2W7E490CIE4WV42I270R4.scan
    cd /Users/runner/work/CountdownW/CountdownW/Pods
    builtin-precompileModule /Users/runner/Library/Developer/Xcode/DerivedData/countdown-commbukpdznukvarcianfztjiqgm/Build/Intermediates.noindex/ArchiveIntermediates/countdown/IntermediateBuildFilesPath/ExplicitPrecompiledModules/ObjectiveC-7VYD2W7E490CIE4WV42I270R4.scan

ScanDependencies /Users/runner/Library/Developer/Xcode/DerivedData/countdown-commbukpdznukvarcianfztjiqgm/Build/Intermediates.noindex/ArchiveIntermediates/countdown/IntermediateBuildFilesPath/Pods.build/Release-iphoneos/ApplePurchaseKit.build/Objects-normal/arm64/ApplePurchaseKit_vers.o /Users/runner/Library/Developer/Xcode/DerivedData/countdown-commbukpdznukvarcianfztjiqgm/Build/Intermediates.noindex/ArchiveIntermediates/countdown/IntermediateBuildFilesPath/Pods.build/Release-iphoneos/ApplePurchaseKit.build/DerivedSources/ApplePurchaseKit_vers.c normal arm64 c com.apple.compilers.llvm.clang.1_0.compiler (in target 'ApplePurchaseKit' from project 'Pods')
    cd /Users/runner/work/CountdownW/CountdownW/Pods
    
    Using response file: /Users/runner/Library/Developer/Xcode/DerivedData/countdown-commbukpdznukvarcianfztjiqgm/Build/Intermediates.noindex/ArchiveIntermediates/countdown/IntermediateBuildFilesPath/Pods.build/Release-iphoneos/ApplePurchaseKit.build/Objects-normal/arm64/7187679823f38a2a940e0043cdf9d637-common-args.resp
    
    builtin-ScanDependencies -o /Users/runner/Library/Developer/Xcode/DerivedData/countdown-commbukpdznukvarcianfztjiqgm/Build/Intermediates.noindex/ArchiveIntermediates/countdown/IntermediateBuildFilesPath/Pods.build/Release-iphoneos/ApplePurchaseKit.build/Objects-normal/arm64/ApplePurchaseKit_vers.o.scan -- /Applications/Xcode_16.4.app/Contents/Developer/Toolchains/XcodeDefault.xctoolchain/usr/bin/clang -x c -ivfsstatcache /Users/runner/Library/Developer/Xcode/DerivedData/SDKStatCaches.noindex/iphoneos18.5-22F76-a529daf784b3616c7c04a36aeb7f5c05.sdkstatcache -fmessage-length\=0 -fdiagnostics-show-note-include-stack -fmacro-backtrace-limit\=0 -fno-color-diagnostics -fmodules-prune-interval\=86400 -fmodules-prune-after\=345600 -fbuild-session-file\=/Users/runner/Library/Developer/Xcode/DerivedData/ModuleCache.noindex/Session.modulevalidation -fmodules-validate-once-per-build-session -Wnon-modular-include-in-framework-module -Werror\=non-modular-include-in-framework-module -Wno-trigraphs -Wno-missing-field-initializers -Wno-missing-prototypes -Werror\=return-type -Wdocumentation -Wunreachable-code -Werror\=deprecated-objc-isa-usage -Werror\=objc-root-class -Wno-missing-braces -Wparentheses -Wswitch -Wunused-function -Wno-unused-label -Wno-unused-parameter -Wunused-variable -Wunused-value -Wempty-body -Wuninitialized -Wconditional-uninitialized -Wno-unknown-pragmas -Wno-shadow -Wno-four-char-constants -Wno-conversion -Wconstant-conversion -Wint-conversion -Wbool-conversion -Wenum-conversion -Wno-float-conversion -Wnon-literal-null-conversion -Wobjc-literal-conversion -Wshorten-64-to-32 -Wpointer-sign -Wno-newline-eof -Wno-implicit-fallthrough -fstrict-aliasing -Wdeprecated-declarations -Wno-sign-conversion -Winfinite-recursion -Wcomma -Wblock-capture-autoreleasing -Wstrict-prototypes -Wno-semicolon-before-method-body -Wunguarded-availability @/Users/runner/Library/Developer/Xcode/DerivedData/countdown-commbukpdznukvarcianfztjiqgm/Build/Intermediates.noindex/ArchiveIntermediates/countdown/IntermediateBuildFilesPath/Pods.build/Release-iphoneos/ApplePurchaseKit.build/Objects-normal/arm64/7187679823f38a2a940e0043cdf9d637-common-args.resp -MMD -MT dependencies -MF /Users/runner/Library/Developer/Xcode/DerivedData/countdown-commbukpdznukvarcianfztjiqgm/Build/Intermediates.noindex/ArchiveIntermediates/countdown/IntermediateBuildFilesPath/Pods.build/Release-iphoneos/ApplePurchaseKit.build/Objects-normal/arm64/ApplePurchaseKit_vers.d --serialize-diagnostics /Users/runner/Library/Developer/Xcode/DerivedData/countdown-commbukpdznukvarcianfztjiqgm/Build/Intermediates.noindex/ArchiveIntermediates/countdown/IntermediateBuildFilesPath/Pods.build/Release-iphoneos/ApplePurchaseKit.build/Objects-normal/arm64/ApplePurchaseKit_vers.dia -c /Users/runner/Library/Developer/Xcode/DerivedData/countdown-commbukpdznukvarcianfztjiqgm/Build/Intermediates.noindex/ArchiveIntermediates/countdown/IntermediateBuildFilesPath/Pods.build/Release-iphoneos/ApplePurchaseKit.build/DerivedSources/ApplePurchaseKit_vers.c -o /Users/runner/Library/Developer/Xcode/DerivedData/countdown-commbukpdznukvarcianfztjiqgm/Build/Intermediates.noindex/ArchiveIntermediates/countdown/IntermediateBuildFilesPath/Pods.build/Release-iphoneos/ApplePurchaseKit.build/Objects-normal/arm64/ApplePurchaseKit_vers.o

PrecompileModule /Users/runner/Library/Developer/Xcode/DerivedData/countdown-commbukpdznukvarcianfztjiqgm/Build/Intermediates.noindex/ArchiveIntermediates/countdown/IntermediateBuildFilesPath/ExplicitPrecompiledModules/os_object-2USJ6PYLMJ2VWI7OXYBVZNVEB.scan
    cd /Users/runner/work/CountdownW/CountdownW/Pods
    builtin-precompileModule /Users/runner/Library/Developer/Xcode/DerivedData/countdown-commbukpdznukvarcianfztjiqgm/Build/Intermediates.noindex/ArchiveIntermediates/countdown/IntermediateBuildFilesPath/ExplicitPrecompiledModules/os_object-2USJ6PYLMJ2VWI7OXYBVZNVEB.scan

CompileC /Users/runner/Library/Developer/Xcode/DerivedData/countdown-commbukpdznukvarcianfztjiqgm/Build/Intermediates.noindex/ArchiveIntermediates/countdown/IntermediateBuildFilesPath/Pods.build/Release-iphoneos/ApplePurchaseKit.build/Objects-normal/arm64/ApplePurchaseKit_vers.o /Users/runner/Library/Developer/Xcode/DerivedData/countdown-commbukpdznukvarcianfztjiqgm/Build/Intermediates.noindex/ArchiveIntermediates/countdown/IntermediateBuildFilesPath/Pods.build/Release-iphoneos/ApplePurchaseKit.build/DerivedSources/ApplePurchaseKit_vers.c normal arm64 c com.apple.compilers.llvm.clang.1_0.compiler (in target 'ApplePurchaseKit' from project 'Pods')
    cd /Users/runner/work/CountdownW/CountdownW/Pods
    
    Using response file: /Users/runner/Library/Developer/Xcode/DerivedData/countdown-commbukpdznukvarcianfztjiqgm/Build/Intermediates.noindex/ArchiveIntermediates/countdown/IntermediateBuildFilesPath/Pods.build/Release-iphoneos/ApplePurchaseKit.build/Objects-normal/arm64/7187679823f38a2a940e0043cdf9d637-common-args.resp
    
    /Applications/Xcode_16.4.app/Contents/Developer/Toolchains/XcodeDefault.xctoolchain/usr/bin/clang -x c -ivfsstatcache /Users/runner/Library/Developer/Xcode/DerivedData/SDKStatCaches.noindex/iphoneos18.5-22F76-a529daf784b3616c7c04a36aeb7f5c05.sdkstatcache -fmessage-length\=0 -fdiagnostics-show-note-include-stack -fmacro-backtrace-limit\=0 -fno-color-diagnostics -fmodules-prune-interval\=86400 -fmodules-prune-after\=345600 -fbuild-session-file\=/Users/runner/Library/Developer/Xcode/DerivedData/ModuleCache.noindex/Session.modulevalidation -fmodules-validate-once-per-build-session -Wnon-modular-include-in-framework-module -Werror\=non-modular-include-in-framework-module -Wno-trigraphs -Wno-missing-field-initializers -Wno-missing-prototypes -Werror\=return-type -Wdocumentation -Wunreachable-code -Werror\=deprecated-objc-isa-usage -Werror\=objc-root-class -Wno-missing-braces -Wparentheses -Wswitch -Wunused-function -Wno-unused-label -Wno-unused-parameter -Wunused-variable -Wunused-value -Wempty-body -Wuninitialized -Wconditional-uninitialized -Wno-unknown-pragmas -Wno-shadow -Wno-four-char-constants -Wno-conversion -Wconstant-conversion -Wint-conversion -Wbool-conversion -Wenum-conversion -Wno-float-conversion -Wnon-literal-null-conversion -Wobjc-literal-conversion -Wshorten-64-to-32 -Wpointer-sign -Wno-newline-eof -Wno-implicit-fallthrough -fstrict-aliasing -Wdeprecated-declarations -Wno-sign-conversion -Winfinite-recursion -Wcomma -Wblock-capture-autoreleasing -Wstrict-prototypes -Wno-semicolon-before-method-body -Wunguarded-availability @/Users/runner/Library/Developer/Xcode/DerivedData/countdown-commbukpdznukvarcianfztjiqgm/Build/Intermediates.noindex/ArchiveIntermediates/countdown/IntermediateBuildFilesPath/Pods.build/Release-iphoneos/ApplePurchaseKit.build/Objects-normal/arm64/7187679823f38a2a940e0043cdf9d637-common-args.resp -MMD -MT dependencies -MF /Users/runner/Library/Developer/Xcode/DerivedData/countdown-commbukpdznukvarcianfztjiqgm/Build/Intermediates.noindex/ArchiveIntermediates/countdown/IntermediateBuildFilesPath/Pods.build/Release-iphoneos/ApplePurchaseKit.build/Objects-normal/arm64/ApplePurchaseKit_vers.d --serialize-diagnostics /Users/runner/Library/Developer/Xcode/DerivedData/countdown-commbukpdznukvarcianfztjiqgm/Build/Intermediates.noindex/ArchiveIntermediates/countdown/IntermediateBuildFilesPath/Pods.build/Release-iphoneos/ApplePurchaseKit.build/Objects-normal/arm64/ApplePurchaseKit_vers.dia -c /Users/runner/Library/Developer/Xcode/DerivedData/countdown-commbukpdznukvarcianfztjiqgm/Build/Intermediates.noindex/ArchiveIntermediates/countdown/IntermediateBuildFilesPath/Pods.build/Release-iphoneos/ApplePurchaseKit.build/DerivedSources/ApplePurchaseKit_vers.c -o /Users/runner/Library/Developer/Xcode/DerivedData/countdown-commbukpdznukvarcianfztjiqgm/Build/Intermediates.noindex/ArchiveIntermediates/countdown/IntermediateBuildFilesPath/Pods.build/Release-iphoneos/ApplePurchaseKit.build/Objects-normal/arm64/ApplePurchaseKit_vers.o

PrecompileModule /Users/runner/Library/Developer/Xcode/DerivedData/countdown-commbukpdznukvarcianfztjiqgm/Build/Intermediates.noindex/ArchiveIntermediates/countdown/IntermediateBuildFilesPath/ExplicitPrecompiledModules/os_workgroup-EIWV0H3287DPT7C5MTLS5F3MM.scan
    cd /Users/runner/work/CountdownW/CountdownW/Pods
    builtin-precompileModule /Users/runner/Library/Developer/Xcode/DerivedData/countdown-commbukpdznukvarcianfztjiqgm/Build/Intermediates.noindex/ArchiveIntermediates/countdown/IntermediateBuildFilesPath/ExplicitPrecompiledModules/os_workgroup-EIWV0H3287DPT7C5MTLS5F3MM.scan

ScanDependencies /Users/runner/Library/Developer/Xcode/DerivedData/countdown-commbukpdznukvarcianfztjiqgm/Build/Intermediates.noindex/ArchiveIntermediates/countdown/IntermediateBuildFilesPath/Pods.build/Release-iphoneos/ApplePurchaseKit.build/Objects-normal/arm64/ApplePurchaseKit-dummy.o /Users/runner/work/CountdownW/CountdownW/Pods/Target\ Support\ Files/ApplePurchaseKit/ApplePurchaseKit-dummy.m normal arm64 objective-c com.apple.compilers.llvm.clang.1_0.compiler (in target 'ApplePurchaseKit' from project 'Pods')
    cd /Users/runner/work/CountdownW/CountdownW/Pods
    
    Using response file: /Users/runner/Library/Developer/Xcode/DerivedData/countdown-commbukpdznukvarcianfztjiqgm/Build/Intermediates.noindex/ArchiveIntermediates/countdown/IntermediateBuildFilesPath/Pods.build/Release-iphoneos/ApplePurchaseKit.build/Objects-normal/arm64/e6072d4f65d7061329687fe24e3d63a7-common-args.resp
    
    builtin-ScanDependencies -o /Users/runner/Library/Developer/Xcode/DerivedData/countdown-commbukpdznukvarcianfztjiqgm/Build/Intermediates.noindex/ArchiveIntermediates/countdown/IntermediateBuildFilesPath/Pods.build/Release-iphoneos/ApplePurchaseKit.build/Objects-normal/arm64/ApplePurchaseKit-dummy.o.scan -- /Applications/Xcode_16.4.app/Contents/Developer/Toolchains/XcodeDefault.xctoolchain/usr/bin/clang -x objective-c -ivfsstatcache /Users/runner/Library/Developer/Xcode/DerivedData/SDKStatCaches.noindex/iphoneos18.5-22F76-a529daf784b3616c7c04a36aeb7f5c05.sdkstatcache -fmessage-length\=0 -fdiagnostics-show-note-include-stack -fmacro-backtrace-limit\=0 -fno-color-diagnostics -fmodules-prune-interval\=86400 -fmodules-prune-after\=345600 -fbuild-session-file\=/Users/runner/Library/Developer/Xcode/DerivedData/ModuleCache.noindex/Session.modulevalidation -fmodules-validate-once-per-build-session -Wnon-modular-include-in-framework-module -Werror\=non-modular-include-in-framework-module -Wno-trigraphs -Wno-missing-field-initializers -Wno-missing-prototypes -Werror\=return-type -Wdocumentation -Wunreachable-code -Wno-implicit-atomic-properties -Werror\=deprecated-objc-isa-usage -Wno-objc-interface-ivars -Werror\=objc-root-class -Wno-arc-repeated-use-of-weak -Wimplicit-retain-self -Wduplicate-method-match -Wno-missing-braces -Wparentheses -Wswitch -Wunused-function -Wno-unused-label -Wno-unused-parameter -Wunused-variable -Wunused-value -Wempty-body -Wuninitialized -Wconditional-uninitialized -Wno-unknown-pragmas -Wno-shadow -Wno-four-char-constants -Wno-conversion -Wconstant-conversion -Wint-conversion -Wbool-conversion -Wenum-conversion -Wno-float-conversion -Wnon-literal-null-conversion -Wobjc-literal-conversion -Wshorten-64-to-32 -Wpointer-sign -Wno-newline-eof -Wno-selector -Wno-strict-selector-match -Wundeclared-selector -Wdeprecated-implementations -Wno-implicit-fallthrough -fstrict-aliasing -Wprotocol -Wdeprecated-declarations -Wno-sign-conversion -Winfinite-recursion -Wcomma -Wblock-capture-autoreleasing -Wstrict-prototypes -Wno-semicolon-before-method-body -Wunguarded-availability @/Users/runner/Library/Developer/Xcode/DerivedData/countdown-commbukpdznukvarcianfztjiqgm/Build/Intermediates.noindex/ArchiveIntermediates/countdown/IntermediateBuildFilesPath/Pods.build/Release-iphoneos/ApplePurchaseKit.build/Objects-normal/arm64/e6072d4f65d7061329687fe24e3d63a7-common-args.resp -include /Users/runner/work/CountdownW/CountdownW/Pods/Target\ Support\ Files/ApplePurchaseKit/ApplePurchaseKit-prefix.pch -MMD -MT dependencies -MF /Users/runner/Library/Developer/Xcode/DerivedData/countdown-commbukpdznukvarcianfztjiqgm/Build/Intermediates.noindex/ArchiveIntermediates/countdown/IntermediateBuildFilesPath/Pods.build/Release-iphoneos/ApplePurchaseKit.build/Objects-normal/arm64/ApplePurchaseKit-dummy.d --serialize-diagnostics /Users/runner/Library/Developer/Xcode/DerivedData/countdown-commbukpdznukvarcianfztjiqgm/Build/Intermediates.noindex/ArchiveIntermediates/countdown/IntermediateBuildFilesPath/Pods.build/Release-iphoneos/ApplePurchaseKit.build/Objects-normal/arm64/ApplePurchaseKit-dummy.dia -c /Users/runner/work/CountdownW/CountdownW/Pods/Target\ Support\ Files/ApplePurchaseKit/ApplePurchaseKit-dummy.m -o /Users/runner/Library/Developer/Xcode/DerivedData/countdown-commbukpdznukvarcianfztjiqgm/Build/Intermediates.noindex/ArchiveIntermediates/countdown/IntermediateBuildFilesPath/Pods.build/Release-iphoneos/ApplePurchaseKit.build/Objects-normal/arm64/ApplePurchaseKit-dummy.o

PrecompileModule /Users/runner/Library/Developer/Xcode/DerivedData/countdown-commbukpdznukvarcianfztjiqgm/Build/Intermediates.noindex/ArchiveIntermediates/countdown/IntermediateBuildFilesPath/ExplicitPrecompiledModules/Dispatch-DSH4EZRCQP2TLY1B8CCDG0GTK.scan
    cd /Users/runner/work/CountdownW/CountdownW/Pods
    builtin-precompileModule /Users/runner/Library/Developer/Xcode/DerivedData/countdown-commbukpdznukvarcianfztjiqgm/Build/Intermediates.noindex/ArchiveIntermediates/countdown/IntermediateBuildFilesPath/ExplicitPrecompiledModules/Dispatch-DSH4EZRCQP2TLY1B8CCDG0GTK.scan

PrecompileModule /Users/runner/Library/Developer/Xcode/DerivedData/countdown-commbukpdznukvarcianfztjiqgm/Build/Intermediates.noindex/ArchiveIntermediates/countdown/IntermediateBuildFilesPath/ExplicitPrecompiledModules/_Builtin_stdbool-ELZXSI0AVMMBIJRUT6OBO0T4X.scan
    cd /Users/runner/work/CountdownW/CountdownW/Pods
    builtin-precompileModule /Users/runner/Library/Developer/Xcode/DerivedData/countdown-commbukpdznukvarcianfztjiqgm/Build/Intermediates.noindex/ArchiveIntermediates/countdown/IntermediateBuildFilesPath/ExplicitPrecompiledModules/_Builtin_stdbool-ELZXSI0AVMMBIJRUT6OBO0T4X.scan

PrecompileModule /Users/runner/Library/Developer/Xcode/DerivedData/countdown-commbukpdznukvarcianfztjiqgm/Build/Intermediates.noindex/ArchiveIntermediates/countdown/IntermediateBuildFilesPath/ExplicitPrecompiledModules/XPC-9UOFE5MPQHFE41SGHS2RUFYG8.scan
    cd /Users/runner/work/CountdownW/CountdownW/Pods
    builtin-precompileModule /Users/runner/Library/Developer/Xcode/DerivedData/countdown-commbukpdznukvarcianfztjiqgm/Build/Intermediates.noindex/ArchiveIntermediates/countdown/IntermediateBuildFilesPath/ExplicitPrecompiledModules/XPC-9UOFE5MPQHFE41SGHS2RUFYG8.scan

PrecompileModule /Users/runner/Library/Developer/Xcode/DerivedData/countdown-commbukpdznukvarcianfztjiqgm/Build/Intermediates.noindex/ArchiveIntermediates/countdown/IntermediateBuildFilesPath/ExplicitPrecompiledModules/_Builtin_iso646-170NNP6C8XRXASK757JSHHKP4.scan
    cd /Users/runner/work/CountdownW/CountdownW/Pods
    builtin-precompileModule /Users/runner/Library/Developer/Xcode/DerivedData/countdown-commbukpdznukvarcianfztjiqgm/Build/Intermediates.noindex/ArchiveIntermediates/countdown/IntermediateBuildFilesPath/ExplicitPrecompiledModules/_Builtin_iso646-170NNP6C8XRXASK757JSHHKP4.scan

PrecompileModule /Users/runner/Library/Developer/Xcode/DerivedData/countdown-commbukpdznukvarcianfztjiqgm/Build/Intermediates.noindex/ArchiveIntermediates/countdown/IntermediateBuildFilesPath/ExplicitPrecompiledModules/_float-7CEZDD0KWUP3JLQMEIXH1U6RG.scan
    cd /Users/runner/work/CountdownW/CountdownW/Pods
    builtin-precompileModule /Users/runner/Library/Developer/Xcode/DerivedData/countdown-commbukpdznukvarcianfztjiqgm/Build/Intermediates.noindex/ArchiveIntermediates/countdown/IntermediateBuildFilesPath/ExplicitPrecompiledModules/_float-7CEZDD0KWUP3JLQMEIXH1U6RG.scan

PrecompileModule /Users/runner/Library/Developer/Xcode/DerivedData/countdown-commbukpdznukvarcianfztjiqgm/Build/Intermediates.noindex/ArchiveIntermediates/countdown/IntermediateBuildFilesPath/ExplicitPrecompiledModules/ptrcheck-9MRL5BJK944CZ3OFJI2O1Q9TV.scan
    cd /Users/runner/work/CountdownW/CountdownW/Pods
    builtin-precompileModule /Users/runner/Library/Developer/Xcode/DerivedData/countdown-commbukpdznukvarcianfztjiqgm/Build/Intermediates.noindex/ArchiveIntermediates/countdown/IntermediateBuildFilesPath/ExplicitPrecompiledModules/ptrcheck-9MRL5BJK944CZ3OFJI2O1Q9TV.scan

PrecompileModule /Users/runner/Library/Developer/Xcode/DerivedData/countdown-commbukpdznukvarcianfztjiqgm/Build/Intermediates.noindex/ArchiveIntermediates/countdown/IntermediateBuildFilesPath/ExplicitPrecompiledModules/_Builtin_stddef-C5WFPPLYULGB2LI5LMP1XFRXL.scan
    cd /Users/runner/work/CountdownW/CountdownW/Pods
    builtin-precompileModule /Users/runner/Library/Developer/Xcode/DerivedData/countdown-commbukpdznukvarcianfztjiqgm/Build/Intermediates.noindex/ArchiveIntermediates/countdown/IntermediateBuildFilesPath/ExplicitPrecompiledModules/_Builtin_stddef-C5WFPPLYULGB2LI5LMP1XFRXL.scan

PrecompileModule /Users/runner/Library/Developer/Xcode/DerivedData/countdown-commbukpdznukvarcianfztjiqgm/Build/Intermediates.noindex/ArchiveIntermediates/countdown/IntermediateBuildFilesPath/ExplicitPrecompiledModules/_Builtin_float-4Z2VWI509M417F8G01BGEG18I.scan
    cd /Users/runner/work/CountdownW/CountdownW/Pods
    builtin-precompileModule /Users/runner/Library/Developer/Xcode/DerivedData/countdown-commbukpdznukvarcianfztjiqgm/Build/Intermediates.noindex/ArchiveIntermediates/countdown/IntermediateBuildFilesPath/ExplicitPrecompiledModules/_Builtin_float-4Z2VWI509M417F8G01BGEG18I.scan

PrecompileModule /Users/runner/Library/Developer/Xcode/DerivedData/countdown-commbukpdznukvarcianfztjiqgm/Build/Intermediates.noindex/ArchiveIntermediates/countdown/IntermediateBuildFilesPath/ExplicitPrecompiledModules/os_availability_internal-5JBEGIO35GBSB2WVK7XOIOH7M.scan
    cd /Users/runner/work/CountdownW/CountdownW/Pods
    builtin-precompileModule /Users/runner/Library/Developer/Xcode/DerivedData/countdown-commbukpdznukvarcianfztjiqgm/Build/Intermediates.noindex/ArchiveIntermediates/countdown/IntermediateBuildFilesPath/ExplicitPrecompiledModules/os_availability_internal-5JBEGIO35GBSB2WVK7XOIOH7M.scan

PrecompileModule /Users/runner/Library/Developer/Xcode/DerivedData/countdown-commbukpdznukvarcianfztjiqgm/Build/Intermediates.noindex/ArchiveIntermediates/countdown/IntermediateBuildFilesPath/ExplicitPrecompiledModules/TargetConditionals-7RKSTLMGYB3JWX5HLAFOXXTT7.scan
    cd /Users/runner/work/CountdownW/CountdownW/Pods
    builtin-precompileModule /Users/runner/Library/Developer/Xcode/DerivedData/countdown-commbukpdznukvarcianfztjiqgm/Build/Intermediates.noindex/ArchiveIntermediates/countdown/IntermediateBuildFilesPath/ExplicitPrecompiledModules/TargetConditionals-7RKSTLMGYB3JWX5HLAFOXXTT7.scan

PrecompileModule /Users/runner/Library/Developer/Xcode/DerivedData/countdown-commbukpdznukvarcianfztjiqgm/Build/Intermediates.noindex/ArchiveIntermediates/countdown/IntermediateBuildFilesPath/ExplicitPrecompiledModules/os_availability-AZB9HTU0TY91MBS9P5MVOGW5Z.scan
    cd /Users/runner/work/CountdownW/CountdownW/Pods
    builtin-precompileModule /Users/runner/Library/Developer/Xcode/DerivedData/countdown-commbukpdznukvarcianfztjiqgm/Build/Intermediates.noindex/ArchiveIntermediates/countdown/IntermediateBuildFilesPath/ExplicitPrecompiledModules/os_availability-AZB9HTU0TY91MBS9P5MVOGW5Z.scan

PrecompileModule /Users/runner/Library/Developer/Xcode/DerivedData/countdown-commbukpdznukvarcianfztjiqgm/Build/Intermediates.noindex/ArchiveIntermediates/countdown/IntermediateBuildFilesPath/ExplicitPrecompiledModules/ptrauth-EMXCC11GM34B677SU3ZHUQB3N.scan
    cd /Users/runner/work/CountdownW/CountdownW/Pods
    builtin-precompileModule /Users/runner/Library/Developer/Xcode/DerivedData/countdown-commbukpdznukvarcianfztjiqgm/Build/Intermediates.noindex/ArchiveIntermediates/countdown/IntermediateBuildFilesPath/ExplicitPrecompiledModules/ptrauth-EMXCC11GM34B677SU3ZHUQB3N.scan

PrecompileModule /Users/runner/Library/Developer/Xcode/DerivedData/countdown-commbukpdznukvarcianfztjiqgm/Build/Intermediates.noindex/ArchiveIntermediates/countdown/IntermediateBuildFilesPath/ExplicitPrecompiledModules/AvailabilityMacros-8Q8HC3L2BYQSW2PZY2Z42E522.scan
    cd /Users/runner/work/CountdownW/CountdownW/Pods
    builtin-precompileModule /Users/runner/Library/Developer/Xcode/DerivedData/countdown-commbukpdznukvarcianfztjiqgm/Build/Intermediates.noindex/ArchiveIntermediates/countdown/IntermediateBuildFilesPath/ExplicitPrecompiledModules/AvailabilityMacros-8Q8HC3L2BYQSW2PZY2Z42E522.scan

PrecompileModule /Users/runner/Library/Developer/Xcode/DerivedData/countdown-commbukpdznukvarcianfztjiqgm/Build/Intermediates.noindex/ArchiveIntermediates/countdown/IntermediateBuildFilesPath/ExplicitPrecompiledModules/CoreFoundation-DVUYXXIBK3Q1Z1S6EP4FD0XMB.scan
    cd /Users/runner/work/CountdownW/CountdownW/Pods
    builtin-precompileModule /Users/runner/Library/Developer/Xcode/DerivedData/countdown-commbukpdznukvarcianfztjiqgm/Build/Intermediates.noindex/ArchiveIntermediates/countdown/IntermediateBuildFilesPath/ExplicitPrecompiledModules/CoreFoundation-DVUYXXIBK3Q1Z1S6EP4FD0XMB.scan

PrecompileModule /Users/runner/Library/Developer/Xcode/DerivedData/countdown-commbukpdznukvarcianfztjiqgm/Build/Intermediates.noindex/ArchiveIntermediates/countdown/IntermediateBuildFilesPath/ExplicitPrecompiledModules/_Builtin_stdarg-61HR03ECEZBCYIL9B39M6IUS.scan
    cd /Users/runner/work/CountdownW/CountdownW/Pods
    builtin-precompileModule /Users/runner/Library/Developer/Xcode/DerivedData/countdown-commbukpdznukvarcianfztjiqgm/Build/Intermediates.noindex/ArchiveIntermediates/countdown/IntermediateBuildFilesPath/ExplicitPrecompiledModules/_Builtin_stdarg-61HR03ECEZBCYIL9B39M6IUS.scan

PrecompileModule /Users/runner/Library/Developer/Xcode/DerivedData/countdown-commbukpdznukvarcianfztjiqgm/Build/Intermediates.noindex/ArchiveIntermediates/countdown/IntermediateBuildFilesPath/ExplicitPrecompiledModules/CFNetwork-7J2BRUP5GF7ULQ9190WPNIYJ5.scan
    cd /Users/runner/work/CountdownW/CountdownW/Pods
    builtin-precompileModule /Users/runner/Library/Developer/Xcode/DerivedData/countdown-commbukpdznukvarcianfztjiqgm/Build/Intermediates.noindex/ArchiveIntermediates/countdown/IntermediateBuildFilesPath/ExplicitPrecompiledModules/CFNetwork-7J2BRUP5GF7ULQ9190WPNIYJ5.scan

PrecompileModule /Users/runner/Library/Developer/Xcode/DerivedData/countdown-commbukpdznukvarcianfztjiqgm/Build/Intermediates.noindex/ArchiveIntermediates/countdown/IntermediateBuildFilesPath/ExplicitPrecompiledModules/Security-YGAS1C1UGFJDKV5SZKCT5GW3.scan
    cd /Users/runner/work/CountdownW/CountdownW/Pods
    builtin-precompileModule /Users/runner/Library/Developer/Xcode/DerivedData/countdown-commbukpdznukvarcianfztjiqgm/Build/Intermediates.noindex/ArchiveIntermediates/countdown/IntermediateBuildFilesPath/ExplicitPrecompiledModules/Security-YGAS1C1UGFJDKV5SZKCT5GW3.scan

PrecompileModule /Users/runner/Library/Developer/Xcode/DerivedData/countdown-commbukpdznukvarcianfztjiqgm/Build/Intermediates.noindex/ArchiveIntermediates/countdown/IntermediateBuildFilesPath/ExplicitPrecompiledModules/CoreGraphics-11B718VS8O5L7GI13J2Z4XME4.scan
    cd /Users/runner/work/CountdownW/CountdownW/Pods
    builtin-precompileModule /Users/runner/Library/Developer/Xcode/DerivedData/countdown-commbukpdznukvarcianfztjiqgm/Build/Intermediates.noindex/ArchiveIntermediates/countdown/IntermediateBuildFilesPath/ExplicitPrecompiledModules/CoreGraphics-11B718VS8O5L7GI13J2Z4XME4.scan

PrecompileModule /Users/runner/Library/Developer/Xcode/DerivedData/countdown-commbukpdznukvarcianfztjiqgm/Build/Intermediates.noindex/ArchiveIntermediates/countdown/IntermediateBuildFilesPath/ExplicitPrecompiledModules/_Builtin_stdarg-2A0KHP3D37N6IVXXM1DO4ZC3U.scan
    cd /Users/runner/work/CountdownW/CountdownW/Pods
    builtin-precompileModule /Users/runner/Library/Developer/Xcode/DerivedData/countdown-commbukpdznukvarcianfztjiqgm/Build/Intermediates.noindex/ArchiveIntermediates/countdown/IntermediateBuildFilesPath/ExplicitPrecompiledModules/_Builtin_stdarg-2A0KHP3D37N6IVXXM1DO4ZC3U.scan

PrecompileModule /Users/runner/Library/Developer/Xcode/DerivedData/countdown-commbukpdznukvarcianfztjiqgm/Build/Intermediates.noindex/ArchiveIntermediates/countdown/IntermediateBuildFilesPath/ExplicitPrecompiledModules/os_availability_internal-5KZ97Z1UMHOQ6O92UYJOHVZNJ.scan
    cd /Users/runner/work/CountdownW/CountdownW/Pods
    builtin-precompileModule /Users/runner/Library/Developer/Xcode/DerivedData/countdown-commbukpdznukvarcianfztjiqgm/Build/Intermediates.noindex/ArchiveIntermediates/countdown/IntermediateBuildFilesPath/ExplicitPrecompiledModules/os_availability_internal-5KZ97Z1UMHOQ6O92UYJOHVZNJ.scan

PrecompileModule /Users/runner/Library/Developer/Xcode/DerivedData/countdown-commbukpdznukvarcianfztjiqgm/Build/Intermediates.noindex/ArchiveIntermediates/countdown/IntermediateBuildFilesPath/ExplicitPrecompiledModules/CoreText-46CMJ690F8AY0HR4WM50YWJZ4.scan
    cd /Users/runner/work/CountdownW/CountdownW/Pods
    builtin-precompileModule /Users/runner/Library/Developer/Xcode/DerivedData/countdown-commbukpdznukvarcianfztjiqgm/Build/Intermediates.noindex/ArchiveIntermediates/countdown/IntermediateBuildFilesPath/ExplicitPrecompiledModules/CoreText-46CMJ690F8AY0HR4WM50YWJZ4.scan

PrecompileModule /Users/runner/Library/Developer/Xcode/DerivedData/countdown-commbukpdznukvarcianfztjiqgm/Build/Intermediates.noindex/ArchiveIntermediates/countdown/IntermediateBuildFilesPath/ExplicitPrecompiledModules/_Builtin_stdbool-7AGGTIASMKLN45JW08WK4ZYWA.scan
    cd /Users/runner/work/CountdownW/CountdownW/Pods
    builtin-precompileModule /Users/runner/Library/Developer/Xcode/DerivedData/countdown-commbukpdznukvarcianfztjiqgm/Build/Intermediates.noindex/ArchiveIntermediates/countdown/IntermediateBuildFilesPath/ExplicitPrecompiledModules/_Builtin_stdbool-7AGGTIASMKLN45JW08WK4ZYWA.scan

PrecompileModule /Users/runner/Library/Developer/Xcode/DerivedData/countdown-commbukpdznukvarcianfztjiqgm/Build/Intermediates.noindex/ArchiveIntermediates/countdown/IntermediateBuildFilesPath/ExplicitPrecompiledModules/os_availability-E1HJDUYUFXXX55LBBSO2OGOII.scan
    cd /Users/runner/work/CountdownW/CountdownW/Pods
    builtin-precompileModule /Users/runner/Library/Developer/Xcode/DerivedData/countdown-commbukpdznukvarcianfztjiqgm/Build/Intermediates.noindex/ArchiveIntermediates/countdown/IntermediateBuildFilesPath/ExplicitPrecompiledModules/os_availability-E1HJDUYUFXXX55LBBSO2OGOII.scan

PrecompileModule /Users/runner/Library/Developer/Xcode/DerivedData/countdown-commbukpdznukvarcianfztjiqgm/Build/Intermediates.noindex/ArchiveIntermediates/countdown/IntermediateBuildFilesPath/ExplicitPrecompiledModules/_Builtin_stddef-EA336B8FIZ2WJOINI06PUUVHU.scan
    cd /Users/runner/work/CountdownW/CountdownW/Pods
    builtin-precompileModule /Users/runner/Library/Developer/Xcode/DerivedData/countdown-commbukpdznukvarcianfztjiqgm/Build/Intermediates.noindex/ArchiveIntermediates/countdown/IntermediateBuildFilesPath/ExplicitPrecompiledModules/_Builtin_stddef-EA336B8FIZ2WJOINI06PUUVHU.scan

PrecompileModule /Users/runner/Library/Developer/Xcode/DerivedData/countdown-commbukpdznukvarcianfztjiqgm/Build/Intermediates.noindex/ArchiveIntermediates/countdown/IntermediateBuildFilesPath/ExplicitPrecompiledModules/TargetConditionals-6AYYF5R26WHTSU20ECZP3ZUXU.scan
    cd /Users/runner/work/CountdownW/CountdownW/Pods
    builtin-precompileModule /Users/runner/Library/Developer/Xcode/DerivedData/countdown-commbukpdznukvarcianfztjiqgm/Build/Intermediates.noindex/ArchiveIntermediates/countdown/IntermediateBuildFilesPath/ExplicitPrecompiledModules/TargetConditionals-6AYYF5R26WHTSU20ECZP3ZUXU.scan

PrecompileModule /Users/runner/Library/Developer/Xcode/DerivedData/countdown-commbukpdznukvarcianfztjiqgm/Build/Intermediates.noindex/ArchiveIntermediates/countdown/IntermediateBuildFilesPath/ExplicitPrecompiledModules/ImageIO-C31KG3BBNBU80PGP7R4IY11Y7.scan
    cd /Users/runner/work/CountdownW/CountdownW/Pods
    builtin-precompileModule /Users/runner/Library/Developer/Xcode/DerivedData/countdown-commbukpdznukvarcianfztjiqgm/Build/Intermediates.noindex/ArchiveIntermediates/countdown/IntermediateBuildFilesPath/ExplicitPrecompiledModules/ImageIO-C31KG3BBNBU80PGP7R4IY11Y7.scan

PrecompileModule /Users/runner/Library/Developer/Xcode/DerivedData/countdown-commbukpdznukvarcianfztjiqgm/Build/Intermediates.noindex/ArchiveIntermediates/countdown/IntermediateBuildFilesPath/ExplicitPrecompiledModules/Foundation-34WR5Z550524SOTYZWZOZY3VG.scan
    cd /Users/runner/work/CountdownW/CountdownW/Pods
    builtin-precompileModule /Users/runner/Library/Developer/Xcode/DerivedData/countdown-commbukpdznukvarcianfztjiqgm/Build/Intermediates.noindex/ArchiveIntermediates/countdown/IntermediateBuildFilesPath/ExplicitPrecompiledModules/Foundation-34WR5Z550524SOTYZWZOZY3VG.scan

PrecompileModule /Users/runner/Library/Developer/Xcode/DerivedData/countdown-commbukpdznukvarcianfztjiqgm/Build/Intermediates.noindex/ArchiveIntermediates/countdown/IntermediateBuildFilesPath/ExplicitPrecompiledModules/AvailabilityMacros-EM5LOL09U4B7H0Q9EGE68OUV6.scan
    cd /Users/runner/work/CountdownW/CountdownW/Pods
    builtin-precompileModule /Users/runner/Library/Developer/Xcode/DerivedData/countdown-commbukpdznukvarcianfztjiqgm/Build/Intermediates.noindex/ArchiveIntermediates/countdown/IntermediateBuildFilesPath/ExplicitPrecompiledModules/AvailabilityMacros-EM5LOL09U4B7H0Q9EGE68OUV6.scan

PrecompileModule /Users/runner/Library/Developer/Xcode/DerivedData/countdown-commbukpdznukvarcianfztjiqgm/Build/Intermediates.noindex/ArchiveIntermediates/countdown/IntermediateBuildFilesPath/ExplicitPrecompiledModules/_fenv-AT8KLV2JEAQA6LTSPSDBNMBEK.scan
    cd /Users/runner/work/CountdownW/CountdownW/Pods
    builtin-precompileModule /Users/runner/Library/Developer/Xcode/DerivedData/countdown-commbukpdznukvarcianfztjiqgm/Build/Intermediates.noindex/ArchiveIntermediates/countdown/IntermediateBuildFilesPath/ExplicitPrecompiledModules/_fenv-AT8KLV2JEAQA6LTSPSDBNMBEK.scan

PrecompileModule /Users/runner/Library/Developer/Xcode/DerivedData/countdown-commbukpdznukvarcianfztjiqgm/Build/Intermediates.noindex/ArchiveIntermediates/countdown/IntermediateBuildFilesPath/ExplicitPrecompiledModules/_float-6X3UG731XQU91XWA91OKXCFNZ.scan
    cd /Users/runner/work/CountdownW/CountdownW/Pods
    builtin-precompileModule /Users/runner/Library/Developer/Xcode/DerivedData/countdown-commbukpdznukvarcianfztjiqgm/Build/Intermediates.noindex/ArchiveIntermediates/countdown/IntermediateBuildFilesPath/ExplicitPrecompiledModules/_float-6X3UG731XQU91XWA91OKXCFNZ.scan

PrecompileModule /Users/runner/Library/Developer/Xcode/DerivedData/countdown-commbukpdznukvarcianfztjiqgm/Build/Intermediates.noindex/ArchiveIntermediates/countdown/IntermediateBuildFilesPath/ExplicitPrecompiledModules/ptrcheck-4QTMMJ6VD1G2VDU2XG33J8BL5.scan
    cd /Users/runner/work/CountdownW/CountdownW/Pods
    builtin-precompileModule /Users/runner/Library/Developer/Xcode/DerivedData/countdown-commbukpdznukvarcianfztjiqgm/Build/Intermediates.noindex/ArchiveIntermediates/countdown/IntermediateBuildFilesPath/ExplicitPrecompiledModules/ptrcheck-4QTMMJ6VD1G2VDU2XG33J8BL5.scan

PrecompileModule /Users/runner/Library/Developer/Xcode/DerivedData/countdown-commbukpdznukvarcianfztjiqgm/Build/Intermediates.noindex/ArchiveIntermediates/countdown/IntermediateBuildFilesPath/ExplicitPrecompiledModules/_Builtin_float-9K0BWUGCPRSMH8DW5OQYWW2ZE.scan
    cd /Users/runner/work/CountdownW/CountdownW/Pods
    builtin-precompileModule /Users/runner/Library/Developer/Xcode/DerivedData/countdown-commbukpdznukvarcianfztjiqgm/Build/Intermediates.noindex/ArchiveIntermediates/countdown/IntermediateBuildFilesPath/ExplicitPrecompiledModules/_Builtin_float-9K0BWUGCPRSMH8DW5OQYWW2ZE.scan

PrecompileModule /Users/runner/Library/Developer/Xcode/DerivedData/countdown-commbukpdznukvarcianfztjiqgm/Build/Intermediates.noindex/ArchiveIntermediates/countdown/IntermediateBuildFilesPath/ExplicitPrecompiledModules/DarwinFoundation-DZ3TTWXJAB0YZ7T99MV7HGYIP.scan
    cd /Users/runner/work/CountdownW/CountdownW/Pods
    builtin-precompileModule /Users/runner/Library/Developer/Xcode/DerivedData/countdown-commbukpdznukvarcianfztjiqgm/Build/Intermediates.noindex/ArchiveIntermediates/countdown/IntermediateBuildFilesPath/ExplicitPrecompiledModules/DarwinFoundation-DZ3TTWXJAB0YZ7T99MV7HGYIP.scan

PrecompileModule /Users/runner/Library/Developer/Xcode/DerivedData/countdown-commbukpdznukvarcianfztjiqgm/Build/Intermediates.noindex/ArchiveIntermediates/countdown/IntermediateBuildFilesPath/ExplicitPrecompiledModules/DarwinFoundation-AZ1NL38Z0RR84GDD0O774T2P9.scan
    cd /Users/runner/work/CountdownW/CountdownW/Pods
    builtin-precompileModule /Users/runner/Library/Developer/Xcode/DerivedData/countdown-commbukpdznukvarcianfztjiqgm/Build/Intermediates.noindex/ArchiveIntermediates/countdown/IntermediateBuildFilesPath/ExplicitPrecompiledModules/DarwinFoundation-AZ1NL38Z0RR84GDD0O774T2P9.scan

PrecompileModule /Users/runner/Library/Developer/Xcode/DerivedData/countdown-commbukpdznukvarcianfztjiqgm/Build/Intermediates.noindex/ArchiveIntermediates/countdown/IntermediateBuildFilesPath/ExplicitPrecompiledModules/_useconds_t-BEQX94X2BDU3DZ0PIIJKUWV4Y.scan
    cd /Users/runner/work/CountdownW/CountdownW/Pods
    builtin-precompileModule /Users/runner/Library/Developer/Xcode/DerivedData/countdown-commbukpdznukvarcianfztjiqgm/Build/Intermediates.noindex/ArchiveIntermediates/countdown/IntermediateBuildFilesPath/ExplicitPrecompiledModules/_useconds_t-BEQX94X2BDU3DZ0PIIJKUWV4Y.scan

PrecompileModule /Users/runner/Library/Developer/Xcode/DerivedData/countdown-commbukpdznukvarcianfztjiqgm/Build/Intermediates.noindex/ArchiveIntermediates/countdown/IntermediateBuildFilesPath/ExplicitPrecompiledModules/_math-CX2AW5VA08WMDS0LHGBNLBV59.scan
    cd /Users/runner/work/CountdownW/CountdownW/Pods
    builtin-precompileModule /Users/runner/Library/Developer/Xcode/DerivedData/countdown-commbukpdznukvarcianfztjiqgm/Build/Intermediates.noindex/ArchiveIntermediates/countdown/IntermediateBuildFilesPath/ExplicitPrecompiledModules/_math-CX2AW5VA08WMDS0LHGBNLBV59.scan

PrecompileModule /Users/runner/Library/Developer/Xcode/DerivedData/countdown-commbukpdznukvarcianfztjiqgm/Build/Intermediates.noindex/ArchiveIntermediates/countdown/IntermediateBuildFilesPath/ExplicitPrecompiledModules/_stdint-4YA80LOF4CXAZ2A127TCMAE2O.scan
    cd /Users/runner/work/CountdownW/CountdownW/Pods
    builtin-precompileModule /Users/runner/Library/Developer/Xcode/DerivedData/countdown-commbukpdznukvarcianfztjiqgm/Build/Intermediates.noindex/ArchiveIntermediates/countdown/IntermediateBuildFilesPath/ExplicitPrecompiledModules/_stdint-4YA80LOF4CXAZ2A127TCMAE2O.scan

PrecompileModule /Users/runner/Library/Developer/Xcode/DerivedData/countdown-commbukpdznukvarcianfztjiqgm/Build/Intermediates.noindex/ArchiveIntermediates/countdown/IntermediateBuildFilesPath/ExplicitPrecompiledModules/_limits-3AWCLFYHIQ8K2AAM8L3IHK8ZV.scan
    cd /Users/runner/work/CountdownW/CountdownW/Pods
    builtin-precompileModule /Users/runner/Library/Developer/Xcode/DerivedData/countdown-commbukpdznukvarcianfztjiqgm/Build/Intermediates.noindex/ArchiveIntermediates/countdown/IntermediateBuildFilesPath/ExplicitPrecompiledModules/_limits-3AWCLFYHIQ8K2AAM8L3IHK8ZV.scan

PrecompileModule /Users/runner/Library/Developer/Xcode/DerivedData/countdown-commbukpdznukvarcianfztjiqgm/Build/Intermediates.noindex/ArchiveIntermediates/countdown/IntermediateBuildFilesPath/ExplicitPrecompiledModules/uuid-BESNBZHBOW3SK76BLSNJXJDGA.scan
    cd /Users/runner/work/CountdownW/CountdownW/Pods
    builtin-precompileModule /Users/runner/Library/Developer/Xcode/DerivedData/countdown-commbukpdznukvarcianfztjiqgm/Build/Intermediates.noindex/ArchiveIntermediates/countdown/IntermediateBuildFilesPath/ExplicitPrecompiledModules/uuid-BESNBZHBOW3SK76BLSNJXJDGA.scan

PrecompileModule /Users/runner/Library/Developer/Xcode/DerivedData/countdown-commbukpdznukvarcianfztjiqgm/Build/Intermediates.noindex/ArchiveIntermediates/countdown/IntermediateBuildFilesPath/ExplicitPrecompiledModules/_complex-4AQBZ0UL1WGEFZM3O6JH7GQG9.scan
    cd /Users/runner/work/CountdownW/CountdownW/Pods
    builtin-precompileModule /Users/runner/Library/Developer/Xcode/DerivedData/countdown-commbukpdznukvarcianfztjiqgm/Build/Intermediates.noindex/ArchiveIntermediates/countdown/IntermediateBuildFilesPath/ExplicitPrecompiledModules/_complex-4AQBZ0UL1WGEFZM3O6JH7GQG9.scan

PrecompileModule /Users/runner/Library/Developer/Xcode/DerivedData/countdown-commbukpdznukvarcianfztjiqgm/Build/Intermediates.noindex/ArchiveIntermediates/countdown/IntermediateBuildFilesPath/ExplicitPrecompiledModules/mach-2KB156R4R16ML9YZH4NQX5O34.scan
    cd /Users/runner/work/CountdownW/CountdownW/Pods
    builtin-precompileModule /Users/runner/Library/Developer/Xcode/DerivedData/countdown-commbukpdznukvarcianfztjiqgm/Build/Intermediates.noindex/ArchiveIntermediates/countdown/IntermediateBuildFilesPath/ExplicitPrecompiledModules/mach-2KB156R4R16ML9YZH4NQX5O34.scan

PrecompileModule /Users/runner/Library/Developer/Xcode/DerivedData/countdown-commbukpdznukvarcianfztjiqgm/Build/Intermediates.noindex/ArchiveIntermediates/countdown/IntermediateBuildFilesPath/ExplicitPrecompiledModules/runetype-1TGF3L881PQL3LH2N7LW913RY.scan
    cd /Users/runner/work/CountdownW/CountdownW/Pods
    builtin-precompileModule /Users/runner/Library/Developer/Xcode/DerivedData/countdown-commbukpdznukvarcianfztjiqgm/Build/Intermediates.noindex/ArchiveIntermediates/countdown/IntermediateBuildFilesPath/ExplicitPrecompiledModules/runetype-1TGF3L881PQL3LH2N7LW913RY.scan

PrecompileModule /Users/runner/Library/Developer/Xcode/DerivedData/countdown-commbukpdznukvarcianfztjiqgm/Build/Intermediates.noindex/ArchiveIntermediates/countdown/IntermediateBuildFilesPath/ExplicitPrecompiledModules/_setjmp-25XOP4PS1835MAHS3AQL7JXRK.scan
    cd /Users/runner/work/CountdownW/CountdownW/Pods
    builtin-precompileModule /Users/runner/Library/Developer/Xcode/DerivedData/countdown-commbukpdznukvarcianfztjiqgm/Build/Intermediates.noindex/ArchiveIntermediates/countdown/IntermediateBuildFilesPath/ExplicitPrecompiledModules/_setjmp-25XOP4PS1835MAHS3AQL7JXRK.scan

PrecompileModule /Users/runner/Library/Developer/Xcode/DerivedData/countdown-commbukpdznukvarcianfztjiqgm/Build/Intermediates.noindex/ArchiveIntermediates/countdown/IntermediateBuildFilesPath/ExplicitPrecompiledModules/_errno-4EQC1G7WXNFBBU6J92UB06L7J.scan
    cd /Users/runner/work/CountdownW/CountdownW/Pods
    builtin-precompileModule /Users/runner/Library/Developer/Xcode/DerivedData/countdown-commbukpdznukvarcianfztjiqgm/Build/Intermediates.noindex/ArchiveIntermediates/countdown/IntermediateBuildFilesPath/ExplicitPrecompiledModules/_errno-4EQC1G7WXNFBBU6J92UB06L7J.scan

PrecompileModule /Users/runner/Library/Developer/Xcode/DerivedData/countdown-commbukpdznukvarcianfztjiqgm/Build/Intermediates.noindex/ArchiveIntermediates/countdown/IntermediateBuildFilesPath/ExplicitPrecompiledModules/uuid-8I9WUT8UU3Y1VKE2ZD0F3T69J.scan
    cd /Users/runner/work/CountdownW/CountdownW/Pods
    builtin-precompileModule /Users/runner/Library/Developer/Xcode/DerivedData/countdown-commbukpdznukvarcianfztjiqgm/Build/Intermediates.noindex/ArchiveIntermediates/countdown/IntermediateBuildFilesPath/ExplicitPrecompiledModules/uuid-8I9WUT8UU3Y1VKE2ZD0F3T69J.scan

PrecompileModule /Users/runner/Library/Developer/Xcode/DerivedData/countdown-commbukpdznukvarcianfztjiqgm/Build/Intermediates.noindex/ArchiveIntermediates/countdown/IntermediateBuildFilesPath/ExplicitPrecompiledModules/Symbols-AI0BHHODPL5XUF8YELZ5JFPTH.scan
    cd /Users/runner/work/CountdownW/CountdownW/Pods
    builtin-precompileModule /Users/runner/Library/Developer/Xcode/DerivedData/countdown-commbukpdznukvarcianfztjiqgm/Build/Intermediates.noindex/ArchiveIntermediates/countdown/IntermediateBuildFilesPath/ExplicitPrecompiledModules/Symbols-AI0BHHODPL5XUF8YELZ5JFPTH.scan

PrecompileModule /Users/runner/Library/Developer/Xcode/DerivedData/countdown-commbukpdznukvarcianfztjiqgm/Build/Intermediates.noindex/ArchiveIntermediates/countdown/IntermediateBuildFilesPath/ExplicitPrecompiledModules/_assert-1YKPNUFE0LX3U5D6FXFSP7DB7.scan
    cd /Users/runner/work/CountdownW/CountdownW/Pods
    builtin-precompileModule /Users/runner/Library/Developer/Xcode/DerivedData/countdown-commbukpdznukvarcianfztjiqgm/Build/Intermediates.noindex/ArchiveIntermediates/countdown/IntermediateBuildFilesPath/ExplicitPrecompiledModules/_assert-1YKPNUFE0LX3U5D6FXFSP7DB7.scan

PrecompileModule /Users/runner/Library/Developer/Xcode/DerivedData/countdown-commbukpdznukvarcianfztjiqgm/Build/Intermediates.noindex/ArchiveIntermediates/countdown/IntermediateBuildFilesPath/ExplicitPrecompiledModules/IOSurface-B2RDURT3VLM7CY89TGC86HISB.scan
    cd /Users/runner/work/CountdownW/CountdownW/Pods
    builtin-precompileModule /Users/runner/Library/Developer/Xcode/DerivedData/countdown-commbukpdznukvarcianfztjiqgm/Build/Intermediates.noindex/ArchiveIntermediates/countdown/IntermediateBuildFilesPath/ExplicitPrecompiledModules/IOSurface-B2RDURT3VLM7CY89TGC86HISB.scan

PrecompileModule /Users/runner/Library/Developer/Xcode/DerivedData/countdown-commbukpdznukvarcianfztjiqgm/Build/Intermediates.noindex/ArchiveIntermediates/countdown/IntermediateBuildFilesPath/ExplicitPrecompiledModules/_setjmp-EPU7P11W1321G2VQYCOLF9A2L.scan
    cd /Users/runner/work/CountdownW/CountdownW/Pods
    builtin-precompileModule /Users/runner/Library/Developer/Xcode/DerivedData/countdown-commbukpdznukvarcianfztjiqgm/Build/Intermediates.noindex/ArchiveIntermediates/countdown/IntermediateBuildFilesPath/ExplicitPrecompiledModules/_setjmp-EPU7P11W1321G2VQYCOLF9A2L.scan

PrecompileModule /Users/runner/Library/Developer/Xcode/DerivedData/countdown-commbukpdznukvarcianfztjiqgm/Build/Intermediates.noindex/ArchiveIntermediates/countdown/IntermediateBuildFilesPath/ExplicitPrecompiledModules/_math-B7RHTQ65FZKUHDLVBEMIJY90E.scan
    cd /Users/runner/work/CountdownW/CountdownW/Pods
    builtin-precompileModule /Users/runner/Library/Developer/Xcode/DerivedData/countdown-commbukpdznukvarcianfztjiqgm/Build/Intermediates.noindex/ArchiveIntermediates/countdown/IntermediateBuildFilesPath/ExplicitPrecompiledModules/_math-B7RHTQ65FZKUHDLVBEMIJY90E.scan

PrecompileModule /Users/runner/Library/Developer/Xcode/DerivedData/countdown-commbukpdznukvarcianfztjiqgm/Build/Intermediates.noindex/ArchiveIntermediates/countdown/IntermediateBuildFilesPath/ExplicitPrecompiledModules/runetype-8CFNVK8ME7OCXVYL6OLQI1D35.scan
    cd /Users/runner/work/CountdownW/CountdownW/Pods
    builtin-precompileModule /Users/runner/Library/Developer/Xcode/DerivedData/countdown-commbukpdznukvarcianfztjiqgm/Build/Intermediates.noindex/ArchiveIntermediates/countdown/IntermediateBuildFilesPath/ExplicitPrecompiledModules/runetype-8CFNVK8ME7OCXVYL6OLQI1D35.scan

PrecompileModule /Users/runner/Library/Developer/Xcode/DerivedData/countdown-commbukpdznukvarcianfztjiqgm/Build/Intermediates.noindex/ArchiveIntermediates/countdown/IntermediateBuildFilesPath/ExplicitPrecompiledModules/Metal-4C4MPMX8RK0HMIVFQ129EWJB2.scan
    cd /Users/runner/work/CountdownW/CountdownW/Pods
    builtin-precompileModule /Users/runner/Library/Developer/Xcode/DerivedData/countdown-commbukpdznukvarcianfztjiqgm/Build/Intermediates.noindex/ArchiveIntermediates/countdown/IntermediateBuildFilesPath/ExplicitPrecompiledModules/Metal-4C4MPMX8RK0HMIVFQ129EWJB2.scan

PrecompileModule /Users/runner/Library/Developer/Xcode/DerivedData/countdown-commbukpdznukvarcianfztjiqgm/Build/Intermediates.noindex/ArchiveIntermediates/countdown/IntermediateBuildFilesPath/ExplicitPrecompiledModules/mach-BBVHB1IGCMJYB46K8Y0JFT1DQ.scan
    cd /Users/runner/work/CountdownW/CountdownW/Pods
    builtin-precompileModule /Users/runner/Library/Developer/Xcode/DerivedData/countdown-commbukpdznukvarcianfztjiqgm/Build/Intermediates.noindex/ArchiveIntermediates/countdown/IntermediateBuildFilesPath/ExplicitPrecompiledModules/mach-BBVHB1IGCMJYB46K8Y0JFT1DQ.scan

PrecompileModule /Users/runner/Library/Developer/Xcode/DerivedData/countdown-commbukpdznukvarcianfztjiqgm/Build/Intermediates.noindex/ArchiveIntermediates/countdown/IntermediateBuildFilesPath/ExplicitPrecompiledModules/_ctype-36445MV0L873NLKOKUDGN1XAN.scan
    cd /Users/runner/work/CountdownW/CountdownW/Pods
    builtin-precompileModule /Users/runner/Library/Developer/Xcode/DerivedData/countdown-commbukpdznukvarcianfztjiqgm/Build/Intermediates.noindex/ArchiveIntermediates/countdown/IntermediateBuildFilesPath/ExplicitPrecompiledModules/_ctype-36445MV0L873NLKOKUDGN1XAN.scan

PrecompileModule /Users/runner/Library/Developer/Xcode/DerivedData/countdown-commbukpdznukvarcianfztjiqgm/Build/Intermediates.noindex/ArchiveIntermediates/countdown/IntermediateBuildFilesPath/ExplicitPrecompiledModules/_errno-AVNBQON3JSM1QRE3RRCDXXBX.scan
    cd /Users/runner/work/CountdownW/CountdownW/Pods
    builtin-precompileModule /Users/runner/Library/Developer/Xcode/DerivedData/countdown-commbukpdznukvarcianfztjiqgm/Build/Intermediates.noindex/ArchiveIntermediates/countdown/IntermediateBuildFilesPath/ExplicitPrecompiledModules/_errno-AVNBQON3JSM1QRE3RRCDXXBX.scan

PrecompileModule /Users/runner/Library/Developer/Xcode/DerivedData/countdown-commbukpdznukvarcianfztjiqgm/Build/Intermediates.noindex/ArchiveIntermediates/countdown/IntermediateBuildFilesPath/ExplicitPrecompiledModules/netinet_in-AZXVSTWBDQDGBNN00Q7Z5UTTZ.scan
    cd /Users/runner/work/CountdownW/CountdownW/Pods
    builtin-precompileModule /Users/runner/Library/Developer/Xcode/DerivedData/countdown-commbukpdznukvarcianfztjiqgm/Build/Intermediates.noindex/ArchiveIntermediates/countdown/IntermediateBuildFilesPath/ExplicitPrecompiledModules/netinet_in-AZXVSTWBDQDGBNN00Q7Z5UTTZ.scan

PrecompileModule /Users/runner/Library/Developer/Xcode/DerivedData/countdown-commbukpdznukvarcianfztjiqgm/Build/Intermediates.noindex/ArchiveIntermediates/countdown/IntermediateBuildFilesPath/ExplicitPrecompiledModules/_assert-6LPPIDNIUUECK5V6D3WCL55YI.scan
    cd /Users/runner/work/CountdownW/CountdownW/Pods
    builtin-precompileModule /Users/runner/Library/Developer/Xcode/DerivedData/countdown-commbukpdznukvarcianfztjiqgm/Build/Intermediates.noindex/ArchiveIntermediates/countdown/IntermediateBuildFilesPath/ExplicitPrecompiledModules/_assert-6LPPIDNIUUECK5V6D3WCL55YI.scan

PrecompileModule /Users/runner/Library/Developer/Xcode/DerivedData/countdown-commbukpdznukvarcianfztjiqgm/Build/Intermediates.noindex/ArchiveIntermediates/countdown/IntermediateBuildFilesPath/ExplicitPrecompiledModules/_locale-907TNFR1N7IIGHKFBCBGJSTY4.scan
    cd /Users/runner/work/CountdownW/CountdownW/Pods
    builtin-precompileModule /Users/runner/Library/Developer/Xcode/DerivedData/countdown-commbukpdznukvarcianfztjiqgm/Build/Intermediates.noindex/ArchiveIntermediates/countdown/IntermediateBuildFilesPath/ExplicitPrecompiledModules/_locale-907TNFR1N7IIGHKFBCBGJSTY4.scan

PrecompileModule /Users/runner/Library/Developer/Xcode/DerivedData/countdown-commbukpdznukvarcianfztjiqgm/Build/Intermediates.noindex/ArchiveIntermediates/countdown/IntermediateBuildFilesPath/ExplicitPrecompiledModules/_Builtin_stdint-EPWO4VG8FZVXG1ESJ0PBZQ5PT.scan
    cd /Users/runner/work/CountdownW/CountdownW/Pods
    builtin-precompileModule /Users/runner/Library/Developer/Xcode/DerivedData/countdown-commbukpdznukvarcianfztjiqgm/Build/Intermediates.noindex/ArchiveIntermediates/countdown/IntermediateBuildFilesPath/ExplicitPrecompiledModules/_Builtin_stdint-EPWO4VG8FZVXG1ESJ0PBZQ5PT.scan

PrecompileModule /Users/runner/Library/Developer/Xcode/DerivedData/countdown-commbukpdznukvarcianfztjiqgm/Build/Intermediates.noindex/ArchiveIntermediates/countdown/IntermediateBuildFilesPath/ExplicitPrecompiledModules/FileProvider-9KCARI95VB4H6KQWZQUK6NCV.scan
    cd /Users/runner/work/CountdownW/CountdownW/Pods
    builtin-precompileModule /Users/runner/Library/Developer/Xcode/DerivedData/countdown-commbukpdznukvarcianfztjiqgm/Build/Intermediates.noindex/ArchiveIntermediates/countdown/IntermediateBuildFilesPath/ExplicitPrecompiledModules/FileProvider-9KCARI95VB4H6KQWZQUK6NCV.scan

PrecompileModule /Users/runner/Library/Developer/Xcode/DerivedData/countdown-commbukpdznukvarcianfztjiqgm/Build/Intermediates.noindex/ArchiveIntermediates/countdown/IntermediateBuildFilesPath/ExplicitPrecompiledModules/_ctype-EHYR8NSTQ9OZ0HJI921ZWS7Y8.scan
    cd /Users/runner/work/CountdownW/CountdownW/Pods
    builtin-precompileModule /Users/runner/Library/Developer/Xcode/DerivedData/countdown-commbukpdznukvarcianfztjiqgm/Build/Intermediates.noindex/ArchiveIntermediates/countdown/IntermediateBuildFilesPath/ExplicitPrecompiledModules/_ctype-EHYR8NSTQ9OZ0HJI921ZWS7Y8.scan

PrecompileModule /Users/runner/Library/Developer/Xcode/DerivedData/countdown-commbukpdznukvarcianfztjiqgm/Build/Intermediates.noindex/ArchiveIntermediates/countdown/IntermediateBuildFilesPath/ExplicitPrecompiledModules/_Builtin_stdatomic-A8DRDEBGFRFULAOG9Y12G03OT.scan
    cd /Users/runner/work/CountdownW/CountdownW/Pods
    builtin-precompileModule /Users/runner/Library/Developer/Xcode/DerivedData/countdown-commbukpdznukvarcianfztjiqgm/Build/Intermediates.noindex/ArchiveIntermediates/countdown/IntermediateBuildFilesPath/ExplicitPrecompiledModules/_Builtin_stdatomic-A8DRDEBGFRFULAOG9Y12G03OT.scan

PrecompileModule /Users/runner/Library/Developer/Xcode/DerivedData/countdown-commbukpdznukvarcianfztjiqgm/Build/Intermediates.noindex/ArchiveIntermediates/countdown/IntermediateBuildFilesPath/ExplicitPrecompiledModules/xlocale-3J8BBQ7Q3YE1H4DNTW9GSG7M7.scan
    cd /Users/runner/work/CountdownW/CountdownW/Pods
    builtin-precompileModule /Users/runner/Library/Developer/Xcode/DerivedData/countdown-commbukpdznukvarcianfztjiqgm/Build/Intermediates.noindex/ArchiveIntermediates/countdown/IntermediateBuildFilesPath/ExplicitPrecompiledModules/xlocale-3J8BBQ7Q3YE1H4DNTW9GSG7M7.scan

PrecompileModule /Users/runner/Library/Developer/Xcode/DerivedData/countdown-commbukpdznukvarcianfztjiqgm/Build/Intermediates.noindex/ArchiveIntermediates/countdown/IntermediateBuildFilesPath/ExplicitPrecompiledModules/__wctype-8EIC31H61549H0KH1X6J6LW9Z.scan
    cd /Users/runner/work/CountdownW/CountdownW/Pods
    builtin-precompileModule /Users/runner/Library/Developer/Xcode/DerivedData/countdown-commbukpdznukvarcianfztjiqgm/Build/Intermediates.noindex/ArchiveIntermediates/countdown/IntermediateBuildFilesPath/ExplicitPrecompiledModules/__wctype-8EIC31H61549H0KH1X6J6LW9Z.scan

PrecompileModule /Users/runner/Library/Developer/Xcode/DerivedData/countdown-commbukpdznukvarcianfztjiqgm/Build/Intermediates.noindex/ArchiveIntermediates/countdown/IntermediateBuildFilesPath/ExplicitPrecompiledModules/__wctype-6A5C1J47X7HYTNDL0TPUD2ILB.scan
    cd /Users/runner/work/CountdownW/CountdownW/Pods
    builtin-precompileModule /Users/runner/Library/Developer/Xcode/DerivedData/countdown-commbukpdznukvarcianfztjiqgm/Build/Intermediates.noindex/ArchiveIntermediates/countdown/IntermediateBuildFilesPath/ExplicitPrecompiledModules/__wctype-6A5C1J47X7HYTNDL0TPUD2ILB.scan

PrecompileModule /Users/runner/Library/Developer/Xcode/DerivedData/countdown-commbukpdznukvarcianfztjiqgm/Build/Intermediates.noindex/ArchiveIntermediates/countdown/IntermediateBuildFilesPath/ExplicitPrecompiledModules/_useconds_t-C9LT9CDTP5CPEISMDE3JG4FHA.scan
    cd /Users/runner/work/CountdownW/CountdownW/Pods
    builtin-precompileModule /Users/runner/Library/Developer/Xcode/DerivedData/countdown-commbukpdznukvarcianfztjiqgm/Build/Intermediates.noindex/ArchiveIntermediates/countdown/IntermediateBuildFilesPath/ExplicitPrecompiledModules/_useconds_t-C9LT9CDTP5CPEISMDE3JG4FHA.scan

PrecompileModule /Users/runner/Library/Developer/Xcode/DerivedData/countdown-commbukpdznukvarcianfztjiqgm/Build/Intermediates.noindex/ArchiveIntermediates/countdown/IntermediateBuildFilesPath/ExplicitPrecompiledModules/_wctype-DOGL3O45HJ7KMDI44V5IF5DIJ.scan
    cd /Users/runner/work/CountdownW/CountdownW/Pods
    builtin-precompileModule /Users/runner/Library/Developer/Xcode/DerivedData/countdown-commbukpdznukvarcianfztjiqgm/Build/Intermediates.noindex/ArchiveIntermediates/countdown/IntermediateBuildFilesPath/ExplicitPrecompiledModules/_wctype-DOGL3O45HJ7KMDI44V5IF5DIJ.scan

PrecompileModule /Users/runner/Library/Developer/Xcode/DerivedData/countdown-commbukpdznukvarcianfztjiqgm/Build/Intermediates.noindex/ArchiveIntermediates/countdown/IntermediateBuildFilesPath/ExplicitPrecompiledModules/_stdint-55JMPGTF3S40G1MT6XI9SUJTM.scan
    cd /Users/runner/work/CountdownW/CountdownW/Pods
    builtin-precompileModule /Users/runner/Library/Developer/Xcode/DerivedData/countdown-commbukpdznukvarcianfztjiqgm/Build/Intermediates.noindex/ArchiveIntermediates/countdown/IntermediateBuildFilesPath/ExplicitPrecompiledModules/_stdint-55JMPGTF3S40G1MT6XI9SUJTM.scan

PrecompileModule /Users/runner/Library/Developer/Xcode/DerivedData/countdown-commbukpdznukvarcianfztjiqgm/Build/Intermediates.noindex/ArchiveIntermediates/countdown/IntermediateBuildFilesPath/ExplicitPrecompiledModules/_wctype-IQFGUODZYHTS3WX1MMF3A14Y.scan
    cd /Users/runner/work/CountdownW/CountdownW/Pods
    builtin-precompileModule /Users/runner/Library/Developer/Xcode/DerivedData/countdown-commbukpdznukvarcianfztjiqgm/Build/Intermediates.noindex/ArchiveIntermediates/countdown/IntermediateBuildFilesPath/ExplicitPrecompiledModules/_wctype-IQFGUODZYHTS3WX1MMF3A14Y.scan

PrecompileModule /Users/runner/Library/Developer/Xcode/DerivedData/countdown-commbukpdznukvarcianfztjiqgm/Build/Intermediates.noindex/ArchiveIntermediates/countdown/IntermediateBuildFilesPath/ExplicitPrecompiledModules/OpenGLES-BXOHM6B5TF3XTHHJR4ZTFYMGF.scan
    cd /Users/runner/work/CountdownW/CountdownW/Pods
    builtin-precompileModule /Users/runner/Library/Developer/Xcode/DerivedData/countdown-commbukpdznukvarcianfztjiqgm/Build/Intermediates.noindex/ArchiveIntermediates/countdown/IntermediateBuildFilesPath/ExplicitPrecompiledModules/OpenGLES-BXOHM6B5TF3XTHHJR4ZTFYMGF.scan

PrecompileModule /Users/runner/Library/Developer/Xcode/DerivedData/countdown-commbukpdznukvarcianfztjiqgm/Build/Intermediates.noindex/ArchiveIntermediates/countdown/IntermediateBuildFilesPath/ExplicitPrecompiledModules/netinet_in-8GAV4T29AVDTC392M5MORO03J.scan
    cd /Users/runner/work/CountdownW/CountdownW/Pods
    builtin-precompileModule /Users/runner/Library/Developer/Xcode/DerivedData/countdown-commbukpdznukvarcianfztjiqgm/Build/Intermediates.noindex/ArchiveIntermediates/countdown/IntermediateBuildFilesPath/ExplicitPrecompiledModules/netinet_in-8GAV4T29AVDTC392M5MORO03J.scan

PrecompileModule /Users/runner/Library/Developer/Xcode/DerivedData/countdown-commbukpdznukvarcianfztjiqgm/Build/Intermediates.noindex/ArchiveIntermediates/countdown/IntermediateBuildFilesPath/ExplicitPrecompiledModules/_strings-EUOY0CM5IWYMGXP2J5TNFTU1L.scan
    cd /Users/runner/work/CountdownW/CountdownW/Pods
    builtin-precompileModule /Users/runner/Library/Developer/Xcode/DerivedData/countdown-commbukpdznukvarcianfztjiqgm/Build/Intermediates.noindex/ArchiveIntermediates/countdown/IntermediateBuildFilesPath/ExplicitPrecompiledModules/_strings-EUOY0CM5IWYMGXP2J5TNFTU1L.scan

PrecompileModule /Users/runner/Library/Developer/Xcode/DerivedData/countdown-commbukpdznukvarcianfztjiqgm/Build/Intermediates.noindex/ArchiveIntermediates/countdown/IntermediateBuildFilesPath/ExplicitPrecompiledModules/_locale-37YU7EMHG6GB13YMW9LLKJNSA.scan
    cd /Users/runner/work/CountdownW/CountdownW/Pods
    builtin-precompileModule /Users/runner/Library/Developer/Xcode/DerivedData/countdown-commbukpdznukvarcianfztjiqgm/Build/Intermediates.noindex/ArchiveIntermediates/countdown/IntermediateBuildFilesPath/ExplicitPrecompiledModules/_locale-37YU7EMHG6GB13YMW9LLKJNSA.scan

PrecompileModule /Users/runner/Library/Developer/Xcode/DerivedData/countdown-commbukpdznukvarcianfztjiqgm/Build/Intermediates.noindex/ArchiveIntermediates/countdown/IntermediateBuildFilesPath/ExplicitPrecompiledModules/_limits-2D058W9F2F2OHM3M2VUEODLOR.scan
    cd /Users/runner/work/CountdownW/CountdownW/Pods
    builtin-precompileModule /Users/runner/Library/Developer/Xcode/DerivedData/countdown-commbukpdznukvarcianfztjiqgm/Build/Intermediates.noindex/ArchiveIntermediates/countdown/IntermediateBuildFilesPath/ExplicitPrecompiledModules/_limits-2D058W9F2F2OHM3M2VUEODLOR.scan

PrecompileModule /Users/runner/Library/Developer/Xcode/DerivedData/countdown-commbukpdznukvarcianfztjiqgm/Build/Intermediates.noindex/ArchiveIntermediates/countdown/IntermediateBuildFilesPath/ExplicitPrecompiledModules/CoreVideo-EBEWU38P958L67NM4442TL6IJ.scan
    cd /Users/runner/work/CountdownW/CountdownW/Pods
    builtin-precompileModule /Users/runner/Library/Developer/Xcode/DerivedData/countdown-commbukpdznukvarcianfztjiqgm/Build/Intermediates.noindex/ArchiveIntermediates/countdown/IntermediateBuildFilesPath/ExplicitPrecompiledModules/CoreVideo-EBEWU38P958L67NM4442TL6IJ.scan

PrecompileModule /Users/runner/Library/Developer/Xcode/DerivedData/countdown-commbukpdznukvarcianfztjiqgm/Build/Intermediates.noindex/ArchiveIntermediates/countdown/IntermediateBuildFilesPath/ExplicitPrecompiledModules/_Builtin_limits-7FW09YB7PVPNWSLCWNYEGV8ZB.scan
    cd /Users/runner/work/CountdownW/CountdownW/Pods
    builtin-precompileModule /Users/runner/Library/Developer/Xcode/DerivedData/countdown-commbukpdznukvarcianfztjiqgm/Build/Intermediates.noindex/ArchiveIntermediates/countdown/IntermediateBuildFilesPath/ExplicitPrecompiledModules/_Builtin_limits-7FW09YB7PVPNWSLCWNYEGV8ZB.scan

PrecompileModule /Users/runner/Library/Developer/Xcode/DerivedData/countdown-commbukpdznukvarcianfztjiqgm/Build/Intermediates.noindex/ArchiveIntermediates/countdown/IntermediateBuildFilesPath/ExplicitPrecompiledModules/xlocale-84PU5YBFW07C0DL9A4L07Y1J6.scan
    cd /Users/runner/work/CountdownW/CountdownW/Pods
    builtin-precompileModule /Users/runner/Library/Developer/Xcode/DerivedData/countdown-commbukpdznukvarcianfztjiqgm/Build/Intermediates.noindex/ArchiveIntermediates/countdown/IntermediateBuildFilesPath/ExplicitPrecompiledModules/xlocale-84PU5YBFW07C0DL9A4L07Y1J6.scan

PrecompileModule /Users/runner/Library/Developer/Xcode/DerivedData/countdown-commbukpdznukvarcianfztjiqgm/Build/Intermediates.noindex/ArchiveIntermediates/countdown/IntermediateBuildFilesPath/ExplicitPrecompiledModules/_sys_select-CHFW7WQEOVVAF6K0Q1SRM8JVH.scan
    cd /Users/runner/work/CountdownW/CountdownW/Pods
    builtin-precompileModule /Users/runner/Library/Developer/Xcode/DerivedData/countdown-commbukpdznukvarcianfztjiqgm/Build/Intermediates.noindex/ArchiveIntermediates/countdown/IntermediateBuildFilesPath/ExplicitPrecompiledModules/_sys_select-CHFW7WQEOVVAF6K0Q1SRM8JVH.scan

PrecompileModule /Users/runner/Library/Developer/Xcode/DerivedData/countdown-commbukpdznukvarcianfztjiqgm/Build/Intermediates.noindex/ArchiveIntermediates/countdown/IntermediateBuildFilesPath/ExplicitPrecompiledModules/_tgmath-EP6K98ICT5ALX6LGT3V0JN564.scan
    cd /Users/runner/work/CountdownW/CountdownW/Pods
    builtin-precompileModule /Users/runner/Library/Developer/Xcode/DerivedData/countdown-commbukpdznukvarcianfztjiqgm/Build/Intermediates.noindex/ArchiveIntermediates/countdown/IntermediateBuildFilesPath/ExplicitPrecompiledModules/_tgmath-EP6K98ICT5ALX6LGT3V0JN564.scan

PrecompileModule /Users/runner/Library/Developer/Xcode/DerivedData/countdown-commbukpdznukvarcianfztjiqgm/Build/Intermediates.noindex/ArchiveIntermediates/countdown/IntermediateBuildFilesPath/ExplicitPrecompiledModules/_Builtin_stdint-8UYMN6DOGVLVKWY406F2XHUD8.scan
    cd /Users/runner/work/CountdownW/CountdownW/Pods
    builtin-precompileModule /Users/runner/Library/Developer/Xcode/DerivedData/countdown-commbukpdznukvarcianfztjiqgm/Build/Intermediates.noindex/ArchiveIntermediates/countdown/IntermediateBuildFilesPath/ExplicitPrecompiledModules/_Builtin_stdint-8UYMN6DOGVLVKWY406F2XHUD8.scan

PrecompileModule /Users/runner/Library/Developer/Xcode/DerivedData/countdown-commbukpdznukvarcianfztjiqgm/Build/Intermediates.noindex/ArchiveIntermediates/countdown/IntermediateBuildFilesPath/ExplicitPrecompiledModules/CoreImage-BOVQFL2BMNFIFZ7CDSA37KIP2.scan
    cd /Users/runner/work/CountdownW/CountdownW/Pods
    builtin-precompileModule /Users/runner/Library/Developer/Xcode/DerivedData/countdown-commbukpdznukvarcianfztjiqgm/Build/Intermediates.noindex/ArchiveIntermediates/countdown/IntermediateBuildFilesPath/ExplicitPrecompiledModules/CoreImage-BOVQFL2BMNFIFZ7CDSA37KIP2.scan

PrecompileModule /Users/runner/Library/Developer/Xcode/DerivedData/countdown-commbukpdznukvarcianfztjiqgm/Build/Intermediates.noindex/ArchiveIntermediates/countdown/IntermediateBuildFilesPath/ExplicitPrecompiledModules/alloca-49IMVO27SP3WP0ZJZZAVD5L3J.scan
    cd /Users/runner/work/CountdownW/CountdownW/Pods
    builtin-precompileModule /Users/runner/Library/Developer/Xcode/DerivedData/countdown-commbukpdznukvarcianfztjiqgm/Build/Intermediates.noindex/ArchiveIntermediates/countdown/IntermediateBuildFilesPath/ExplicitPrecompiledModules/alloca-49IMVO27SP3WP0ZJZZAVD5L3J.scan

PrecompileModule /Users/runner/Library/Developer/Xcode/DerivedData/countdown-commbukpdznukvarcianfztjiqgm/Build/Intermediates.noindex/ArchiveIntermediates/countdown/IntermediateBuildFilesPath/ExplicitPrecompiledModules/_Builtin_stdatomic-BMH13Y2C9E88PBZL737UJR2CN.scan
    cd /Users/runner/work/CountdownW/CountdownW/Pods
    builtin-precompileModule /Users/runner/Library/Developer/Xcode/DerivedData/countdown-commbukpdznukvarcianfztjiqgm/Build/Intermediates.noindex/ArchiveIntermediates/countdown/IntermediateBuildFilesPath/ExplicitPrecompiledModules/_Builtin_stdatomic-BMH13Y2C9E88PBZL737UJR2CN.scan

PrecompileModule /Users/runner/Library/Developer/Xcode/DerivedData/countdown-commbukpdznukvarcianfztjiqgm/Build/Intermediates.noindex/ArchiveIntermediates/countdown/IntermediateBuildFilesPath/ExplicitPrecompiledModules/_inttypes-A9NDRL2TNQF0U8XD1GPTWWRK5.scan
    cd /Users/runner/work/CountdownW/CountdownW/Pods
    builtin-precompileModule /Users/runner/Library/Developer/Xcode/DerivedData/countdown-commbukpdznukvarcianfztjiqgm/Build/Intermediates.noindex/ArchiveIntermediates/countdown/IntermediateBuildFilesPath/ExplicitPrecompiledModules/_inttypes-A9NDRL2TNQF0U8XD1GPTWWRK5.scan

PrecompileModule /Users/runner/Library/Developer/Xcode/DerivedData/countdown-commbukpdznukvarcianfztjiqgm/Build/Intermediates.noindex/ArchiveIntermediates/countdown/IntermediateBuildFilesPath/ExplicitPrecompiledModules/_strings-AW1DPVRFYL749KPMFSQCVFYKJ.scan
    cd /Users/runner/work/CountdownW/CountdownW/Pods
    builtin-precompileModule /Users/runner/Library/Developer/Xcode/DerivedData/countdown-commbukpdznukvarcianfztjiqgm/Build/Intermediates.noindex/ArchiveIntermediates/countdown/IntermediateBuildFilesPath/ExplicitPrecompiledModules/_strings-AW1DPVRFYL749KPMFSQCVFYKJ.scan

PrecompileModule /Users/runner/Library/Developer/Xcode/DerivedData/countdown-commbukpdznukvarcianfztjiqgm/Build/Intermediates.noindex/ArchiveIntermediates/countdown/IntermediateBuildFilesPath/ExplicitPrecompiledModules/sys_time-31OSIF34CLZJRG5N0LK6JDWFT.scan
    cd /Users/runner/work/CountdownW/CountdownW/Pods
    builtin-precompileModule /Users/runner/Library/Developer/Xcode/DerivedData/countdown-commbukpdznukvarcianfztjiqgm/Build/Intermediates.noindex/ArchiveIntermediates/countdown/IntermediateBuildFilesPath/ExplicitPrecompiledModules/sys_time-31OSIF34CLZJRG5N0LK6JDWFT.scan

PrecompileModule /Users/runner/Library/Developer/Xcode/DerivedData/countdown-commbukpdznukvarcianfztjiqgm/Build/Intermediates.noindex/ArchiveIntermediates/countdown/IntermediateBuildFilesPath/ExplicitPrecompiledModules/alloca-7H70PNOE00Z780PZ52TM33EV3.scan
    cd /Users/runner/work/CountdownW/CountdownW/Pods
    builtin-precompileModule /Users/runner/Library/Developer/Xcode/DerivedData/countdown-commbukpdznukvarcianfztjiqgm/Build/Intermediates.noindex/ArchiveIntermediates/countdown/IntermediateBuildFilesPath/ExplicitPrecompiledModules/alloca-7H70PNOE00Z780PZ52TM33EV3.scan

PrecompileModule /Users/runner/Library/Developer/Xcode/DerivedData/countdown-commbukpdznukvarcianfztjiqgm/Build/Intermediates.noindex/ArchiveIntermediates/countdown/IntermediateBuildFilesPath/ExplicitPrecompiledModules/_Builtin_iso646-C7ECGI6USZ2TEQMN5G92LLBEU.scan
    cd /Users/runner/work/CountdownW/CountdownW/Pods
    builtin-precompileModule /Users/runner/Library/Developer/Xcode/DerivedData/countdown-commbukpdznukvarcianfztjiqgm/Build/Intermediates.noindex/ArchiveIntermediates/countdown/IntermediateBuildFilesPath/ExplicitPrecompiledModules/_Builtin_iso646-C7ECGI6USZ2TEQMN5G92LLBEU.scan

PrecompileModule /Users/runner/Library/Developer/Xcode/DerivedData/countdown-commbukpdznukvarcianfztjiqgm/Build/Intermediates.noindex/ArchiveIntermediates/countdown/IntermediateBuildFilesPath/ExplicitPrecompiledModules/_complex-1X8U601XLXIOR9W93CNW0593Z.scan
    cd /Users/runner/work/CountdownW/CountdownW/Pods
    builtin-precompileModule /Users/runner/Library/Developer/Xcode/DerivedData/countdown-commbukpdznukvarcianfztjiqgm/Build/Intermediates.noindex/ArchiveIntermediates/countdown/IntermediateBuildFilesPath/ExplicitPrecompiledModules/_complex-1X8U601XLXIOR9W93CNW0593Z.scan

PrecompileModule /Users/runner/Library/Developer/Xcode/DerivedData/countdown-commbukpdznukvarcianfztjiqgm/Build/Intermediates.noindex/ArchiveIntermediates/countdown/IntermediateBuildFilesPath/ExplicitPrecompiledModules/sys_types-68P5Y1H47C2MF2T9MT9BD0ZJ2.scan
    cd /Users/runner/work/CountdownW/CountdownW/Pods
    builtin-precompileModule /Users/runner/Library/Developer/Xcode/DerivedData/countdown-commbukpdznukvarcianfztjiqgm/Build/Intermediates.noindex/ArchiveIntermediates/countdown/IntermediateBuildFilesPath/ExplicitPrecompiledModules/sys_types-68P5Y1H47C2MF2T9MT9BD0ZJ2.scan

PrecompileModule /Users/runner/Library/Developer/Xcode/DerivedData/countdown-commbukpdznukvarcianfztjiqgm/Build/Intermediates.noindex/ArchiveIntermediates/countdown/IntermediateBuildFilesPath/ExplicitPrecompiledModules/_inttypes-129PWSOVB5765L872LQH39HZX.scan
    cd /Users/runner/work/CountdownW/CountdownW/Pods
    builtin-precompileModule /Users/runner/Library/Developer/Xcode/DerivedData/countdown-commbukpdznukvarcianfztjiqgm/Build/Intermediates.noindex/ArchiveIntermediates/countdown/IntermediateBuildFilesPath/ExplicitPrecompiledModules/_inttypes-129PWSOVB5765L872LQH39HZX.scan

PrecompileModule /Users/runner/Library/Developer/Xcode/DerivedData/countdown-commbukpdznukvarcianfztjiqgm/Build/Intermediates.noindex/ArchiveIntermediates/countdown/IntermediateBuildFilesPath/ExplicitPrecompiledModules/_tgmath-8M1B53C8R9JJAIHAMM2HR09UA.scan
    cd /Users/runner/work/CountdownW/CountdownW/Pods
    builtin-precompileModule /Users/runner/Library/Developer/Xcode/DerivedData/countdown-commbukpdznukvarcianfztjiqgm/Build/Intermediates.noindex/ArchiveIntermediates/countdown/IntermediateBuildFilesPath/ExplicitPrecompiledModules/_tgmath-8M1B53C8R9JJAIHAMM2HR09UA.scan

PrecompileModule /Users/runner/Library/Developer/Xcode/DerivedData/countdown-commbukpdznukvarcianfztjiqgm/Build/Intermediates.noindex/ArchiveIntermediates/countdown/IntermediateBuildFilesPath/ExplicitPrecompiledModules/nl_types-AJD4UUKAT9BXQ94KX0C4EPEQW.scan
    cd /Users/runner/work/CountdownW/CountdownW/Pods
    builtin-precompileModule /Users/runner/Library/Developer/Xcode/DerivedData/countdown-commbukpdznukvarcianfztjiqgm/Build/Intermediates.noindex/ArchiveIntermediates/countdown/IntermediateBuildFilesPath/ExplicitPrecompiledModules/nl_types-AJD4UUKAT9BXQ94KX0C4EPEQW.scan

PrecompileModule /Users/runner/Library/Developer/Xcode/DerivedData/countdown-commbukpdznukvarcianfztjiqgm/Build/Intermediates.noindex/ArchiveIntermediates/countdown/IntermediateBuildFilesPath/ExplicitPrecompiledModules/_time-9UWHWKHM0YA020VISORANWUGI.scan
    cd /Users/runner/work/CountdownW/CountdownW/Pods
    builtin-precompileModule /Users/runner/Library/Developer/Xcode/DerivedData/countdown-commbukpdznukvarcianfztjiqgm/Build/Intermediates.noindex/ArchiveIntermediates/countdown/IntermediateBuildFilesPath/ExplicitPrecompiledModules/_time-9UWHWKHM0YA020VISORANWUGI.scan

PrecompileModule /Users/runner/Library/Developer/Xcode/DerivedData/countdown-commbukpdznukvarcianfztjiqgm/Build/Intermediates.noindex/ArchiveIntermediates/countdown/IntermediateBuildFilesPath/ExplicitPrecompiledModules/sys_resource-839NOI8TPWZIRLL8TYTGHO8XZ.scan
    cd /Users/runner/work/CountdownW/CountdownW/Pods
    builtin-precompileModule /Users/runner/Library/Developer/Xcode/DerivedData/countdown-commbukpdznukvarcianfztjiqgm/Build/Intermediates.noindex/ArchiveIntermediates/countdown/IntermediateBuildFilesPath/ExplicitPrecompiledModules/sys_resource-839NOI8TPWZIRLL8TYTGHO8XZ.scan

PrecompileModule /Users/runner/Library/Developer/Xcode/DerivedData/countdown-commbukpdznukvarcianfztjiqgm/Build/Intermediates.noindex/ArchiveIntermediates/countdown/IntermediateBuildFilesPath/ExplicitPrecompiledModules/_string-8VUKD8345SVQNBEZEUFFAWTAJ.scan
    cd /Users/runner/work/CountdownW/CountdownW/Pods
    builtin-precompileModule /Users/runner/Library/Developer/Xcode/DerivedData/countdown-commbukpdznukvarcianfztjiqgm/Build/Intermediates.noindex/ArchiveIntermediates/countdown/IntermediateBuildFilesPath/ExplicitPrecompiledModules/_string-8VUKD8345SVQNBEZEUFFAWTAJ.scan

PrecompileModule /Users/runner/Library/Developer/Xcode/DerivedData/countdown-commbukpdznukvarcianfztjiqgm/Build/Intermediates.noindex/ArchiveIntermediates/countdown/IntermediateBuildFilesPath/ExplicitPrecompiledModules/gethostuuid-EVOERWVVUJ0ED3YLKO3PLGZQF.scan
    cd /Users/runner/work/CountdownW/CountdownW/Pods
    builtin-precompileModule /Users/runner/Library/Developer/Xcode/DerivedData/countdown-commbukpdznukvarcianfztjiqgm/Build/Intermediates.noindex/ArchiveIntermediates/countdown/IntermediateBuildFilesPath/ExplicitPrecompiledModules/gethostuuid-EVOERWVVUJ0ED3YLKO3PLGZQF.scan

PrecompileModule /Users/runner/Library/Developer/Xcode/DerivedData/countdown-commbukpdznukvarcianfztjiqgm/Build/Intermediates.noindex/ArchiveIntermediates/countdown/IntermediateBuildFilesPath/ExplicitPrecompiledModules/_Builtin_tgmath-EA9FTIWTEP00PVOL8V09JMEKB.scan
    cd /Users/runner/work/CountdownW/CountdownW/Pods
    builtin-precompileModule /Users/runner/Library/Developer/Xcode/DerivedData/countdown-commbukpdznukvarcianfztjiqgm/Build/Intermediates.noindex/ArchiveIntermediates/countdown/IntermediateBuildFilesPath/ExplicitPrecompiledModules/_Builtin_tgmath-EA9FTIWTEP00PVOL8V09JMEKB.scan

PrecompileModule /Users/runner/Library/Developer/Xcode/DerivedData/countdown-commbukpdznukvarcianfztjiqgm/Build/Intermediates.noindex/ArchiveIntermediates/countdown/IntermediateBuildFilesPath/ExplicitPrecompiledModules/_stdio-7NRVX5MDO8U054NR2BR3K7XYK.scan
    cd /Users/runner/work/CountdownW/CountdownW/Pods
    builtin-precompileModule /Users/runner/Library/Developer/Xcode/DerivedData/countdown-commbukpdznukvarcianfztjiqgm/Build/Intermediates.noindex/ArchiveIntermediates/countdown/IntermediateBuildFilesPath/ExplicitPrecompiledModules/_stdio-7NRVX5MDO8U054NR2BR3K7XYK.scan

PrecompileModule /Users/runner/Library/Developer/Xcode/DerivedData/countdown-commbukpdznukvarcianfztjiqgm/Build/Intermediates.noindex/ArchiveIntermediates/countdown/IntermediateBuildFilesPath/ExplicitPrecompiledModules/_Builtin_inttypes-7648DYNEUT2GEGORP7Z2WKSJ0.scan
    cd /Users/runner/work/CountdownW/CountdownW/Pods
    builtin-precompileModule /Users/runner/Library/Developer/Xcode/DerivedData/countdown-commbukpdznukvarcianfztjiqgm/Build/Intermediates.noindex/ArchiveIntermediates/countdown/IntermediateBuildFilesPath/ExplicitPrecompiledModules/_Builtin_inttypes-7648DYNEUT2GEGORP7Z2WKSJ0.scan

PrecompileModule /Users/runner/Library/Developer/Xcode/DerivedData/countdown-commbukpdznukvarcianfztjiqgm/Build/Intermediates.noindex/ArchiveIntermediates/countdown/IntermediateBuildFilesPath/ExplicitPrecompiledModules/_signal-6BGVX5XVJ8VY1RXZFIFWPDCXZ.scan
    cd /Users/runner/work/CountdownW/CountdownW/Pods
    builtin-precompileModule /Users/runner/Library/Developer/Xcode/DerivedData/countdown-commbukpdznukvarcianfztjiqgm/Build/Intermediates.noindex/ArchiveIntermediates/countdown/IntermediateBuildFilesPath/ExplicitPrecompiledModules/_signal-6BGVX5XVJ8VY1RXZFIFWPDCXZ.scan

PrecompileModule /Users/runner/Library/Developer/Xcode/DerivedData/countdown-commbukpdznukvarcianfztjiqgm/Build/Intermediates.noindex/ArchiveIntermediates/countdown/IntermediateBuildFilesPath/ExplicitPrecompiledModules/_sys_select-85T77HCDPJ1SEOB0V48KD88S1.scan
    cd /Users/runner/work/CountdownW/CountdownW/Pods
    builtin-precompileModule /Users/runner/Library/Developer/Xcode/DerivedData/countdown-commbukpdznukvarcianfztjiqgm/Build/Intermediates.noindex/ArchiveIntermediates/countdown/IntermediateBuildFilesPath/ExplicitPrecompiledModules/_sys_select-85T77HCDPJ1SEOB0V48KD88S1.scan

PrecompileModule /Users/runner/Library/Developer/Xcode/DerivedData/countdown-commbukpdznukvarcianfztjiqgm/Build/Intermediates.noindex/ArchiveIntermediates/countdown/IntermediateBuildFilesPath/ExplicitPrecompiledModules/_wchar-8YKGSMGZP3UYFMXI3KN0ATNQ5.scan
    cd /Users/runner/work/CountdownW/CountdownW/Pods
    builtin-precompileModule /Users/runner/Library/Developer/Xcode/DerivedData/countdown-commbukpdznukvarcianfztjiqgm/Build/Intermediates.noindex/ArchiveIntermediates/countdown/IntermediateBuildFilesPath/ExplicitPrecompiledModules/_wchar-8YKGSMGZP3UYFMXI3KN0ATNQ5.scan

PrecompileModule /Users/runner/Library/Developer/Xcode/DerivedData/countdown-commbukpdznukvarcianfztjiqgm/Build/Intermediates.noindex/ArchiveIntermediates/countdown/IntermediateBuildFilesPath/ExplicitPrecompiledModules/sys_wait-BQI404RFNSX62Z8UR9QMQM1OU.scan
    cd /Users/runner/work/CountdownW/CountdownW/Pods
    builtin-precompileModule /Users/runner/Library/Developer/Xcode/DerivedData/countdown-commbukpdznukvarcianfztjiqgm/Build/Intermediates.noindex/ArchiveIntermediates/countdown/IntermediateBuildFilesPath/ExplicitPrecompiledModules/sys_wait-BQI404RFNSX62Z8UR9QMQM1OU.scan

PrecompileModule /Users/runner/Library/Developer/Xcode/DerivedData/countdown-commbukpdznukvarcianfztjiqgm/Build/Intermediates.noindex/ArchiveIntermediates/countdown/IntermediateBuildFilesPath/ExplicitPrecompiledModules/sys_types-BDQS7AS5GOJBQGBM2J6KJIQQ0.scan
    cd /Users/runner/work/CountdownW/CountdownW/Pods
    builtin-precompileModule /Users/runner/Library/Developer/Xcode/DerivedData/countdown-commbukpdznukvarcianfztjiqgm/Build/Intermediates.noindex/ArchiveIntermediates/countdown/IntermediateBuildFilesPath/ExplicitPrecompiledModules/sys_types-BDQS7AS5GOJBQGBM2J6KJIQQ0.scan

PrecompileModule /Users/runner/Library/Developer/Xcode/DerivedData/countdown-commbukpdznukvarcianfztjiqgm/Build/Intermediates.noindex/ArchiveIntermediates/countdown/IntermediateBuildFilesPath/ExplicitPrecompiledModules/pthread-7OGNGIAYJT2YRA3SAPUNOA6OO.scan
    cd /Users/runner/work/CountdownW/CountdownW/Pods
    builtin-precompileModule /Users/runner/Library/Developer/Xcode/DerivedData/countdown-commbukpdznukvarcianfztjiqgm/Build/Intermediates.noindex/ArchiveIntermediates/countdown/IntermediateBuildFilesPath/ExplicitPrecompiledModules/pthread-7OGNGIAYJT2YRA3SAPUNOA6OO.scan

PrecompileModule /Users/runner/Library/Developer/Xcode/DerivedData/countdown-commbukpdznukvarcianfztjiqgm/Build/Intermediates.noindex/ArchiveIntermediates/countdown/IntermediateBuildFilesPath/ExplicitPrecompiledModules/_stdlib-4E0TCTRXWZAGWWT8QM4G4AT2P.scan
    cd /Users/runner/work/CountdownW/CountdownW/Pods
    builtin-precompileModule /Users/runner/Library/Developer/Xcode/DerivedData/countdown-commbukpdznukvarcianfztjiqgm/Build/Intermediates.noindex/ArchiveIntermediates/countdown/IntermediateBuildFilesPath/ExplicitPrecompiledModules/_stdlib-4E0TCTRXWZAGWWT8QM4G4AT2P.scan

PrecompileModule /Users/runner/Library/Developer/Xcode/DerivedData/countdown-commbukpdznukvarcianfztjiqgm/Build/Intermediates.noindex/ArchiveIntermediates/countdown/IntermediateBuildFilesPath/ExplicitPrecompiledModules/nl_types-7AQ1713NDBQMOQ4QACJBI6BT9.scan
    cd /Users/runner/work/CountdownW/CountdownW/Pods
    builtin-precompileModule /Users/runner/Library/Developer/Xcode/DerivedData/countdown-commbukpdznukvarcianfztjiqgm/Build/Intermediates.noindex/ArchiveIntermediates/countdown/IntermediateBuildFilesPath/ExplicitPrecompiledModules/nl_types-7AQ1713NDBQMOQ4QACJBI6BT9.scan

PrecompileModule /Users/runner/Library/Developer/Xcode/DerivedData/countdown-commbukpdznukvarcianfztjiqgm/Build/Intermediates.noindex/ArchiveIntermediates/countdown/IntermediateBuildFilesPath/ExplicitPrecompiledModules/_stdio-1RNW7QAR91GPP8YAC5QJDD5PH.scan
    cd /Users/runner/work/CountdownW/CountdownW/Pods
    builtin-precompileModule /Users/runner/Library/Developer/Xcode/DerivedData/countdown-commbukpdznukvarcianfztjiqgm/Build/Intermediates.noindex/ArchiveIntermediates/countdown/IntermediateBuildFilesPath/ExplicitPrecompiledModules/_stdio-1RNW7QAR91GPP8YAC5QJDD5PH.scan

PrecompileModule /Users/runner/Library/Developer/Xcode/DerivedData/countdown-commbukpdznukvarcianfztjiqgm/Build/Intermediates.noindex/ArchiveIntermediates/countdown/IntermediateBuildFilesPath/ExplicitPrecompiledModules/_string-75PVURK8Y7VBS693SK5CZZJIL.scan
    cd /Users/runner/work/CountdownW/CountdownW/Pods
    builtin-precompileModule /Users/runner/Library/Developer/Xcode/DerivedData/countdown-commbukpdznukvarcianfztjiqgm/Build/Intermediates.noindex/ArchiveIntermediates/countdown/IntermediateBuildFilesPath/ExplicitPrecompiledModules/_string-75PVURK8Y7VBS693SK5CZZJIL.scan

PrecompileModule /Users/runner/Library/Developer/Xcode/DerivedData/countdown-commbukpdznukvarcianfztjiqgm/Build/Intermediates.noindex/ArchiveIntermediates/countdown/IntermediateBuildFilesPath/ExplicitPrecompiledModules/_signal-7D5GR5XZ8BW7HZ1L1IVHEX1U2.scan
    cd /Users/runner/work/CountdownW/CountdownW/Pods
    builtin-precompileModule /Users/runner/Library/Developer/Xcode/DerivedData/countdown-commbukpdznukvarcianfztjiqgm/Build/Intermediates.noindex/ArchiveIntermediates/countdown/IntermediateBuildFilesPath/ExplicitPrecompiledModules/_signal-7D5GR5XZ8BW7HZ1L1IVHEX1U2.scan

PrecompileModule /Users/runner/Library/Developer/Xcode/DerivedData/countdown-commbukpdznukvarcianfztjiqgm/Build/Intermediates.noindex/ArchiveIntermediates/countdown/IntermediateBuildFilesPath/ExplicitPrecompiledModules/_time-1I53ZHM93ZOUQ3FJL0HRGKESS.scan
    cd /Users/runner/work/CountdownW/CountdownW/Pods
    builtin-precompileModule /Users/runner/Library/Developer/Xcode/DerivedData/countdown-commbukpdznukvarcianfztjiqgm/Build/Intermediates.noindex/ArchiveIntermediates/countdown/IntermediateBuildFilesPath/ExplicitPrecompiledModules/_time-1I53ZHM93ZOUQ3FJL0HRGKESS.scan

PrecompileModule /Users/runner/Library/Developer/Xcode/DerivedData/countdown-commbukpdznukvarcianfztjiqgm/Build/Intermediates.noindex/ArchiveIntermediates/countdown/IntermediateBuildFilesPath/ExplicitPrecompiledModules/sys_select-45KF7H66E6977DD8L030PL152.scan
    cd /Users/runner/work/CountdownW/CountdownW/Pods
    builtin-precompileModule /Users/runner/Library/Developer/Xcode/DerivedData/countdown-commbukpdznukvarcianfztjiqgm/Build/Intermediates.noindex/ArchiveIntermediates/countdown/IntermediateBuildFilesPath/ExplicitPrecompiledModules/sys_select-45KF7H66E6977DD8L030PL152.scan

PrecompileModule /Users/runner/Library/Developer/Xcode/DerivedData/countdown-commbukpdznukvarcianfztjiqgm/Build/Intermediates.noindex/ArchiveIntermediates/countdown/IntermediateBuildFilesPath/ExplicitPrecompiledModules/UserNotifications-C9MCRLIOAYI4C8SXOJCE4KLMV.scan
    cd /Users/runner/work/CountdownW/CountdownW/Pods
    builtin-precompileModule /Users/runner/Library/Developer/Xcode/DerivedData/countdown-commbukpdznukvarcianfztjiqgm/Build/Intermediates.noindex/ArchiveIntermediates/countdown/IntermediateBuildFilesPath/ExplicitPrecompiledModules/UserNotifications-C9MCRLIOAYI4C8SXOJCE4KLMV.scan

PrecompileModule /Users/runner/Library/Developer/Xcode/DerivedData/countdown-commbukpdznukvarcianfztjiqgm/Build/Intermediates.noindex/ArchiveIntermediates/countdown/IntermediateBuildFilesPath/ExplicitPrecompiledModules/pthread-70HVDTFUB2BR7ZI06CM094PDU.scan
    cd /Users/runner/work/CountdownW/CountdownW/Pods
    builtin-precompileModule /Users/runner/Library/Developer/Xcode/DerivedData/countdown-commbukpdznukvarcianfztjiqgm/Build/Intermediates.noindex/ArchiveIntermediates/countdown/IntermediateBuildFilesPath/ExplicitPrecompiledModules/pthread-70HVDTFUB2BR7ZI06CM094PDU.scan

PrecompileModule /Users/runner/Library/Developer/Xcode/DerivedData/countdown-commbukpdznukvarcianfztjiqgm/Build/Intermediates.noindex/ArchiveIntermediates/countdown/IntermediateBuildFilesPath/ExplicitPrecompiledModules/gethostuuid-8PN8Y63D0N8U4Z896P2N4GFKP.scan
    cd /Users/runner/work/CountdownW/CountdownW/Pods
    builtin-precompileModule /Users/runner/Library/Developer/Xcode/DerivedData/countdown-commbukpdznukvarcianfztjiqgm/Build/Intermediates.noindex/ArchiveIntermediates/countdown/IntermediateBuildFilesPath/ExplicitPrecompiledModules/gethostuuid-8PN8Y63D0N8U4Z896P2N4GFKP.scan

PrecompileModule /Users/runner/Library/Developer/Xcode/DerivedData/countdown-commbukpdznukvarcianfztjiqgm/Build/Intermediates.noindex/ArchiveIntermediates/countdown/IntermediateBuildFilesPath/ExplicitPrecompiledModules/unistd-96585PTIISSI1QTB98DUQHKSZ.scan
    cd /Users/runner/work/CountdownW/CountdownW/Pods
    builtin-precompileModule /Users/runner/Library/Developer/Xcode/DerivedData/countdown-commbukpdznukvarcianfztjiqgm/Build/Intermediates.noindex/ArchiveIntermediates/countdown/IntermediateBuildFilesPath/ExplicitPrecompiledModules/unistd-96585PTIISSI1QTB98DUQHKSZ.scan

PrecompileModule /Users/runner/Library/Developer/Xcode/DerivedData/countdown-commbukpdznukvarcianfztjiqgm/Build/Intermediates.noindex/ArchiveIntermediates/countdown/IntermediateBuildFilesPath/ExplicitPrecompiledModules/_wchar-UDU1ECRC0SHSA3LPSV2CWP44.scan
    cd /Users/runner/work/CountdownW/CountdownW/Pods
    builtin-precompileModule /Users/runner/Library/Developer/Xcode/DerivedData/countdown-commbukpdznukvarcianfztjiqgm/Build/Intermediates.noindex/ArchiveIntermediates/countdown/IntermediateBuildFilesPath/ExplicitPrecompiledModules/_wchar-UDU1ECRC0SHSA3LPSV2CWP44.scan

PrecompileModule /Users/runner/Library/Developer/Xcode/DerivedData/countdown-commbukpdznukvarcianfztjiqgm/Build/Intermediates.noindex/ArchiveIntermediates/countdown/IntermediateBuildFilesPath/ExplicitPrecompiledModules/sys_time-2XDA9H35SYUP01LINVK9H4FRU.scan
    cd /Users/runner/work/CountdownW/CountdownW/Pods
    builtin-precompileModule /Users/runner/Library/Developer/Xcode/DerivedData/countdown-commbukpdznukvarcianfztjiqgm/Build/Intermediates.noindex/ArchiveIntermediates/countdown/IntermediateBuildFilesPath/ExplicitPrecompiledModules/sys_time-2XDA9H35SYUP01LINVK9H4FRU.scan

PrecompileModule /Users/runner/Library/Developer/Xcode/DerivedData/countdown-commbukpdznukvarcianfztjiqgm/Build/Intermediates.noindex/ArchiveIntermediates/countdown/IntermediateBuildFilesPath/ExplicitPrecompiledModules/ptrauth-BSVSBKUPXKDKDLVR69Q8D4IJP.scan
    cd /Users/runner/work/CountdownW/CountdownW/Pods
    builtin-precompileModule /Users/runner/Library/Developer/Xcode/DerivedData/countdown-commbukpdznukvarcianfztjiqgm/Build/Intermediates.noindex/ArchiveIntermediates/countdown/IntermediateBuildFilesPath/ExplicitPrecompiledModules/ptrauth-BSVSBKUPXKDKDLVR69Q8D4IJP.scan

PrecompileModule /Users/runner/Library/Developer/Xcode/DerivedData/countdown-commbukpdznukvarcianfztjiqgm/Build/Intermediates.noindex/ArchiveIntermediates/countdown/IntermediateBuildFilesPath/ExplicitPrecompiledModules/sys_resource-C67QF457JPYXOX49QT3A41JL5.scan
    cd /Users/runner/work/CountdownW/CountdownW/Pods
    builtin-precompileModule /Users/runner/Library/Developer/Xcode/DerivedData/countdown-commbukpdznukvarcianfztjiqgm/Build/Intermediates.noindex/ArchiveIntermediates/countdown/IntermediateBuildFilesPath/ExplicitPrecompiledModules/sys_resource-C67QF457JPYXOX49QT3A41JL5.scan

PrecompileModule /Users/runner/Library/Developer/Xcode/DerivedData/countdown-commbukpdznukvarcianfztjiqgm/Build/Intermediates.noindex/ArchiveIntermediates/countdown/IntermediateBuildFilesPath/ExplicitPrecompiledModules/sys_select-DLK1781EPV4ENI0L8J3KG923V.scan
    cd /Users/runner/work/CountdownW/CountdownW/Pods
    builtin-precompileModule /Users/runner/Library/Developer/Xcode/DerivedData/countdown-commbukpdznukvarcianfztjiqgm/Build/Intermediates.noindex/ArchiveIntermediates/countdown/IntermediateBuildFilesPath/ExplicitPrecompiledModules/sys_select-DLK1781EPV4ENI0L8J3KG923V.scan

PrecompileModule /Users/runner/Library/Developer/Xcode/DerivedData/countdown-commbukpdznukvarcianfztjiqgm/Build/Intermediates.noindex/ArchiveIntermediates/countdown/IntermediateBuildFilesPath/ExplicitPrecompiledModules/_fenv-8URZOQ1QM1UW8BC79M6IUT1JO.scan
    cd /Users/runner/work/CountdownW/CountdownW/Pods
    builtin-precompileModule /Users/runner/Library/Developer/Xcode/DerivedData/countdown-commbukpdznukvarcianfztjiqgm/Build/Intermediates.noindex/ArchiveIntermediates/countdown/IntermediateBuildFilesPath/ExplicitPrecompiledModules/_fenv-8URZOQ1QM1UW8BC79M6IUT1JO.scan

PrecompileModule /Users/runner/Library/Developer/Xcode/DerivedData/countdown-commbukpdznukvarcianfztjiqgm/Build/Intermediates.noindex/ArchiveIntermediates/countdown/IntermediateBuildFilesPath/ExplicitPrecompiledModules/sys_wait-CTD0INI4H3T791564HDYDKWQQ.scan
    cd /Users/runner/work/CountdownW/CountdownW/Pods
    builtin-precompileModule /Users/runner/Library/Developer/Xcode/DerivedData/countdown-commbukpdznukvarcianfztjiqgm/Build/Intermediates.noindex/ArchiveIntermediates/countdown/IntermediateBuildFilesPath/ExplicitPrecompiledModules/sys_wait-CTD0INI4H3T791564HDYDKWQQ.scan

PrecompileModule /Users/runner/Library/Developer/Xcode/DerivedData/countdown-commbukpdznukvarcianfztjiqgm/Build/Intermediates.noindex/ArchiveIntermediates/countdown/IntermediateBuildFilesPath/ExplicitPrecompiledModules/_Builtin_tgmath-744SZQ3A8A8DM23CNGYDF9V8J.scan
    cd /Users/runner/work/CountdownW/CountdownW/Pods
    builtin-precompileModule /Users/runner/Library/Developer/Xcode/DerivedData/countdown-commbukpdznukvarcianfztjiqgm/Build/Intermediates.noindex/ArchiveIntermediates/countdown/IntermediateBuildFilesPath/ExplicitPrecompiledModules/_Builtin_tgmath-744SZQ3A8A8DM23CNGYDF9V8J.scan

PrecompileModule /Users/runner/Library/Developer/Xcode/DerivedData/countdown-commbukpdznukvarcianfztjiqgm/Build/Intermediates.noindex/ArchiveIntermediates/countdown/IntermediateBuildFilesPath/ExplicitPrecompiledModules/_stdlib-ATXJMG6KG4WF8WLN1D2BBQ8QZ.scan
    cd /Users/runner/work/CountdownW/CountdownW/Pods
    builtin-precompileModule /Users/runner/Library/Developer/Xcode/DerivedData/countdown-commbukpdznukvarcianfztjiqgm/Build/Intermediates.noindex/ArchiveIntermediates/countdown/IntermediateBuildFilesPath/ExplicitPrecompiledModules/_stdlib-ATXJMG6KG4WF8WLN1D2BBQ8QZ.scan

PrecompileModule /Users/runner/Library/Developer/Xcode/DerivedData/countdown-commbukpdznukvarcianfztjiqgm/Build/Intermediates.noindex/ArchiveIntermediates/countdown/IntermediateBuildFilesPath/ExplicitPrecompiledModules/unistd-518XXHTDV00SFC6SXC6EGONCJ.scan
    cd /Users/runner/work/CountdownW/CountdownW/Pods
    builtin-precompileModule /Users/runner/Library/Developer/Xcode/DerivedData/countdown-commbukpdznukvarcianfztjiqgm/Build/Intermediates.noindex/ArchiveIntermediates/countdown/IntermediateBuildFilesPath/ExplicitPrecompiledModules/unistd-518XXHTDV00SFC6SXC6EGONCJ.scan

PrecompileModule /Users/runner/Library/Developer/Xcode/DerivedData/countdown-commbukpdznukvarcianfztjiqgm/Build/Intermediates.noindex/ArchiveIntermediates/countdown/IntermediateBuildFilesPath/ExplicitPrecompiledModules/_Builtin_limits-90I3V4IGDI4A636XOFWHNC6CI.scan
    cd /Users/runner/work/CountdownW/CountdownW/Pods
    builtin-precompileModule /Users/runner/Library/Developer/Xcode/DerivedData/countdown-commbukpdznukvarcianfztjiqgm/Build/Intermediates.noindex/ArchiveIntermediates/countdown/IntermediateBuildFilesPath/ExplicitPrecompiledModules/_Builtin_limits-90I3V4IGDI4A636XOFWHNC6CI.scan

PrecompileModule /Users/runner/Library/Developer/Xcode/DerivedData/countdown-commbukpdznukvarcianfztjiqgm/Build/Intermediates.noindex/ArchiveIntermediates/countdown/IntermediateBuildFilesPath/ExplicitPrecompiledModules/Darwin-87Y57CZM6Q0WO2CVDXZCP8VCI.scan
    cd /Users/runner/work/CountdownW/CountdownW/Pods
    builtin-precompileModule /Users/runner/Library/Developer/Xcode/DerivedData/countdown-commbukpdznukvarcianfztjiqgm/Build/Intermediates.noindex/ArchiveIntermediates/countdown/IntermediateBuildFilesPath/ExplicitPrecompiledModules/Darwin-87Y57CZM6Q0WO2CVDXZCP8VCI.scan

PrecompileModule /Users/runner/Library/Developer/Xcode/DerivedData/countdown-commbukpdznukvarcianfztjiqgm/Build/Intermediates.noindex/ArchiveIntermediates/countdown/IntermediateBuildFilesPath/ExplicitPrecompiledModules/QuartzCore-40NCSDYSIQK4S7A8HQ8XI1BPS.scan
    cd /Users/runner/work/CountdownW/CountdownW/Pods
    builtin-precompileModule /Users/runner/Library/Developer/Xcode/DerivedData/countdown-commbukpdznukvarcianfztjiqgm/Build/Intermediates.noindex/ArchiveIntermediates/countdown/IntermediateBuildFilesPath/ExplicitPrecompiledModules/QuartzCore-40NCSDYSIQK4S7A8HQ8XI1BPS.scan

PrecompileModule /Users/runner/Library/Developer/Xcode/DerivedData/countdown-commbukpdznukvarcianfztjiqgm/Build/Intermediates.noindex/ArchiveIntermediates/countdown/IntermediateBuildFilesPath/ExplicitPrecompiledModules/_Builtin_inttypes-9N3D5CMSGCOMJVEWVQ08AO37A.scan
    cd /Users/runner/work/CountdownW/CountdownW/Pods
    builtin-precompileModule /Users/runner/Library/Developer/Xcode/DerivedData/countdown-commbukpdznukvarcianfztjiqgm/Build/Intermediates.noindex/ArchiveIntermediates/countdown/IntermediateBuildFilesPath/ExplicitPrecompiledModules/_Builtin_inttypes-9N3D5CMSGCOMJVEWVQ08AO37A.scan

PrecompileModule /Users/runner/Library/Developer/Xcode/DerivedData/countdown-commbukpdznukvarcianfztjiqgm/Build/Intermediates.noindex/ArchiveIntermediates/countdown/IntermediateBuildFilesPath/ExplicitPrecompiledModules/UIKit-2CFZ580HIFTX4NLFAGNEYYXKO.scan
    cd /Users/runner/work/CountdownW/CountdownW/Pods
    builtin-precompileModule /Users/runner/Library/Developer/Xcode/DerivedData/countdown-commbukpdznukvarcianfztjiqgm/Build/Intermediates.noindex/ArchiveIntermediates/countdown/IntermediateBuildFilesPath/ExplicitPrecompiledModules/UIKit-2CFZ580HIFTX4NLFAGNEYYXKO.scan

PrecompileModule /Users/runner/Library/Developer/Xcode/DerivedData/countdown-commbukpdznukvarcianfztjiqgm/Build/Intermediates.noindex/ArchiveIntermediates/countdown/IntermediateBuildFilesPath/ExplicitPrecompiledModules/Darwin-990YMZ6E00K127FM404RCZL8U.scan
    cd /Users/runner/work/CountdownW/CountdownW/Pods
    builtin-precompileModule /Users/runner/Library/Developer/Xcode/DerivedData/countdown-commbukpdznukvarcianfztjiqgm/Build/Intermediates.noindex/ArchiveIntermediates/countdown/IntermediateBuildFilesPath/ExplicitPrecompiledModules/Darwin-990YMZ6E00K127FM404RCZL8U.scan

PrecompileModule /Users/runner/Library/Developer/Xcode/DerivedData/countdown-commbukpdznukvarcianfztjiqgm/Build/Intermediates.noindex/ArchiveIntermediates/countdown/IntermediateBuildFilesPath/ExplicitPrecompiledModules/ObjectiveC-9TN9DCUOS4WG0NSH8XTEJJ6VZ.scan
    cd /Users/runner/work/CountdownW/CountdownW/Pods
    builtin-precompileModule /Users/runner/Library/Developer/Xcode/DerivedData/countdown-commbukpdznukvarcianfztjiqgm/Build/Intermediates.noindex/ArchiveIntermediates/countdown/IntermediateBuildFilesPath/ExplicitPrecompiledModules/ObjectiveC-9TN9DCUOS4WG0NSH8XTEJJ6VZ.scan

PrecompileModule /Users/runner/Library/Developer/Xcode/DerivedData/countdown-commbukpdznukvarcianfztjiqgm/Build/Intermediates.noindex/ArchiveIntermediates/countdown/IntermediateBuildFilesPath/ExplicitPrecompiledModules/ObjectiveC-DOR2WHQEBSM2TQF3VOZB8COL.scan
    cd /Users/runner/work/CountdownW/CountdownW/Pods
    builtin-precompileModule /Users/runner/Library/Developer/Xcode/DerivedData/countdown-commbukpdznukvarcianfztjiqgm/Build/Intermediates.noindex/ArchiveIntermediates/countdown/IntermediateBuildFilesPath/ExplicitPrecompiledModules/ObjectiveC-DOR2WHQEBSM2TQF3VOZB8COL.scan

PrecompileModule /Users/runner/Library/Developer/Xcode/DerivedData/countdown-commbukpdznukvarcianfztjiqgm/Build/Intermediates.noindex/ArchiveIntermediates/countdown/IntermediateBuildFilesPath/ExplicitPrecompiledModules/os_object-4EDH8CD12CZ4ZHY343HP7DY79.scan
    cd /Users/runner/work/CountdownW/CountdownW/Pods
    builtin-precompileModule /Users/runner/Library/Developer/Xcode/DerivedData/countdown-commbukpdznukvarcianfztjiqgm/Build/Intermediates.noindex/ArchiveIntermediates/countdown/IntermediateBuildFilesPath/ExplicitPrecompiledModules/os_object-4EDH8CD12CZ4ZHY343HP7DY79.scan

PrecompileModule /Users/runner/Library/Developer/Xcode/DerivedData/countdown-commbukpdznukvarcianfztjiqgm/Build/Intermediates.noindex/ArchiveIntermediates/countdown/IntermediateBuildFilesPath/ExplicitPrecompiledModules/os_object-D00WPOCEJNXEPFHVNHZFO7BBQ.scan
    cd /Users/runner/work/CountdownW/CountdownW/Pods
    builtin-precompileModule /Users/runner/Library/Developer/Xcode/DerivedData/countdown-commbukpdznukvarcianfztjiqgm/Build/Intermediates.noindex/ArchiveIntermediates/countdown/IntermediateBuildFilesPath/ExplicitPrecompiledModules/os_object-D00WPOCEJNXEPFHVNHZFO7BBQ.scan

PrecompileModule /Users/runner/Library/Developer/Xcode/DerivedData/countdown-commbukpdznukvarcianfztjiqgm/Build/Intermediates.noindex/ArchiveIntermediates/countdown/IntermediateBuildFilesPath/ExplicitPrecompiledModules/os_workgroup-57KGN0HKTAKM7JNR56CFDAWXD.scan
    cd /Users/runner/work/CountdownW/CountdownW/Pods
    builtin-precompileModule /Users/runner/Library/Developer/Xcode/DerivedData/countdown-commbukpdznukvarcianfztjiqgm/Build/Intermediates.noindex/ArchiveIntermediates/countdown/IntermediateBuildFilesPath/ExplicitPrecompiledModules/os_workgroup-57KGN0HKTAKM7JNR56CFDAWXD.scan

PrecompileModule /Users/runner/Library/Developer/Xcode/DerivedData/countdown-commbukpdznukvarcianfztjiqgm/Build/Intermediates.noindex/ArchiveIntermediates/countdown/IntermediateBuildFilesPath/ExplicitPrecompiledModules/os_workgroup-56JN8N1HLOEI9Q3P5CP3BV4GX.scan
    cd /Users/runner/work/CountdownW/CountdownW/Pods
    builtin-precompileModule /Users/runner/Library/Developer/Xcode/DerivedData/countdown-commbukpdznukvarcianfztjiqgm/Build/Intermediates.noindex/ArchiveIntermediates/countdown/IntermediateBuildFilesPath/ExplicitPrecompiledModules/os_workgroup-56JN8N1HLOEI9Q3P5CP3BV4GX.scan

PrecompileModule /Users/runner/Library/Developer/Xcode/DerivedData/countdown-commbukpdznukvarcianfztjiqgm/Build/Intermediates.noindex/ArchiveIntermediates/countdown/IntermediateBuildFilesPath/ExplicitPrecompiledModules/Dispatch-1FXZYEL07JMFE9A0C2KMB9XCP.scan
    cd /Users/runner/work/CountdownW/CountdownW/Pods
    builtin-precompileModule /Users/runner/Library/Developer/Xcode/DerivedData/countdown-commbukpdznukvarcianfztjiqgm/Build/Intermediates.noindex/ArchiveIntermediates/countdown/IntermediateBuildFilesPath/ExplicitPrecompiledModules/Dispatch-1FXZYEL07JMFE9A0C2KMB9XCP.scan

PrecompileModule /Users/runner/Library/Developer/Xcode/DerivedData/countdown-commbukpdznukvarcianfztjiqgm/Build/Intermediates.noindex/ArchiveIntermediates/countdown/IntermediateBuildFilesPath/ExplicitPrecompiledModules/Dispatch-EVSZ0P6R635DIEK6AIMOUMZ37.scan
    cd /Users/runner/work/CountdownW/CountdownW/Pods
    builtin-precompileModule /Users/runner/Library/Developer/Xcode/DerivedData/countdown-commbukpdznukvarcianfztjiqgm/Build/Intermediates.noindex/ArchiveIntermediates/countdown/IntermediateBuildFilesPath/ExplicitPrecompiledModules/Dispatch-EVSZ0P6R635DIEK6AIMOUMZ37.scan

PrecompileModule /Users/runner/Library/Developer/Xcode/DerivedData/countdown-commbukpdznukvarcianfztjiqgm/Build/Intermediates.noindex/ArchiveIntermediates/countdown/IntermediateBuildFilesPath/ExplicitPrecompiledModules/XPC-11G0LUPPML7W4R6JH718XB4YS.scan
    cd /Users/runner/work/CountdownW/CountdownW/Pods
    builtin-precompileModule /Users/runner/Library/Developer/Xcode/DerivedData/countdown-commbukpdznukvarcianfztjiqgm/Build/Intermediates.noindex/ArchiveIntermediates/countdown/IntermediateBuildFilesPath/ExplicitPrecompiledModules/XPC-11G0LUPPML7W4R6JH718XB4YS.scan

CompileC /Users/runner/Library/Developer/Xcode/DerivedData/countdown-commbukpdznukvarcianfztjiqgm/Build/Intermediates.noindex/ArchiveIntermediates/countdown/IntermediateBuildFilesPath/Pods.build/Release-iphoneos/SVProgressHUD.build/Objects-normal/arm64/SVProgressHUD-dummy.o /Users/runner/work/CountdownW/CountdownW/Pods/Target\ Support\ Files/SVProgressHUD/SVProgressHUD-dummy.m normal arm64 objective-c com.apple.compilers.llvm.clang.1_0.compiler (in target 'SVProgressHUD' from project 'Pods')
    cd /Users/runner/work/CountdownW/CountdownW/Pods
    
    Using response file: /Users/runner/Library/Developer/Xcode/DerivedData/countdown-commbukpdznukvarcianfztjiqgm/Build/Intermediates.noindex/ArchiveIntermediates/countdown/IntermediateBuildFilesPath/Pods.build/Release-iphoneos/SVProgressHUD.build/Objects-normal/arm64/e6072d4f65d7061329687fe24e3d63a7-common-args.resp
    
    /Applications/Xcode_16.4.app/Contents/Developer/Toolchains/XcodeDefault.xctoolchain/usr/bin/clang -x objective-c -ivfsstatcache /Users/runner/Library/Developer/Xcode/DerivedData/SDKStatCaches.noindex/iphoneos18.5-22F76-a529daf784b3616c7c04a36aeb7f5c05.sdkstatcache -fmessage-length\=0 -fdiagnostics-show-note-include-stack -fmacro-backtrace-limit\=0 -fno-color-diagnostics -fmodules-prune-interval\=86400 -fmodules-prune-after\=345600 -fbuild-session-file\=/Users/runner/Library/Developer/Xcode/DerivedData/ModuleCache.noindex/Session.modulevalidation -fmodules-validate-once-per-build-session -Wnon-modular-include-in-framework-module -Werror\=non-modular-include-in-framework-module -Wno-trigraphs -Wno-missing-field-initializers -Wno-missing-prototypes -Werror\=return-type -Wdocumentation -Wunreachable-code -Wno-implicit-atomic-properties -Werror\=deprecated-objc-isa-usage -Wno-objc-interface-ivars -Werror\=objc-root-class -Wno-arc-repeated-use-of-weak -Wimplicit-retain-self -Wduplicate-method-match -Wno-missing-braces -Wparentheses -Wswitch -Wunused-function -Wno-unused-label -Wno-unused-parameter -Wunused-variable -Wunused-value -Wempty-body -Wuninitialized -Wconditional-uninitialized -Wno-unknown-pragmas -Wno-shadow -Wno-four-char-constants -Wno-conversion -Wconstant-conversion -Wint-conversion -Wbool-conversion -Wenum-conversion -Wno-float-conversion -Wnon-literal-null-conversion -Wobjc-literal-conversion -Wshorten-64-to-32 -Wpointer-sign -Wno-newline-eof -Wno-selector -Wno-strict-selector-match -Wundeclared-selector -Wdeprecated-implementations -Wno-implicit-fallthrough -fstrict-aliasing -Wprotocol -Wdeprecated-declarations -Wno-sign-conversion -Winfinite-recursion -Wcomma -Wblock-capture-autoreleasing -Wstrict-prototypes -Wno-semicolon-before-method-body -Wunguarded-availability @/Users/runner/Library/Developer/Xcode/DerivedData/countdown-commbukpdznukvarcianfztjiqgm/Build/Intermediates.noindex/ArchiveIntermediates/countdown/IntermediateBuildFilesPath/Pods.build/Release-iphoneos/SVProgressHUD.build/Objects-normal/arm64/e6072d4f65d7061329687fe24e3d63a7-common-args.resp -include /Users/runner/work/CountdownW/CountdownW/Pods/Target\ Support\ Files/SVProgressHUD/SVProgressHUD-prefix.pch -MMD -MT dependencies -MF /Users/runner/Library/Developer/Xcode/DerivedData/countdown-commbukpdznukvarcianfztjiqgm/Build/Intermediates.noindex/ArchiveIntermediates/countdown/IntermediateBuildFilesPath/Pods.build/Release-iphoneos/SVProgressHUD.build/Objects-normal/arm64/SVProgressHUD-dummy.d --serialize-diagnostics /Users/runner/Library/Developer/Xcode/DerivedData/countdown-commbukpdznukvarcianfztjiqgm/Build/Intermediates.noindex/ArchiveIntermediates/countdown/IntermediateBuildFilesPath/Pods.build/Release-iphoneos/SVProgressHUD.build/Objects-normal/arm64/SVProgressHUD-dummy.dia -c /Users/runner/work/CountdownW/CountdownW/Pods/Target\ Support\ Files/SVProgressHUD/SVProgressHUD-dummy.m -o /Users/runner/Library/Developer/Xcode/DerivedData/countdown-commbukpdznukvarcianfztjiqgm/Build/Intermediates.noindex/ArchiveIntermediates/countdown/IntermediateBuildFilesPath/Pods.build/Release-iphoneos/SVProgressHUD.build/Objects-normal/arm64/SVProgressHUD-dummy.o

PrecompileModule /Users/runner/Library/Developer/Xcode/DerivedData/countdown-commbukpdznukvarcianfztjiqgm/Build/Intermediates.noindex/ArchiveIntermediates/countdown/IntermediateBuildFilesPath/ExplicitPrecompiledModules/XPC-7M5RSSLTD0W62XO7BUZ8CE4I8.scan
    cd /Users/runner/work/CountdownW/CountdownW/Pods
    builtin-precompileModule /Users/runner/Library/Developer/Xcode/DerivedData/countdown-commbukpdznukvarcianfztjiqgm/Build/Intermediates.noindex/ArchiveIntermediates/countdown/IntermediateBuildFilesPath/ExplicitPrecompiledModules/XPC-7M5RSSLTD0W62XO7BUZ8CE4I8.scan

PrecompileModule /Users/runner/Library/Developer/Xcode/DerivedData/countdown-commbukpdznukvarcianfztjiqgm/Build/Intermediates.noindex/ArchiveIntermediates/countdown/IntermediateBuildFilesPath/ExplicitPrecompiledModules/CoreFoundation-7RRSAJGYII2MRT1XQORVQ93T1.scan
    cd /Users/runner/work/CountdownW/CountdownW/Pods
    builtin-precompileModule /Users/runner/Library/Developer/Xcode/DerivedData/countdown-commbukpdznukvarcianfztjiqgm/Build/Intermediates.noindex/ArchiveIntermediates/countdown/IntermediateBuildFilesPath/ExplicitPrecompiledModules/CoreFoundation-7RRSAJGYII2MRT1XQORVQ93T1.scan

Ld /Users/runner/Library/Developer/Xcode/DerivedData/countdown-commbukpdznukvarcianfztjiqgm/Build/Intermediates.noindex/ArchiveIntermediates/countdown/IntermediateBuildFilesPath/UninstalledProducts/iphoneos/SVProgressHUD.framework/SVProgressHUD normal (in target 'SVProgressHUD' from project 'Pods')
    cd /Users/runner/work/CountdownW/CountdownW/Pods
    /Applications/Xcode_16.4.app/Contents/Developer/Toolchains/XcodeDefault.xctoolchain/usr/bin/clang -Xlinker -reproducible -target arm64-apple-ios12.0 -dynamiclib -isysroot /Applications/Xcode_16.4.app/Contents/Developer/Platforms/iPhoneOS.platform/Developer/SDKs/iPhoneOS18.5.sdk -Os -L/Users/runner/Library/Developer/Xcode/DerivedData/countdown-commbukpdznukvarcianfztjiqgm/Build/Intermediates.noindex/ArchiveIntermediates/countdown/IntermediateBuildFilesPath/EagerLinkingTBDs/Release-iphoneos -L/Users/runner/Library/Developer/Xcode/DerivedData/countdown-commbukpdznukvarcianfztjiqgm/Build/Intermediates.noindex/ArchiveIntermediates/countdown/BuildProductsPath/Release-iphoneos/SVProgressHUD -F/Users/runner/Library/Developer/Xcode/DerivedData/countdown-commbukpdznukvarcianfztjiqgm/Build/Intermediates.noindex/ArchiveIntermediates/countdown/IntermediateBuildFilesPath/EagerLinkingTBDs/Release-iphoneos -F/Users/runner/Library/Developer/Xcode/DerivedData/countdown-commbukpdznukvarcianfztjiqgm/Build/Intermediates.noindex/ArchiveIntermediates/countdown/BuildProductsPath/Release-iphoneos/SVProgressHUD -filelist /Users/runner/Library/Developer/Xcode/DerivedData/countdown-commbukpdznukvarcianfztjiqgm/Build/Intermediates.noindex/ArchiveIntermediates/countdown/IntermediateBuildFilesPath/Pods.build/Release-iphoneos/SVProgressHUD.build/Objects-normal/arm64/SVProgressHUD.LinkFileList -install_name @rpath/SVProgressHUD.framework/SVProgressHUD -Xlinker -rpath -Xlinker @executable_path/Frameworks -Xlinker -rpath -Xlinker @loader_path/Frameworks -dead_strip -Xlinker -object_path_lto -Xlinker /Users/runner/Library/Developer/Xcode/DerivedData/countdown-commbukpdznukvarcianfztjiqgm/Build/Intermediates.noindex/ArchiveIntermediates/countdown/IntermediateBuildFilesPath/Pods.build/Release-iphoneos/SVProgressHUD.build/Objects-normal/arm64/SVProgressHUD_lto.o -Xlinker -dependency_info -Xlinker /Users/runner/Library/Developer/Xcode/DerivedData/countdown-commbukpdznukvarcianfztjiqgm/Build/Intermediates.noindex/ArchiveIntermediates/countdown/IntermediateBuildFilesPath/Pods.build/Release-iphoneos/SVProgressHUD.build/Objects-normal/arm64/SVProgressHUD_dependency_info.dat -fobjc-arc -fobjc-link-runtime -framework QuartzCore -framework Foundation -framework QuartzCore -compatibility_version 1 -current_version 1 -o /Users/runner/Library/Developer/Xcode/DerivedData/countdown-commbukpdznukvarcianfztjiqgm/Build/Intermediates.noindex/ArchiveIntermediates/countdown/IntermediateBuildFilesPath/UninstalledProducts/iphoneos/SVProgressHUD.framework/SVProgressHUD

PrecompileModule /Users/runner/Library/Developer/Xcode/DerivedData/countdown-commbukpdznukvarcianfztjiqgm/Build/Intermediates.noindex/ArchiveIntermediates/countdown/IntermediateBuildFilesPath/ExplicitPrecompiledModules/CoreFoundation-94AHBWYD3SYYB5Y39A5QK9YMS.scan
    cd /Users/runner/work/CountdownW/CountdownW/Pods
    builtin-precompileModule /Users/runner/Library/Developer/Xcode/DerivedData/countdown-commbukpdznukvarcianfztjiqgm/Build/Intermediates.noindex/ArchiveIntermediates/countdown/IntermediateBuildFilesPath/ExplicitPrecompiledModules/CoreFoundation-94AHBWYD3SYYB5Y39A5QK9YMS.scan

PrecompileModule /Users/runner/Library/Developer/Xcode/DerivedData/countdown-commbukpdznukvarcianfztjiqgm/Build/Intermediates.noindex/ArchiveIntermediates/countdown/IntermediateBuildFilesPath/ExplicitPrecompiledModules/Security-58A51C25KLYLW02Q72SZL56T9.scan
    cd /Users/runner/work/CountdownW/CountdownW/Pods
    builtin-precompileModule /Users/runner/Library/Developer/Xcode/DerivedData/countdown-commbukpdznukvarcianfztjiqgm/Build/Intermediates.noindex/ArchiveIntermediates/countdown/IntermediateBuildFilesPath/ExplicitPrecompiledModules/Security-58A51C25KLYLW02Q72SZL56T9.scan

PrecompileModule /Users/runner/Library/Developer/Xcode/DerivedData/countdown-commbukpdznukvarcianfztjiqgm/Build/Intermediates.noindex/ArchiveIntermediates/countdown/IntermediateBuildFilesPath/ExplicitPrecompiledModules/CFNetwork-EWMV819PJWA6M2O9XCPORTB28.scan
    cd /Users/runner/work/CountdownW/CountdownW/Pods
    builtin-precompileModule /Users/runner/Library/Developer/Xcode/DerivedData/countdown-commbukpdznukvarcianfztjiqgm/Build/Intermediates.noindex/ArchiveIntermediates/countdown/IntermediateBuildFilesPath/ExplicitPrecompiledModules/CFNetwork-EWMV819PJWA6M2O9XCPORTB28.scan

PrecompileModule /Users/runner/Library/Developer/Xcode/DerivedData/countdown-commbukpdznukvarcianfztjiqgm/Build/Intermediates.noindex/ArchiveIntermediates/countdown/IntermediateBuildFilesPath/ExplicitPrecompiledModules/CoreGraphics-D0I0UYC5IKOJDGZQMFSJP8B5H.scan
    cd /Users/runner/work/CountdownW/CountdownW/Pods
    builtin-precompileModule /Users/runner/Library/Developer/Xcode/DerivedData/countdown-commbukpdznukvarcianfztjiqgm/Build/Intermediates.noindex/ArchiveIntermediates/countdown/IntermediateBuildFilesPath/ExplicitPrecompiledModules/CoreGraphics-D0I0UYC5IKOJDGZQMFSJP8B5H.scan

PrecompileModule /Users/runner/Library/Developer/Xcode/DerivedData/countdown-commbukpdznukvarcianfztjiqgm/Build/Intermediates.noindex/ArchiveIntermediates/countdown/IntermediateBuildFilesPath/ExplicitPrecompiledModules/Security-20TD1RGB10UMT0N12CBPSBQ01.scan
    cd /Users/runner/work/CountdownW/CountdownW/Pods
    builtin-precompileModule /Users/runner/Library/Developer/Xcode/DerivedData/countdown-commbukpdznukvarcianfztjiqgm/Build/Intermediates.noindex/ArchiveIntermediates/countdown/IntermediateBuildFilesPath/ExplicitPrecompiledModules/Security-20TD1RGB10UMT0N12CBPSBQ01.scan

PrecompileModule /Users/runner/Library/Developer/Xcode/DerivedData/countdown-commbukpdznukvarcianfztjiqgm/Build/Intermediates.noindex/ArchiveIntermediates/countdown/IntermediateBuildFilesPath/ExplicitPrecompiledModules/ImageIO-7H3PXJHBLBZ4OC7CJYC1N0H5D.scan
    cd /Users/runner/work/CountdownW/CountdownW/Pods
    builtin-precompileModule /Users/runner/Library/Developer/Xcode/DerivedData/countdown-commbukpdznukvarcianfztjiqgm/Build/Intermediates.noindex/ArchiveIntermediates/countdown/IntermediateBuildFilesPath/ExplicitPrecompiledModules/ImageIO-7H3PXJHBLBZ4OC7CJYC1N0H5D.scan

PrecompileModule /Users/runner/Library/Developer/Xcode/DerivedData/countdown-commbukpdznukvarcianfztjiqgm/Build/Intermediates.noindex/ArchiveIntermediates/countdown/IntermediateBuildFilesPath/ExplicitPrecompiledModules/Foundation-UZCUHGTYTVZ9NDZT9PBDASTL.scan
    cd /Users/runner/work/CountdownW/CountdownW/Pods
    builtin-precompileModule /Users/runner/Library/Developer/Xcode/DerivedData/countdown-commbukpdznukvarcianfztjiqgm/Build/Intermediates.noindex/ArchiveIntermediates/countdown/IntermediateBuildFilesPath/ExplicitPrecompiledModules/Foundation-UZCUHGTYTVZ9NDZT9PBDASTL.scan

PrecompileModule /Users/runner/Library/Developer/Xcode/DerivedData/countdown-commbukpdznukvarcianfztjiqgm/Build/Intermediates.noindex/ArchiveIntermediates/countdown/IntermediateBuildFilesPath/ExplicitPrecompiledModules/CoreText-7V6MUC4LS3P5SEYREAUFJDI5Y.scan
    cd /Users/runner/work/CountdownW/CountdownW/Pods
    builtin-precompileModule /Users/runner/Library/Developer/Xcode/DerivedData/countdown-commbukpdznukvarcianfztjiqgm/Build/Intermediates.noindex/ArchiveIntermediates/countdown/IntermediateBuildFilesPath/ExplicitPrecompiledModules/CoreText-7V6MUC4LS3P5SEYREAUFJDI5Y.scan

PrecompileModule /Users/runner/Library/Developer/Xcode/DerivedData/countdown-commbukpdznukvarcianfztjiqgm/Build/Intermediates.noindex/ArchiveIntermediates/countdown/IntermediateBuildFilesPath/ExplicitPrecompiledModules/CoreGraphics-4GOPXZ1IJCQMWJHNIWBB17CZ4.scan
    cd /Users/runner/work/CountdownW/CountdownW/Pods
    builtin-precompileModule /Users/runner/Library/Developer/Xcode/DerivedData/countdown-commbukpdznukvarcianfztjiqgm/Build/Intermediates.noindex/ArchiveIntermediates/countdown/IntermediateBuildFilesPath/ExplicitPrecompiledModules/CoreGraphics-4GOPXZ1IJCQMWJHNIWBB17CZ4.scan

PrecompileModule /Users/runner/Library/Developer/Xcode/DerivedData/countdown-commbukpdznukvarcianfztjiqgm/Build/Intermediates.noindex/ArchiveIntermediates/countdown/IntermediateBuildFilesPath/ExplicitPrecompiledModules/CFNetwork-12UBGTE0NXAL2EWMJD2O1L4FK.scan
    cd /Users/runner/work/CountdownW/CountdownW/Pods
    builtin-precompileModule /Users/runner/Library/Developer/Xcode/DerivedData/countdown-commbukpdznukvarcianfztjiqgm/Build/Intermediates.noindex/ArchiveIntermediates/countdown/IntermediateBuildFilesPath/ExplicitPrecompiledModules/CFNetwork-12UBGTE0NXAL2EWMJD2O1L4FK.scan

PrecompileModule /Users/runner/Library/Developer/Xcode/DerivedData/countdown-commbukpdznukvarcianfztjiqgm/Build/Intermediates.noindex/ArchiveIntermediates/countdown/IntermediateBuildFilesPath/ExplicitPrecompiledModules/ImageIO-BOLJ8NU77FQ6KAQNG7OTJG5DZ.scan
    cd /Users/runner/work/CountdownW/CountdownW/Pods
    builtin-precompileModule /Users/runner/Library/Developer/Xcode/DerivedData/countdown-commbukpdznukvarcianfztjiqgm/Build/Intermediates.noindex/ArchiveIntermediates/countdown/IntermediateBuildFilesPath/ExplicitPrecompiledModules/ImageIO-BOLJ8NU77FQ6KAQNG7OTJG5DZ.scan

PrecompileModule /Users/runner/Library/Developer/Xcode/DerivedData/countdown-commbukpdznukvarcianfztjiqgm/Build/Intermediates.noindex/ArchiveIntermediates/countdown/IntermediateBuildFilesPath/ExplicitPrecompiledModules/CoreText-930YSKGKVW3VGHO3536E9BJFG.scan
    cd /Users/runner/work/CountdownW/CountdownW/Pods
    builtin-precompileModule /Users/runner/Library/Developer/Xcode/DerivedData/countdown-commbukpdznukvarcianfztjiqgm/Build/Intermediates.noindex/ArchiveIntermediates/countdown/IntermediateBuildFilesPath/ExplicitPrecompiledModules/CoreText-930YSKGKVW3VGHO3536E9BJFG.scan

PrecompileModule /Users/runner/Library/Developer/Xcode/DerivedData/countdown-commbukpdznukvarcianfztjiqgm/Build/Intermediates.noindex/ArchiveIntermediates/countdown/IntermediateBuildFilesPath/ExplicitPrecompiledModules/Foundation-DSYZKS6SBOI6VXB0Z5G1O6F3Z.scan
    cd /Users/runner/work/CountdownW/CountdownW/Pods
    builtin-precompileModule /Users/runner/Library/Developer/Xcode/DerivedData/countdown-commbukpdznukvarcianfztjiqgm/Build/Intermediates.noindex/ArchiveIntermediates/countdown/IntermediateBuildFilesPath/ExplicitPrecompiledModules/Foundation-DSYZKS6SBOI6VXB0Z5G1O6F3Z.scan

GenerateDSYMFile /Users/runner/Library/Developer/Xcode/DerivedData/countdown-commbukpdznukvarcianfztjiqgm/Build/Intermediates.noindex/ArchiveIntermediates/countdown/BuildProductsPath/Release-iphoneos/SVProgressHUD/SVProgressHUD.framework.dSYM /Users/runner/Library/Developer/Xcode/DerivedData/countdown-commbukpdznukvarcianfztjiqgm/Build/Intermediates.noindex/ArchiveIntermediates/countdown/IntermediateBuildFilesPath/UninstalledProducts/iphoneos/SVProgressHUD.framework/SVProgressHUD (in target 'SVProgressHUD' from project 'Pods')
    cd /Users/runner/work/CountdownW/CountdownW/Pods
    /Applications/Xcode_16.4.app/Contents/Developer/Toolchains/XcodeDefault.xctoolchain/usr/bin/dsymutil /Users/runner/Library/Developer/Xcode/DerivedData/countdown-commbukpdznukvarcianfztjiqgm/Build/Intermediates.noindex/ArchiveIntermediates/countdown/IntermediateBuildFilesPath/UninstalledProducts/iphoneos/SVProgressHUD.framework/SVProgressHUD -o /Users/runner/Library/Developer/Xcode/DerivedData/countdown-commbukpdznukvarcianfztjiqgm/Build/Intermediates.noindex/ArchiveIntermediates/countdown/BuildProductsPath/Release-iphoneos/SVProgressHUD/SVProgressHUD.framework.dSYM

PrecompileModule /Users/runner/Library/Developer/Xcode/DerivedData/countdown-commbukpdznukvarcianfztjiqgm/Build/Intermediates.noindex/ArchiveIntermediates/countdown/IntermediateBuildFilesPath/ExplicitPrecompiledModules/FileProvider-4HPILHUVB7ZFLUKCBX00PTH39.scan
    cd /Users/runner/work/CountdownW/CountdownW/Pods
    builtin-precompileModule /Users/runner/Library/Developer/Xcode/DerivedData/countdown-commbukpdznukvarcianfztjiqgm/Build/Intermediates.noindex/ArchiveIntermediates/countdown/IntermediateBuildFilesPath/ExplicitPrecompiledModules/FileProvider-4HPILHUVB7ZFLUKCBX00PTH39.scan

PrecompileModule /Users/runner/Library/Developer/Xcode/DerivedData/countdown-commbukpdznukvarcianfztjiqgm/Build/Intermediates.noindex/ArchiveIntermediates/countdown/IntermediateBuildFilesPath/ExplicitPrecompiledModules/Symbols-5RUABAC90VAN1VOTPKRIVCB4X.scan
    cd /Users/runner/work/CountdownW/CountdownW/Pods
    builtin-precompileModule /Users/runner/Library/Developer/Xcode/DerivedData/countdown-commbukpdznukvarcianfztjiqgm/Build/Intermediates.noindex/ArchiveIntermediates/countdown/IntermediateBuildFilesPath/ExplicitPrecompiledModules/Symbols-5RUABAC90VAN1VOTPKRIVCB4X.scan

PrecompileModule /Users/runner/Library/Developer/Xcode/DerivedData/countdown-commbukpdznukvarcianfztjiqgm/Build/Intermediates.noindex/ArchiveIntermediates/countdown/IntermediateBuildFilesPath/ExplicitPrecompiledModules/Symbols-DMRFLXJKF2XYQTMCD3UOFO467.scan
    cd /Users/runner/work/CountdownW/CountdownW/Pods
    builtin-precompileModule /Users/runner/Library/Developer/Xcode/DerivedData/countdown-commbukpdznukvarcianfztjiqgm/Build/Intermediates.noindex/ArchiveIntermediates/countdown/IntermediateBuildFilesPath/ExplicitPrecompiledModules/Symbols-DMRFLXJKF2XYQTMCD3UOFO467.scan

PrecompileModule /Users/runner/Library/Developer/Xcode/DerivedData/countdown-commbukpdznukvarcianfztjiqgm/Build/Intermediates.noindex/ArchiveIntermediates/countdown/IntermediateBuildFilesPath/ExplicitPrecompiledModules/UserNotifications-36VRAAQC0AWD4TAJM3GLZSHBI.scan
    cd /Users/runner/work/CountdownW/CountdownW/Pods
    builtin-precompileModule /Users/runner/Library/Developer/Xcode/DerivedData/countdown-commbukpdznukvarcianfztjiqgm/Build/Intermediates.noindex/ArchiveIntermediates/countdown/IntermediateBuildFilesPath/ExplicitPrecompiledModules/UserNotifications-36VRAAQC0AWD4TAJM3GLZSHBI.scan

PrecompileModule /Users/runner/Library/Developer/Xcode/DerivedData/countdown-commbukpdznukvarcianfztjiqgm/Build/Intermediates.noindex/ArchiveIntermediates/countdown/IntermediateBuildFilesPath/ExplicitPrecompiledModules/UserNotifications-4MNFMUPBKR2IIDFDXLB27PVAV.scan
    cd /Users/runner/work/CountdownW/CountdownW/Pods
    builtin-precompileModule /Users/runner/Library/Developer/Xcode/DerivedData/countdown-commbukpdznukvarcianfztjiqgm/Build/Intermediates.noindex/ArchiveIntermediates/countdown/IntermediateBuildFilesPath/ExplicitPrecompiledModules/UserNotifications-4MNFMUPBKR2IIDFDXLB27PVAV.scan

PrecompileModule /Users/runner/Library/Developer/Xcode/DerivedData/countdown-commbukpdznukvarcianfztjiqgm/Build/Intermediates.noindex/ArchiveIntermediates/countdown/IntermediateBuildFilesPath/ExplicitPrecompiledModules/IOSurface-6EA6LXEL6A7V22DHJQ1ENPJ1Y.scan
    cd /Users/runner/work/CountdownW/CountdownW/Pods
    builtin-precompileModule /Users/runner/Library/Developer/Xcode/DerivedData/countdown-commbukpdznukvarcianfztjiqgm/Build/Intermediates.noindex/ArchiveIntermediates/countdown/IntermediateBuildFilesPath/ExplicitPrecompiledModules/IOSurface-6EA6LXEL6A7V22DHJQ1ENPJ1Y.scan

PrecompileModule /Users/runner/Library/Developer/Xcode/DerivedData/countdown-commbukpdznukvarcianfztjiqgm/Build/Intermediates.noindex/ArchiveIntermediates/countdown/IntermediateBuildFilesPath/ExplicitPrecompiledModules/IOSurface-EX7NR0LCARYEDIT5636OPIEW1.scan
    cd /Users/runner/work/CountdownW/CountdownW/Pods
    builtin-precompileModule /Users/runner/Library/Developer/Xcode/DerivedData/countdown-commbukpdznukvarcianfztjiqgm/Build/Intermediates.noindex/ArchiveIntermediates/countdown/IntermediateBuildFilesPath/ExplicitPrecompiledModules/IOSurface-EX7NR0LCARYEDIT5636OPIEW1.scan

PrecompileModule /Users/runner/Library/Developer/Xcode/DerivedData/countdown-commbukpdznukvarcianfztjiqgm/Build/Intermediates.noindex/ArchiveIntermediates/countdown/IntermediateBuildFilesPath/ExplicitPrecompiledModules/FileProvider-3UQZQ8O82KBXLHHIQK292TL08.scan
    cd /Users/runner/work/CountdownW/CountdownW/Pods
    builtin-precompileModule /Users/runner/Library/Developer/Xcode/DerivedData/countdown-commbukpdznukvarcianfztjiqgm/Build/Intermediates.noindex/ArchiveIntermediates/countdown/IntermediateBuildFilesPath/ExplicitPrecompiledModules/FileProvider-3UQZQ8O82KBXLHHIQK292TL08.scan

PrecompileModule /Users/runner/Library/Developer/Xcode/DerivedData/countdown-commbukpdznukvarcianfztjiqgm/Build/Intermediates.noindex/ArchiveIntermediates/countdown/IntermediateBuildFilesPath/ExplicitPrecompiledModules/Metal-4UWNSAHS6FGEB7IGJH6FQWIW7.scan
    cd /Users/runner/work/CountdownW/CountdownW/Pods
    builtin-precompileModule /Users/runner/Library/Developer/Xcode/DerivedData/countdown-commbukpdznukvarcianfztjiqgm/Build/Intermediates.noindex/ArchiveIntermediates/countdown/IntermediateBuildFilesPath/ExplicitPrecompiledModules/Metal-4UWNSAHS6FGEB7IGJH6FQWIW7.scan

PrecompileModule /Users/runner/Library/Developer/Xcode/DerivedData/countdown-commbukpdznukvarcianfztjiqgm/Build/Intermediates.noindex/ArchiveIntermediates/countdown/IntermediateBuildFilesPath/ExplicitPrecompiledModules/Metal-6MHCPXETXXFJGTY00J7C42P31.scan
    cd /Users/runner/work/CountdownW/CountdownW/Pods
    builtin-precompileModule /Users/runner/Library/Developer/Xcode/DerivedData/countdown-commbukpdznukvarcianfztjiqgm/Build/Intermediates.noindex/ArchiveIntermediates/countdown/IntermediateBuildFilesPath/ExplicitPrecompiledModules/Metal-6MHCPXETXXFJGTY00J7C42P31.scan

PrecompileModule /Users/runner/Library/Developer/Xcode/DerivedData/countdown-commbukpdznukvarcianfztjiqgm/Build/Intermediates.noindex/ArchiveIntermediates/countdown/IntermediateBuildFilesPath/ExplicitPrecompiledModules/OpenGLES-DZVBCCHTFBI562F02VNDTTI8E.scan
    cd /Users/runner/work/CountdownW/CountdownW/Pods
    builtin-precompileModule /Users/runner/Library/Developer/Xcode/DerivedData/countdown-commbukpdznukvarcianfztjiqgm/Build/Intermediates.noindex/ArchiveIntermediates/countdown/IntermediateBuildFilesPath/ExplicitPrecompiledModules/OpenGLES-DZVBCCHTFBI562F02VNDTTI8E.scan

PrecompileModule /Users/runner/Library/Developer/Xcode/DerivedData/countdown-commbukpdznukvarcianfztjiqgm/Build/Intermediates.noindex/ArchiveIntermediates/countdown/IntermediateBuildFilesPath/ExplicitPrecompiledModules/OpenGLES-56SAMET6325YPSEXZ4PQ3HOXQ.scan
    cd /Users/runner/work/CountdownW/CountdownW/Pods
    builtin-precompileModule /Users/runner/Library/Developer/Xcode/DerivedData/countdown-commbukpdznukvarcianfztjiqgm/Build/Intermediates.noindex/ArchiveIntermediates/countdown/IntermediateBuildFilesPath/ExplicitPrecompiledModules/OpenGLES-56SAMET6325YPSEXZ4PQ3HOXQ.scan

PrecompileModule /Users/runner/Library/Developer/Xcode/DerivedData/countdown-commbukpdznukvarcianfztjiqgm/Build/Intermediates.noindex/ArchiveIntermediates/countdown/IntermediateBuildFilesPath/ExplicitPrecompiledModules/CoreVideo-7PBNVPWWIB1L7R5B9YICWWY7Z.scan
    cd /Users/runner/work/CountdownW/CountdownW/Pods
    builtin-precompileModule /Users/runner/Library/Developer/Xcode/DerivedData/countdown-commbukpdznukvarcianfztjiqgm/Build/Intermediates.noindex/ArchiveIntermediates/countdown/IntermediateBuildFilesPath/ExplicitPrecompiledModules/CoreVideo-7PBNVPWWIB1L7R5B9YICWWY7Z.scan

PrecompileModule /Users/runner/Library/Developer/Xcode/DerivedData/countdown-commbukpdznukvarcianfztjiqgm/Build/Intermediates.noindex/ArchiveIntermediates/countdown/IntermediateBuildFilesPath/ExplicitPrecompiledModules/CoreVideo-8MUTU7RS2V9RR3PF3E3RS7L2Y.scan
    cd /Users/runner/work/CountdownW/CountdownW/Pods
    builtin-precompileModule /Users/runner/Library/Developer/Xcode/DerivedData/countdown-commbukpdznukvarcianfztjiqgm/Build/Intermediates.noindex/ArchiveIntermediates/countdown/IntermediateBuildFilesPath/ExplicitPrecompiledModules/CoreVideo-8MUTU7RS2V9RR3PF3E3RS7L2Y.scan

PrecompileModule /Users/runner/Library/Developer/Xcode/DerivedData/countdown-commbukpdznukvarcianfztjiqgm/Build/Intermediates.noindex/ArchiveIntermediates/countdown/IntermediateBuildFilesPath/ExplicitPrecompiledModules/CoreImage-4ODLMSURGLJ6Z3XWXFTZCFECC.scan
    cd /Users/runner/work/CountdownW/CountdownW/Pods
    builtin-precompileModule /Users/runner/Library/Developer/Xcode/DerivedData/countdown-commbukpdznukvarcianfztjiqgm/Build/Intermediates.noindex/ArchiveIntermediates/countdown/IntermediateBuildFilesPath/ExplicitPrecompiledModules/CoreImage-4ODLMSURGLJ6Z3XWXFTZCFECC.scan

PrecompileModule /Users/runner/Library/Developer/Xcode/DerivedData/countdown-commbukpdznukvarcianfztjiqgm/Build/Intermediates.noindex/ArchiveIntermediates/countdown/IntermediateBuildFilesPath/ExplicitPrecompiledModules/QuartzCore-8FURS5117JUR10J73DFLB3BK3.scan
    cd /Users/runner/work/CountdownW/CountdownW/Pods
    builtin-precompileModule /Users/runner/Library/Developer/Xcode/DerivedData/countdown-commbukpdznukvarcianfztjiqgm/Build/Intermediates.noindex/ArchiveIntermediates/countdown/IntermediateBuildFilesPath/ExplicitPrecompiledModules/QuartzCore-8FURS5117JUR10J73DFLB3BK3.scan

PrecompileModule /Users/runner/Library/Developer/Xcode/DerivedData/countdown-commbukpdznukvarcianfztjiqgm/Build/Intermediates.noindex/ArchiveIntermediates/countdown/IntermediateBuildFilesPath/ExplicitPrecompiledModules/QuartzCore-DMQX50GW8L2WFFGTZ52ZV02TB.scan
    cd /Users/runner/work/CountdownW/CountdownW/Pods
    builtin-precompileModule /Users/runner/Library/Developer/Xcode/DerivedData/countdown-commbukpdznukvarcianfztjiqgm/Build/Intermediates.noindex/ArchiveIntermediates/countdown/IntermediateBuildFilesPath/ExplicitPrecompiledModules/QuartzCore-DMQX50GW8L2WFFGTZ52ZV02TB.scan

PrecompileModule /Users/runner/Library/Developer/Xcode/DerivedData/countdown-commbukpdznukvarcianfztjiqgm/Build/Intermediates.noindex/ArchiveIntermediates/countdown/IntermediateBuildFilesPath/ExplicitPrecompiledModules/CoreImage-1EY6MP3K86SRFUZ806PZK5X74.scan
    cd /Users/runner/work/CountdownW/CountdownW/Pods
    builtin-precompileModule /Users/runner/Library/Developer/Xcode/DerivedData/countdown-commbukpdznukvarcianfztjiqgm/Build/Intermediates.noindex/ArchiveIntermediates/countdown/IntermediateBuildFilesPath/ExplicitPrecompiledModules/CoreImage-1EY6MP3K86SRFUZ806PZK5X74.scan

PrecompileModule /Users/runner/Library/Developer/Xcode/DerivedData/countdown-commbukpdznukvarcianfztjiqgm/Build/Intermediates.noindex/ArchiveIntermediates/countdown/IntermediateBuildFilesPath/ExplicitPrecompiledModules/UIKit-B1SP66KD58M6ST3YPSJEM169L.scan
    cd /Users/runner/work/CountdownW/CountdownW/Pods
    builtin-precompileModule /Users/runner/Library/Developer/Xcode/DerivedData/countdown-commbukpdznukvarcianfztjiqgm/Build/Intermediates.noindex/ArchiveIntermediates/countdown/IntermediateBuildFilesPath/ExplicitPrecompiledModules/UIKit-B1SP66KD58M6ST3YPSJEM169L.scan

GenerateTAPI /Users/runner/Library/Developer/Xcode/DerivedData/countdown-commbukpdznukvarcianfztjiqgm/Build/Intermediates.noindex/ArchiveIntermediates/countdown/IntermediateBuildFilesPath/EagerLinkingTBDs/Release-iphoneos/SVProgressHUD.framework/SVProgressHUD.tbd (in target 'SVProgressHUD' from project 'Pods')
    cd /Users/runner/work/CountdownW/CountdownW/Pods
    /Applications/Xcode_16.4.app/Contents/Developer/Toolchains/XcodeDefault.xctoolchain/usr/bin/tapi stubify -isysroot /Applications/Xcode_16.4.app/Contents/Developer/Platforms/iPhoneOS.platform/Developer/SDKs/iPhoneOS18.5.sdk -F/Users/runner/Library/Developer/Xcode/DerivedData/countdown-commbukpdznukvarcianfztjiqgm/Build/Intermediates.noindex/ArchiveIntermediates/countdown/BuildProductsPath/Release-iphoneos/SVProgressHUD -L/Users/runner/Library/Developer/Xcode/DerivedData/countdown-commbukpdznukvarcianfztjiqgm/Build/Intermediates.noindex/ArchiveIntermediates/countdown/BuildProductsPath/Release-iphoneos/SVProgressHUD /Users/runner/Library/Developer/Xcode/DerivedData/countdown-commbukpdznukvarcianfztjiqgm/Build/Intermediates.noindex/ArchiveIntermediates/countdown/IntermediateBuildFilesPath/UninstalledProducts/iphoneos/SVProgressHUD.framework/SVProgressHUD -o /Users/runner/Library/Developer/Xcode/DerivedData/countdown-commbukpdznukvarcianfztjiqgm/Build/Intermediates.noindex/ArchiveIntermediates/countdown/IntermediateBuildFilesPath/EagerLinkingTBDs/Release-iphoneos/SVProgressHUD.framework/SVProgressHUD.tbd

PrecompileModule /Users/runner/Library/Developer/Xcode/DerivedData/countdown-commbukpdznukvarcianfztjiqgm/Build/Intermediates.noindex/ArchiveIntermediates/countdown/IntermediateBuildFilesPath/ExplicitPrecompiledModules/UIKit-ANYLHQHU90EKNKPG46YD3H912.scan
    cd /Users/runner/work/CountdownW/CountdownW/Pods
    builtin-precompileModule /Users/runner/Library/Developer/Xcode/DerivedData/countdown-commbukpdznukvarcianfztjiqgm/Build/Intermediates.noindex/ArchiveIntermediates/countdown/IntermediateBuildFilesPath/ExplicitPrecompiledModules/UIKit-ANYLHQHU90EKNKPG46YD3H912.scan

CompileC /Users/runner/Library/Developer/Xcode/DerivedData/countdown-commbukpdznukvarcianfztjiqgm/Build/Intermediates.noindex/ArchiveIntermediates/countdown/IntermediateBuildFilesPath/Pods.build/Release-iphoneos/ApplePurchaseKit.build/Objects-normal/arm64/ApplePurchaseKit-dummy.o /Users/runner/work/CountdownW/CountdownW/Pods/Target\ Support\ Files/ApplePurchaseKit/ApplePurchaseKit-dummy.m normal arm64 objective-c com.apple.compilers.llvm.clang.1_0.compiler (in target 'ApplePurchaseKit' from project 'Pods')
    cd /Users/runner/work/CountdownW/CountdownW/Pods
    
    Using response file: /Users/runner/Library/Developer/Xcode/DerivedData/countdown-commbukpdznukvarcianfztjiqgm/Build/Intermediates.noindex/ArchiveIntermediates/countdown/IntermediateBuildFilesPath/Pods.build/Release-iphoneos/ApplePurchaseKit.build/Objects-normal/arm64/e6072d4f65d7061329687fe24e3d63a7-common-args.resp
    
    /Applications/Xcode_16.4.app/Contents/Developer/Toolchains/XcodeDefault.xctoolchain/usr/bin/clang -x objective-c -ivfsstatcache /Users/runner/Library/Developer/Xcode/DerivedData/SDKStatCaches.noindex/iphoneos18.5-22F76-a529daf784b3616c7c04a36aeb7f5c05.sdkstatcache -fmessage-length\=0 -fdiagnostics-show-note-include-stack -fmacro-backtrace-limit\=0 -fno-color-diagnostics -fmodules-prune-interval\=86400 -fmodules-prune-after\=345600 -fbuild-session-file\=/Users/runner/Library/Developer/Xcode/DerivedData/ModuleCache.noindex/Session.modulevalidation -fmodules-validate-once-per-build-session -Wnon-modular-include-in-framework-module -Werror\=non-modular-include-in-framework-module -Wno-trigraphs -Wno-missing-field-initializers -Wno-missing-prototypes -Werror\=return-type -Wdocumentation -Wunreachable-code -Wno-implicit-atomic-properties -Werror\=deprecated-objc-isa-usage -Wno-objc-interface-ivars -Werror\=objc-root-class -Wno-arc-repeated-use-of-weak -Wimplicit-retain-self -Wduplicate-method-match -Wno-missing-braces -Wparentheses -Wswitch -Wunused-function -Wno-unused-label -Wno-unused-parameter -Wunused-variable -Wunused-value -Wempty-body -Wuninitialized -Wconditional-uninitialized -Wno-unknown-pragmas -Wno-shadow -Wno-four-char-constants -Wno-conversion -Wconstant-conversion -Wint-conversion -Wbool-conversion -Wenum-conversion -Wno-float-conversion -Wnon-literal-null-conversion -Wobjc-literal-conversion -Wshorten-64-to-32 -Wpointer-sign -Wno-newline-eof -Wno-selector -Wno-strict-selector-match -Wundeclared-selector -Wdeprecated-implementations -Wno-implicit-fallthrough -fstrict-aliasing -Wprotocol -Wdeprecated-declarations -Wno-sign-conversion -Winfinite-recursion -Wcomma -Wblock-capture-autoreleasing -Wstrict-prototypes -Wno-semicolon-before-method-body -Wunguarded-availability @/Users/runner/Library/Developer/Xcode/DerivedData/countdown-commbukpdznukvarcianfztjiqgm/Build/Intermediates.noindex/ArchiveIntermediates/countdown/IntermediateBuildFilesPath/Pods.build/Release-iphoneos/ApplePurchaseKit.build/Objects-normal/arm64/e6072d4f65d7061329687fe24e3d63a7-common-args.resp -include /Users/runner/work/CountdownW/CountdownW/Pods/Target\ Support\ Files/ApplePurchaseKit/ApplePurchaseKit-prefix.pch -MMD -MT dependencies -MF /Users/runner/Library/Developer/Xcode/DerivedData/countdown-commbukpdznukvarcianfztjiqgm/Build/Intermediates.noindex/ArchiveIntermediates/countdown/IntermediateBuildFilesPath/Pods.build/Release-iphoneos/ApplePurchaseKit.build/Objects-normal/arm64/ApplePurchaseKit-dummy.d --serialize-diagnostics /Users/runner/Library/Developer/Xcode/DerivedData/countdown-commbukpdznukvarcianfztjiqgm/Build/Intermediates.noindex/ArchiveIntermediates/countdown/IntermediateBuildFilesPath/Pods.build/Release-iphoneos/ApplePurchaseKit.build/Objects-normal/arm64/ApplePurchaseKit-dummy.dia -c /Users/runner/work/CountdownW/CountdownW/Pods/Target\ Support\ Files/ApplePurchaseKit/ApplePurchaseKit-dummy.m -o /Users/runner/Library/Developer/Xcode/DerivedData/countdown-commbukpdznukvarcianfztjiqgm/Build/Intermediates.noindex/ArchiveIntermediates/countdown/IntermediateBuildFilesPath/Pods.build/Release-iphoneos/ApplePurchaseKit.build/Objects-normal/arm64/ApplePurchaseKit-dummy.o

CompileC /Users/runner/Library/Developer/Xcode/DerivedData/countdown-commbukpdznukvarcianfztjiqgm/Build/Intermediates.noindex/ArchiveIntermediates/countdown/IntermediateBuildFilesPath/Pods.build/Release-iphoneos/KeychainAccess.build/Objects-normal/arm64/KeychainAccess-dummy.o /Users/runner/work/CountdownW/CountdownW/Pods/Target\ Support\ Files/KeychainAccess/KeychainAccess-dummy.m normal arm64 objective-c com.apple.compilers.llvm.clang.1_0.compiler (in target 'KeychainAccess' from project 'Pods')
    cd /Users/runner/work/CountdownW/CountdownW/Pods
    
    Using response file: /Users/runner/Library/Developer/Xcode/DerivedData/countdown-commbukpdznukvarcianfztjiqgm/Build/Intermediates.noindex/ArchiveIntermediates/countdown/IntermediateBuildFilesPath/Pods.build/Release-iphoneos/KeychainAccess.build/Objects-normal/arm64/e6072d4f65d7061329687fe24e3d63a7-common-args.resp
    
    /Applications/Xcode_16.4.app/Contents/Developer/Toolchains/XcodeDefault.xctoolchain/usr/bin/clang -x objective-c -ivfsstatcache /Users/runner/Library/Developer/Xcode/DerivedData/SDKStatCaches.noindex/iphoneos18.5-22F76-a529daf784b3616c7c04a36aeb7f5c05.sdkstatcache -fmessage-length\=0 -fdiagnostics-show-note-include-stack -fmacro-backtrace-limit\=0 -fno-color-diagnostics -fmodules-prune-interval\=86400 -fmodules-prune-after\=345600 -fbuild-session-file\=/Users/runner/Library/Developer/Xcode/DerivedData/ModuleCache.noindex/Session.modulevalidation -fmodules-validate-once-per-build-session -Wnon-modular-include-in-framework-module -Werror\=non-modular-include-in-framework-module -Wno-trigraphs -Wno-missing-field-initializers -Wno-missing-prototypes -Werror\=return-type -Wdocumentation -Wunreachable-code -Wno-implicit-atomic-properties -Werror\=deprecated-objc-isa-usage -Wno-objc-interface-ivars -Werror\=objc-root-class -Wno-arc-repeated-use-of-weak -Wimplicit-retain-self -Wduplicate-method-match -Wno-missing-braces -Wparentheses -Wswitch -Wunused-function -Wno-unused-label -Wno-unused-parameter -Wunused-variable -Wunused-value -Wempty-body -Wuninitialized -Wconditional-uninitialized -Wno-unknown-pragmas -Wno-shadow -Wno-four-char-constants -Wno-conversion -Wconstant-conversion -Wint-conversion -Wbool-conversion -Wenum-conversion -Wno-float-conversion -Wnon-literal-null-conversion -Wobjc-literal-conversion -Wshorten-64-to-32 -Wpointer-sign -Wno-newline-eof -Wno-selector -Wno-strict-selector-match -Wundeclared-selector -Wdeprecated-implementations -Wno-implicit-fallthrough -fstrict-aliasing -Wprotocol -Wdeprecated-declarations -Wno-sign-conversion -Winfinite-recursion -Wcomma -Wblock-capture-autoreleasing -Wstrict-prototypes -Wno-semicolon-before-method-body -Wunguarded-availability @/Users/runner/Library/Developer/Xcode/DerivedData/countdown-commbukpdznukvarcianfztjiqgm/Build/Intermediates.noindex/ArchiveIntermediates/countdown/IntermediateBuildFilesPath/Pods.build/Release-iphoneos/KeychainAccess.build/Objects-normal/arm64/e6072d4f65d7061329687fe24e3d63a7-common-args.resp -include /Users/runner/work/CountdownW/CountdownW/Pods/Target\ Support\ Files/KeychainAccess/KeychainAccess-prefix.pch -MMD -MT dependencies -MF /Users/runner/Library/Developer/Xcode/DerivedData/countdown-commbukpdznukvarcianfztjiqgm/Build/Intermediates.noindex/ArchiveIntermediates/countdown/IntermediateBuildFilesPath/Pods.build/Release-iphoneos/KeychainAccess.build/Objects-normal/arm64/KeychainAccess-dummy.d --serialize-diagnostics /Users/runner/Library/Developer/Xcode/DerivedData/countdown-commbukpdznukvarcianfztjiqgm/Build/Intermediates.noindex/ArchiveIntermediates/countdown/IntermediateBuildFilesPath/Pods.build/Release-iphoneos/KeychainAccess.build/Objects-normal/arm64/KeychainAccess-dummy.dia -c /Users/runner/work/CountdownW/CountdownW/Pods/Target\ Support\ Files/KeychainAccess/KeychainAccess-dummy.m -o /Users/runner/Library/Developer/Xcode/DerivedData/countdown-commbukpdznukvarcianfztjiqgm/Build/Intermediates.noindex/ArchiveIntermediates/countdown/IntermediateBuildFilesPath/Pods.build/Release-iphoneos/KeychainAccess.build/Objects-normal/arm64/KeychainAccess-dummy.o

Libtool /Users/runner/Library/Developer/Xcode/DerivedData/countdown-commbukpdznukvarcianfztjiqgm/Build/Intermediates.noindex/ArchiveIntermediates/countdown/IntermediateBuildFilesPath/UninstalledProducts/iphoneos/ApplePurchaseKit.framework/ApplePurchaseKit normal (in target 'ApplePurchaseKit' from project 'Pods')
    cd /Users/runner/work/CountdownW/CountdownW/Pods
    /Applications/Xcode_16.4.app/Contents/Developer/Toolchains/XcodeDefault.xctoolchain/usr/bin/libtool -static -arch_only arm64 -D -syslibroot /Applications/Xcode_16.4.app/Contents/Developer/Platforms/iPhoneOS.platform/Developer/SDKs/iPhoneOS18.5.sdk -L/Users/runner/Library/Developer/Xcode/DerivedData/countdown-commbukpdznukvarcianfztjiqgm/Build/Intermediates.noindex/ArchiveIntermediates/countdown/BuildProductsPath/Release-iphoneos/ApplePurchaseKit -filelist /Users/runner/Library/Developer/Xcode/DerivedData/countdown-commbukpdznukvarcianfztjiqgm/Build/Intermediates.noindex/ArchiveIntermediates/countdown/IntermediateBuildFilesPath/Pods.build/Release-iphoneos/ApplePurchaseKit.build/Objects-normal/arm64/ApplePurchaseKit.LinkFileList -framework Foundation -dependency_info /Users/runner/Library/Developer/Xcode/DerivedData/countdown-commbukpdznukvarcianfztjiqgm/Build/Intermediates.noindex/ArchiveIntermediates/countdown/IntermediateBuildFilesPath/Pods.build/Release-iphoneos/ApplePurchaseKit.build/Objects-normal/arm64/ApplePurchaseKit_libtool_dependency_info.dat -o /Users/runner/Library/Developer/Xcode/DerivedData/countdown-commbukpdznukvarcianfztjiqgm/Build/Intermediates.noindex/ArchiveIntermediates/countdown/IntermediateBuildFilesPath/UninstalledProducts/iphoneos/ApplePurchaseKit.framework/ApplePurchaseKit

Ld /Users/runner/Library/Developer/Xcode/DerivedData/countdown-commbukpdznukvarcianfztjiqgm/Build/Intermediates.noindex/ArchiveIntermediates/countdown/IntermediateBuildFilesPath/UninstalledProducts/iphoneos/KeychainAccess.framework/KeychainAccess normal (in target 'KeychainAccess' from project 'Pods')
    cd /Users/runner/work/CountdownW/CountdownW/Pods
    /Applications/Xcode_16.4.app/Contents/Developer/Toolchains/XcodeDefault.xctoolchain/usr/bin/clang -Xlinker -reproducible -target arm64-apple-ios9.0 -dynamiclib -isysroot /Applications/Xcode_16.4.app/Contents/Developer/Platforms/iPhoneOS.platform/Developer/SDKs/iPhoneOS18.5.sdk -Os -L/Users/runner/Library/Developer/Xcode/DerivedData/countdown-commbukpdznukvarcianfztjiqgm/Build/Intermediates.noindex/ArchiveIntermediates/countdown/IntermediateBuildFilesPath/EagerLinkingTBDs/Release-iphoneos -L/Users/runner/Library/Developer/Xcode/DerivedData/countdown-commbukpdznukvarcianfztjiqgm/Build/Intermediates.noindex/ArchiveIntermediates/countdown/BuildProductsPath/Release-iphoneos/KeychainAccess -L/Applications/Xcode_16.4.app/Contents/Developer/Toolchains/XcodeDefault.xctoolchain/usr/lib/swift/iphoneos -L/Applications/Xcode_16.4.app/Contents/Developer/Platforms/iPhoneOS.platform/Developer/SDKs/iPhoneOS18.5.sdk/usr/lib/swift -F/Users/runner/Library/Developer/Xcode/DerivedData/countdown-commbukpdznukvarcianfztjiqgm/Build/Intermediates.noindex/ArchiveIntermediates/countdown/IntermediateBuildFilesPath/EagerLinkingTBDs/Release-iphoneos -F/Users/runner/Library/Developer/Xcode/DerivedData/countdown-commbukpdznukvarcianfztjiqgm/Build/Intermediates.noindex/ArchiveIntermediates/countdown/BuildProductsPath/Release-iphoneos/KeychainAccess -filelist /Users/runner/Library/Developer/Xcode/DerivedData/countdown-commbukpdznukvarcianfztjiqgm/Build/Intermediates.noindex/ArchiveIntermediates/countdown/IntermediateBuildFilesPath/Pods.build/Release-iphoneos/KeychainAccess.build/Objects-normal/arm64/KeychainAccess.LinkFileList -install_name @rpath/KeychainAccess.framework/KeychainAccess -Xlinker -rpath -Xlinker /usr/lib/swift -Xlinker -rpath -Xlinker @executable_path/Frameworks -Xlinker -rpath -Xlinker @loader_path/Frameworks -dead_strip -Xlinker -object_path_lto -Xlinker /Users/runner/Library/Developer/Xcode/DerivedData/countdown-commbukpdznukvarcianfztjiqgm/Build/Intermediates.noindex/ArchiveIntermediates/countdown/IntermediateBuildFilesPath/Pods.build/Release-iphoneos/KeychainAccess.build/Objects-normal/arm64/KeychainAccess_lto.o -Xlinker -dependency_info -Xlinker /Users/runner/Library/Developer/Xcode/DerivedData/countdown-commbukpdznukvarcianfztjiqgm/Build/Intermediates.noindex/ArchiveIntermediates/countdown/IntermediateBuildFilesPath/Pods.build/Release-iphoneos/KeychainAccess.build/Objects-normal/arm64/KeychainAccess_dependency_info.dat -fobjc-arc -fobjc-link-runtime -L/Applications/Xcode_16.4.app/Contents/Developer/Toolchains/XcodeDefault.xctoolchain/usr/lib/swift/iphoneos -L/usr/lib/swift -Xlinker -add_ast_path -Xlinker /Users/runner/Library/Developer/Xcode/DerivedData/countdown-commbukpdznukvarcianfztjiqgm/Build/Intermediates.noindex/ArchiveIntermediates/countdown/IntermediateBuildFilesPath/Pods.build/Release-iphoneos/KeychainAccess.build/Objects-normal/arm64/KeychainAccess.swiftmodule -framework Foundation -compatibility_version 1 -current_version 1 -o /Users/runner/Library/Developer/Xcode/DerivedData/countdown-commbukpdznukvarcianfztjiqgm/Build/Intermediates.noindex/ArchiveIntermediates/countdown/IntermediateBuildFilesPath/UninstalledProducts/iphoneos/KeychainAccess.framework/KeychainAccess

SetOwnerAndGroup runner:staff /Users/runner/Library/Developer/Xcode/DerivedData/countdown-commbukpdznukvarcianfztjiqgm/Build/Intermediates.noindex/ArchiveIntermediates/countdown/IntermediateBuildFilesPath/UninstalledProducts/iphoneos/SVProgressHUD.framework (in target 'SVProgressHUD' from project 'Pods')
    cd /Users/runner/work/CountdownW/CountdownW/Pods
    /usr/sbin/chown -RH runner:staff /Users/runner/Library/Developer/Xcode/DerivedData/countdown-commbukpdznukvarcianfztjiqgm/Build/Intermediates.noindex/ArchiveIntermediates/countdown/IntermediateBuildFilesPath/UninstalledProducts/iphoneos/SVProgressHUD.framework

SetMode u+w,go-w,a+rX /Users/runner/Library/Developer/Xcode/DerivedData/countdown-commbukpdznukvarcianfztjiqgm/Build/Intermediates.noindex/ArchiveIntermediates/countdown/IntermediateBuildFilesPath/UninstalledProducts/iphoneos/SVProgressHUD.framework (in target 'SVProgressHUD' from project 'Pods')
    cd /Users/runner/work/CountdownW/CountdownW/Pods
    /bin/chmod -RH u+w,go-w,a+rX /Users/runner/Library/Developer/Xcode/DerivedData/countdown-commbukpdznukvarcianfztjiqgm/Build/Intermediates.noindex/ArchiveIntermediates/countdown/IntermediateBuildFilesPath/UninstalledProducts/iphoneos/SVProgressHUD.framework

ExtractAppIntentsMetadata (in target 'ApplePurchaseKit' from project 'Pods')
    cd /Users/runner/work/CountdownW/CountdownW/Pods
    /Applications/Xcode_16.4.app/Contents/Developer/Toolchains/XcodeDefault.xctoolchain/usr/bin/appintentsmetadataprocessor --toolchain-dir /Applications/Xcode_16.4.app/Contents/Developer/Toolchains/XcodeDefault.xctoolchain --module-name ApplePurchaseKit --sdk-root /Applications/Xcode_16.4.app/Contents/Developer/Platforms/iPhoneOS.platform/Developer/SDKs/iPhoneOS18.5.sdk --xcode-version 16F6 --platform-family iOS --deployment-target 15.0 --bundle-identifier org.cocoapods.ApplePurchaseKit --output /Users/runner/Library/Developer/Xcode/DerivedData/countdown-commbukpdznukvarcianfztjiqgm/Build/Intermediates.noindex/ArchiveIntermediates/countdown/IntermediateBuildFilesPath/UninstalledProducts/iphoneos/ApplePurchaseKit.appintents --target-triple arm64-apple-ios15.0 --binary-file /Users/runner/Library/Developer/Xcode/DerivedData/countdown-commbukpdznukvarcianfztjiqgm/Build/Intermediates.noindex/ArchiveIntermediates/countdown/IntermediateBuildFilesPath/UninstalledProducts/iphoneos/ApplePurchaseKit.framework/ApplePurchaseKit --dependency-file /Users/runner/Library/Developer/Xcode/DerivedData/countdown-commbukpdznukvarcianfztjiqgm/Build/Intermediates.noindex/ArchiveIntermediates/countdown/IntermediateBuildFilesPath/Pods.build/Release-iphoneos/ApplePurchaseKit.build/Objects-normal/arm64/ApplePurchaseKit_libtool_dependency_info.dat --stringsdata-file /Users/runner/Library/Developer/Xcode/DerivedData/countdown-commbukpdznukvarcianfztjiqgm/Build/Intermediates.noindex/ArchiveIntermediates/countdown/IntermediateBuildFilesPath/Pods.build/Release-iphoneos/ApplePurchaseKit.build/Objects-normal/arm64/ExtractedAppShortcutsMetadata.stringsdata --source-file-list /Users/runner/Library/Developer/Xcode/DerivedData/countdown-commbukpdznukvarcianfztjiqgm/Build/Intermediates.noindex/ArchiveIntermediates/countdown/IntermediateBuildFilesPath/Pods.build/Release-iphoneos/ApplePurchaseKit.build/Objects-normal/arm64/ApplePurchaseKit.SwiftFileList --metadata-file-list /Users/runner/Library/Developer/Xcode/DerivedData/countdown-commbukpdznukvarcianfztjiqgm/Build/Intermediates.noindex/ArchiveIntermediates/countdown/IntermediateBuildFilesPath/Pods.build/Release-iphoneos/ApplePurchaseKit.build/ApplePurchaseKit.DependencyMetadataFileList --static-metadata-file-list /Users/runner/Library/Developer/Xcode/DerivedData/countdown-commbukpdznukvarcianfztjiqgm/Build/Intermediates.noindex/ArchiveIntermediates/countdown/IntermediateBuildFilesPath/Pods.build/Release-iphoneos/ApplePurchaseKit.build/ApplePurchaseKit.DependencyStaticMetadataFileList --swift-const-vals-list /Users/runner/Library/Developer/Xcode/DerivedData/countdown-commbukpdznukvarcianfztjiqgm/Build/Intermediates.noindex/ArchiveIntermediates/countdown/IntermediateBuildFilesPath/Pods.build/Release-iphoneos/ApplePurchaseKit.build/Objects-normal/arm64/ApplePurchaseKit.SwiftConstValuesFileList --force --compile-time-extraction --deployment-aware-processing --validate-assistant-intents --no-app-shortcuts-localization
2026-04-07 06:47:17.444 appintentsmetadataprocessor[4069:15508] Starting appintentsmetadataprocessor export
2026-04-07 06:47:17.581 appintentsmetadataprocessor[4069:15508] Extracted no relevant App Intents symbols, skipping writing output

GenerateDSYMFile /Users/runner/Library/Developer/Xcode/DerivedData/countdown-commbukpdznukvarcianfztjiqgm/Build/Intermediates.noindex/ArchiveIntermediates/countdown/BuildProductsPath/Release-iphoneos/KeychainAccess/KeychainAccess.framework.dSYM /Users/runner/Library/Developer/Xcode/DerivedData/countdown-commbukpdznukvarcianfztjiqgm/Build/Intermediates.noindex/ArchiveIntermediates/countdown/IntermediateBuildFilesPath/UninstalledProducts/iphoneos/KeychainAccess.framework/KeychainAccess (in target 'KeychainAccess' from project 'Pods')
    cd /Users/runner/work/CountdownW/CountdownW/Pods
    /Applications/Xcode_16.4.app/Contents/Developer/Toolchains/XcodeDefault.xctoolchain/usr/bin/dsymutil /Users/runner/Library/Developer/Xcode/DerivedData/countdown-commbukpdznukvarcianfztjiqgm/Build/Intermediates.noindex/ArchiveIntermediates/countdown/IntermediateBuildFilesPath/UninstalledProducts/iphoneos/KeychainAccess.framework/KeychainAccess -o /Users/runner/Library/Developer/Xcode/DerivedData/countdown-commbukpdznukvarcianfztjiqgm/Build/Intermediates.noindex/ArchiveIntermediates/countdown/BuildProductsPath/Release-iphoneos/KeychainAccess/KeychainAccess.framework.dSYM

ExtractAppIntentsMetadata (in target 'KeychainAccess' from project 'Pods')
    cd /Users/runner/work/CountdownW/CountdownW/Pods
    /Applications/Xcode_16.4.app/Contents/Developer/Toolchains/XcodeDefault.xctoolchain/usr/bin/appintentsmetadataprocessor --toolchain-dir /Applications/Xcode_16.4.app/Contents/Developer/Toolchains/XcodeDefault.xctoolchain --module-name KeychainAccess --sdk-root /Applications/Xcode_16.4.app/Contents/Developer/Platforms/iPhoneOS.platform/Developer/SDKs/iPhoneOS18.5.sdk --xcode-version 16F6 --platform-family iOS --deployment-target 9.0 --bundle-identifier org.cocoapods.KeychainAccess --output /Users/runner/Library/Developer/Xcode/DerivedData/countdown-commbukpdznukvarcianfztjiqgm/Build/Intermediates.noindex/ArchiveIntermediates/countdown/IntermediateBuildFilesPath/UninstalledProducts/iphoneos/KeychainAccess.framework --target-triple arm64-apple-ios9.0 --binary-file /Users/runner/Library/Developer/Xcode/DerivedData/countdown-commbukpdznukvarcianfztjiqgm/Build/Intermediates.noindex/ArchiveIntermediates/countdown/IntermediateBuildFilesPath/UninstalledProducts/iphoneos/KeychainAccess.framework/KeychainAccess --dependency-file /Users/runner/Library/Developer/Xcode/DerivedData/countdown-commbukpdznukvarcianfztjiqgm/Build/Intermediates.noindex/ArchiveIntermediates/countdown/IntermediateBuildFilesPath/Pods.build/Release-iphoneos/KeychainAccess.build/Objects-normal/arm64/KeychainAccess_dependency_info.dat --stringsdata-file /Users/runner/Library/Developer/Xcode/DerivedData/countdown-commbukpdznukvarcianfztjiqgm/Build/Intermediates.noindex/ArchiveIntermediates/countdown/IntermediateBuildFilesPath/Pods.build/Release-iphoneos/KeychainAccess.build/Objects-normal/arm64/ExtractedAppShortcutsMetadata.stringsdata --source-file-list /Users/runner/Library/Developer/Xcode/DerivedData/countdown-commbukpdznukvarcianfztjiqgm/Build/Intermediates.noindex/ArchiveIntermediates/countdown/IntermediateBuildFilesPath/Pods.build/Release-iphoneos/KeychainAccess.build/Objects-normal/arm64/KeychainAccess.SwiftFileList --metadata-file-list /Users/runner/Library/Developer/Xcode/DerivedData/countdown-commbukpdznukvarcianfztjiqgm/Build/Intermediates.noindex/ArchiveIntermediates/countdown/IntermediateBuildFilesPath/Pods.build/Release-iphoneos/KeychainAccess.build/KeychainAccess.DependencyMetadataFileList --static-metadata-file-list /Users/runner/Library/Developer/Xcode/DerivedData/countdown-commbukpdznukvarcianfztjiqgm/Build/Intermediates.noindex/ArchiveIntermediates/countdown/IntermediateBuildFilesPath/Pods.build/Release-iphoneos/KeychainAccess.build/KeychainAccess.DependencyStaticMetadataFileList --swift-const-vals-list /Users/runner/Library/Developer/Xcode/DerivedData/countdown-commbukpdznukvarcianfztjiqgm/Build/Intermediates.noindex/ArchiveIntermediates/countdown/IntermediateBuildFilesPath/Pods.build/Release-iphoneos/KeychainAccess.build/Objects-normal/arm64/KeychainAccess.SwiftConstValuesFileList --compile-time-extraction --deployment-aware-processing --validate-assistant-intents --no-app-shortcuts-localization
2026-04-07 06:47:17.491 appintentsmetadataprocessor[4074:15523] Starting appintentsmetadataprocessor export
2026-04-07 06:47:17.493 appintentsmetadataprocessor[4074:15523] warning: Metadata extraction skipped. No AppIntents.framework dependency found.

RegisterExecutionPolicyException /Users/runner/Library/Developer/Xcode/DerivedData/countdown-commbukpdznukvarcianfztjiqgm/Build/Intermediates.noindex/ArchiveIntermediates/countdown/IntermediateBuildFilesPath/UninstalledProducts/iphoneos/SVProgressHUD.framework (in target 'SVProgressHUD' from project 'Pods')
    cd /Users/runner/work/CountdownW/CountdownW/Pods
    builtin-RegisterExecutionPolicyException /Users/runner/Library/Developer/Xcode/DerivedData/countdown-commbukpdznukvarcianfztjiqgm/Build/Intermediates.noindex/ArchiveIntermediates/countdown/IntermediateBuildFilesPath/UninstalledProducts/iphoneos/SVProgressHUD.framework

AppIntentsSSUTraining (in target 'KeychainAccess' from project 'Pods')
    cd /Users/runner/work/CountdownW/CountdownW/Pods
    /Applications/Xcode_16.4.app/Contents/Developer/Toolchains/XcodeDefault.xctoolchain/usr/bin/appintentsnltrainingprocessor --infoplist-path /Users/runner/Library/Developer/Xcode/DerivedData/countdown-commbukpdznukvarcianfztjiqgm/Build/Intermediates.noindex/ArchiveIntermediates/countdown/IntermediateBuildFilesPath/UninstalledProducts/iphoneos/KeychainAccess.framework/Info.plist --temp-dir-path /Users/runner/Library/Developer/Xcode/DerivedData/countdown-commbukpdznukvarcianfztjiqgm/Build/Intermediates.noindex/ArchiveIntermediates/countdown/IntermediateBuildFilesPath/Pods.build/Release-iphoneos/KeychainAccess.build/ssu --bundle-id org.cocoapods.KeychainAccess --product-path /Users/runner/Library/Developer/Xcode/DerivedData/countdown-commbukpdznukvarcianfztjiqgm/Build/Intermediates.noindex/ArchiveIntermediates/countdown/IntermediateBuildFilesPath/UninstalledProducts/iphoneos/KeychainAccess.framework --extracted-metadata-path /Users/runner/Library/Developer/Xcode/DerivedData/countdown-commbukpdznukvarcianfztjiqgm/Build/Intermediates.noindex/ArchiveIntermediates/countdown/IntermediateBuildFilesPath/UninstalledProducts/iphoneos/KeychainAccess.framework/Metadata.appintents --deployment-postprocessing --metadata-file-list /Users/runner/Library/Developer/Xcode/DerivedData/countdown-commbukpdznukvarcianfztjiqgm/Build/Intermediates.noindex/ArchiveIntermediates/countdown/IntermediateBuildFilesPath/Pods.build/Release-iphoneos/KeychainAccess.build/KeychainAccess.DependencyMetadataFileList --archive-ssu-assets
2026-04-07 06:47:17.553 appintentsnltrainingprocessor[4075:15526] Parsing options for appintentsnltrainingprocessor
2026-04-07 06:47:17.555 appintentsnltrainingprocessor[4075:15526] No AppShortcuts found - Skipping.

Touch /Users/runner/Library/Developer/Xcode/DerivedData/countdown-commbukpdznukvarcianfztjiqgm/Build/Intermediates.noindex/ArchiveIntermediates/countdown/IntermediateBuildFilesPath/UninstalledProducts/iphoneos/SVProgressHUD.framework (in target 'SVProgressHUD' from project 'Pods')
    cd /Users/runner/work/CountdownW/CountdownW/Pods
    /usr/bin/touch -c /Users/runner/Library/Developer/Xcode/DerivedData/countdown-commbukpdznukvarcianfztjiqgm/Build/Intermediates.noindex/ArchiveIntermediates/countdown/IntermediateBuildFilesPath/UninstalledProducts/iphoneos/SVProgressHUD.framework

GenerateTAPI /Users/runner/Library/Developer/Xcode/DerivedData/countdown-commbukpdznukvarcianfztjiqgm/Build/Intermediates.noindex/ArchiveIntermediates/countdown/IntermediateBuildFilesPath/EagerLinkingTBDs/Release-iphoneos/KeychainAccess.framework/KeychainAccess.tbd (in target 'KeychainAccess' from project 'Pods')
    cd /Users/runner/work/CountdownW/CountdownW/Pods
    /Applications/Xcode_16.4.app/Contents/Developer/Toolchains/XcodeDefault.xctoolchain/usr/bin/tapi stubify -isysroot /Applications/Xcode_16.4.app/Contents/Developer/Platforms/iPhoneOS.platform/Developer/SDKs/iPhoneOS18.5.sdk -F/Users/runner/Library/Developer/Xcode/DerivedData/countdown-commbukpdznukvarcianfztjiqgm/Build/Intermediates.noindex/ArchiveIntermediates/countdown/BuildProductsPath/Release-iphoneos/KeychainAccess -L/Users/runner/Library/Developer/Xcode/DerivedData/countdown-commbukpdznukvarcianfztjiqgm/Build/Intermediates.noindex/ArchiveIntermediates/countdown/BuildProductsPath/Release-iphoneos/KeychainAccess -L/Applications/Xcode_16.4.app/Contents/Developer/Toolchains/XcodeDefault.xctoolchain/usr/lib/swift/iphoneos -L/Applications/Xcode_16.4.app/Contents/Developer/Platforms/iPhoneOS.platform/Developer/SDKs/iPhoneOS18.5.sdk/usr/lib/swift /Users/runner/Library/Developer/Xcode/DerivedData/countdown-commbukpdznukvarcianfztjiqgm/Build/Intermediates.noindex/ArchiveIntermediates/countdown/IntermediateBuildFilesPath/UninstalledProducts/iphoneos/KeychainAccess.framework/KeychainAccess -o /Users/runner/Library/Developer/Xcode/DerivedData/countdown-commbukpdznukvarcianfztjiqgm/Build/Intermediates.noindex/ArchiveIntermediates/countdown/IntermediateBuildFilesPath/EagerLinkingTBDs/Release-iphoneos/KeychainAccess.framework/KeychainAccess.tbd

SetOwnerAndGroup runner:staff /Users/runner/Library/Developer/Xcode/DerivedData/countdown-commbukpdznukvarcianfztjiqgm/Build/Intermediates.noindex/ArchiveIntermediates/countdown/IntermediateBuildFilesPath/UninstalledProducts/iphoneos/KeychainAccess.framework (in target 'KeychainAccess' from project 'Pods')
    cd /Users/runner/work/CountdownW/CountdownW/Pods
    /usr/sbin/chown -RH runner:staff /Users/runner/Library/Developer/Xcode/DerivedData/countdown-commbukpdznukvarcianfztjiqgm/Build/Intermediates.noindex/ArchiveIntermediates/countdown/IntermediateBuildFilesPath/UninstalledProducts/iphoneos/KeychainAccess.framework

SetOwnerAndGroup runner:staff /Users/runner/Library/Developer/Xcode/DerivedData/countdown-commbukpdznukvarcianfztjiqgm/Build/Intermediates.noindex/ArchiveIntermediates/countdown/IntermediateBuildFilesPath/UninstalledProducts/iphoneos/ApplePurchaseKit.framework (in target 'ApplePurchaseKit' from project 'Pods')
    cd /Users/runner/work/CountdownW/CountdownW/Pods
    /usr/sbin/chown -RH runner:staff /Users/runner/Library/Developer/Xcode/DerivedData/countdown-commbukpdznukvarcianfztjiqgm/Build/Intermediates.noindex/ArchiveIntermediates/countdown/IntermediateBuildFilesPath/UninstalledProducts/iphoneos/ApplePurchaseKit.framework

SetMode u+w,go-w,a+rX /Users/runner/Library/Developer/Xcode/DerivedData/countdown-commbukpdznukvarcianfztjiqgm/Build/Intermediates.noindex/ArchiveIntermediates/countdown/IntermediateBuildFilesPath/UninstalledProducts/iphoneos/KeychainAccess.framework (in target 'KeychainAccess' from project 'Pods')
    cd /Users/runner/work/CountdownW/CountdownW/Pods
    /bin/chmod -RH u+w,go-w,a+rX /Users/runner/Library/Developer/Xcode/DerivedData/countdown-commbukpdznukvarcianfztjiqgm/Build/Intermediates.noindex/ArchiveIntermediates/countdown/IntermediateBuildFilesPath/UninstalledProducts/iphoneos/KeychainAccess.framework

SetMode u+w,go-w,a+rX /Users/runner/Library/Developer/Xcode/DerivedData/countdown-commbukpdznukvarcianfztjiqgm/Build/Intermediates.noindex/ArchiveIntermediates/countdown/IntermediateBuildFilesPath/UninstalledProducts/iphoneos/ApplePurchaseKit.framework (in target 'ApplePurchaseKit' from project 'Pods')
    cd /Users/runner/work/CountdownW/CountdownW/Pods
    /bin/chmod -RH u+w,go-w,a+rX /Users/runner/Library/Developer/Xcode/DerivedData/countdown-commbukpdznukvarcianfztjiqgm/Build/Intermediates.noindex/ArchiveIntermediates/countdown/IntermediateBuildFilesPath/UninstalledProducts/iphoneos/ApplePurchaseKit.framework

RegisterExecutionPolicyException /Users/runner/Library/Developer/Xcode/DerivedData/countdown-commbukpdznukvarcianfztjiqgm/Build/Intermediates.noindex/ArchiveIntermediates/countdown/IntermediateBuildFilesPath/UninstalledProducts/iphoneos/KeychainAccess.framework (in target 'KeychainAccess' from project 'Pods')
    cd /Users/runner/work/CountdownW/CountdownW/Pods
    builtin-RegisterExecutionPolicyException /Users/runner/Library/Developer/Xcode/DerivedData/countdown-commbukpdznukvarcianfztjiqgm/Build/Intermediates.noindex/ArchiveIntermediates/countdown/IntermediateBuildFilesPath/UninstalledProducts/iphoneos/KeychainAccess.framework

Touch /Users/runner/Library/Developer/Xcode/DerivedData/countdown-commbukpdznukvarcianfztjiqgm/Build/Intermediates.noindex/ArchiveIntermediates/countdown/IntermediateBuildFilesPath/UninstalledProducts/iphoneos/KeychainAccess.framework (in target 'KeychainAccess' from project 'Pods')
    cd /Users/runner/work/CountdownW/CountdownW/Pods
    /usr/bin/touch -c /Users/runner/Library/Developer/Xcode/DerivedData/countdown-commbukpdznukvarcianfztjiqgm/Build/Intermediates.noindex/ArchiveIntermediates/countdown/IntermediateBuildFilesPath/UninstalledProducts/iphoneos/KeychainAccess.framework

RegisterExecutionPolicyException /Users/runner/Library/Developer/Xcode/DerivedData/countdown-commbukpdznukvarcianfztjiqgm/Build/Intermediates.noindex/ArchiveIntermediates/countdown/IntermediateBuildFilesPath/UninstalledProducts/iphoneos/ApplePurchaseKit.framework (in target 'ApplePurchaseKit' from project 'Pods')
    cd /Users/runner/work/CountdownW/CountdownW/Pods
    builtin-RegisterExecutionPolicyException /Users/runner/Library/Developer/Xcode/DerivedData/countdown-commbukpdznukvarcianfztjiqgm/Build/Intermediates.noindex/ArchiveIntermediates/countdown/IntermediateBuildFilesPath/UninstalledProducts/iphoneos/ApplePurchaseKit.framework

Touch /Users/runner/Library/Developer/Xcode/DerivedData/countdown-commbukpdznukvarcianfztjiqgm/Build/Intermediates.noindex/ArchiveIntermediates/countdown/IntermediateBuildFilesPath/UninstalledProducts/iphoneos/ApplePurchaseKit.framework (in target 'ApplePurchaseKit' from project 'Pods')
    cd /Users/runner/work/CountdownW/CountdownW/Pods
    /usr/bin/touch -c /Users/runner/Library/Developer/Xcode/DerivedData/countdown-commbukpdznukvarcianfztjiqgm/Build/Intermediates.noindex/ArchiveIntermediates/countdown/IntermediateBuildFilesPath/UninstalledProducts/iphoneos/ApplePurchaseKit.framework

SwiftDriverJobDiscovery normal arm64 Compiling AnimatedButton.swift, AnimatedControl.swift, AnimatedProviding.swift, AnimatedSwitch.swift, AnimationCacheProvider.swift, AnimationContext.swift, AnimationFontProvider.swift, AnimationImageProvider.swift, AnimationKeypath.swift, AnimationKeypathExtension.swift, AnimationLayer.swift, AnimationSubview.swift, AnimationTextProvider.swift, AnimationTime.swift, AnimatorNode.swift, AnimatorNodeDebugging.swift, AnyEpoxyModelProperty.swift, AnyEquatable.swift, AnyNodeProperty.swift, AnyValueContainer.swift, AnyValueProvider.swift, Archive.swift, Archive+BackingConfiguration.swift, Archive+Helpers.swift, Archive+MemoryFile.swift, Archive+Progress.swift, Archive+Reading.swift, Archive+ReadingDeprecated.swift, Archive+Writing.swift, Archive+WritingDeprecated.swift, Archive+ZIP64.swift, Asset.swift, AssetLibrary.swift, BaseAnimationLayer.swift, BaseCompositionLayer.swift, BehaviorsConfigurableView.swift, BezierPath.swift, BezierPathRoundExtension.swift, Binding+Map.swift, BlendMode+Filter.swift, Bundle.swift, BundleImageProvider.swift, CAAnimation+TimingConfiguration.swift, CachedImageProvider.swift, CALayer+addAnimation.swift, CALayer+fillBounds.swift, CALayer+setupLayerHierarchy.swift, CallbackContextEpoxyModeled.swift, CGColor+RGB.swift, CGFloatExtensions.swift, CGPointExtension.swift, ClassReference.swift, Collection+Diff.swift, ColorEffectValue.swift, ColorExtension.swift, ColorValueProvider.swift, CombinedShapeAnimation.swift, CompatibilityTracker.swift, CompatibleAnimationKeypath.swift, CompatibleAnimationView.swift, CompositionLayer.swift, CompositionLayersInitializer.swift, CompoundBezierPath.swift, ContentConfigurableView.swift, CoreAnimationLayer.swift, CoreTextRenderLayer.swift, CurveVertex.swift, CustomPathAnimation.swift, DashPattern.swift, Data+Compression.swift, Data+CompressionDeprecated.swift, Data+Serialization.swift, DataExtension.swift, DataIDProviding.swift, DecodingStrategy.swift, DefaultAnimationCache.swift, DictionaryInitializable.swift, DidDisplayProviding.swift, DidEndDisplayingProviding.swift, DidSelectProviding.swift, Diffable.swift, DiffableSection.swift, DotLottieAnimation.swift, DotLottieCache.swift, DotLottieCacheProvider.swift, DotLottieConfiguration.swift, DotLottieFile.swift, DotLottieFileHelpers.swift, DotLottieImageProvider.swift, DotLottieManifest.swift, DotLottieUtils.swift, DropShadowAnimation.swift, DropShadowEffect.swift, DropShadowNode.swift, DropShadowStyle.swift, EffectValue.swift, Ellipse.swift, EllipseAnimation.swift, EllipseNode.swift, Entry.swift, Entry+Serialization.swift, Entry+ZIP64.swift, EpoxyableView.swift, EpoxyableView+SwiftUIView.swift, EpoxyLogger.swift, EpoxyModelArrayBuilder.swift, EpoxyModeled.swift, EpoxyModelProperty.swift, EpoxyModelStorage.swift, EpoxySwiftUIIntrinsicContentSizeInvalidator.swift, EpoxySwiftUILayoutMargins.swift, ErasedContentProviding.swift, FileManager+ZIP.swift, FilepathImageProvider.swift, Fill.swift, FillNode.swift, FillRenderer.swift, FloatValueProvider.swift, Font.swift, Glyph.swift, GradientAnimations.swift, GradientFill.swift, GradientFillNode.swift, GradientFillRenderer.swift, GradientRenderLayer.swift, GradientStroke.swift, GradientStrokeNode.swift, GradientStrokeRenderer.swift, GradientValueProvider.swift, Group.swift, GroupInterpolator.swift, GroupNode.swift, GroupOutputNode.swift, ImageAsset.swift, ImageCompositionLayer.swift, ImageLayer.swift, ImageLayerModel.swift, IndexChangeset.swift, InfiniteOpaqueAnimationLayer.swift, Interpolatable.swift, InterpolatableExtensions.swift, InvertedMatteLayer.swift, ItemsExtension.swift, KeyedDecodingContainerExtensions.swift, Keyframe.swift, KeyframeData.swift, KeyframeExtensions.swift, KeyframeGroup.swift, KeyframeGroup+exactlyOneKeyframe.swift, KeyframeInterpolator.swift, Keyframes+combined.swift, Keyframes+timeRemapping.swift, KeypathSearchable.swift, LayerDebugging.swift, LayerEffect.swift, LayerEffectNode.swift, LayerFontProvider.swift, LayerImageProvider.swift, LayerModel.swift, LayerModel+makeAnimationLayer.swift, LayerProperty.swift, LayerStyle.swift, LayerTextProvider.swift, LayerTransformNode.swift, LegacyGradientFillRenderer.swift, LottieAnimation.swift, LottieAnimationCache.swift, LottieAnimationHelpers.swift, LottieAnimationLayer.swift, LottieAnimationSource.swift, LottieAnimationView.swift, LottieAnimationViewBase.swift, LottieAnimationViewInitializers.swift, LottieButton.swift, LottieColor.swift, LottieConfiguration.swift, LottieLogger.swift, LottiePlaybackMode.swift, LottieSwitch.swift, LottieURLSession.swift, LottieView.swift, LottieViewType.swift, LRUAnimationCache.swift, LRUCache.swift, MainThreadAnimationLayer.swift, MakeViewProviding.swift, Marker.swift, Mask.swift, MaskCompositionLayer.swift, MaskContainerLayer.swift, MathKit.swift, MeasuringViewRepresentable.swift, Merge.swift, NodeProperty.swift, NodePropertyMap.swift, NullCompositionLayer.swift, OpacityAnimation.swift, PassThroughOutputNode.swift, PathElement.swift, PathNode.swift, PathOutputNode.swift, PointValueProvider.swift, PolygonNode.swift, PrecompAsset.swift, PreCompLayer.swift, PreCompLayerModel.swift, PreCompositionLayer.swift, Rectangle.swift, RectangleAnimation.swift, RectNode.swift, ReducedMotionOption.swift, RenderingEngineOption.swift, RenderNode.swift, Repeater.swift, RepeaterLayer.swift, RootAnimationLayer.swift, RoundedCorners.swift, RoundedCornersNode.swift, SectionedChangeset.swift, SetBehaviorsProviding.swift, SetContentProviding.swift, Shape.swift, ShapeAnimation.swift, ShapeCompositionLayer.swift, ShapeContainerLayer.swift, ShapeItem.swift, ShapeItemLayer.swift, ShapeLayer.swift, ShapeLayerModel.swift, ShapeNode.swift, ShapeRenderLayer.swift, ShapeTransform.swift, SingleValueProvider.swift, SizeValueProvider.swift, SolidCompositionLayer.swift, SolidLayer.swift, SolidLayerModel.swift, Star.swift, StarAnimation.swift, StarNode.swift, StringExtensions.swift, Stroke.swift, StrokeAnimation.swift, StrokeNode.swift, StrokeRenderer.swift, StyledView.swift, StyleIDProviding.swift, SwiftUIMeasurementContainer.swift, SwiftUIView.swift, TestHelpers.swift, TextAnimator.swift, TextAnimatorNode.swift, TextCompositionLayer.swift, TextDocument.swift, TextLayer.swift, TextLayerModel.swift, TraitCollectionProviding.swift, Transform.swift, TransformAnimations.swift, TransformLayer.swift, Trim.swift, TrimPathNode.swift, UIColorExtension.swift, UIView+SwiftUIView.swift, UIViewConfiguringSwiftUIView.swift, UnitBezier.swift, URL+ZIP.swift, ValueContainer.swift, ValueProviderStore.swift, Vector1DEffectValue.swift, Vectors.swift, VectorsExtensions.swift, View+ValueChanged.swift, ViewDifferentiatorProviding.swift, ViewEpoxyModeled.swift, ViewProviding.swift, ViewType.swift, VisibilityAnimation.swift, WillDisplayProviding.swift (in target 'lottie-ios' from project 'Pods')

SwiftDriver\ Compilation\ Requirements lottie-ios normal arm64 com.apple.xcode.tools.swift.compiler (in target 'lottie-ios' from project 'Pods')
    cd /Users/runner/work/CountdownW/CountdownW/Pods
    builtin-Swift-Compilation-Requirements -- /Applications/Xcode_16.4.app/Contents/Developer/Toolchains/XcodeDefault.xctoolchain/usr/bin/swiftc -module-name Lottie -O -whole-module-optimization -enforce-exclusivity\=checked @/Users/runner/Library/Developer/Xcode/DerivedData/countdown-commbukpdznukvarcianfztjiqgm/Build/Intermediates.noindex/ArchiveIntermediates/countdown/IntermediateBuildFilesPath/Pods.build/Release-iphoneos/lottie-ios.build/Objects-normal/arm64/Lottie.SwiftFileList -D COCOAPODS -suppress-warnings -enable-bare-slash-regex -enable-experimental-feature DebugDescriptionMacro -sdk /Applications/Xcode_16.4.app/Contents/Developer/Platforms/iPhoneOS.platform/Developer/SDKs/iPhoneOS18.5.sdk -target arm64-apple-ios13.0 -g -module-cache-path /Users/runner/Library/Developer/Xcode/DerivedData/ModuleCache.noindex -Xfrontend -serialize-debugging-options -swift-version 5 -I /Users/runner/Library/Developer/Xcode/DerivedData/countdown-commbukpdznukvarcianfztjiqgm/Build/Intermediates.noindex/ArchiveIntermediates/countdown/BuildProductsPath/Release-iphoneos/lottie-ios -F /Users/runner/Library/Developer/Xcode/DerivedData/countdown-commbukpdznukvarcianfztjiqgm/Build/Intermediates.noindex/ArchiveIntermediates/countdown/BuildProductsPath/Release-iphoneos/lottie-ios -c -num-threads 3 -Xcc -ivfsstatcache -Xcc /Users/runner/Library/Developer/Xcode/DerivedData/SDKStatCaches.noindex/iphoneos18.5-22F76-a529daf784b3616c7c04a36aeb7f5c05.sdkstatcache -output-file-map /Users/runner/Library/Developer/Xcode/DerivedData/countdown-commbukpdznukvarcianfztjiqgm/Build/Intermediates.noindex/ArchiveIntermediates/countdown/IntermediateBuildFilesPath/Pods.build/Release-iphoneos/lottie-ios.build/Objects-normal/arm64/lottie-ios-OutputFileMap.json -use-frontend-parseable-output -save-temps -no-color-diagnostics -serialize-diagnostics -emit-dependencies -emit-module -emit-module-path /Users/runner/Library/Developer/Xcode/DerivedData/countdown-commbukpdznukvarcianfztjiqgm/Build/Intermediates.noindex/ArchiveIntermediates/countdown/IntermediateBuildFilesPath/Pods.build/Release-iphoneos/lottie-ios.build/Objects-normal/arm64/Lottie.swiftmodule -validate-clang-modules-once -clang-build-session-file /Users/runner/Library/Developer/Xcode/DerivedData/ModuleCache.noindex/Session.modulevalidation -Xcc -I/Users/runner/Library/Developer/Xcode/DerivedData/countdown-commbukpdznukvarcianfztjiqgm/Build/Intermediates.noindex/ArchiveIntermediates/countdown/IntermediateBuildFilesPath/Pods.build/Release-iphoneos/lottie-ios.build/swift-overrides.hmap -emit-const-values -Xfrontend -const-gather-protocols-file -Xfrontend /Users/runner/Library/Developer/Xcode/DerivedData/countdown-commbukpdznukvarcianfztjiqgm/Build/Intermediates.noindex/ArchiveIntermediates/countdown/IntermediateBuildFilesPath/Pods.build/Release-iphoneos/lottie-ios.build/Objects-normal/arm64/lottie-ios_const_extract_protocols.json -Xcc -iquote -Xcc /Users/runner/Library/Developer/Xcode/DerivedData/countdown-commbukpdznukvarcianfztjiqgm/Build/Intermediates.noindex/ArchiveIntermediates/countdown/IntermediateBuildFilesPath/Pods.build/Release-iphoneos/lottie-ios.build/Lottie-generated-files.hmap -Xcc -I/Users/runner/Library/Developer/Xcode/DerivedData/countdown-commbukpdznukvarcianfztjiqgm/Build/Intermediates.noindex/ArchiveIntermediates/countdown/IntermediateBuildFilesPath/Pods.build/Release-iphoneos/lottie-ios.build/Lottie-own-target-headers.hmap -Xcc -I/Users/runner/Library/Developer/Xcode/DerivedData/countdown-commbukpdznukvarcianfztjiqgm/Build/Intermediates.noindex/ArchiveIntermediates/countdown/IntermediateBuildFilesPath/Pods.build/Release-iphoneos/lottie-ios.build/Lottie-all-non-framework-target-headers.hmap -Xcc -ivfsoverlay -Xcc /Users/runner/Library/Developer/Xcode/DerivedData/countdown-commbukpdznukvarcianfztjiqgm/Build/Intermediates.noindex/ArchiveIntermediates/countdown/IntermediateBuildFilesPath/Pods.build/Release-iphoneos/Pods-8699adb1dd336b26511df848a716bd42-VFS-iphoneos/all-product-headers.yaml -Xcc -iquote -Xcc /Users/runner/Library/Developer/Xcode/DerivedData/countdown-commbukpdznukvarcianfztjiqgm/Build/Intermediates.noindex/ArchiveIntermediates/countdown/IntermediateBuildFilesPath/Pods.build/Release-iphoneos/lottie-ios.build/Lottie-project-headers.hmap -Xcc -I/Users/runner/Library/Developer/Xcode/DerivedData/countdown-commbukpdznukvarcianfztjiqgm/Build/Intermediates.noindex/ArchiveIntermediates/countdown/BuildProductsPath/Release-iphoneos/lottie-ios/include -Xcc -I/Users/runner/Library/Developer/Xcode/DerivedData/countdown-commbukpdznukvarcianfztjiqgm/Build/Intermediates.noindex/ArchiveIntermediates/countdown/IntermediateBuildFilesPath/Pods.build/Release-iphoneos/lottie-ios.build/DerivedSources-normal/arm64 -Xcc -I/Users/runner/Library/Developer/Xcode/DerivedData/countdown-commbukpdznukvarcianfztjiqgm/Build/Intermediates.noindex/ArchiveIntermediates/countdown/IntermediateBuildFilesPath/Pods.build/Release-iphoneos/lottie-ios.build/DerivedSources/arm64 -Xcc -I/Users/runner/Library/Developer/Xcode/DerivedData/countdown-commbukpdznukvarcianfztjiqgm/Build/Intermediates.noindex/ArchiveIntermediates/countdown/IntermediateBuildFilesPath/Pods.build/Release-iphoneos/lottie-ios.build/DerivedSources -Xcc -DPOD_CONFIGURATION_RELEASE\=1 -Xcc -DCOCOAPODS\=1 -emit-objc-header -emit-objc-header-path /Users/runner/Library/Developer/Xcode/DerivedData/countdown-commbukpdznukvarcianfztjiqgm/Build/Intermediates.noindex/ArchiveIntermediates/countdown/IntermediateBuildFilesPath/Pods.build/Release-iphoneos/lottie-ios.build/Objects-normal/arm64/Lottie-Swift.h -import-underlying-module -Xcc -ivfsoverlay -Xcc /Users/runner/Library/Developer/Xcode/DerivedData/countdown-commbukpdznukvarcianfztjiqgm/Build/Intermediates.noindex/ArchiveIntermediates/countdown/IntermediateBuildFilesPath/Pods.build/Release-iphoneos/lottie-ios.build/unextended-module-overlay.yaml -working-directory /Users/runner/work/CountdownW/CountdownW/Pods -no-emit-module-separately-wmo

SwiftMergeGeneratedHeaders /Users/runner/Library/Developer/Xcode/DerivedData/countdown-commbukpdznukvarcianfztjiqgm/Build/Intermediates.noindex/ArchiveIntermediates/countdown/IntermediateBuildFilesPath/UninstalledProducts/iphoneos/Lottie.framework/Headers/Lottie-Swift.h /Users/runner/Library/Developer/Xcode/DerivedData/countdown-commbukpdznukvarcianfztjiqgm/Build/Intermediates.noindex/ArchiveIntermediates/countdown/IntermediateBuildFilesPath/Pods.build/Release-iphoneos/lottie-ios.build/Objects-normal/arm64/Lottie-Swift.h (in target 'lottie-ios' from project 'Pods')
    cd /Users/runner/work/CountdownW/CountdownW/Pods
    builtin-swiftHeaderTool -arch arm64 /Users/runner/Library/Developer/Xcode/DerivedData/countdown-commbukpdznukvarcianfztjiqgm/Build/Intermediates.noindex/ArchiveIntermediates/countdown/IntermediateBuildFilesPath/Pods.build/Release-iphoneos/lottie-ios.build/Objects-normal/arm64/Lottie-Swift.h -o /Users/runner/Library/Developer/Xcode/DerivedData/countdown-commbukpdznukvarcianfztjiqgm/Build/Intermediates.noindex/ArchiveIntermediates/countdown/IntermediateBuildFilesPath/UninstalledProducts/iphoneos/Lottie.framework/Headers/Lottie-Swift.h

Copy /Users/runner/Library/Developer/Xcode/DerivedData/countdown-commbukpdznukvarcianfztjiqgm/Build/Intermediates.noindex/ArchiveIntermediates/countdown/IntermediateBuildFilesPath/UninstalledProducts/iphoneos/Lottie.framework/Modules/Lottie.swiftmodule/arm64-apple-ios.swiftmodule /Users/runner/Library/Developer/Xcode/DerivedData/countdown-commbukpdznukvarcianfztjiqgm/Build/Intermediates.noindex/ArchiveIntermediates/countdown/IntermediateBuildFilesPath/Pods.build/Release-iphoneos/lottie-ios.build/Objects-normal/arm64/Lottie.swiftmodule (in target 'lottie-ios' from project 'Pods')
    cd /Users/runner/work/CountdownW/CountdownW/Pods
    builtin-copy -exclude .DS_Store -exclude CVS -exclude .svn -exclude .git -exclude .hg -resolve-src-symlinks -rename /Users/runner/Library/Developer/Xcode/DerivedData/countdown-commbukpdznukvarcianfztjiqgm/Build/Intermediates.noindex/ArchiveIntermediates/countdown/IntermediateBuildFilesPath/Pods.build/Release-iphoneos/lottie-ios.build/Objects-normal/arm64/Lottie.swiftmodule /Users/runner/Library/Developer/Xcode/DerivedData/countdown-commbukpdznukvarcianfztjiqgm/Build/Intermediates.noindex/ArchiveIntermediates/countdown/IntermediateBuildFilesPath/UninstalledProducts/iphoneos/Lottie.framework/Modules/Lottie.swiftmodule/arm64-apple-ios.swiftmodule

Copy /Users/runner/Library/Developer/Xcode/DerivedData/countdown-commbukpdznukvarcianfztjiqgm/Build/Intermediates.noindex/ArchiveIntermediates/countdown/IntermediateBuildFilesPath/UninstalledProducts/iphoneos/Lottie.framework/Modules/Lottie.swiftmodule/arm64-apple-ios.swiftdoc /Users/runner/Library/Developer/Xcode/DerivedData/countdown-commbukpdznukvarcianfztjiqgm/Build/Intermediates.noindex/ArchiveIntermediates/countdown/IntermediateBuildFilesPath/Pods.build/Release-iphoneos/lottie-ios.build/Objects-normal/arm64/Lottie.swiftdoc (in target 'lottie-ios' from project 'Pods')
    cd /Users/runner/work/CountdownW/CountdownW/Pods
    builtin-copy -exclude .DS_Store -exclude CVS -exclude .svn -exclude .git -exclude .hg -resolve-src-symlinks -rename /Users/runner/Library/Developer/Xcode/DerivedData/countdown-commbukpdznukvarcianfztjiqgm/Build/Intermediates.noindex/ArchiveIntermediates/countdown/IntermediateBuildFilesPath/Pods.build/Release-iphoneos/lottie-ios.build/Objects-normal/arm64/Lottie.swiftdoc /Users/runner/Library/Developer/Xcode/DerivedData/countdown-commbukpdznukvarcianfztjiqgm/Build/Intermediates.noindex/ArchiveIntermediates/countdown/IntermediateBuildFilesPath/UninstalledProducts/iphoneos/Lottie.framework/Modules/Lottie.swiftmodule/arm64-apple-ios.swiftdoc

Copy /Users/runner/Library/Developer/Xcode/DerivedData/countdown-commbukpdznukvarcianfztjiqgm/Build/Intermediates.noindex/ArchiveIntermediates/countdown/IntermediateBuildFilesPath/UninstalledProducts/iphoneos/Lottie.framework/Modules/Lottie.swiftmodule/arm64-apple-ios.abi.json /Users/runner/Library/Developer/Xcode/DerivedData/countdown-commbukpdznukvarcianfztjiqgm/Build/Intermediates.noindex/ArchiveIntermediates/countdown/IntermediateBuildFilesPath/Pods.build/Release-iphoneos/lottie-ios.build/Objects-normal/arm64/Lottie.abi.json (in target 'lottie-ios' from project 'Pods')
    cd /Users/runner/work/CountdownW/CountdownW/Pods
    builtin-copy -exclude .DS_Store -exclude CVS -exclude .svn -exclude .git -exclude .hg -resolve-src-symlinks -rename /Users/runner/Library/Developer/Xcode/DerivedData/countdown-commbukpdznukvarcianfztjiqgm/Build/Intermediates.noindex/ArchiveIntermediates/countdown/IntermediateBuildFilesPath/Pods.build/Release-iphoneos/lottie-ios.build/Objects-normal/arm64/Lottie.abi.json /Users/runner/Library/Developer/Xcode/DerivedData/countdown-commbukpdznukvarcianfztjiqgm/Build/Intermediates.noindex/ArchiveIntermediates/countdown/IntermediateBuildFilesPath/UninstalledProducts/iphoneos/Lottie.framework/Modules/Lottie.swiftmodule/arm64-apple-ios.abi.json

ScanDependencies /Users/runner/Library/Developer/Xcode/DerivedData/countdown-commbukpdznukvarcianfztjiqgm/Build/Intermediates.noindex/ArchiveIntermediates/countdown/IntermediateBuildFilesPath/Pods.build/Release-iphoneos/lottie-ios.build/Objects-normal/arm64/lottie-ios-dummy.o /Users/runner/work/CountdownW/CountdownW/Pods/Target\ Support\ Files/lottie-ios/lottie-ios-dummy.m normal arm64 objective-c com.apple.compilers.llvm.clang.1_0.compiler (in target 'lottie-ios' from project 'Pods')
    cd /Users/runner/work/CountdownW/CountdownW/Pods
    
    Using response file: /Users/runner/Library/Developer/Xcode/DerivedData/countdown-commbukpdznukvarcianfztjiqgm/Build/Intermediates.noindex/ArchiveIntermediates/countdown/IntermediateBuildFilesPath/Pods.build/Release-iphoneos/lottie-ios.build/Objects-normal/arm64/e6072d4f65d7061329687fe24e3d63a7-common-args.resp
    
    builtin-ScanDependencies -o /Users/runner/Library/Developer/Xcode/DerivedData/countdown-commbukpdznukvarcianfztjiqgm/Build/Intermediates.noindex/ArchiveIntermediates/countdown/IntermediateBuildFilesPath/Pods.build/Release-iphoneos/lottie-ios.build/Objects-normal/arm64/lottie-ios-dummy.o.scan -- /Applications/Xcode_16.4.app/Contents/Developer/Toolchains/XcodeDefault.xctoolchain/usr/bin/clang -x objective-c -ivfsstatcache /Users/runner/Library/Developer/Xcode/DerivedData/SDKStatCaches.noindex/iphoneos18.5-22F76-a529daf784b3616c7c04a36aeb7f5c05.sdkstatcache -fmessage-length\=0 -fdiagnostics-show-note-include-stack -fmacro-backtrace-limit\=0 -fno-color-diagnostics -fmodules-prune-interval\=86400 -fmodules-prune-after\=345600 -fbuild-session-file\=/Users/runner/Library/Developer/Xcode/DerivedData/ModuleCache.noindex/Session.modulevalidation -fmodules-validate-once-per-build-session -Wnon-modular-include-in-framework-module -Werror\=non-modular-include-in-framework-module -Wno-trigraphs -Wno-missing-field-initializers -Wno-missing-prototypes -Werror\=return-type -Wdocumentation -Wunreachable-code -Wno-implicit-atomic-properties -Werror\=deprecated-objc-isa-usage -Wno-objc-interface-ivars -Werror\=objc-root-class -Wno-arc-repeated-use-of-weak -Wimplicit-retain-self -Wduplicate-method-match -Wno-missing-braces -Wparentheses -Wswitch -Wunused-function -Wno-unused-label -Wno-unused-parameter -Wunused-variable -Wunused-value -Wempty-body -Wuninitialized -Wconditional-uninitialized -Wno-unknown-pragmas -Wno-shadow -Wno-four-char-constants -Wno-conversion -Wconstant-conversion -Wint-conversion -Wbool-conversion -Wenum-conversion -Wno-float-conversion -Wnon-literal-null-conversion -Wobjc-literal-conversion -Wshorten-64-to-32 -Wpointer-sign -Wno-newline-eof -Wno-selector -Wno-strict-selector-match -Wundeclared-selector -Wdeprecated-implementations -Wno-implicit-fallthrough -fstrict-aliasing -Wprotocol -Wdeprecated-declarations -Wno-sign-conversion -Winfinite-recursion -Wcomma -Wblock-capture-autoreleasing -Wstrict-prototypes -Wno-semicolon-before-method-body -Wunguarded-availability @/Users/runner/Library/Developer/Xcode/DerivedData/countdown-commbukpdznukvarcianfztjiqgm/Build/Intermediates.noindex/ArchiveIntermediates/countdown/IntermediateBuildFilesPath/Pods.build/Release-iphoneos/lottie-ios.build/Objects-normal/arm64/e6072d4f65d7061329687fe24e3d63a7-common-args.resp -include /Users/runner/work/CountdownW/CountdownW/Pods/Target\ Support\ Files/lottie-ios/lottie-ios-prefix.pch -MMD -MT dependencies -MF /Users/runner/Library/Developer/Xcode/DerivedData/countdown-commbukpdznukvarcianfztjiqgm/Build/Intermediates.noindex/ArchiveIntermediates/countdown/IntermediateBuildFilesPath/Pods.build/Release-iphoneos/lottie-ios.build/Objects-normal/arm64/lottie-ios-dummy.d --serialize-diagnostics /Users/runner/Library/Developer/Xcode/DerivedData/countdown-commbukpdznukvarcianfztjiqgm/Build/Intermediates.noindex/ArchiveIntermediates/countdown/IntermediateBuildFilesPath/Pods.build/Release-iphoneos/lottie-ios.build/Objects-normal/arm64/lottie-ios-dummy.dia -c /Users/runner/work/CountdownW/CountdownW/Pods/Target\ Support\ Files/lottie-ios/lottie-ios-dummy.m -o /Users/runner/Library/Developer/Xcode/DerivedData/countdown-commbukpdznukvarcianfztjiqgm/Build/Intermediates.noindex/ArchiveIntermediates/countdown/IntermediateBuildFilesPath/Pods.build/Release-iphoneos/lottie-ios.build/Objects-normal/arm64/lottie-ios-dummy.o

ScanDependencies /Users/runner/Library/Developer/Xcode/DerivedData/countdown-commbukpdznukvarcianfztjiqgm/Build/Intermediates.noindex/ArchiveIntermediates/countdown/IntermediateBuildFilesPath/Pods.build/Release-iphoneos/lottie-ios.build/Objects-normal/arm64/Lottie_vers.o /Users/runner/Library/Developer/Xcode/DerivedData/countdown-commbukpdznukvarcianfztjiqgm/Build/Intermediates.noindex/ArchiveIntermediates/countdown/IntermediateBuildFilesPath/Pods.build/Release-iphoneos/lottie-ios.build/DerivedSources/Lottie_vers.c normal arm64 c com.apple.compilers.llvm.clang.1_0.compiler (in target 'lottie-ios' from project 'Pods')
    cd /Users/runner/work/CountdownW/CountdownW/Pods
    
    Using response file: /Users/runner/Library/Developer/Xcode/DerivedData/countdown-commbukpdznukvarcianfztjiqgm/Build/Intermediates.noindex/ArchiveIntermediates/countdown/IntermediateBuildFilesPath/Pods.build/Release-iphoneos/lottie-ios.build/Objects-normal/arm64/7187679823f38a2a940e0043cdf9d637-common-args.resp
    
    builtin-ScanDependencies -o /Users/runner/Library/Developer/Xcode/DerivedData/countdown-commbukpdznukvarcianfztjiqgm/Build/Intermediates.noindex/ArchiveIntermediates/countdown/IntermediateBuildFilesPath/Pods.build/Release-iphoneos/lottie-ios.build/Objects-normal/arm64/Lottie_vers.o.scan -- /Applications/Xcode_16.4.app/Contents/Developer/Toolchains/XcodeDefault.xctoolchain/usr/bin/clang -x c -ivfsstatcache /Users/runner/Library/Developer/Xcode/DerivedData/SDKStatCaches.noindex/iphoneos18.5-22F76-a529daf784b3616c7c04a36aeb7f5c05.sdkstatcache -fmessage-length\=0 -fdiagnostics-show-note-include-stack -fmacro-backtrace-limit\=0 -fno-color-diagnostics -fmodules-prune-interval\=86400 -fmodules-prune-after\=345600 -fbuild-session-file\=/Users/runner/Library/Developer/Xcode/DerivedData/ModuleCache.noindex/Session.modulevalidation -fmodules-validate-once-per-build-session -Wnon-modular-include-in-framework-module -Werror\=non-modular-include-in-framework-module -Wno-trigraphs -Wno-missing-field-initializers -Wno-missing-prototypes -Werror\=return-type -Wdocumentation -Wunreachable-code -Werror\=deprecated-objc-isa-usage -Werror\=objc-root-class -Wno-missing-braces -Wparentheses -Wswitch -Wunused-function -Wno-unused-label -Wno-unused-parameter -Wunused-variable -Wunused-value -Wempty-body -Wuninitialized -Wconditional-uninitialized -Wno-unknown-pragmas -Wno-shadow -Wno-four-char-constants -Wno-conversion -Wconstant-conversion -Wint-conversion -Wbool-conversion -Wenum-conversion -Wno-float-conversion -Wnon-literal-null-conversion -Wobjc-literal-conversion -Wshorten-64-to-32 -Wpointer-sign -Wno-newline-eof -Wno-implicit-fallthrough -fstrict-aliasing -Wdeprecated-declarations -Wno-sign-conversion -Winfinite-recursion -Wcomma -Wblock-capture-autoreleasing -Wstrict-prototypes -Wno-semicolon-before-method-body -Wunguarded-availability @/Users/runner/Library/Developer/Xcode/DerivedData/countdown-commbukpdznukvarcianfztjiqgm/Build/Intermediates.noindex/ArchiveIntermediates/countdown/IntermediateBuildFilesPath/Pods.build/Release-iphoneos/lottie-ios.build/Objects-normal/arm64/7187679823f38a2a940e0043cdf9d637-common-args.resp -MMD -MT dependencies -MF /Users/runner/Library/Developer/Xcode/DerivedData/countdown-commbukpdznukvarcianfztjiqgm/Build/Intermediates.noindex/ArchiveIntermediates/countdown/IntermediateBuildFilesPath/Pods.build/Release-iphoneos/lottie-ios.build/Objects-normal/arm64/Lottie_vers.d --serialize-diagnostics /Users/runner/Library/Developer/Xcode/DerivedData/countdown-commbukpdznukvarcianfztjiqgm/Build/Intermediates.noindex/ArchiveIntermediates/countdown/IntermediateBuildFilesPath/Pods.build/Release-iphoneos/lottie-ios.build/Objects-normal/arm64/Lottie_vers.dia -c /Users/runner/Library/Developer/Xcode/DerivedData/countdown-commbukpdznukvarcianfztjiqgm/Build/Intermediates.noindex/ArchiveIntermediates/countdown/IntermediateBuildFilesPath/Pods.build/Release-iphoneos/lottie-ios.build/DerivedSources/Lottie_vers.c -o /Users/runner/Library/Developer/Xcode/DerivedData/countdown-commbukpdznukvarcianfztjiqgm/Build/Intermediates.noindex/ArchiveIntermediates/countdown/IntermediateBuildFilesPath/Pods.build/Release-iphoneos/lottie-ios.build/Objects-normal/arm64/Lottie_vers.o

ProcessProductPackaging /Users/runner/work/CountdownW/CountdownW/countdown/countdown.entitlements /Users/runner/Library/Developer/Xcode/DerivedData/countdown-commbukpdznukvarcianfztjiqgm/Build/Intermediates.noindex/ArchiveIntermediates/countdown/IntermediateBuildFilesPath/countdown.build/Release-iphoneos/countdown.build/countdown.app.xcent (in target 'countdown' from project 'countdown')
    cd /Users/runner/work/CountdownW/CountdownW
    
    Entitlements:
    
    {
    "application-identifier" = "NB72MDN3HF.com.count.down.day";
    "beta-reports-active" = 1;
    "com.apple.developer.team-identifier" = NB72MDN3HF;
    "get-task-allow" = 0;
    "keychain-access-groups" =     (
        "NB72MDN3HF.KIT_REPORT_UUD"
    );
}
    
    builtin-productPackagingUtility /Users/runner/work/CountdownW/CountdownW/countdown/countdown.entitlements -entitlements -format xml -o /Users/runner/Library/Developer/Xcode/DerivedData/countdown-commbukpdznukvarcianfztjiqgm/Build/Intermediates.noindex/ArchiveIntermediates/countdown/IntermediateBuildFilesPath/countdown.build/Release-iphoneos/countdown.build/countdown.app.xcent

ProcessProductPackaging /Users/runner/Library/MobileDevice/Provisioning\ Profiles/8ade1083-087a-46bf-a5f2-1f15a2d8bdfe.mobileprovision /Users/runner/Library/Developer/Xcode/DerivedData/countdown-commbukpdznukvarcianfztjiqgm/Build/Intermediates.noindex/ArchiveIntermediates/countdown/InstallationBuildProductsLocation/Applications/countdown.app/embedded.mobileprovision (in target 'countdown' from project 'countdown')
    cd /Users/runner/work/CountdownW/CountdownW
    builtin-productPackagingUtility /Users/runner/Library/MobileDevice/Provisioning\ Profiles/8ade1083-087a-46bf-a5f2-1f15a2d8bdfe.mobileprovision -o /Users/runner/Library/Developer/Xcode/DerivedData/countdown-commbukpdznukvarcianfztjiqgm/Build/Intermediates.noindex/ArchiveIntermediates/countdown/InstallationBuildProductsLocation/Applications/countdown.app/embedded.mobileprovision

CompileC /Users/runner/Library/Developer/Xcode/DerivedData/countdown-commbukpdznukvarcianfztjiqgm/Build/Intermediates.noindex/ArchiveIntermediates/countdown/IntermediateBuildFilesPath/Pods.build/Release-iphoneos/lottie-ios.build/Objects-normal/arm64/Lottie_vers.o /Users/runner/Library/Developer/Xcode/DerivedData/countdown-commbukpdznukvarcianfztjiqgm/Build/Intermediates.noindex/ArchiveIntermediates/countdown/IntermediateBuildFilesPath/Pods.build/Release-iphoneos/lottie-ios.build/DerivedSources/Lottie_vers.c normal arm64 c com.apple.compilers.llvm.clang.1_0.compiler (in target 'lottie-ios' from project 'Pods')
    cd /Users/runner/work/CountdownW/CountdownW/Pods
    
    Using response file: /Users/runner/Library/Developer/Xcode/DerivedData/countdown-commbukpdznukvarcianfztjiqgm/Build/Intermediates.noindex/ArchiveIntermediates/countdown/IntermediateBuildFilesPath/Pods.build/Release-iphoneos/lottie-ios.build/Objects-normal/arm64/7187679823f38a2a940e0043cdf9d637-common-args.resp
    
    /Applications/Xcode_16.4.app/Contents/Developer/Toolchains/XcodeDefault.xctoolchain/usr/bin/clang -x c -ivfsstatcache /Users/runner/Library/Developer/Xcode/DerivedData/SDKStatCaches.noindex/iphoneos18.5-22F76-a529daf784b3616c7c04a36aeb7f5c05.sdkstatcache -fmessage-length\=0 -fdiagnostics-show-note-include-stack -fmacro-backtrace-limit\=0 -fno-color-diagnostics -fmodules-prune-interval\=86400 -fmodules-prune-after\=345600 -fbuild-session-file\=/Users/runner/Library/Developer/Xcode/DerivedData/ModuleCache.noindex/Session.modulevalidation -fmodules-validate-once-per-build-session -Wnon-modular-include-in-framework-module -Werror\=non-modular-include-in-framework-module -Wno-trigraphs -Wno-missing-field-initializers -Wno-missing-prototypes -Werror\=return-type -Wdocumentation -Wunreachable-code -Werror\=deprecated-objc-isa-usage -Werror\=objc-root-class -Wno-missing-braces -Wparentheses -Wswitch -Wunused-function -Wno-unused-label -Wno-unused-parameter -Wunused-variable -Wunused-value -Wempty-body -Wuninitialized -Wconditional-uninitialized -Wno-unknown-pragmas -Wno-shadow -Wno-four-char-constants -Wno-conversion -Wconstant-conversion -Wint-conversion -Wbool-conversion -Wenum-conversion -Wno-float-conversion -Wnon-literal-null-conversion -Wobjc-literal-conversion -Wshorten-64-to-32 -Wpointer-sign -Wno-newline-eof -Wno-implicit-fallthrough -fstrict-aliasing -Wdeprecated-declarations -Wno-sign-conversion -Winfinite-recursion -Wcomma -Wblock-capture-autoreleasing -Wstrict-prototypes -Wno-semicolon-before-method-body -Wunguarded-availability @/Users/runner/Library/Developer/Xcode/DerivedData/countdown-commbukpdznukvarcianfztjiqgm/Build/Intermediates.noindex/ArchiveIntermediates/countdown/IntermediateBuildFilesPath/Pods.build/Release-iphoneos/lottie-ios.build/Objects-normal/arm64/7187679823f38a2a940e0043cdf9d637-common-args.resp -MMD -MT dependencies -MF /Users/runner/Library/Developer/Xcode/DerivedData/countdown-commbukpdznukvarcianfztjiqgm/Build/Intermediates.noindex/ArchiveIntermediates/countdown/IntermediateBuildFilesPath/Pods.build/Release-iphoneos/lottie-ios.build/Objects-normal/arm64/Lottie_vers.d --serialize-diagnostics /Users/runner/Library/Developer/Xcode/DerivedData/countdown-commbukpdznukvarcianfztjiqgm/Build/Intermediates.noindex/ArchiveIntermediates/countdown/IntermediateBuildFilesPath/Pods.build/Release-iphoneos/lottie-ios.build/Objects-normal/arm64/Lottie_vers.dia -c /Users/runner/Library/Developer/Xcode/DerivedData/countdown-commbukpdznukvarcianfztjiqgm/Build/Intermediates.noindex/ArchiveIntermediates/countdown/IntermediateBuildFilesPath/Pods.build/Release-iphoneos/lottie-ios.build/DerivedSources/Lottie_vers.c -o /Users/runner/Library/Developer/Xcode/DerivedData/countdown-commbukpdznukvarcianfztjiqgm/Build/Intermediates.noindex/ArchiveIntermediates/countdown/IntermediateBuildFilesPath/Pods.build/Release-iphoneos/lottie-ios.build/Objects-normal/arm64/Lottie_vers.o

ProcessProductPackagingDER /Users/runner/Library/Developer/Xcode/DerivedData/countdown-commbukpdznukvarcianfztjiqgm/Build/Intermediates.noindex/ArchiveIntermediates/countdown/IntermediateBuildFilesPath/countdown.build/Release-iphoneos/countdown.build/countdown.app.xcent /Users/runner/Library/Developer/Xcode/DerivedData/countdown-commbukpdznukvarcianfztjiqgm/Build/Intermediates.noindex/ArchiveIntermediates/countdown/IntermediateBuildFilesPath/countdown.build/Release-iphoneos/countdown.build/countdown.app.xcent.der (in target 'countdown' from project 'countdown')
    cd /Users/runner/work/CountdownW/CountdownW
    /usr/bin/derq query -f xml -i /Users/runner/Library/Developer/Xcode/DerivedData/countdown-commbukpdznukvarcianfztjiqgm/Build/Intermediates.noindex/ArchiveIntermediates/countdown/IntermediateBuildFilesPath/countdown.build/Release-iphoneos/countdown.build/countdown.app.xcent -o /Users/runner/Library/Developer/Xcode/DerivedData/countdown-commbukpdznukvarcianfztjiqgm/Build/Intermediates.noindex/ArchiveIntermediates/countdown/IntermediateBuildFilesPath/countdown.build/Release-iphoneos/countdown.build/countdown.app.xcent.der --raw

ScanDependencies /Users/runner/Library/Developer/Xcode/DerivedData/countdown-commbukpdznukvarcianfztjiqgm/Build/Intermediates.noindex/ArchiveIntermediates/countdown/IntermediateBuildFilesPath/Pods.build/Release-iphoneos/Pods-countdown.build/Objects-normal/arm64/Pods_countdown_vers.o /Users/runner/Library/Developer/Xcode/DerivedData/countdown-commbukpdznukvarcianfztjiqgm/Build/Intermediates.noindex/ArchiveIntermediates/countdown/IntermediateBuildFilesPath/Pods.build/Release-iphoneos/Pods-countdown.build/DerivedSources/Pods_countdown_vers.c normal arm64 c com.apple.compilers.llvm.clang.1_0.compiler (in target 'Pods-countdown' from project 'Pods')
    cd /Users/runner/work/CountdownW/CountdownW/Pods
    
    Using response file: /Users/runner/Library/Developer/Xcode/DerivedData/countdown-commbukpdznukvarcianfztjiqgm/Build/Intermediates.noindex/ArchiveIntermediates/countdown/IntermediateBuildFilesPath/Pods.build/Release-iphoneos/Pods-countdown.build/Objects-normal/arm64/7187679823f38a2a940e0043cdf9d637-common-args.resp
    
    builtin-ScanDependencies -o /Users/runner/Library/Developer/Xcode/DerivedData/countdown-commbukpdznukvarcianfztjiqgm/Build/Intermediates.noindex/ArchiveIntermediates/countdown/IntermediateBuildFilesPath/Pods.build/Release-iphoneos/Pods-countdown.build/Objects-normal/arm64/Pods_countdown_vers.o.scan -- /Applications/Xcode_16.4.app/Contents/Developer/Toolchains/XcodeDefault.xctoolchain/usr/bin/clang -x c -ivfsstatcache /Users/runner/Library/Developer/Xcode/DerivedData/SDKStatCaches.noindex/iphoneos18.5-22F76-a529daf784b3616c7c04a36aeb7f5c05.sdkstatcache -fmessage-length\=0 -fdiagnostics-show-note-include-stack -fmacro-backtrace-limit\=0 -fno-color-diagnostics -fmodules-prune-interval\=86400 -fmodules-prune-after\=345600 -fbuild-session-file\=/Users/runner/Library/Developer/Xcode/DerivedData/ModuleCache.noindex/Session.modulevalidation -fmodules-validate-once-per-build-session -Wnon-modular-include-in-framework-module -Werror\=non-modular-include-in-framework-module -Wno-trigraphs -Wno-missing-field-initializers -Wno-missing-prototypes -Werror\=return-type -Wdocumentation -Wunreachable-code -Werror\=deprecated-objc-isa-usage -Werror\=objc-root-class -Wno-missing-braces -Wparentheses -Wswitch -Wunused-function -Wno-unused-label -Wno-unused-parameter -Wunused-variable -Wunused-value -Wempty-body -Wuninitialized -Wconditional-uninitialized -Wno-unknown-pragmas -Wno-shadow -Wno-four-char-constants -Wno-conversion -Wconstant-conversion -Wint-conversion -Wbool-conversion -Wenum-conversion -Wno-float-conversion -Wnon-literal-null-conversion -Wobjc-literal-conversion -Wshorten-64-to-32 -Wpointer-sign -Wno-newline-eof -Wno-implicit-fallthrough -fstrict-aliasing -Wdeprecated-declarations -Wno-sign-conversion -Winfinite-recursion -Wcomma -Wblock-capture-autoreleasing -Wstrict-prototypes -Wno-semicolon-before-method-body -Wunguarded-availability @/Users/runner/Library/Developer/Xcode/DerivedData/countdown-commbukpdznukvarcianfztjiqgm/Build/Intermediates.noindex/ArchiveIntermediates/countdown/IntermediateBuildFilesPath/Pods.build/Release-iphoneos/Pods-countdown.build/Objects-normal/arm64/7187679823f38a2a940e0043cdf9d637-common-args.resp -MMD -MT dependencies -MF /Users/runner/Library/Developer/Xcode/DerivedData/countdown-commbukpdznukvarcianfztjiqgm/Build/Intermediates.noindex/ArchiveIntermediates/countdown/IntermediateBuildFilesPath/Pods.build/Release-iphoneos/Pods-countdown.build/Objects-normal/arm64/Pods_countdown_vers.d --serialize-diagnostics /Users/runner/Library/Developer/Xcode/DerivedData/countdown-commbukpdznukvarcianfztjiqgm/Build/Intermediates.noindex/ArchiveIntermediates/countdown/IntermediateBuildFilesPath/Pods.build/Release-iphoneos/Pods-countdown.build/Objects-normal/arm64/Pods_countdown_vers.dia -c /Users/runner/Library/Developer/Xcode/DerivedData/countdown-commbukpdznukvarcianfztjiqgm/Build/Intermediates.noindex/ArchiveIntermediates/countdown/IntermediateBuildFilesPath/Pods.build/Release-iphoneos/Pods-countdown.build/DerivedSources/Pods_countdown_vers.c -o /Users/runner/Library/Developer/Xcode/DerivedData/countdown-commbukpdznukvarcianfztjiqgm/Build/Intermediates.noindex/ArchiveIntermediates/countdown/IntermediateBuildFilesPath/Pods.build/Release-iphoneos/Pods-countdown.build/Objects-normal/arm64/Pods_countdown_vers.o

ScanDependencies /Users/runner/Library/Developer/Xcode/DerivedData/countdown-commbukpdznukvarcianfztjiqgm/Build/Intermediates.noindex/ArchiveIntermediates/countdown/IntermediateBuildFilesPath/Pods.build/Release-iphoneos/Pods-countdown.build/Objects-normal/arm64/Pods-countdown-dummy.o /Users/runner/work/CountdownW/CountdownW/Pods/Target\ Support\ Files/Pods-countdown/Pods-countdown-dummy.m normal arm64 objective-c com.apple.compilers.llvm.clang.1_0.compiler (in target 'Pods-countdown' from project 'Pods')
    cd /Users/runner/work/CountdownW/CountdownW/Pods
    
    Using response file: /Users/runner/Library/Developer/Xcode/DerivedData/countdown-commbukpdznukvarcianfztjiqgm/Build/Intermediates.noindex/ArchiveIntermediates/countdown/IntermediateBuildFilesPath/Pods.build/Release-iphoneos/Pods-countdown.build/Objects-normal/arm64/e6072d4f65d7061329687fe24e3d63a7-common-args.resp
    
    builtin-ScanDependencies -o /Users/runner/Library/Developer/Xcode/DerivedData/countdown-commbukpdznukvarcianfztjiqgm/Build/Intermediates.noindex/ArchiveIntermediates/countdown/IntermediateBuildFilesPath/Pods.build/Release-iphoneos/Pods-countdown.build/Objects-normal/arm64/Pods-countdown-dummy.o.scan -- /Applications/Xcode_16.4.app/Contents/Developer/Toolchains/XcodeDefault.xctoolchain/usr/bin/clang -x objective-c -ivfsstatcache /Users/runner/Library/Developer/Xcode/DerivedData/SDKStatCaches.noindex/iphoneos18.5-22F76-a529daf784b3616c7c04a36aeb7f5c05.sdkstatcache -fmessage-length\=0 -fdiagnostics-show-note-include-stack -fmacro-backtrace-limit\=0 -fno-color-diagnostics -fmodules-prune-interval\=86400 -fmodules-prune-after\=345600 -fbuild-session-file\=/Users/runner/Library/Developer/Xcode/DerivedData/ModuleCache.noindex/Session.modulevalidation -fmodules-validate-once-per-build-session -Wnon-modular-include-in-framework-module -Werror\=non-modular-include-in-framework-module -Wno-trigraphs -Wno-missing-field-initializers -Wno-missing-prototypes -Werror\=return-type -Wdocumentation -Wunreachable-code -Wno-implicit-atomic-properties -Werror\=deprecated-objc-isa-usage -Wno-objc-interface-ivars -Werror\=objc-root-class -Wno-arc-repeated-use-of-weak -Wimplicit-retain-self -Wduplicate-method-match -Wno-missing-braces -Wparentheses -Wswitch -Wunused-function -Wno-unused-label -Wno-unused-parameter -Wunused-variable -Wunused-value -Wempty-body -Wuninitialized -Wconditional-uninitialized -Wno-unknown-pragmas -Wno-shadow -Wno-four-char-constants -Wno-conversion -Wconstant-conversion -Wint-conversion -Wbool-conversion -Wenum-conversion -Wno-float-conversion -Wnon-literal-null-conversion -Wobjc-literal-conversion -Wshorten-64-to-32 -Wpointer-sign -Wno-newline-eof -Wno-selector -Wno-strict-selector-match -Wundeclared-selector -Wdeprecated-implementations -Wno-implicit-fallthrough -fstrict-aliasing -Wprotocol -Wdeprecated-declarations -Wno-sign-conversion -Winfinite-recursion -Wcomma -Wblock-capture-autoreleasing -Wstrict-prototypes -Wno-semicolon-before-method-body -Wunguarded-availability @/Users/runner/Library/Developer/Xcode/DerivedData/countdown-commbukpdznukvarcianfztjiqgm/Build/Intermediates.noindex/ArchiveIntermediates/countdown/IntermediateBuildFilesPath/Pods.build/Release-iphoneos/Pods-countdown.build/Objects-normal/arm64/e6072d4f65d7061329687fe24e3d63a7-common-args.resp -MMD -MT dependencies -MF /Users/runner/Library/Developer/Xcode/DerivedData/countdown-commbukpdznukvarcianfztjiqgm/Build/Intermediates.noindex/ArchiveIntermediates/countdown/IntermediateBuildFilesPath/Pods.build/Release-iphoneos/Pods-countdown.build/Objects-normal/arm64/Pods-countdown-dummy.d --serialize-diagnostics /Users/runner/Library/Developer/Xcode/DerivedData/countdown-commbukpdznukvarcianfztjiqgm/Build/Intermediates.noindex/ArchiveIntermediates/countdown/IntermediateBuildFilesPath/Pods.build/Release-iphoneos/Pods-countdown.build/Objects-normal/arm64/Pods-countdown-dummy.dia -c /Users/runner/work/CountdownW/CountdownW/Pods/Target\ Support\ Files/Pods-countdown/Pods-countdown-dummy.m -o /Users/runner/Library/Developer/Xcode/DerivedData/countdown-commbukpdznukvarcianfztjiqgm/Build/Intermediates.noindex/ArchiveIntermediates/countdown/IntermediateBuildFilesPath/Pods.build/Release-iphoneos/Pods-countdown.build/Objects-normal/arm64/Pods-countdown-dummy.o

CompileC /Users/runner/Library/Developer/Xcode/DerivedData/countdown-commbukpdznukvarcianfztjiqgm/Build/Intermediates.noindex/ArchiveIntermediates/countdown/IntermediateBuildFilesPath/Pods.build/Release-iphoneos/Pods-countdown.build/Objects-normal/arm64/Pods_countdown_vers.o /Users/runner/Library/Developer/Xcode/DerivedData/countdown-commbukpdznukvarcianfztjiqgm/Build/Intermediates.noindex/ArchiveIntermediates/countdown/IntermediateBuildFilesPath/Pods.build/Release-iphoneos/Pods-countdown.build/DerivedSources/Pods_countdown_vers.c normal arm64 c com.apple.compilers.llvm.clang.1_0.compiler (in target 'Pods-countdown' from project 'Pods')
    cd /Users/runner/work/CountdownW/CountdownW/Pods
    
    Using response file: /Users/runner/Library/Developer/Xcode/DerivedData/countdown-commbukpdznukvarcianfztjiqgm/Build/Intermediates.noindex/ArchiveIntermediates/countdown/IntermediateBuildFilesPath/Pods.build/Release-iphoneos/Pods-countdown.build/Objects-normal/arm64/7187679823f38a2a940e0043cdf9d637-common-args.resp
    
    /Applications/Xcode_16.4.app/Contents/Developer/Toolchains/XcodeDefault.xctoolchain/usr/bin/clang -x c -ivfsstatcache /Users/runner/Library/Developer/Xcode/DerivedData/SDKStatCaches.noindex/iphoneos18.5-22F76-a529daf784b3616c7c04a36aeb7f5c05.sdkstatcache -fmessage-length\=0 -fdiagnostics-show-note-include-stack -fmacro-backtrace-limit\=0 -fno-color-diagnostics -fmodules-prune-interval\=86400 -fmodules-prune-after\=345600 -fbuild-session-file\=/Users/runner/Library/Developer/Xcode/DerivedData/ModuleCache.noindex/Session.modulevalidation -fmodules-validate-once-per-build-session -Wnon-modular-include-in-framework-module -Werror\=non-modular-include-in-framework-module -Wno-trigraphs -Wno-missing-field-initializers -Wno-missing-prototypes -Werror\=return-type -Wdocumentation -Wunreachable-code -Werror\=deprecated-objc-isa-usage -Werror\=objc-root-class -Wno-missing-braces -Wparentheses -Wswitch -Wunused-function -Wno-unused-label -Wno-unused-parameter -Wunused-variable -Wunused-value -Wempty-body -Wuninitialized -Wconditional-uninitialized -Wno-unknown-pragmas -Wno-shadow -Wno-four-char-constants -Wno-conversion -Wconstant-conversion -Wint-conversion -Wbool-conversion -Wenum-conversion -Wno-float-conversion -Wnon-literal-null-conversion -Wobjc-literal-conversion -Wshorten-64-to-32 -Wpointer-sign -Wno-newline-eof -Wno-implicit-fallthrough -fstrict-aliasing -Wdeprecated-declarations -Wno-sign-conversion -Winfinite-recursion -Wcomma -Wblock-capture-autoreleasing -Wstrict-prototypes -Wno-semicolon-before-method-body -Wunguarded-availability @/Users/runner/Library/Developer/Xcode/DerivedData/countdown-commbukpdznukvarcianfztjiqgm/Build/Intermediates.noindex/ArchiveIntermediates/countdown/IntermediateBuildFilesPath/Pods.build/Release-iphoneos/Pods-countdown.build/Objects-normal/arm64/7187679823f38a2a940e0043cdf9d637-common-args.resp -MMD -MT dependencies -MF /Users/runner/Library/Developer/Xcode/DerivedData/countdown-commbukpdznukvarcianfztjiqgm/Build/Intermediates.noindex/ArchiveIntermediates/countdown/IntermediateBuildFilesPath/Pods.build/Release-iphoneos/Pods-countdown.build/Objects-normal/arm64/Pods_countdown_vers.d --serialize-diagnostics /Users/runner/Library/Developer/Xcode/DerivedData/countdown-commbukpdznukvarcianfztjiqgm/Build/Intermediates.noindex/ArchiveIntermediates/countdown/IntermediateBuildFilesPath/Pods.build/Release-iphoneos/Pods-countdown.build/Objects-normal/arm64/Pods_countdown_vers.dia -c /Users/runner/Library/Developer/Xcode/DerivedData/countdown-commbukpdznukvarcianfztjiqgm/Build/Intermediates.noindex/ArchiveIntermediates/countdown/IntermediateBuildFilesPath/Pods.build/Release-iphoneos/Pods-countdown.build/DerivedSources/Pods_countdown_vers.c -o /Users/runner/Library/Developer/Xcode/DerivedData/countdown-commbukpdznukvarcianfztjiqgm/Build/Intermediates.noindex/ArchiveIntermediates/countdown/IntermediateBuildFilesPath/Pods.build/Release-iphoneos/Pods-countdown.build/Objects-normal/arm64/Pods_countdown_vers.o

CompileC /Users/runner/Library/Developer/Xcode/DerivedData/countdown-commbukpdznukvarcianfztjiqgm/Build/Intermediates.noindex/ArchiveIntermediates/countdown/IntermediateBuildFilesPath/Pods.build/Release-iphoneos/Pods-countdown.build/Objects-normal/arm64/Pods-countdown-dummy.o /Users/runner/work/CountdownW/CountdownW/Pods/Target\ Support\ Files/Pods-countdown/Pods-countdown-dummy.m normal arm64 objective-c com.apple.compilers.llvm.clang.1_0.compiler (in target 'Pods-countdown' from project 'Pods')
    cd /Users/runner/work/CountdownW/CountdownW/Pods
    
    Using response file: /Users/runner/Library/Developer/Xcode/DerivedData/countdown-commbukpdznukvarcianfztjiqgm/Build/Intermediates.noindex/ArchiveIntermediates/countdown/IntermediateBuildFilesPath/Pods.build/Release-iphoneos/Pods-countdown.build/Objects-normal/arm64/e6072d4f65d7061329687fe24e3d63a7-common-args.resp
    
    /Applications/Xcode_16.4.app/Contents/Developer/Toolchains/XcodeDefault.xctoolchain/usr/bin/clang -x objective-c -ivfsstatcache /Users/runner/Library/Developer/Xcode/DerivedData/SDKStatCaches.noindex/iphoneos18.5-22F76-a529daf784b3616c7c04a36aeb7f5c05.sdkstatcache -fmessage-length\=0 -fdiagnostics-show-note-include-stack -fmacro-backtrace-limit\=0 -fno-color-diagnostics -fmodules-prune-interval\=86400 -fmodules-prune-after\=345600 -fbuild-session-file\=/Users/runner/Library/Developer/Xcode/DerivedData/ModuleCache.noindex/Session.modulevalidation -fmodules-validate-once-per-build-session -Wnon-modular-include-in-framework-module -Werror\=non-modular-include-in-framework-module -Wno-trigraphs -Wno-missing-field-initializers -Wno-missing-prototypes -Werror\=return-type -Wdocumentation -Wunreachable-code -Wno-implicit-atomic-properties -Werror\=deprecated-objc-isa-usage -Wno-objc-interface-ivars -Werror\=objc-root-class -Wno-arc-repeated-use-of-weak -Wimplicit-retain-self -Wduplicate-method-match -Wno-missing-braces -Wparentheses -Wswitch -Wunused-function -Wno-unused-label -Wno-unused-parameter -Wunused-variable -Wunused-value -Wempty-body -Wuninitialized -Wconditional-uninitialized -Wno-unknown-pragmas -Wno-shadow -Wno-four-char-constants -Wno-conversion -Wconstant-conversion -Wint-conversion -Wbool-conversion -Wenum-conversion -Wno-float-conversion -Wnon-literal-null-conversion -Wobjc-literal-conversion -Wshorten-64-to-32 -Wpointer-sign -Wno-newline-eof -Wno-selector -Wno-strict-selector-match -Wundeclared-selector -Wdeprecated-implementations -Wno-implicit-fallthrough -fstrict-aliasing -Wprotocol -Wdeprecated-declarations -Wno-sign-conversion -Winfinite-recursion -Wcomma -Wblock-capture-autoreleasing -Wstrict-prototypes -Wno-semicolon-before-method-body -Wunguarded-availability @/Users/runner/Library/Developer/Xcode/DerivedData/countdown-commbukpdznukvarcianfztjiqgm/Build/Intermediates.noindex/ArchiveIntermediates/countdown/IntermediateBuildFilesPath/Pods.build/Release-iphoneos/Pods-countdown.build/Objects-normal/arm64/e6072d4f65d7061329687fe24e3d63a7-common-args.resp -MMD -MT dependencies -MF /Users/runner/Library/Developer/Xcode/DerivedData/countdown-commbukpdznukvarcianfztjiqgm/Build/Intermediates.noindex/ArchiveIntermediates/countdown/IntermediateBuildFilesPath/Pods.build/Release-iphoneos/Pods-countdown.build/Objects-normal/arm64/Pods-countdown-dummy.d --serialize-diagnostics /Users/runner/Library/Developer/Xcode/DerivedData/countdown-commbukpdznukvarcianfztjiqgm/Build/Intermediates.noindex/ArchiveIntermediates/countdown/IntermediateBuildFilesPath/Pods.build/Release-iphoneos/Pods-countdown.build/Objects-normal/arm64/Pods-countdown-dummy.dia -c /Users/runner/work/CountdownW/CountdownW/Pods/Target\ Support\ Files/Pods-countdown/Pods-countdown-dummy.m -o /Users/runner/Library/Developer/Xcode/DerivedData/countdown-commbukpdznukvarcianfztjiqgm/Build/Intermediates.noindex/ArchiveIntermediates/countdown/IntermediateBuildFilesPath/Pods.build/Release-iphoneos/Pods-countdown.build/Objects-normal/arm64/Pods-countdown-dummy.o

PrecompileModule /Users/runner/Library/Developer/Xcode/DerivedData/countdown-commbukpdznukvarcianfztjiqgm/Build/Intermediates.noindex/ArchiveIntermediates/countdown/IntermediateBuildFilesPath/ExplicitPrecompiledModules/_fenv-DQ8UQD63KZ1PDEW140EJR79LJ.scan
    cd /Users/runner/work/CountdownW/CountdownW/Pods
    builtin-precompileModule /Users/runner/Library/Developer/Xcode/DerivedData/countdown-commbukpdznukvarcianfztjiqgm/Build/Intermediates.noindex/ArchiveIntermediates/countdown/IntermediateBuildFilesPath/ExplicitPrecompiledModules/_fenv-DQ8UQD63KZ1PDEW140EJR79LJ.scan

PrecompileModule /Users/runner/Library/Developer/Xcode/DerivedData/countdown-commbukpdznukvarcianfztjiqgm/Build/Intermediates.noindex/ArchiveIntermediates/countdown/IntermediateBuildFilesPath/ExplicitPrecompiledModules/_Builtin_iso646-46AG7CETY92ZY6U906NYR1B6N.scan
    cd /Users/runner/work/CountdownW/CountdownW/Pods
    builtin-precompileModule /Users/runner/Library/Developer/Xcode/DerivedData/countdown-commbukpdznukvarcianfztjiqgm/Build/Intermediates.noindex/ArchiveIntermediates/countdown/IntermediateBuildFilesPath/ExplicitPrecompiledModules/_Builtin_iso646-46AG7CETY92ZY6U906NYR1B6N.scan

PrecompileModule /Users/runner/Library/Developer/Xcode/DerivedData/countdown-commbukpdznukvarcianfztjiqgm/Build/Intermediates.noindex/ArchiveIntermediates/countdown/IntermediateBuildFilesPath/ExplicitPrecompiledModules/_float-391I9DM30X08Q95ZX6FBD3JP5.scan
    cd /Users/runner/work/CountdownW/CountdownW/Pods
    builtin-precompileModule /Users/runner/Library/Developer/Xcode/DerivedData/countdown-commbukpdznukvarcianfztjiqgm/Build/Intermediates.noindex/ArchiveIntermediates/countdown/IntermediateBuildFilesPath/ExplicitPrecompiledModules/_float-391I9DM30X08Q95ZX6FBD3JP5.scan

PrecompileModule /Users/runner/Library/Developer/Xcode/DerivedData/countdown-commbukpdznukvarcianfztjiqgm/Build/Intermediates.noindex/ArchiveIntermediates/countdown/IntermediateBuildFilesPath/ExplicitPrecompiledModules/_Builtin_stdarg-BLT1DD6WCTGI31ZYICP57MB4Q.scan
    cd /Users/runner/work/CountdownW/CountdownW/Pods
    builtin-precompileModule /Users/runner/Library/Developer/Xcode/DerivedData/countdown-commbukpdznukvarcianfztjiqgm/Build/Intermediates.noindex/ArchiveIntermediates/countdown/IntermediateBuildFilesPath/ExplicitPrecompiledModules/_Builtin_stdarg-BLT1DD6WCTGI31ZYICP57MB4Q.scan

PrecompileModule /Users/runner/Library/Developer/Xcode/DerivedData/countdown-commbukpdznukvarcianfztjiqgm/Build/Intermediates.noindex/ArchiveIntermediates/countdown/IntermediateBuildFilesPath/ExplicitPrecompiledModules/os_availability_internal-9ZCLHR85V8TORGS22HF2J6TUS.scan
    cd /Users/runner/work/CountdownW/CountdownW/Pods
    builtin-precompileModule /Users/runner/Library/Developer/Xcode/DerivedData/countdown-commbukpdznukvarcianfztjiqgm/Build/Intermediates.noindex/ArchiveIntermediates/countdown/IntermediateBuildFilesPath/ExplicitPrecompiledModules/os_availability_internal-9ZCLHR85V8TORGS22HF2J6TUS.scan

PrecompileModule /Users/runner/Library/Developer/Xcode/DerivedData/countdown-commbukpdznukvarcianfztjiqgm/Build/Intermediates.noindex/ArchiveIntermediates/countdown/IntermediateBuildFilesPath/ExplicitPrecompiledModules/TargetConditionals-9DJ2VUXL9I03WONJZTFGJ2BAE.scan
    cd /Users/runner/work/CountdownW/CountdownW/Pods
    builtin-precompileModule /Users/runner/Library/Developer/Xcode/DerivedData/countdown-commbukpdznukvarcianfztjiqgm/Build/Intermediates.noindex/ArchiveIntermediates/countdown/IntermediateBuildFilesPath/ExplicitPrecompiledModules/TargetConditionals-9DJ2VUXL9I03WONJZTFGJ2BAE.scan

PrecompileModule /Users/runner/Library/Developer/Xcode/DerivedData/countdown-commbukpdznukvarcianfztjiqgm/Build/Intermediates.noindex/ArchiveIntermediates/countdown/IntermediateBuildFilesPath/ExplicitPrecompiledModules/ptrcheck-DJ9Q4ANPKCRCN1CD1TLKZ9Z9D.scan
    cd /Users/runner/work/CountdownW/CountdownW/Pods
    builtin-precompileModule /Users/runner/Library/Developer/Xcode/DerivedData/countdown-commbukpdznukvarcianfztjiqgm/Build/Intermediates.noindex/ArchiveIntermediates/countdown/IntermediateBuildFilesPath/ExplicitPrecompiledModules/ptrcheck-DJ9Q4ANPKCRCN1CD1TLKZ9Z9D.scan

PrecompileModule /Users/runner/Library/Developer/Xcode/DerivedData/countdown-commbukpdznukvarcianfztjiqgm/Build/Intermediates.noindex/ArchiveIntermediates/countdown/IntermediateBuildFilesPath/ExplicitPrecompiledModules/ptrauth-AT5YHJ3XI3T31ZHHWLLJ2JPNW.scan
    cd /Users/runner/work/CountdownW/CountdownW/Pods
    builtin-precompileModule /Users/runner/Library/Developer/Xcode/DerivedData/countdown-commbukpdznukvarcianfztjiqgm/Build/Intermediates.noindex/ArchiveIntermediates/countdown/IntermediateBuildFilesPath/ExplicitPrecompiledModules/ptrauth-AT5YHJ3XI3T31ZHHWLLJ2JPNW.scan

PrecompileModule /Users/runner/Library/Developer/Xcode/DerivedData/countdown-commbukpdznukvarcianfztjiqgm/Build/Intermediates.noindex/ArchiveIntermediates/countdown/IntermediateBuildFilesPath/ExplicitPrecompiledModules/_Builtin_stdbool-7Q9KVA4JPV11XKV3AKIP68UL8.scan
    cd /Users/runner/work/CountdownW/CountdownW/Pods
    builtin-precompileModule /Users/runner/Library/Developer/Xcode/DerivedData/countdown-commbukpdznukvarcianfztjiqgm/Build/Intermediates.noindex/ArchiveIntermediates/countdown/IntermediateBuildFilesPath/ExplicitPrecompiledModules/_Builtin_stdbool-7Q9KVA4JPV11XKV3AKIP68UL8.scan

PrecompileModule /Users/runner/Library/Developer/Xcode/DerivedData/countdown-commbukpdznukvarcianfztjiqgm/Build/Intermediates.noindex/ArchiveIntermediates/countdown/IntermediateBuildFilesPath/ExplicitPrecompiledModules/os_availability-EW1NKGJXGI6AR7HOM516NJTLN.scan
    cd /Users/runner/work/CountdownW/CountdownW/Pods
    builtin-precompileModule /Users/runner/Library/Developer/Xcode/DerivedData/countdown-commbukpdznukvarcianfztjiqgm/Build/Intermediates.noindex/ArchiveIntermediates/countdown/IntermediateBuildFilesPath/ExplicitPrecompiledModules/os_availability-EW1NKGJXGI6AR7HOM516NJTLN.scan

PrecompileModule /Users/runner/Library/Developer/Xcode/DerivedData/countdown-commbukpdznukvarcianfztjiqgm/Build/Intermediates.noindex/ArchiveIntermediates/countdown/IntermediateBuildFilesPath/ExplicitPrecompiledModules/_Builtin_stddef-D3NPXVXQZHKN6KIBEAM9M17AR.scan
    cd /Users/runner/work/CountdownW/CountdownW/Pods
    builtin-precompileModule /Users/runner/Library/Developer/Xcode/DerivedData/countdown-commbukpdznukvarcianfztjiqgm/Build/Intermediates.noindex/ArchiveIntermediates/countdown/IntermediateBuildFilesPath/ExplicitPrecompiledModules/_Builtin_stddef-D3NPXVXQZHKN6KIBEAM9M17AR.scan

PrecompileModule /Users/runner/Library/Developer/Xcode/DerivedData/countdown-commbukpdznukvarcianfztjiqgm/Build/Intermediates.noindex/ArchiveIntermediates/countdown/IntermediateBuildFilesPath/ExplicitPrecompiledModules/_Builtin_float-A4KO8BG58FAL0A7OZSMX8FV56.scan
    cd /Users/runner/work/CountdownW/CountdownW/Pods
    builtin-precompileModule /Users/runner/Library/Developer/Xcode/DerivedData/countdown-commbukpdznukvarcianfztjiqgm/Build/Intermediates.noindex/ArchiveIntermediates/countdown/IntermediateBuildFilesPath/ExplicitPrecompiledModules/_Builtin_float-A4KO8BG58FAL0A7OZSMX8FV56.scan

PrecompileModule /Users/runner/Library/Developer/Xcode/DerivedData/countdown-commbukpdznukvarcianfztjiqgm/Build/Intermediates.noindex/ArchiveIntermediates/countdown/IntermediateBuildFilesPath/ExplicitPrecompiledModules/AvailabilityMacros-DGRU3KL2NZMK7DS0HINSWL6Q3.scan
    cd /Users/runner/work/CountdownW/CountdownW/Pods
    builtin-precompileModule /Users/runner/Library/Developer/Xcode/DerivedData/countdown-commbukpdznukvarcianfztjiqgm/Build/Intermediates.noindex/ArchiveIntermediates/countdown/IntermediateBuildFilesPath/ExplicitPrecompiledModules/AvailabilityMacros-DGRU3KL2NZMK7DS0HINSWL6Q3.scan

PrecompileModule /Users/runner/Library/Developer/Xcode/DerivedData/countdown-commbukpdznukvarcianfztjiqgm/Build/Intermediates.noindex/ArchiveIntermediates/countdown/IntermediateBuildFilesPath/ExplicitPrecompiledModules/DarwinFoundation-D19SS0ZL0QMB8J30Q8M3ZSPNA.scan
    cd /Users/runner/work/CountdownW/CountdownW/Pods
    builtin-precompileModule /Users/runner/Library/Developer/Xcode/DerivedData/countdown-commbukpdznukvarcianfztjiqgm/Build/Intermediates.noindex/ArchiveIntermediates/countdown/IntermediateBuildFilesPath/ExplicitPrecompiledModules/DarwinFoundation-D19SS0ZL0QMB8J30Q8M3ZSPNA.scan

PrecompileModule /Users/runner/Library/Developer/Xcode/DerivedData/countdown-commbukpdznukvarcianfztjiqgm/Build/Intermediates.noindex/ArchiveIntermediates/countdown/IntermediateBuildFilesPath/ExplicitPrecompiledModules/_math-1VKP4SMFUUEGYOZXL6BBAVLAC.scan
    cd /Users/runner/work/CountdownW/CountdownW/Pods
    builtin-precompileModule /Users/runner/Library/Developer/Xcode/DerivedData/countdown-commbukpdznukvarcianfztjiqgm/Build/Intermediates.noindex/ArchiveIntermediates/countdown/IntermediateBuildFilesPath/ExplicitPrecompiledModules/_math-1VKP4SMFUUEGYOZXL6BBAVLAC.scan

PrecompileModule /Users/runner/Library/Developer/Xcode/DerivedData/countdown-commbukpdznukvarcianfztjiqgm/Build/Intermediates.noindex/ArchiveIntermediates/countdown/IntermediateBuildFilesPath/ExplicitPrecompiledModules/_sys_select-6OO0JO4RZFV7UN64A331C1ZGK.scan
    cd /Users/runner/work/CountdownW/CountdownW/Pods
    builtin-precompileModule /Users/runner/Library/Developer/Xcode/DerivedData/countdown-commbukpdznukvarcianfztjiqgm/Build/Intermediates.noindex/ArchiveIntermediates/countdown/IntermediateBuildFilesPath/ExplicitPrecompiledModules/_sys_select-6OO0JO4RZFV7UN64A331C1ZGK.scan

PrecompileModule /Users/runner/Library/Developer/Xcode/DerivedData/countdown-commbukpdznukvarcianfztjiqgm/Build/Intermediates.noindex/ArchiveIntermediates/countdown/IntermediateBuildFilesPath/ExplicitPrecompiledModules/_setjmp-8INNA1IEYYOWZZBXRNAAVB502.scan
    cd /Users/runner/work/CountdownW/CountdownW/Pods
    builtin-precompileModule /Users/runner/Library/Developer/Xcode/DerivedData/countdown-commbukpdznukvarcianfztjiqgm/Build/Intermediates.noindex/ArchiveIntermediates/countdown/IntermediateBuildFilesPath/ExplicitPrecompiledModules/_setjmp-8INNA1IEYYOWZZBXRNAAVB502.scan

PrecompileModule /Users/runner/Library/Developer/Xcode/DerivedData/countdown-commbukpdznukvarcianfztjiqgm/Build/Intermediates.noindex/ArchiveIntermediates/countdown/IntermediateBuildFilesPath/ExplicitPrecompiledModules/_complex-8AQJA5TLQGVBDZD9CXGDRXLHV.scan
    cd /Users/runner/work/CountdownW/CountdownW/Pods
    builtin-precompileModule /Users/runner/Library/Developer/Xcode/DerivedData/countdown-commbukpdznukvarcianfztjiqgm/Build/Intermediates.noindex/ArchiveIntermediates/countdown/IntermediateBuildFilesPath/ExplicitPrecompiledModules/_complex-8AQJA5TLQGVBDZD9CXGDRXLHV.scan

PrecompileModule /Users/runner/Library/Developer/Xcode/DerivedData/countdown-commbukpdznukvarcianfztjiqgm/Build/Intermediates.noindex/ArchiveIntermediates/countdown/IntermediateBuildFilesPath/ExplicitPrecompiledModules/uuid-4YDWIQA8LJT4NIENE8PULFHLU.scan
    cd /Users/runner/work/CountdownW/CountdownW/Pods
    builtin-precompileModule /Users/runner/Library/Developer/Xcode/DerivedData/countdown-commbukpdznukvarcianfztjiqgm/Build/Intermediates.noindex/ArchiveIntermediates/countdown/IntermediateBuildFilesPath/ExplicitPrecompiledModules/uuid-4YDWIQA8LJT4NIENE8PULFHLU.scan

PrecompileModule /Users/runner/Library/Developer/Xcode/DerivedData/countdown-commbukpdznukvarcianfztjiqgm/Build/Intermediates.noindex/ArchiveIntermediates/countdown/IntermediateBuildFilesPath/ExplicitPrecompiledModules/mach-86GQJYHX4EK8AG2K36BU6F7U.scan
    cd /Users/runner/work/CountdownW/CountdownW/Pods
    builtin-precompileModule /Users/runner/Library/Developer/Xcode/DerivedData/countdown-commbukpdznukvarcianfztjiqgm/Build/Intermediates.noindex/ArchiveIntermediates/countdown/IntermediateBuildFilesPath/ExplicitPrecompiledModules/mach-86GQJYHX4EK8AG2K36BU6F7U.scan

PrecompileModule /Users/runner/Library/Developer/Xcode/DerivedData/countdown-commbukpdznukvarcianfztjiqgm/Build/Intermediates.noindex/ArchiveIntermediates/countdown/IntermediateBuildFilesPath/ExplicitPrecompiledModules/_errno-6OIZ78TNTPSP6FYXYZ7QZ6PQH.scan
    cd /Users/runner/work/CountdownW/CountdownW/Pods
    builtin-precompileModule /Users/runner/Library/Developer/Xcode/DerivedData/countdown-commbukpdznukvarcianfztjiqgm/Build/Intermediates.noindex/ArchiveIntermediates/countdown/IntermediateBuildFilesPath/ExplicitPrecompiledModules/_errno-6OIZ78TNTPSP6FYXYZ7QZ6PQH.scan

PrecompileModule /Users/runner/Library/Developer/Xcode/DerivedData/countdown-commbukpdznukvarcianfztjiqgm/Build/Intermediates.noindex/ArchiveIntermediates/countdown/IntermediateBuildFilesPath/ExplicitPrecompiledModules/_tgmath-DYQUQD2Z3WI4WA4UZJQAQC2KL.scan
    cd /Users/runner/work/CountdownW/CountdownW/Pods
    builtin-precompileModule /Users/runner/Library/Developer/Xcode/DerivedData/countdown-commbukpdznukvarcianfztjiqgm/Build/Intermediates.noindex/ArchiveIntermediates/countdown/IntermediateBuildFilesPath/ExplicitPrecompiledModules/_tgmath-DYQUQD2Z3WI4WA4UZJQAQC2KL.scan

PrecompileModule /Users/runner/Library/Developer/Xcode/DerivedData/countdown-commbukpdznukvarcianfztjiqgm/Build/Intermediates.noindex/ArchiveIntermediates/countdown/IntermediateBuildFilesPath/ExplicitPrecompiledModules/_useconds_t-8NUW248LGPGG0G32MMLJ82Y43.scan
    cd /Users/runner/work/CountdownW/CountdownW/Pods
    builtin-precompileModule /Users/runner/Library/Developer/Xcode/DerivedData/countdown-commbukpdznukvarcianfztjiqgm/Build/Intermediates.noindex/ArchiveIntermediates/countdown/IntermediateBuildFilesPath/ExplicitPrecompiledModules/_useconds_t-8NUW248LGPGG0G32MMLJ82Y43.scan

PrecompileModule /Users/runner/Library/Developer/Xcode/DerivedData/countdown-commbukpdznukvarcianfztjiqgm/Build/Intermediates.noindex/ArchiveIntermediates/countdown/IntermediateBuildFilesPath/ExplicitPrecompiledModules/_limits-38R284BX7Q36HH8TQOZE9FL8G.scan
    cd /Users/runner/work/CountdownW/CountdownW/Pods
    builtin-precompileModule /Users/runner/Library/Developer/Xcode/DerivedData/countdown-commbukpdznukvarcianfztjiqgm/Build/Intermediates.noindex/ArchiveIntermediates/countdown/IntermediateBuildFilesPath/ExplicitPrecompiledModules/_limits-38R284BX7Q36HH8TQOZE9FL8G.scan

PrecompileModule /Users/runner/Library/Developer/Xcode/DerivedData/countdown-commbukpdznukvarcianfztjiqgm/Build/Intermediates.noindex/ArchiveIntermediates/countdown/IntermediateBuildFilesPath/ExplicitPrecompiledModules/_assert-4BV2RDNVIL0DZWXPNH0VH5L71.scan
    cd /Users/runner/work/CountdownW/CountdownW/Pods
    builtin-precompileModule /Users/runner/Library/Developer/Xcode/DerivedData/countdown-commbukpdznukvarcianfztjiqgm/Build/Intermediates.noindex/ArchiveIntermediates/countdown/IntermediateBuildFilesPath/ExplicitPrecompiledModules/_assert-4BV2RDNVIL0DZWXPNH0VH5L71.scan

PrecompileModule /Users/runner/Library/Developer/Xcode/DerivedData/countdown-commbukpdznukvarcianfztjiqgm/Build/Intermediates.noindex/ArchiveIntermediates/countdown/IntermediateBuildFilesPath/ExplicitPrecompiledModules/alloca-9KR4YHJ8Q0GUNS0SYSTF4RKYE.scan
    cd /Users/runner/work/CountdownW/CountdownW/Pods
    builtin-precompileModule /Users/runner/Library/Developer/Xcode/DerivedData/countdown-commbukpdznukvarcianfztjiqgm/Build/Intermediates.noindex/ArchiveIntermediates/countdown/IntermediateBuildFilesPath/ExplicitPrecompiledModules/alloca-9KR4YHJ8Q0GUNS0SYSTF4RKYE.scan

PrecompileModule /Users/runner/Library/Developer/Xcode/DerivedData/countdown-commbukpdznukvarcianfztjiqgm/Build/Intermediates.noindex/ArchiveIntermediates/countdown/IntermediateBuildFilesPath/ExplicitPrecompiledModules/_strings-CMPYSN42N0VL21Y9QFWQEWF4W.scan
    cd /Users/runner/work/CountdownW/CountdownW/Pods
    builtin-precompileModule /Users/runner/Library/Developer/Xcode/DerivedData/countdown-commbukpdznukvarcianfztjiqgm/Build/Intermediates.noindex/ArchiveIntermediates/countdown/IntermediateBuildFilesPath/ExplicitPrecompiledModules/_strings-CMPYSN42N0VL21Y9QFWQEWF4W.scan

PrecompileModule /Users/runner/Library/Developer/Xcode/DerivedData/countdown-commbukpdznukvarcianfztjiqgm/Build/Intermediates.noindex/ArchiveIntermediates/countdown/IntermediateBuildFilesPath/ExplicitPrecompiledModules/_locale-BZ237LG36G52DVHIWY0Q9MYKQ.scan
    cd /Users/runner/work/CountdownW/CountdownW/Pods
    builtin-precompileModule /Users/runner/Library/Developer/Xcode/DerivedData/countdown-commbukpdznukvarcianfztjiqgm/Build/Intermediates.noindex/ArchiveIntermediates/countdown/IntermediateBuildFilesPath/ExplicitPrecompiledModules/_locale-BZ237LG36G52DVHIWY0Q9MYKQ.scan

PrecompileModule /Users/runner/Library/Developer/Xcode/DerivedData/countdown-commbukpdznukvarcianfztjiqgm/Build/Intermediates.noindex/ArchiveIntermediates/countdown/IntermediateBuildFilesPath/ExplicitPrecompiledModules/_Builtin_limits-AR2V63RRKNYNFK63JX877XH1Y.scan
    cd /Users/runner/work/CountdownW/CountdownW/Pods
    builtin-precompileModule /Users/runner/Library/Developer/Xcode/DerivedData/countdown-commbukpdznukvarcianfztjiqgm/Build/Intermediates.noindex/ArchiveIntermediates/countdown/IntermediateBuildFilesPath/ExplicitPrecompiledModules/_Builtin_limits-AR2V63RRKNYNFK63JX877XH1Y.scan

PrecompileModule /Users/runner/Library/Developer/Xcode/DerivedData/countdown-commbukpdznukvarcianfztjiqgm/Build/Intermediates.noindex/ArchiveIntermediates/countdown/IntermediateBuildFilesPath/ExplicitPrecompiledModules/_stdint-8VGBRVD1X40ZBYHXKI8KTYZMV.scan
    cd /Users/runner/work/CountdownW/CountdownW/Pods
    builtin-precompileModule /Users/runner/Library/Developer/Xcode/DerivedData/countdown-commbukpdznukvarcianfztjiqgm/Build/Intermediates.noindex/ArchiveIntermediates/countdown/IntermediateBuildFilesPath/ExplicitPrecompiledModules/_stdint-8VGBRVD1X40ZBYHXKI8KTYZMV.scan

PrecompileModule /Users/runner/Library/Developer/Xcode/DerivedData/countdown-commbukpdznukvarcianfztjiqgm/Build/Intermediates.noindex/ArchiveIntermediates/countdown/IntermediateBuildFilesPath/ExplicitPrecompiledModules/netinet_in-CP8TLO6LS3RJI7JHAK5PFCET6.scan
    cd /Users/runner/work/CountdownW/CountdownW/Pods
    builtin-precompileModule /Users/runner/Library/Developer/Xcode/DerivedData/countdown-commbukpdznukvarcianfztjiqgm/Build/Intermediates.noindex/ArchiveIntermediates/countdown/IntermediateBuildFilesPath/ExplicitPrecompiledModules/netinet_in-CP8TLO6LS3RJI7JHAK5PFCET6.scan

PrecompileModule /Users/runner/Library/Developer/Xcode/DerivedData/countdown-commbukpdznukvarcianfztjiqgm/Build/Intermediates.noindex/ArchiveIntermediates/countdown/IntermediateBuildFilesPath/ExplicitPrecompiledModules/_Builtin_tgmath-6PWC6RZXE6GTSALGN6SZODM5R.scan
    cd /Users/runner/work/CountdownW/CountdownW/Pods
    builtin-precompileModule /Users/runner/Library/Developer/Xcode/DerivedData/countdown-commbukpdznukvarcianfztjiqgm/Build/Intermediates.noindex/ArchiveIntermediates/countdown/IntermediateBuildFilesPath/ExplicitPrecompiledModules/_Builtin_tgmath-6PWC6RZXE6GTSALGN6SZODM5R.scan

PrecompileModule /Users/runner/Library/Developer/Xcode/DerivedData/countdown-commbukpdznukvarcianfztjiqgm/Build/Intermediates.noindex/ArchiveIntermediates/countdown/IntermediateBuildFilesPath/ExplicitPrecompiledModules/xlocale-6FDBNURC0281KADD6Y39N9ZP9.scan
    cd /Users/runner/work/CountdownW/CountdownW/Pods
    builtin-precompileModule /Users/runner/Library/Developer/Xcode/DerivedData/countdown-commbukpdznukvarcianfztjiqgm/Build/Intermediates.noindex/ArchiveIntermediates/countdown/IntermediateBuildFilesPath/ExplicitPrecompiledModules/xlocale-6FDBNURC0281KADD6Y39N9ZP9.scan

PrecompileModule /Users/runner/Library/Developer/Xcode/DerivedData/countdown-commbukpdznukvarcianfztjiqgm/Build/Intermediates.noindex/ArchiveIntermediates/countdown/IntermediateBuildFilesPath/ExplicitPrecompiledModules/_Builtin_stdint-5RRRCMAOL83QS3TX3ZXHVYUU4.scan
    cd /Users/runner/work/CountdownW/CountdownW/Pods
    builtin-precompileModule /Users/runner/Library/Developer/Xcode/DerivedData/countdown-commbukpdznukvarcianfztjiqgm/Build/Intermediates.noindex/ArchiveIntermediates/countdown/IntermediateBuildFilesPath/ExplicitPrecompiledModules/_Builtin_stdint-5RRRCMAOL83QS3TX3ZXHVYUU4.scan

PrecompileModule /Users/runner/Library/Developer/Xcode/DerivedData/countdown-commbukpdznukvarcianfztjiqgm/Build/Intermediates.noindex/ArchiveIntermediates/countdown/IntermediateBuildFilesPath/ExplicitPrecompiledModules/sys_types-BULALM4JO0N9D0WC82W3P3YFQ.scan
    cd /Users/runner/work/CountdownW/CountdownW/Pods
    builtin-precompileModule /Users/runner/Library/Developer/Xcode/DerivedData/countdown-commbukpdznukvarcianfztjiqgm/Build/Intermediates.noindex/ArchiveIntermediates/countdown/IntermediateBuildFilesPath/ExplicitPrecompiledModules/sys_types-BULALM4JO0N9D0WC82W3P3YFQ.scan

PrecompileModule /Users/runner/Library/Developer/Xcode/DerivedData/countdown-commbukpdznukvarcianfztjiqgm/Build/Intermediates.noindex/ArchiveIntermediates/countdown/IntermediateBuildFilesPath/ExplicitPrecompiledModules/runetype-9KNV2G10W3VDOLGCZPMVZTUIV.scan
    cd /Users/runner/work/CountdownW/CountdownW/Pods
    builtin-precompileModule /Users/runner/Library/Developer/Xcode/DerivedData/countdown-commbukpdznukvarcianfztjiqgm/Build/Intermediates.noindex/ArchiveIntermediates/countdown/IntermediateBuildFilesPath/ExplicitPrecompiledModules/runetype-9KNV2G10W3VDOLGCZPMVZTUIV.scan

PrecompileModule /Users/runner/Library/Developer/Xcode/DerivedData/countdown-commbukpdznukvarcianfztjiqgm/Build/Intermediates.noindex/ArchiveIntermediates/countdown/IntermediateBuildFilesPath/ExplicitPrecompiledModules/sys_time-B9P0WP106NYML8T1W1YQFKAEO.scan
    cd /Users/runner/work/CountdownW/CountdownW/Pods
    builtin-precompileModule /Users/runner/Library/Developer/Xcode/DerivedData/countdown-commbukpdznukvarcianfztjiqgm/Build/Intermediates.noindex/ArchiveIntermediates/countdown/IntermediateBuildFilesPath/ExplicitPrecompiledModules/sys_time-B9P0WP106NYML8T1W1YQFKAEO.scan

PrecompileModule /Users/runner/Library/Developer/Xcode/DerivedData/countdown-commbukpdznukvarcianfztjiqgm/Build/Intermediates.noindex/ArchiveIntermediates/countdown/IntermediateBuildFilesPath/ExplicitPrecompiledModules/_Builtin_stdatomic-82BDNZ7QXTICAJK6FDRMTNU0U.scan
    cd /Users/runner/work/CountdownW/CountdownW/Pods
    builtin-precompileModule /Users/runner/Library/Developer/Xcode/DerivedData/countdown-commbukpdznukvarcianfztjiqgm/Build/Intermediates.noindex/ArchiveIntermediates/countdown/IntermediateBuildFilesPath/ExplicitPrecompiledModules/_Builtin_stdatomic-82BDNZ7QXTICAJK6FDRMTNU0U.scan

PrecompileModule /Users/runner/Library/Developer/Xcode/DerivedData/countdown-commbukpdznukvarcianfztjiqgm/Build/Intermediates.noindex/ArchiveIntermediates/countdown/IntermediateBuildFilesPath/ExplicitPrecompiledModules/_ctype-3NRLJSG86D9RV6DGV1T7O0DD.scan
    cd /Users/runner/work/CountdownW/CountdownW/Pods
    builtin-precompileModule /Users/runner/Library/Developer/Xcode/DerivedData/countdown-commbukpdznukvarcianfztjiqgm/Build/Intermediates.noindex/ArchiveIntermediates/countdown/IntermediateBuildFilesPath/ExplicitPrecompiledModules/_ctype-3NRLJSG86D9RV6DGV1T7O0DD.scan

PrecompileModule /Users/runner/Library/Developer/Xcode/DerivedData/countdown-commbukpdznukvarcianfztjiqgm/Build/Intermediates.noindex/ArchiveIntermediates/countdown/IntermediateBuildFilesPath/ExplicitPrecompiledModules/_inttypes-2ESEPJOH3KYML1SC6V1M9ZFFP.scan
    cd /Users/runner/work/CountdownW/CountdownW/Pods
    builtin-precompileModule /Users/runner/Library/Developer/Xcode/DerivedData/countdown-commbukpdznukvarcianfztjiqgm/Build/Intermediates.noindex/ArchiveIntermediates/countdown/IntermediateBuildFilesPath/ExplicitPrecompiledModules/_inttypes-2ESEPJOH3KYML1SC6V1M9ZFFP.scan

PrecompileModule /Users/runner/Library/Developer/Xcode/DerivedData/countdown-commbukpdznukvarcianfztjiqgm/Build/Intermediates.noindex/ArchiveIntermediates/countdown/IntermediateBuildFilesPath/ExplicitPrecompiledModules/sys_resource-65C68UG4R4QUZ9F56QWDMENF1.scan
    cd /Users/runner/work/CountdownW/CountdownW/Pods
    builtin-precompileModule /Users/runner/Library/Developer/Xcode/DerivedData/countdown-commbukpdznukvarcianfztjiqgm/Build/Intermediates.noindex/ArchiveIntermediates/countdown/IntermediateBuildFilesPath/ExplicitPrecompiledModules/sys_resource-65C68UG4R4QUZ9F56QWDMENF1.scan

PrecompileModule /Users/runner/Library/Developer/Xcode/DerivedData/countdown-commbukpdznukvarcianfztjiqgm/Build/Intermediates.noindex/ArchiveIntermediates/countdown/IntermediateBuildFilesPath/ExplicitPrecompiledModules/_string-75FKB8AEE1O4L1K8VA66K34CE.scan
    cd /Users/runner/work/CountdownW/CountdownW/Pods
    builtin-precompileModule /Users/runner/Library/Developer/Xcode/DerivedData/countdown-commbukpdznukvarcianfztjiqgm/Build/Intermediates.noindex/ArchiveIntermediates/countdown/IntermediateBuildFilesPath/ExplicitPrecompiledModules/_string-75FKB8AEE1O4L1K8VA66K34CE.scan

PrecompileModule /Users/runner/Library/Developer/Xcode/DerivedData/countdown-commbukpdznukvarcianfztjiqgm/Build/Intermediates.noindex/ArchiveIntermediates/countdown/IntermediateBuildFilesPath/ExplicitPrecompiledModules/__wctype-6USZRFINNJS0SIHIH7JVRV1PR.scan
    cd /Users/runner/work/CountdownW/CountdownW/Pods
    builtin-precompileModule /Users/runner/Library/Developer/Xcode/DerivedData/countdown-commbukpdznukvarcianfztjiqgm/Build/Intermediates.noindex/ArchiveIntermediates/countdown/IntermediateBuildFilesPath/ExplicitPrecompiledModules/__wctype-6USZRFINNJS0SIHIH7JVRV1PR.scan

PrecompileModule /Users/runner/Library/Developer/Xcode/DerivedData/countdown-commbukpdznukvarcianfztjiqgm/Build/Intermediates.noindex/ArchiveIntermediates/countdown/IntermediateBuildFilesPath/ExplicitPrecompiledModules/_time-C0QBPX0UWQLNZGCLSL0K0DPN1.scan
    cd /Users/runner/work/CountdownW/CountdownW/Pods
    builtin-precompileModule /Users/runner/Library/Developer/Xcode/DerivedData/countdown-commbukpdznukvarcianfztjiqgm/Build/Intermediates.noindex/ArchiveIntermediates/countdown/IntermediateBuildFilesPath/ExplicitPrecompiledModules/_time-C0QBPX0UWQLNZGCLSL0K0DPN1.scan

PrecompileModule /Users/runner/Library/Developer/Xcode/DerivedData/countdown-commbukpdznukvarcianfztjiqgm/Build/Intermediates.noindex/ArchiveIntermediates/countdown/IntermediateBuildFilesPath/ExplicitPrecompiledModules/_Builtin_inttypes-4CV9VWNPDEQVR8QB8L36M7R2F.scan
    cd /Users/runner/work/CountdownW/CountdownW/Pods
    builtin-precompileModule /Users/runner/Library/Developer/Xcode/DerivedData/countdown-commbukpdznukvarcianfztjiqgm/Build/Intermediates.noindex/ArchiveIntermediates/countdown/IntermediateBuildFilesPath/ExplicitPrecompiledModules/_Builtin_inttypes-4CV9VWNPDEQVR8QB8L36M7R2F.scan

PrecompileModule /Users/runner/Library/Developer/Xcode/DerivedData/countdown-commbukpdznukvarcianfztjiqgm/Build/Intermediates.noindex/ArchiveIntermediates/countdown/IntermediateBuildFilesPath/ExplicitPrecompiledModules/nl_types-BKF4HFTBFYTDDXLIRG3H54MFZ.scan
    cd /Users/runner/work/CountdownW/CountdownW/Pods
    builtin-precompileModule /Users/runner/Library/Developer/Xcode/DerivedData/countdown-commbukpdznukvarcianfztjiqgm/Build/Intermediates.noindex/ArchiveIntermediates/countdown/IntermediateBuildFilesPath/ExplicitPrecompiledModules/nl_types-BKF4HFTBFYTDDXLIRG3H54MFZ.scan

PrecompileModule /Users/runner/Library/Developer/Xcode/DerivedData/countdown-commbukpdznukvarcianfztjiqgm/Build/Intermediates.noindex/ArchiveIntermediates/countdown/IntermediateBuildFilesPath/ExplicitPrecompiledModules/_wctype-EKLWLGGTOMMGX28AJYRYA3RH0.scan
    cd /Users/runner/work/CountdownW/CountdownW/Pods
    builtin-precompileModule /Users/runner/Library/Developer/Xcode/DerivedData/countdown-commbukpdznukvarcianfztjiqgm/Build/Intermediates.noindex/ArchiveIntermediates/countdown/IntermediateBuildFilesPath/ExplicitPrecompiledModules/_wctype-EKLWLGGTOMMGX28AJYRYA3RH0.scan

PrecompileModule /Users/runner/Library/Developer/Xcode/DerivedData/countdown-commbukpdznukvarcianfztjiqgm/Build/Intermediates.noindex/ArchiveIntermediates/countdown/IntermediateBuildFilesPath/ExplicitPrecompiledModules/gethostuuid-912D9NXRVDIE5SVAZTPGQ0HOB.scan
    cd /Users/runner/work/CountdownW/CountdownW/Pods
    builtin-precompileModule /Users/runner/Library/Developer/Xcode/DerivedData/countdown-commbukpdznukvarcianfztjiqgm/Build/Intermediates.noindex/ArchiveIntermediates/countdown/IntermediateBuildFilesPath/ExplicitPrecompiledModules/gethostuuid-912D9NXRVDIE5SVAZTPGQ0HOB.scan

PrecompileModule /Users/runner/Library/Developer/Xcode/DerivedData/countdown-commbukpdznukvarcianfztjiqgm/Build/Intermediates.noindex/ArchiveIntermediates/countdown/IntermediateBuildFilesPath/ExplicitPrecompiledModules/_signal-97LKGLC9S67UWIB2QQFNORDJ5.scan
    cd /Users/runner/work/CountdownW/CountdownW/Pods
    builtin-precompileModule /Users/runner/Library/Developer/Xcode/DerivedData/countdown-commbukpdznukvarcianfztjiqgm/Build/Intermediates.noindex/ArchiveIntermediates/countdown/IntermediateBuildFilesPath/ExplicitPrecompiledModules/_signal-97LKGLC9S67UWIB2QQFNORDJ5.scan

PrecompileModule /Users/runner/Library/Developer/Xcode/DerivedData/countdown-commbukpdznukvarcianfztjiqgm/Build/Intermediates.noindex/ArchiveIntermediates/countdown/IntermediateBuildFilesPath/ExplicitPrecompiledModules/_stdio-681WUW7QLK1FZ7PKVG7H210FI.scan
    cd /Users/runner/work/CountdownW/CountdownW/Pods
    builtin-precompileModule /Users/runner/Library/Developer/Xcode/DerivedData/countdown-commbukpdznukvarcianfztjiqgm/Build/Intermediates.noindex/ArchiveIntermediates/countdown/IntermediateBuildFilesPath/ExplicitPrecompiledModules/_stdio-681WUW7QLK1FZ7PKVG7H210FI.scan

PrecompileModule /Users/runner/Library/Developer/Xcode/DerivedData/countdown-commbukpdznukvarcianfztjiqgm/Build/Intermediates.noindex/ArchiveIntermediates/countdown/IntermediateBuildFilesPath/ExplicitPrecompiledModules/sys_select-E4H5VKKOGDTVHATGDPBLR6INW.scan
    cd /Users/runner/work/CountdownW/CountdownW/Pods
    builtin-precompileModule /Users/runner/Library/Developer/Xcode/DerivedData/countdown-commbukpdznukvarcianfztjiqgm/Build/Intermediates.noindex/ArchiveIntermediates/countdown/IntermediateBuildFilesPath/ExplicitPrecompiledModules/sys_select-E4H5VKKOGDTVHATGDPBLR6INW.scan

PrecompileModule /Users/runner/Library/Developer/Xcode/DerivedData/countdown-commbukpdznukvarcianfztjiqgm/Build/Intermediates.noindex/ArchiveIntermediates/countdown/IntermediateBuildFilesPath/ExplicitPrecompiledModules/pthread-14HE6Q3ZVQ4A2FK4S85W5NA8R.scan
    cd /Users/runner/work/CountdownW/CountdownW/Pods
    builtin-precompileModule /Users/runner/Library/Developer/Xcode/DerivedData/countdown-commbukpdznukvarcianfztjiqgm/Build/Intermediates.noindex/ArchiveIntermediates/countdown/IntermediateBuildFilesPath/ExplicitPrecompiledModules/pthread-14HE6Q3ZVQ4A2FK4S85W5NA8R.scan

PrecompileModule /Users/runner/Library/Developer/Xcode/DerivedData/countdown-commbukpdznukvarcianfztjiqgm/Build/Intermediates.noindex/ArchiveIntermediates/countdown/IntermediateBuildFilesPath/ExplicitPrecompiledModules/sys_wait-51NZZGI5FAHZUJNS9837WVKBB.scan
    cd /Users/runner/work/CountdownW/CountdownW/Pods
    builtin-precompileModule /Users/runner/Library/Developer/Xcode/DerivedData/countdown-commbukpdznukvarcianfztjiqgm/Build/Intermediates.noindex/ArchiveIntermediates/countdown/IntermediateBuildFilesPath/ExplicitPrecompiledModules/sys_wait-51NZZGI5FAHZUJNS9837WVKBB.scan

PrecompileModule /Users/runner/Library/Developer/Xcode/DerivedData/countdown-commbukpdznukvarcianfztjiqgm/Build/Intermediates.noindex/ArchiveIntermediates/countdown/IntermediateBuildFilesPath/ExplicitPrecompiledModules/_wchar-DL6D7Z7DTM9BHBC9SWGHN0JWJ.scan
    cd /Users/runner/work/CountdownW/CountdownW/Pods
    builtin-precompileModule /Users/runner/Library/Developer/Xcode/DerivedData/countdown-commbukpdznukvarcianfztjiqgm/Build/Intermediates.noindex/ArchiveIntermediates/countdown/IntermediateBuildFilesPath/ExplicitPrecompiledModules/_wchar-DL6D7Z7DTM9BHBC9SWGHN0JWJ.scan

PrecompileModule /Users/runner/Library/Developer/Xcode/DerivedData/countdown-commbukpdznukvarcianfztjiqgm/Build/Intermediates.noindex/ArchiveIntermediates/countdown/IntermediateBuildFilesPath/ExplicitPrecompiledModules/unistd-ICPPQ80BZ43CDE2N60ALPV2W.scan
    cd /Users/runner/work/CountdownW/CountdownW/Pods
    builtin-precompileModule /Users/runner/Library/Developer/Xcode/DerivedData/countdown-commbukpdznukvarcianfztjiqgm/Build/Intermediates.noindex/ArchiveIntermediates/countdown/IntermediateBuildFilesPath/ExplicitPrecompiledModules/unistd-ICPPQ80BZ43CDE2N60ALPV2W.scan

PrecompileModule /Users/runner/Library/Developer/Xcode/DerivedData/countdown-commbukpdznukvarcianfztjiqgm/Build/Intermediates.noindex/ArchiveIntermediates/countdown/IntermediateBuildFilesPath/ExplicitPrecompiledModules/_stdlib-EF84FD7B8ONJNKPUZVWQMCEEE.scan
    cd /Users/runner/work/CountdownW/CountdownW/Pods
    builtin-precompileModule /Users/runner/Library/Developer/Xcode/DerivedData/countdown-commbukpdznukvarcianfztjiqgm/Build/Intermediates.noindex/ArchiveIntermediates/countdown/IntermediateBuildFilesPath/ExplicitPrecompiledModules/_stdlib-EF84FD7B8ONJNKPUZVWQMCEEE.scan

PrecompileModule /Users/runner/Library/Developer/Xcode/DerivedData/countdown-commbukpdznukvarcianfztjiqgm/Build/Intermediates.noindex/ArchiveIntermediates/countdown/IntermediateBuildFilesPath/ExplicitPrecompiledModules/Darwin-6UB3NTR7WAFL7VWVVU0I3MOBV.scan
    cd /Users/runner/work/CountdownW/CountdownW/Pods
    builtin-precompileModule /Users/runner/Library/Developer/Xcode/DerivedData/countdown-commbukpdznukvarcianfztjiqgm/Build/Intermediates.noindex/ArchiveIntermediates/countdown/IntermediateBuildFilesPath/ExplicitPrecompiledModules/Darwin-6UB3NTR7WAFL7VWVVU0I3MOBV.scan

PrecompileModule /Users/runner/Library/Developer/Xcode/DerivedData/countdown-commbukpdznukvarcianfztjiqgm/Build/Intermediates.noindex/ArchiveIntermediates/countdown/IntermediateBuildFilesPath/ExplicitPrecompiledModules/ObjectiveC-9D6I7I50H4KNPXKYQO0UZPZNP.scan
    cd /Users/runner/work/CountdownW/CountdownW/Pods
    builtin-precompileModule /Users/runner/Library/Developer/Xcode/DerivedData/countdown-commbukpdznukvarcianfztjiqgm/Build/Intermediates.noindex/ArchiveIntermediates/countdown/IntermediateBuildFilesPath/ExplicitPrecompiledModules/ObjectiveC-9D6I7I50H4KNPXKYQO0UZPZNP.scan

PrecompileModule /Users/runner/Library/Developer/Xcode/DerivedData/countdown-commbukpdznukvarcianfztjiqgm/Build/Intermediates.noindex/ArchiveIntermediates/countdown/IntermediateBuildFilesPath/ExplicitPrecompiledModules/os_object-BH0QUAICWKKDYK5KZ626BT3NZ.scan
    cd /Users/runner/work/CountdownW/CountdownW/Pods
    builtin-precompileModule /Users/runner/Library/Developer/Xcode/DerivedData/countdown-commbukpdznukvarcianfztjiqgm/Build/Intermediates.noindex/ArchiveIntermediates/countdown/IntermediateBuildFilesPath/ExplicitPrecompiledModules/os_object-BH0QUAICWKKDYK5KZ626BT3NZ.scan

PrecompileModule /Users/runner/Library/Developer/Xcode/DerivedData/countdown-commbukpdznukvarcianfztjiqgm/Build/Intermediates.noindex/ArchiveIntermediates/countdown/IntermediateBuildFilesPath/ExplicitPrecompiledModules/os_workgroup-3AUZPQUXYXG3UASG6RINM1TMB.scan
    cd /Users/runner/work/CountdownW/CountdownW/Pods
    builtin-precompileModule /Users/runner/Library/Developer/Xcode/DerivedData/countdown-commbukpdznukvarcianfztjiqgm/Build/Intermediates.noindex/ArchiveIntermediates/countdown/IntermediateBuildFilesPath/ExplicitPrecompiledModules/os_workgroup-3AUZPQUXYXG3UASG6RINM1TMB.scan

PrecompileModule /Users/runner/Library/Developer/Xcode/DerivedData/countdown-commbukpdznukvarcianfztjiqgm/Build/Intermediates.noindex/ArchiveIntermediates/countdown/IntermediateBuildFilesPath/ExplicitPrecompiledModules/Dispatch-37NBQ57C2XL1SUTDRX1E5PUQR.scan
    cd /Users/runner/work/CountdownW/CountdownW/Pods
    builtin-precompileModule /Users/runner/Library/Developer/Xcode/DerivedData/countdown-commbukpdznukvarcianfztjiqgm/Build/Intermediates.noindex/ArchiveIntermediates/countdown/IntermediateBuildFilesPath/ExplicitPrecompiledModules/Dispatch-37NBQ57C2XL1SUTDRX1E5PUQR.scan

PrecompileModule /Users/runner/Library/Developer/Xcode/DerivedData/countdown-commbukpdznukvarcianfztjiqgm/Build/Intermediates.noindex/ArchiveIntermediates/countdown/IntermediateBuildFilesPath/ExplicitPrecompiledModules/CoreFoundation-DDTS5JO6XQ8AWA3PGIDMSFAA7.scan
    cd /Users/runner/work/CountdownW/CountdownW/Pods
    builtin-precompileModule /Users/runner/Library/Developer/Xcode/DerivedData/countdown-commbukpdznukvarcianfztjiqgm/Build/Intermediates.noindex/ArchiveIntermediates/countdown/IntermediateBuildFilesPath/ExplicitPrecompiledModules/CoreFoundation-DDTS5JO6XQ8AWA3PGIDMSFAA7.scan

PrecompileModule /Users/runner/Library/Developer/Xcode/DerivedData/countdown-commbukpdznukvarcianfztjiqgm/Build/Intermediates.noindex/ArchiveIntermediates/countdown/IntermediateBuildFilesPath/ExplicitPrecompiledModules/XPC-3I3QYYYL5KX62QRQP5YHVOADB.scan
    cd /Users/runner/work/CountdownW/CountdownW/Pods
    builtin-precompileModule /Users/runner/Library/Developer/Xcode/DerivedData/countdown-commbukpdznukvarcianfztjiqgm/Build/Intermediates.noindex/ArchiveIntermediates/countdown/IntermediateBuildFilesPath/ExplicitPrecompiledModules/XPC-3I3QYYYL5KX62QRQP5YHVOADB.scan

PrecompileModule /Users/runner/Library/Developer/Xcode/DerivedData/countdown-commbukpdznukvarcianfztjiqgm/Build/Intermediates.noindex/ArchiveIntermediates/countdown/IntermediateBuildFilesPath/ExplicitPrecompiledModules/CFNetwork-3DKL55TCGCPWPFPA9YSZDM61P.scan
    cd /Users/runner/work/CountdownW/CountdownW/Pods
    builtin-precompileModule /Users/runner/Library/Developer/Xcode/DerivedData/countdown-commbukpdznukvarcianfztjiqgm/Build/Intermediates.noindex/ArchiveIntermediates/countdown/IntermediateBuildFilesPath/ExplicitPrecompiledModules/CFNetwork-3DKL55TCGCPWPFPA9YSZDM61P.scan

PrecompileModule /Users/runner/Library/Developer/Xcode/DerivedData/countdown-commbukpdznukvarcianfztjiqgm/Build/Intermediates.noindex/ArchiveIntermediates/countdown/IntermediateBuildFilesPath/ExplicitPrecompiledModules/CoreGraphics-3BE3SP58455K0FSCP96NQ6Z2T.scan
    cd /Users/runner/work/CountdownW/CountdownW/Pods
    builtin-precompileModule /Users/runner/Library/Developer/Xcode/DerivedData/countdown-commbukpdznukvarcianfztjiqgm/Build/Intermediates.noindex/ArchiveIntermediates/countdown/IntermediateBuildFilesPath/ExplicitPrecompiledModules/CoreGraphics-3BE3SP58455K0FSCP96NQ6Z2T.scan

PrecompileModule /Users/runner/Library/Developer/Xcode/DerivedData/countdown-commbukpdznukvarcianfztjiqgm/Build/Intermediates.noindex/ArchiveIntermediates/countdown/IntermediateBuildFilesPath/ExplicitPrecompiledModules/Security-7G8A3CSKAYPC0TKPXFK2WH0KX.scan
    cd /Users/runner/work/CountdownW/CountdownW/Pods
    builtin-precompileModule /Users/runner/Library/Developer/Xcode/DerivedData/countdown-commbukpdznukvarcianfztjiqgm/Build/Intermediates.noindex/ArchiveIntermediates/countdown/IntermediateBuildFilesPath/ExplicitPrecompiledModules/Security-7G8A3CSKAYPC0TKPXFK2WH0KX.scan

PrecompileModule /Users/runner/Library/Developer/Xcode/DerivedData/countdown-commbukpdznukvarcianfztjiqgm/Build/Intermediates.noindex/ArchiveIntermediates/countdown/IntermediateBuildFilesPath/ExplicitPrecompiledModules/Foundation-5BBE4G5HWY5WFFWOQUSF8IBO0.scan
    cd /Users/runner/work/CountdownW/CountdownW/Pods
    builtin-precompileModule /Users/runner/Library/Developer/Xcode/DerivedData/countdown-commbukpdznukvarcianfztjiqgm/Build/Intermediates.noindex/ArchiveIntermediates/countdown/IntermediateBuildFilesPath/ExplicitPrecompiledModules/Foundation-5BBE4G5HWY5WFFWOQUSF8IBO0.scan

PrecompileModule /Users/runner/Library/Developer/Xcode/DerivedData/countdown-commbukpdznukvarcianfztjiqgm/Build/Intermediates.noindex/ArchiveIntermediates/countdown/IntermediateBuildFilesPath/ExplicitPrecompiledModules/CoreText-I2NF36BYL77HP7QAH5ZUUBTJ.scan
    cd /Users/runner/work/CountdownW/CountdownW/Pods
    builtin-precompileModule /Users/runner/Library/Developer/Xcode/DerivedData/countdown-commbukpdznukvarcianfztjiqgm/Build/Intermediates.noindex/ArchiveIntermediates/countdown/IntermediateBuildFilesPath/ExplicitPrecompiledModules/CoreText-I2NF36BYL77HP7QAH5ZUUBTJ.scan

PrecompileModule /Users/runner/Library/Developer/Xcode/DerivedData/countdown-commbukpdznukvarcianfztjiqgm/Build/Intermediates.noindex/ArchiveIntermediates/countdown/IntermediateBuildFilesPath/ExplicitPrecompiledModules/ImageIO-3G0EXPUY1U8WO7RP9E33S7PCU.scan
    cd /Users/runner/work/CountdownW/CountdownW/Pods
    builtin-precompileModule /Users/runner/Library/Developer/Xcode/DerivedData/countdown-commbukpdznukvarcianfztjiqgm/Build/Intermediates.noindex/ArchiveIntermediates/countdown/IntermediateBuildFilesPath/ExplicitPrecompiledModules/ImageIO-3G0EXPUY1U8WO7RP9E33S7PCU.scan

PrecompileModule /Users/runner/Library/Developer/Xcode/DerivedData/countdown-commbukpdznukvarcianfztjiqgm/Build/Intermediates.noindex/ArchiveIntermediates/countdown/IntermediateBuildFilesPath/ExplicitPrecompiledModules/FileProvider-8WPOPOI886SYUGWXMHJXAAP90.scan
    cd /Users/runner/work/CountdownW/CountdownW/Pods
    builtin-precompileModule /Users/runner/Library/Developer/Xcode/DerivedData/countdown-commbukpdznukvarcianfztjiqgm/Build/Intermediates.noindex/ArchiveIntermediates/countdown/IntermediateBuildFilesPath/ExplicitPrecompiledModules/FileProvider-8WPOPOI886SYUGWXMHJXAAP90.scan

PrecompileModule /Users/runner/Library/Developer/Xcode/DerivedData/countdown-commbukpdznukvarcianfztjiqgm/Build/Intermediates.noindex/ArchiveIntermediates/countdown/IntermediateBuildFilesPath/ExplicitPrecompiledModules/Symbols-541VAYUFFY1NOZ8IHO78KKWO6.scan
    cd /Users/runner/work/CountdownW/CountdownW/Pods
    builtin-precompileModule /Users/runner/Library/Developer/Xcode/DerivedData/countdown-commbukpdznukvarcianfztjiqgm/Build/Intermediates.noindex/ArchiveIntermediates/countdown/IntermediateBuildFilesPath/ExplicitPrecompiledModules/Symbols-541VAYUFFY1NOZ8IHO78KKWO6.scan

PrecompileModule /Users/runner/Library/Developer/Xcode/DerivedData/countdown-commbukpdznukvarcianfztjiqgm/Build/Intermediates.noindex/ArchiveIntermediates/countdown/IntermediateBuildFilesPath/ExplicitPrecompiledModules/UserNotifications-5C3N5TIXTAPT6SG60VM0UZP7Y.scan
    cd /Users/runner/work/CountdownW/CountdownW/Pods
    builtin-precompileModule /Users/runner/Library/Developer/Xcode/DerivedData/countdown-commbukpdznukvarcianfztjiqgm/Build/Intermediates.noindex/ArchiveIntermediates/countdown/IntermediateBuildFilesPath/ExplicitPrecompiledModules/UserNotifications-5C3N5TIXTAPT6SG60VM0UZP7Y.scan

PrecompileModule /Users/runner/Library/Developer/Xcode/DerivedData/countdown-commbukpdznukvarcianfztjiqgm/Build/Intermediates.noindex/ArchiveIntermediates/countdown/IntermediateBuildFilesPath/ExplicitPrecompiledModules/IOSurface-68HU4GVAMBTPDZVPPQ74SYP1P.scan
    cd /Users/runner/work/CountdownW/CountdownW/Pods
    builtin-precompileModule /Users/runner/Library/Developer/Xcode/DerivedData/countdown-commbukpdznukvarcianfztjiqgm/Build/Intermediates.noindex/ArchiveIntermediates/countdown/IntermediateBuildFilesPath/ExplicitPrecompiledModules/IOSurface-68HU4GVAMBTPDZVPPQ74SYP1P.scan

PrecompileModule /Users/runner/Library/Developer/Xcode/DerivedData/countdown-commbukpdznukvarcianfztjiqgm/Build/Intermediates.noindex/ArchiveIntermediates/countdown/IntermediateBuildFilesPath/ExplicitPrecompiledModules/OpenGLES-E1JCICHWESZ759XKLO9ZXNEHS.scan
    cd /Users/runner/work/CountdownW/CountdownW/Pods
    builtin-precompileModule /Users/runner/Library/Developer/Xcode/DerivedData/countdown-commbukpdznukvarcianfztjiqgm/Build/Intermediates.noindex/ArchiveIntermediates/countdown/IntermediateBuildFilesPath/ExplicitPrecompiledModules/OpenGLES-E1JCICHWESZ759XKLO9ZXNEHS.scan

PrecompileModule /Users/runner/Library/Developer/Xcode/DerivedData/countdown-commbukpdznukvarcianfztjiqgm/Build/Intermediates.noindex/ArchiveIntermediates/countdown/IntermediateBuildFilesPath/ExplicitPrecompiledModules/Metal-89VJL56MSBARISPF1VQHVEPY6.scan
    cd /Users/runner/work/CountdownW/CountdownW/Pods
    builtin-precompileModule /Users/runner/Library/Developer/Xcode/DerivedData/countdown-commbukpdznukvarcianfztjiqgm/Build/Intermediates.noindex/ArchiveIntermediates/countdown/IntermediateBuildFilesPath/ExplicitPrecompiledModules/Metal-89VJL56MSBARISPF1VQHVEPY6.scan

PrecompileModule /Users/runner/Library/Developer/Xcode/DerivedData/countdown-commbukpdznukvarcianfztjiqgm/Build/Intermediates.noindex/ArchiveIntermediates/countdown/IntermediateBuildFilesPath/ExplicitPrecompiledModules/CoreVideo-9USMPAPY9D4K3TLDYMB3UD01V.scan
    cd /Users/runner/work/CountdownW/CountdownW/Pods
    builtin-precompileModule /Users/runner/Library/Developer/Xcode/DerivedData/countdown-commbukpdznukvarcianfztjiqgm/Build/Intermediates.noindex/ArchiveIntermediates/countdown/IntermediateBuildFilesPath/ExplicitPrecompiledModules/CoreVideo-9USMPAPY9D4K3TLDYMB3UD01V.scan

PrecompileModule /Users/runner/Library/Developer/Xcode/DerivedData/countdown-commbukpdznukvarcianfztjiqgm/Build/Intermediates.noindex/ArchiveIntermediates/countdown/IntermediateBuildFilesPath/ExplicitPrecompiledModules/CoreImage-4KG7OY7IKT39P0I4N5Q3FNOKU.scan
    cd /Users/runner/work/CountdownW/CountdownW/Pods
    builtin-precompileModule /Users/runner/Library/Developer/Xcode/DerivedData/countdown-commbukpdznukvarcianfztjiqgm/Build/Intermediates.noindex/ArchiveIntermediates/countdown/IntermediateBuildFilesPath/ExplicitPrecompiledModules/CoreImage-4KG7OY7IKT39P0I4N5Q3FNOKU.scan

PrecompileModule /Users/runner/Library/Developer/Xcode/DerivedData/countdown-commbukpdznukvarcianfztjiqgm/Build/Intermediates.noindex/ArchiveIntermediates/countdown/IntermediateBuildFilesPath/ExplicitPrecompiledModules/QuartzCore-3PW6GRQAUIDRW7FNJ7MP786VD.scan
    cd /Users/runner/work/CountdownW/CountdownW/Pods
    builtin-precompileModule /Users/runner/Library/Developer/Xcode/DerivedData/countdown-commbukpdznukvarcianfztjiqgm/Build/Intermediates.noindex/ArchiveIntermediates/countdown/IntermediateBuildFilesPath/ExplicitPrecompiledModules/QuartzCore-3PW6GRQAUIDRW7FNJ7MP786VD.scan

PrecompileModule /Users/runner/Library/Developer/Xcode/DerivedData/countdown-commbukpdznukvarcianfztjiqgm/Build/Intermediates.noindex/ArchiveIntermediates/countdown/IntermediateBuildFilesPath/ExplicitPrecompiledModules/UIKit-5ANDBY1VBLZSMEXTVRLURZ63B.scan
    cd /Users/runner/work/CountdownW/CountdownW/Pods
    builtin-precompileModule /Users/runner/Library/Developer/Xcode/DerivedData/countdown-commbukpdznukvarcianfztjiqgm/Build/Intermediates.noindex/ArchiveIntermediates/countdown/IntermediateBuildFilesPath/ExplicitPrecompiledModules/UIKit-5ANDBY1VBLZSMEXTVRLURZ63B.scan

CompileC /Users/runner/Library/Developer/Xcode/DerivedData/countdown-commbukpdznukvarcianfztjiqgm/Build/Intermediates.noindex/ArchiveIntermediates/countdown/IntermediateBuildFilesPath/Pods.build/Release-iphoneos/lottie-ios.build/Objects-normal/arm64/lottie-ios-dummy.o /Users/runner/work/CountdownW/CountdownW/Pods/Target\ Support\ Files/lottie-ios/lottie-ios-dummy.m normal arm64 objective-c com.apple.compilers.llvm.clang.1_0.compiler (in target 'lottie-ios' from project 'Pods')
    cd /Users/runner/work/CountdownW/CountdownW/Pods
    
    Using response file: /Users/runner/Library/Developer/Xcode/DerivedData/countdown-commbukpdznukvarcianfztjiqgm/Build/Intermediates.noindex/ArchiveIntermediates/countdown/IntermediateBuildFilesPath/Pods.build/Release-iphoneos/lottie-ios.build/Objects-normal/arm64/e6072d4f65d7061329687fe24e3d63a7-common-args.resp
    
    /Applications/Xcode_16.4.app/Contents/Developer/Toolchains/XcodeDefault.xctoolchain/usr/bin/clang -x objective-c -ivfsstatcache /Users/runner/Library/Developer/Xcode/DerivedData/SDKStatCaches.noindex/iphoneos18.5-22F76-a529daf784b3616c7c04a36aeb7f5c05.sdkstatcache -fmessage-length\=0 -fdiagnostics-show-note-include-stack -fmacro-backtrace-limit\=0 -fno-color-diagnostics -fmodules-prune-interval\=86400 -fmodules-prune-after\=345600 -fbuild-session-file\=/Users/runner/Library/Developer/Xcode/DerivedData/ModuleCache.noindex/Session.modulevalidation -fmodules-validate-once-per-build-session -Wnon-modular-include-in-framework-module -Werror\=non-modular-include-in-framework-module -Wno-trigraphs -Wno-missing-field-initializers -Wno-missing-prototypes -Werror\=return-type -Wdocumentation -Wunreachable-code -Wno-implicit-atomic-properties -Werror\=deprecated-objc-isa-usage -Wno-objc-interface-ivars -Werror\=objc-root-class -Wno-arc-repeated-use-of-weak -Wimplicit-retain-self -Wduplicate-method-match -Wno-missing-braces -Wparentheses -Wswitch -Wunused-function -Wno-unused-label -Wno-unused-parameter -Wunused-variable -Wunused-value -Wempty-body -Wuninitialized -Wconditional-uninitialized -Wno-unknown-pragmas -Wno-shadow -Wno-four-char-constants -Wno-conversion -Wconstant-conversion -Wint-conversion -Wbool-conversion -Wenum-conversion -Wno-float-conversion -Wnon-literal-null-conversion -Wobjc-literal-conversion -Wshorten-64-to-32 -Wpointer-sign -Wno-newline-eof -Wno-selector -Wno-strict-selector-match -Wundeclared-selector -Wdeprecated-implementations -Wno-implicit-fallthrough -fstrict-aliasing -Wprotocol -Wdeprecated-declarations -Wno-sign-conversion -Winfinite-recursion -Wcomma -Wblock-capture-autoreleasing -Wstrict-prototypes -Wno-semicolon-before-method-body -Wunguarded-availability @/Users/runner/Library/Developer/Xcode/DerivedData/countdown-commbukpdznukvarcianfztjiqgm/Build/Intermediates.noindex/ArchiveIntermediates/countdown/IntermediateBuildFilesPath/Pods.build/Release-iphoneos/lottie-ios.build/Objects-normal/arm64/e6072d4f65d7061329687fe24e3d63a7-common-args.resp -include /Users/runner/work/CountdownW/CountdownW/Pods/Target\ Support\ Files/lottie-ios/lottie-ios-prefix.pch -MMD -MT dependencies -MF /Users/runner/Library/Developer/Xcode/DerivedData/countdown-commbukpdznukvarcianfztjiqgm/Build/Intermediates.noindex/ArchiveIntermediates/countdown/IntermediateBuildFilesPath/Pods.build/Release-iphoneos/lottie-ios.build/Objects-normal/arm64/lottie-ios-dummy.d --serialize-diagnostics /Users/runner/Library/Developer/Xcode/DerivedData/countdown-commbukpdznukvarcianfztjiqgm/Build/Intermediates.noindex/ArchiveIntermediates/countdown/IntermediateBuildFilesPath/Pods.build/Release-iphoneos/lottie-ios.build/Objects-normal/arm64/lottie-ios-dummy.dia -c /Users/runner/work/CountdownW/CountdownW/Pods/Target\ Support\ Files/lottie-ios/lottie-ios-dummy.m -o /Users/runner/Library/Developer/Xcode/DerivedData/countdown-commbukpdznukvarcianfztjiqgm/Build/Intermediates.noindex/ArchiveIntermediates/countdown/IntermediateBuildFilesPath/Pods.build/Release-iphoneos/lottie-ios.build/Objects-normal/arm64/lottie-ios-dummy.o

Ld /Users/runner/Library/Developer/Xcode/DerivedData/countdown-commbukpdznukvarcianfztjiqgm/Build/Intermediates.noindex/ArchiveIntermediates/countdown/IntermediateBuildFilesPath/UninstalledProducts/iphoneos/Lottie.framework/Lottie normal (in target 'lottie-ios' from project 'Pods')
    cd /Users/runner/work/CountdownW/CountdownW/Pods
    /Applications/Xcode_16.4.app/Contents/Developer/Toolchains/XcodeDefault.xctoolchain/usr/bin/clang -Xlinker -reproducible -target arm64-apple-ios13.0 -dynamiclib -isysroot /Applications/Xcode_16.4.app/Contents/Developer/Platforms/iPhoneOS.platform/Developer/SDKs/iPhoneOS18.5.sdk -Os -L/Users/runner/Library/Developer/Xcode/DerivedData/countdown-commbukpdznukvarcianfztjiqgm/Build/Intermediates.noindex/ArchiveIntermediates/countdown/IntermediateBuildFilesPath/EagerLinkingTBDs/Release-iphoneos -L/Users/runner/Library/Developer/Xcode/DerivedData/countdown-commbukpdznukvarcianfztjiqgm/Build/Intermediates.noindex/ArchiveIntermediates/countdown/BuildProductsPath/Release-iphoneos/lottie-ios -L/Applications/Xcode_16.4.app/Contents/Developer/Toolchains/XcodeDefault.xctoolchain/usr/lib/swift/iphoneos -L/Applications/Xcode_16.4.app/Contents/Developer/Platforms/iPhoneOS.platform/Developer/SDKs/iPhoneOS18.5.sdk/usr/lib/swift -F/Users/runner/Library/Developer/Xcode/DerivedData/countdown-commbukpdznukvarcianfztjiqgm/Build/Intermediates.noindex/ArchiveIntermediates/countdown/IntermediateBuildFilesPath/EagerLinkingTBDs/Release-iphoneos -F/Users/runner/Library/Developer/Xcode/DerivedData/countdown-commbukpdznukvarcianfztjiqgm/Build/Intermediates.noindex/ArchiveIntermediates/countdown/BuildProductsPath/Release-iphoneos/lottie-ios -filelist /Users/runner/Library/Developer/Xcode/DerivedData/countdown-commbukpdznukvarcianfztjiqgm/Build/Intermediates.noindex/ArchiveIntermediates/countdown/IntermediateBuildFilesPath/Pods.build/Release-iphoneos/lottie-ios.build/Objects-normal/arm64/Lottie.LinkFileList -install_name @rpath/Lottie.framework/Lottie -Xlinker -rpath -Xlinker /usr/lib/swift -Xlinker -rpath -Xlinker @executable_path/Frameworks -Xlinker -rpath -Xlinker @loader_path/Frameworks -dead_strip -Xlinker -object_path_lto -Xlinker /Users/runner/Library/Developer/Xcode/DerivedData/countdown-commbukpdznukvarcianfztjiqgm/Build/Intermediates.noindex/ArchiveIntermediates/countdown/IntermediateBuildFilesPath/Pods.build/Release-iphoneos/lottie-ios.build/Objects-normal/arm64/Lottie_lto.o -Xlinker -dependency_info -Xlinker /Users/runner/Library/Developer/Xcode/DerivedData/countdown-commbukpdznukvarcianfztjiqgm/Build/Intermediates.noindex/ArchiveIntermediates/countdown/IntermediateBuildFilesPath/Pods.build/Release-iphoneos/lottie-ios.build/Objects-normal/arm64/Lottie_dependency_info.dat -fobjc-arc -fobjc-link-runtime -L/Applications/Xcode_16.4.app/Contents/Developer/Toolchains/XcodeDefault.xctoolchain/usr/lib/swift/iphoneos -L/usr/lib/swift -Xlinker -add_ast_path -Xlinker /Users/runner/Library/Developer/Xcode/DerivedData/countdown-commbukpdznukvarcianfztjiqgm/Build/Intermediates.noindex/ArchiveIntermediates/countdown/IntermediateBuildFilesPath/Pods.build/Release-iphoneos/lottie-ios.build/Objects-normal/arm64/Lottie.swiftmodule -framework CoreGraphics -framework QuartzCore -framework UIKit -weak_framework Combine -weak_framework SwiftUI -framework CoreGraphics -framework Foundation -framework QuartzCore -framework UIKit -compatibility_version 1 -current_version 1 -o /Users/runner/Library/Developer/Xcode/DerivedData/countdown-commbukpdznukvarcianfztjiqgm/Build/Intermediates.noindex/ArchiveIntermediates/countdown/IntermediateBuildFilesPath/UninstalledProducts/iphoneos/Lottie.framework/Lottie

ExtractAppIntentsMetadata (in target 'lottie-ios' from project 'Pods')
    cd /Users/runner/work/CountdownW/CountdownW/Pods
    /Applications/Xcode_16.4.app/Contents/Developer/Toolchains/XcodeDefault.xctoolchain/usr/bin/appintentsmetadataprocessor --toolchain-dir /Applications/Xcode_16.4.app/Contents/Developer/Toolchains/XcodeDefault.xctoolchain --module-name Lottie --sdk-root /Applications/Xcode_16.4.app/Contents/Developer/Platforms/iPhoneOS.platform/Developer/SDKs/iPhoneOS18.5.sdk --xcode-version 16F6 --platform-family iOS --deployment-target 13.0 --bundle-identifier org.cocoapods.Lottie --output /Users/runner/Library/Developer/Xcode/DerivedData/countdown-commbukpdznukvarcianfztjiqgm/Build/Intermediates.noindex/ArchiveIntermediates/countdown/IntermediateBuildFilesPath/UninstalledProducts/iphoneos/Lottie.framework --target-triple arm64-apple-ios13.0 --binary-file /Users/runner/Library/Developer/Xcode/DerivedData/countdown-commbukpdznukvarcianfztjiqgm/Build/Intermediates.noindex/ArchiveIntermediates/countdown/IntermediateBuildFilesPath/UninstalledProducts/iphoneos/Lottie.framework/Lottie --dependency-file /Users/runner/Library/Developer/Xcode/DerivedData/countdown-commbukpdznukvarcianfztjiqgm/Build/Intermediates.noindex/ArchiveIntermediates/countdown/IntermediateBuildFilesPath/Pods.build/Release-iphoneos/lottie-ios.build/Objects-normal/arm64/Lottie_dependency_info.dat --stringsdata-file /Users/runner/Library/Developer/Xcode/DerivedData/countdown-commbukpdznukvarcianfztjiqgm/Build/Intermediates.noindex/ArchiveIntermediates/countdown/IntermediateBuildFilesPath/Pods.build/Release-iphoneos/lottie-ios.build/Objects-normal/arm64/ExtractedAppShortcutsMetadata.stringsdata --source-file-list /Users/runner/Library/Developer/Xcode/DerivedData/countdown-commbukpdznukvarcianfztjiqgm/Build/Intermediates.noindex/ArchiveIntermediates/countdown/IntermediateBuildFilesPath/Pods.build/Release-iphoneos/lottie-ios.build/Objects-normal/arm64/Lottie.SwiftFileList --metadata-file-list /Users/runner/Library/Developer/Xcode/DerivedData/countdown-commbukpdznukvarcianfztjiqgm/Build/Intermediates.noindex/ArchiveIntermediates/countdown/IntermediateBuildFilesPath/Pods.build/Release-iphoneos/lottie-ios.build/Lottie.DependencyMetadataFileList --static-metadata-file-list /Users/runner/Library/Developer/Xcode/DerivedData/countdown-commbukpdznukvarcianfztjiqgm/Build/Intermediates.noindex/ArchiveIntermediates/countdown/IntermediateBuildFilesPath/Pods.build/Release-iphoneos/lottie-ios.build/Lottie.DependencyStaticMetadataFileList --swift-const-vals-list /Users/runner/Library/Developer/Xcode/DerivedData/countdown-commbukpdznukvarcianfztjiqgm/Build/Intermediates.noindex/ArchiveIntermediates/countdown/IntermediateBuildFilesPath/Pods.build/Release-iphoneos/lottie-ios.build/Objects-normal/arm64/Lottie.SwiftConstValuesFileList --compile-time-extraction --deployment-aware-processing --validate-assistant-intents --no-app-shortcuts-localization
2026-04-07 06:48:12.200 appintentsmetadataprocessor[5703:20002] Starting appintentsmetadataprocessor export
2026-04-07 06:48:12.204 appintentsmetadataprocessor[5703:20002] warning: Metadata extraction skipped. No AppIntents.framework dependency found.

GenerateDSYMFile /Users/runner/Library/Developer/Xcode/DerivedData/countdown-commbukpdznukvarcianfztjiqgm/Build/Intermediates.noindex/ArchiveIntermediates/countdown/BuildProductsPath/Release-iphoneos/lottie-ios/Lottie.framework.dSYM /Users/runner/Library/Developer/Xcode/DerivedData/countdown-commbukpdznukvarcianfztjiqgm/Build/Intermediates.noindex/ArchiveIntermediates/countdown/IntermediateBuildFilesPath/UninstalledProducts/iphoneos/Lottie.framework/Lottie (in target 'lottie-ios' from project 'Pods')
    cd /Users/runner/work/CountdownW/CountdownW/Pods
    /Applications/Xcode_16.4.app/Contents/Developer/Toolchains/XcodeDefault.xctoolchain/usr/bin/dsymutil /Users/runner/Library/Developer/Xcode/DerivedData/countdown-commbukpdznukvarcianfztjiqgm/Build/Intermediates.noindex/ArchiveIntermediates/countdown/IntermediateBuildFilesPath/UninstalledProducts/iphoneos/Lottie.framework/Lottie -o /Users/runner/Library/Developer/Xcode/DerivedData/countdown-commbukpdznukvarcianfztjiqgm/Build/Intermediates.noindex/ArchiveIntermediates/countdown/BuildProductsPath/Release-iphoneos/lottie-ios/Lottie.framework.dSYM

AppIntentsSSUTraining (in target 'lottie-ios' from project 'Pods')
    cd /Users/runner/work/CountdownW/CountdownW/Pods
    /Applications/Xcode_16.4.app/Contents/Developer/Toolchains/XcodeDefault.xctoolchain/usr/bin/appintentsnltrainingprocessor --infoplist-path /Users/runner/Library/Developer/Xcode/DerivedData/countdown-commbukpdznukvarcianfztjiqgm/Build/Intermediates.noindex/ArchiveIntermediates/countdown/IntermediateBuildFilesPath/UninstalledProducts/iphoneos/Lottie.framework/Info.plist --temp-dir-path /Users/runner/Library/Developer/Xcode/DerivedData/countdown-commbukpdznukvarcianfztjiqgm/Build/Intermediates.noindex/ArchiveIntermediates/countdown/IntermediateBuildFilesPath/Pods.build/Release-iphoneos/lottie-ios.build/ssu --bundle-id org.cocoapods.Lottie --product-path /Users/runner/Library/Developer/Xcode/DerivedData/countdown-commbukpdznukvarcianfztjiqgm/Build/Intermediates.noindex/ArchiveIntermediates/countdown/IntermediateBuildFilesPath/UninstalledProducts/iphoneos/Lottie.framework --extracted-metadata-path /Users/runner/Library/Developer/Xcode/DerivedData/countdown-commbukpdznukvarcianfztjiqgm/Build/Intermediates.noindex/ArchiveIntermediates/countdown/IntermediateBuildFilesPath/UninstalledProducts/iphoneos/Lottie.framework/Metadata.appintents --deployment-postprocessing --metadata-file-list /Users/runner/Library/Developer/Xcode/DerivedData/countdown-commbukpdznukvarcianfztjiqgm/Build/Intermediates.noindex/ArchiveIntermediates/countdown/IntermediateBuildFilesPath/Pods.build/Release-iphoneos/lottie-ios.build/Lottie.DependencyMetadataFileList --archive-ssu-assets
2026-04-07 06:48:12.242 appintentsnltrainingprocessor[5707:20013] Parsing options for appintentsnltrainingprocessor
2026-04-07 06:48:12.243 appintentsnltrainingprocessor[5707:20013] No AppShortcuts found - Skipping.

GenerateTAPI /Users/runner/Library/Developer/Xcode/DerivedData/countdown-commbukpdznukvarcianfztjiqgm/Build/Intermediates.noindex/ArchiveIntermediates/countdown/IntermediateBuildFilesPath/EagerLinkingTBDs/Release-iphoneos/Lottie.framework/Lottie.tbd (in target 'lottie-ios' from project 'Pods')
    cd /Users/runner/work/CountdownW/CountdownW/Pods
    /Applications/Xcode_16.4.app/Contents/Developer/Toolchains/XcodeDefault.xctoolchain/usr/bin/tapi stubify -isysroot /Applications/Xcode_16.4.app/Contents/Developer/Platforms/iPhoneOS.platform/Developer/SDKs/iPhoneOS18.5.sdk -F/Users/runner/Library/Developer/Xcode/DerivedData/countdown-commbukpdznukvarcianfztjiqgm/Build/Intermediates.noindex/ArchiveIntermediates/countdown/BuildProductsPath/Release-iphoneos/lottie-ios -L/Users/runner/Library/Developer/Xcode/DerivedData/countdown-commbukpdznukvarcianfztjiqgm/Build/Intermediates.noindex/ArchiveIntermediates/countdown/BuildProductsPath/Release-iphoneos/lottie-ios -L/Applications/Xcode_16.4.app/Contents/Developer/Toolchains/XcodeDefault.xctoolchain/usr/lib/swift/iphoneos -L/Applications/Xcode_16.4.app/Contents/Developer/Platforms/iPhoneOS.platform/Developer/SDKs/iPhoneOS18.5.sdk/usr/lib/swift /Users/runner/Library/Developer/Xcode/DerivedData/countdown-commbukpdznukvarcianfztjiqgm/Build/Intermediates.noindex/ArchiveIntermediates/countdown/IntermediateBuildFilesPath/UninstalledProducts/iphoneos/Lottie.framework/Lottie -o /Users/runner/Library/Developer/Xcode/DerivedData/countdown-commbukpdznukvarcianfztjiqgm/Build/Intermediates.noindex/ArchiveIntermediates/countdown/IntermediateBuildFilesPath/EagerLinkingTBDs/Release-iphoneos/Lottie.framework/Lottie.tbd

SetOwnerAndGroup runner:staff /Users/runner/Library/Developer/Xcode/DerivedData/countdown-commbukpdznukvarcianfztjiqgm/Build/Intermediates.noindex/ArchiveIntermediates/countdown/IntermediateBuildFilesPath/UninstalledProducts/iphoneos/Lottie.framework (in target 'lottie-ios' from project 'Pods')
    cd /Users/runner/work/CountdownW/CountdownW/Pods
    /usr/sbin/chown -RH runner:staff /Users/runner/Library/Developer/Xcode/DerivedData/countdown-commbukpdznukvarcianfztjiqgm/Build/Intermediates.noindex/ArchiveIntermediates/countdown/IntermediateBuildFilesPath/UninstalledProducts/iphoneos/Lottie.framework

SetMode u+w,go-w,a+rX /Users/runner/Library/Developer/Xcode/DerivedData/countdown-commbukpdznukvarcianfztjiqgm/Build/Intermediates.noindex/ArchiveIntermediates/countdown/IntermediateBuildFilesPath/UninstalledProducts/iphoneos/Lottie.framework (in target 'lottie-ios' from project 'Pods')
    cd /Users/runner/work/CountdownW/CountdownW/Pods
    /bin/chmod -RH u+w,go-w,a+rX /Users/runner/Library/Developer/Xcode/DerivedData/countdown-commbukpdznukvarcianfztjiqgm/Build/Intermediates.noindex/ArchiveIntermediates/countdown/IntermediateBuildFilesPath/UninstalledProducts/iphoneos/Lottie.framework

RegisterExecutionPolicyException /Users/runner/Library/Developer/Xcode/DerivedData/countdown-commbukpdznukvarcianfztjiqgm/Build/Intermediates.noindex/ArchiveIntermediates/countdown/IntermediateBuildFilesPath/UninstalledProducts/iphoneos/Lottie.framework (in target 'lottie-ios' from project 'Pods')
    cd /Users/runner/work/CountdownW/CountdownW/Pods
    builtin-RegisterExecutionPolicyException /Users/runner/Library/Developer/Xcode/DerivedData/countdown-commbukpdznukvarcianfztjiqgm/Build/Intermediates.noindex/ArchiveIntermediates/countdown/IntermediateBuildFilesPath/UninstalledProducts/iphoneos/Lottie.framework

Touch /Users/runner/Library/Developer/Xcode/DerivedData/countdown-commbukpdznukvarcianfztjiqgm/Build/Intermediates.noindex/ArchiveIntermediates/countdown/IntermediateBuildFilesPath/UninstalledProducts/iphoneos/Lottie.framework (in target 'lottie-ios' from project 'Pods')
    cd /Users/runner/work/CountdownW/CountdownW/Pods
    /usr/bin/touch -c /Users/runner/Library/Developer/Xcode/DerivedData/countdown-commbukpdznukvarcianfztjiqgm/Build/Intermediates.noindex/ArchiveIntermediates/countdown/IntermediateBuildFilesPath/UninstalledProducts/iphoneos/Lottie.framework

Libtool /Users/runner/Library/Developer/Xcode/DerivedData/countdown-commbukpdznukvarcianfztjiqgm/Build/Intermediates.noindex/ArchiveIntermediates/countdown/IntermediateBuildFilesPath/UninstalledProducts/iphoneos/Pods_countdown.framework/Pods_countdown normal (in target 'Pods-countdown' from project 'Pods')
    cd /Users/runner/work/CountdownW/CountdownW/Pods
    /Applications/Xcode_16.4.app/Contents/Developer/Toolchains/XcodeDefault.xctoolchain/usr/bin/libtool -static -arch_only arm64 -D -syslibroot /Applications/Xcode_16.4.app/Contents/Developer/Platforms/iPhoneOS.platform/Developer/SDKs/iPhoneOS18.5.sdk -L/Users/runner/Library/Developer/Xcode/DerivedData/countdown-commbukpdznukvarcianfztjiqgm/Build/Intermediates.noindex/ArchiveIntermediates/countdown/BuildProductsPath/Release-iphoneos -L/Applications/Xcode_16.4.app/Contents/Developer/Toolchains/XcodeDefault.xctoolchain/usr/lib/swift/iphoneos -L/Applications/Xcode_16.4.app/Contents/Developer/Platforms/iPhoneOS.platform/Developer/SDKs/iPhoneOS18.5.sdk/usr/lib/swift -filelist /Users/runner/Library/Developer/Xcode/DerivedData/countdown-commbukpdznukvarcianfztjiqgm/Build/Intermediates.noindex/ArchiveIntermediates/countdown/IntermediateBuildFilesPath/Pods.build/Release-iphoneos/Pods-countdown.build/Objects-normal/arm64/Pods_countdown.LinkFileList -framework Foundation -dependency_info /Users/runner/Library/Developer/Xcode/DerivedData/countdown-commbukpdznukvarcianfztjiqgm/Build/Intermediates.noindex/ArchiveIntermediates/countdown/IntermediateBuildFilesPath/Pods.build/Release-iphoneos/Pods-countdown.build/Objects-normal/arm64/Pods_countdown_libtool_dependency_info.dat -o /Users/runner/Library/Developer/Xcode/DerivedData/countdown-commbukpdznukvarcianfztjiqgm/Build/Intermediates.noindex/ArchiveIntermediates/countdown/IntermediateBuildFilesPath/UninstalledProducts/iphoneos/Pods_countdown.framework/Pods_countdown

ProcessInfoPlistFile /Users/runner/Library/Developer/Xcode/DerivedData/countdown-commbukpdznukvarcianfztjiqgm/Build/Intermediates.noindex/ArchiveIntermediates/countdown/IntermediateBuildFilesPath/UninstalledProducts/iphoneos/Pods_countdown.framework/Info.plist /Users/runner/work/CountdownW/CountdownW/Pods/Target\ Support\ Files/Pods-countdown/Pods-countdown-Info.plist (in target 'Pods-countdown' from project 'Pods')
    cd /Users/runner/work/CountdownW/CountdownW/Pods
    builtin-infoPlistUtility /Users/runner/work/CountdownW/CountdownW/Pods/Target\ Support\ Files/Pods-countdown/Pods-countdown-Info.plist -producttype com.apple.product-type.framework -expandbuildsettings -format binary -platform iphoneos -requiredArchitecture arm64 -o /Users/runner/Library/Developer/Xcode/DerivedData/countdown-commbukpdznukvarcianfztjiqgm/Build/Intermediates.noindex/ArchiveIntermediates/countdown/IntermediateBuildFilesPath/UninstalledProducts/iphoneos/Pods_countdown.framework/Info.plist

SetOwnerAndGroup runner:staff /Users/runner/Library/Developer/Xcode/DerivedData/countdown-commbukpdznukvarcianfztjiqgm/Build/Intermediates.noindex/ArchiveIntermediates/countdown/IntermediateBuildFilesPath/UninstalledProducts/iphoneos/Pods_countdown.framework (in target 'Pods-countdown' from project 'Pods')
    cd /Users/runner/work/CountdownW/CountdownW/Pods
    /usr/sbin/chown -RH runner:staff /Users/runner/Library/Developer/Xcode/DerivedData/countdown-commbukpdznukvarcianfztjiqgm/Build/Intermediates.noindex/ArchiveIntermediates/countdown/IntermediateBuildFilesPath/UninstalledProducts/iphoneos/Pods_countdown.framework

SetMode u+w,go-w,a+rX /Users/runner/Library/Developer/Xcode/DerivedData/countdown-commbukpdznukvarcianfztjiqgm/Build/Intermediates.noindex/ArchiveIntermediates/countdown/IntermediateBuildFilesPath/UninstalledProducts/iphoneos/Pods_countdown.framework (in target 'Pods-countdown' from project 'Pods')
    cd /Users/runner/work/CountdownW/CountdownW/Pods
    /bin/chmod -RH u+w,go-w,a+rX /Users/runner/Library/Developer/Xcode/DerivedData/countdown-commbukpdznukvarcianfztjiqgm/Build/Intermediates.noindex/ArchiveIntermediates/countdown/IntermediateBuildFilesPath/UninstalledProducts/iphoneos/Pods_countdown.framework

RegisterExecutionPolicyException /Users/runner/Library/Developer/Xcode/DerivedData/countdown-commbukpdznukvarcianfztjiqgm/Build/Intermediates.noindex/ArchiveIntermediates/countdown/IntermediateBuildFilesPath/UninstalledProducts/iphoneos/Pods_countdown.framework (in target 'Pods-countdown' from project 'Pods')
    cd /Users/runner/work/CountdownW/CountdownW/Pods
    builtin-RegisterExecutionPolicyException /Users/runner/Library/Developer/Xcode/DerivedData/countdown-commbukpdznukvarcianfztjiqgm/Build/Intermediates.noindex/ArchiveIntermediates/countdown/IntermediateBuildFilesPath/UninstalledProducts/iphoneos/Pods_countdown.framework

Touch /Users/runner/Library/Developer/Xcode/DerivedData/countdown-commbukpdznukvarcianfztjiqgm/Build/Intermediates.noindex/ArchiveIntermediates/countdown/IntermediateBuildFilesPath/UninstalledProducts/iphoneos/Pods_countdown.framework (in target 'Pods-countdown' from project 'Pods')
    cd /Users/runner/work/CountdownW/CountdownW/Pods
    /usr/bin/touch -c /Users/runner/Library/Developer/Xcode/DerivedData/countdown-commbukpdznukvarcianfztjiqgm/Build/Intermediates.noindex/ArchiveIntermediates/countdown/IntermediateBuildFilesPath/UninstalledProducts/iphoneos/Pods_countdown.framework

ValidateDevelopmentAssets /Users/runner/Library/Developer/Xcode/DerivedData/countdown-commbukpdznukvarcianfztjiqgm/Build/Intermediates.noindex/ArchiveIntermediates/countdown/IntermediateBuildFilesPath/countdown.build/Release-iphoneos/countdown.build (in target 'countdown' from project 'countdown')
    cd /Users/runner/work/CountdownW/CountdownW
    builtin-validate-development-assets --validate YES_ERROR /Users/runner/work/CountdownW/CountdownW/countdown/Preview\ Content

PhaseScriptExecution [CP]\ Check\ Pods\ Manifest.lock /Users/runner/Library/Developer/Xcode/DerivedData/countdown-commbukpdznukvarcianfztjiqgm/Build/Intermediates.noindex/ArchiveIntermediates/countdown/IntermediateBuildFilesPath/countdown.build/Release-iphoneos/countdown.build/Script-64AFF38909023B6C265B5857.sh (in target 'countdown' from project 'countdown')
    cd /Users/runner/work/CountdownW/CountdownW
    /bin/sh -c /Users/runner/Library/Developer/Xcode/DerivedData/countdown-commbukpdznukvarcianfztjiqgm/Build/Intermediates.noindex/ArchiveIntermediates/countdown/IntermediateBuildFilesPath/countdown.build/Release-iphoneos/countdown.build/Script-64AFF38909023B6C265B5857.sh

MkDir /Users/runner/Library/Developer/Xcode/DerivedData/countdown-commbukpdznukvarcianfztjiqgm/Build/Intermediates.noindex/ArchiveIntermediates/countdown/IntermediateBuildFilesPath/countdown.build/Release-iphoneos/countdown.build/assetcatalog_output/unthinned (in target 'countdown' from project 'countdown')
    cd /Users/runner/work/CountdownW/CountdownW
    /bin/mkdir -p /Users/runner/Library/Developer/Xcode/DerivedData/countdown-commbukpdznukvarcianfztjiqgm/Build/Intermediates.noindex/ArchiveIntermediates/countdown/IntermediateBuildFilesPath/countdown.build/Release-iphoneos/countdown.build/assetcatalog_output/unthinned

MkDir /Users/runner/Library/Developer/Xcode/DerivedData/countdown-commbukpdznukvarcianfztjiqgm/Build/Intermediates.noindex/ArchiveIntermediates/countdown/IntermediateBuildFilesPath/countdown.build/Release-iphoneos/countdown.build/assetcatalog_output/thinned (in target 'countdown' from project 'countdown')
    cd /Users/runner/work/CountdownW/CountdownW
    /bin/mkdir -p /Users/runner/Library/Developer/Xcode/DerivedData/countdown-commbukpdznukvarcianfztjiqgm/Build/Intermediates.noindex/ArchiveIntermediates/countdown/IntermediateBuildFilesPath/countdown.build/Release-iphoneos/countdown.build/assetcatalog_output/thinned

GenerateAssetSymbols /Users/runner/work/CountdownW/CountdownW/countdown/Assets.xcassets (in target 'countdown' from project 'countdown')
    cd /Users/runner/work/CountdownW/CountdownW
    /Applications/Xcode_16.4.app/Contents/Developer/usr/bin/actool /Users/runner/work/CountdownW/CountdownW/countdown/Assets.xcassets --compile /Users/runner/Library/Developer/Xcode/DerivedData/countdown-commbukpdznukvarcianfztjiqgm/Build/Intermediates.noindex/ArchiveIntermediates/countdown/InstallationBuildProductsLocation/Applications/countdown.app --output-format human-readable-text --notices --warnings --export-dependency-info /Users/runner/Library/Developer/Xcode/DerivedData/countdown-commbukpdznukvarcianfztjiqgm/Build/Intermediates.noindex/ArchiveIntermediates/countdown/IntermediateBuildFilesPath/countdown.build/Release-iphoneos/countdown.build/assetcatalog_dependencies --output-partial-info-plist /Users/runner/Library/Developer/Xcode/DerivedData/countdown-commbukpdznukvarcianfztjiqgm/Build/Intermediates.noindex/ArchiveIntermediates/countdown/IntermediateBuildFilesPath/countdown.build/Release-iphoneos/countdown.build/assetcatalog_generated_info.plist --app-icon AppIcon --accent-color AccentColor --compress-pngs --enable-on-demand-resources YES --development-region en --target-device iphone --minimum-deployment-target 15.0 --platform iphoneos --bundle-identifier com.count.down.day --generate-swift-asset-symbols /Users/runner/Library/Developer/Xcode/DerivedData/countdown-commbukpdznukvarcianfztjiqgm/Build/Intermediates.noindex/ArchiveIntermediates/countdown/IntermediateBuildFilesPath/countdown.build/Release-iphoneos/countdown.build/DerivedSources/GeneratedAssetSymbols.swift --generate-objc-asset-symbols /Users/runner/Library/Developer/Xcode/DerivedData/countdown-commbukpdznukvarcianfztjiqgm/Build/Intermediates.noindex/ArchiveIntermediates/countdown/IntermediateBuildFilesPath/countdown.build/Release-iphoneos/countdown.build/DerivedSources/GeneratedAssetSymbols.h --generate-asset-symbol-index /Users/runner/Library/Developer/Xcode/DerivedData/countdown-commbukpdznukvarcianfztjiqgm/Build/Intermediates.noindex/ArchiveIntermediates/countdown/IntermediateBuildFilesPath/countdown.build/Release-iphoneos/countdown.build/DerivedSources/GeneratedAssetSymbols-Index.plist
/* com.apple.actool.compilation-results */
/Users/runner/Library/Developer/Xcode/DerivedData/countdown-commbukpdznukvarcianfztjiqgm/Build/Intermediates.noindex/ArchiveIntermediates/countdown/IntermediateBuildFilesPath/countdown.build/Release-iphoneos/countdown.build/DerivedSources/GeneratedAssetSymbols-Index.plist
/Users/runner/Library/Developer/Xcode/DerivedData/countdown-commbukpdznukvarcianfztjiqgm/Build/Intermediates.noindex/ArchiveIntermediates/countdown/IntermediateBuildFilesPath/countdown.build/Release-iphoneos/countdown.build/DerivedSources/GeneratedAssetSymbols.h
/Users/runner/Library/Developer/Xcode/DerivedData/countdown-commbukpdznukvarcianfztjiqgm/Build/Intermediates.noindex/ArchiveIntermediates/countdown/IntermediateBuildFilesPath/countdown.build/Release-iphoneos/countdown.build/DerivedSources/GeneratedAssetSymbols.swift


CpResource /Users/runner/Library/Developer/Xcode/DerivedData/countdown-commbukpdznukvarcianfztjiqgm/Build/Intermediates.noindex/ArchiveIntermediates/countdown/InstallationBuildProductsLocation/Applications/countdown.app/vip_loading.json /Users/runner/work/CountdownW/CountdownW/countdown/Resources/vip_loading.json (in target 'countdown' from project 'countdown')
    cd /Users/runner/work/CountdownW/CountdownW
    builtin-copy -exclude .DS_Store -exclude CVS -exclude .svn -exclude .git -exclude .hg -resolve-src-symlinks /Users/runner/work/CountdownW/CountdownW/countdown/Resources/vip_loading.json /Users/runner/Library/Developer/Xcode/DerivedData/countdown-commbukpdznukvarcianfztjiqgm/Build/Intermediates.noindex/ArchiveIntermediates/countdown/InstallationBuildProductsLocation/Applications/countdown.app

CpResource /Users/runner/Library/Developer/Xcode/DerivedData/countdown-commbukpdznukvarcianfztjiqgm/Build/Intermediates.noindex/ArchiveIntermediates/countdown/InstallationBuildProductsLocation/Applications/countdown.app/setup.sh /Users/runner/work/CountdownW/CountdownW/countdown/setup.sh (in target 'countdown' from project 'countdown')
    cd /Users/runner/work/CountdownW/CountdownW
    builtin-copy -exclude .DS_Store -exclude CVS -exclude .svn -exclude .git -exclude .hg -resolve-src-symlinks /Users/runner/work/CountdownW/CountdownW/countdown/setup.sh /Users/runner/Library/Developer/Xcode/DerivedData/countdown-commbukpdznukvarcianfztjiqgm/Build/Intermediates.noindex/ArchiveIntermediates/countdown/InstallationBuildProductsLocation/Applications/countdown.app

CpResource /Users/runner/Library/Developer/Xcode/DerivedData/countdown-commbukpdznukvarcianfztjiqgm/Build/Intermediates.noindex/ArchiveIntermediates/countdown/InstallationBuildProductsLocation/Applications/countdown.app/USAGE_GUIDE.md /Users/runner/work/CountdownW/CountdownW/countdown/USAGE_GUIDE.md (in target 'countdown' from project 'countdown')
    cd /Users/runner/work/CountdownW/CountdownW
    builtin-copy -exclude .DS_Store -exclude CVS -exclude .svn -exclude .git -exclude .hg -resolve-src-symlinks /Users/runner/work/CountdownW/CountdownW/countdown/USAGE_GUIDE.md /Users/runner/Library/Developer/Xcode/DerivedData/countdown-commbukpdznukvarcianfztjiqgm/Build/Intermediates.noindex/ArchiveIntermediates/countdown/InstallationBuildProductsLocation/Applications/countdown.app

CpResource /Users/runner/Library/Developer/Xcode/DerivedData/countdown-commbukpdznukvarcianfztjiqgm/Build/Intermediates.noindex/ArchiveIntermediates/countdown/InstallationBuildProductsLocation/Applications/countdown.app/README.md /Users/runner/work/CountdownW/CountdownW/countdown/README.md (in target 'countdown' from project 'countdown')
    cd /Users/runner/work/CountdownW/CountdownW
    builtin-copy -exclude .DS_Store -exclude CVS -exclude .svn -exclude .git -exclude .hg -resolve-src-symlinks /Users/runner/work/CountdownW/CountdownW/countdown/README.md /Users/runner/Library/Developer/Xcode/DerivedData/countdown-commbukpdznukvarcianfztjiqgm/Build/Intermediates.noindex/ArchiveIntermediates/countdown/InstallationBuildProductsLocation/Applications/countdown.app

CpResource /Users/runner/Library/Developer/Xcode/DerivedData/countdown-commbukpdznukvarcianfztjiqgm/Build/Intermediates.noindex/ArchiveIntermediates/countdown/InstallationBuildProductsLocation/Applications/countdown.app/Info.plist.backup /Users/runner/work/CountdownW/CountdownW/countdown/Info.plist.backup (in target 'countdown' from project 'countdown')
    cd /Users/runner/work/CountdownW/CountdownW
    builtin-copy -exclude .DS_Store -exclude CVS -exclude .svn -exclude .git -exclude .hg -resolve-src-symlinks /Users/runner/work/CountdownW/CountdownW/countdown/Info.plist.backup /Users/runner/Library/Developer/Xcode/DerivedData/countdown-commbukpdznukvarcianfztjiqgm/Build/Intermediates.noindex/ArchiveIntermediates/countdown/InstallationBuildProductsLocation/Applications/countdown.app

CopyStringsFile /Users/runner/Library/Developer/Xcode/DerivedData/countdown-commbukpdznukvarcianfztjiqgm/Build/Intermediates.noindex/ArchiveIntermediates/countdown/InstallationBuildProductsLocation/Applications/countdown.app/zh-Hans.lproj/Localizable.strings /Users/runner/work/CountdownW/CountdownW/countdown/zh-Hans.lproj/Localizable.strings (in target 'countdown' from project 'countdown')
    cd /Users/runner/work/CountdownW/CountdownW
    builtin-copyStrings --validate --outputencoding binary --outfilename Localizable.strings --outdir /Users/runner/Library/Developer/Xcode/DerivedData/countdown-commbukpdznukvarcianfztjiqgm/Build/Intermediates.noindex/ArchiveIntermediates/countdown/InstallationBuildProductsLocation/Applications/countdown.app/zh-Hans.lproj -- /Users/runner/work/CountdownW/CountdownW/countdown/zh-Hans.lproj/Localizable.strings
/Users/runner/work/CountdownW/CountdownW/countdown/zh-Hans.lproj/Localizable.strings:1:1: note: detected encoding of input file as Unicode (UTF-8) (in target 'countdown' from project 'countdown')

CopyStringsFile /Users/runner/Library/Developer/Xcode/DerivedData/countdown-commbukpdznukvarcianfztjiqgm/Build/Intermediates.noindex/ArchiveIntermediates/countdown/InstallationBuildProductsLocation/Applications/countdown.app/zh-Hans.lproj/InfoPlist.strings /Users/runner/work/CountdownW/CountdownW/countdown/zh-Hans.lproj/InfoPlist.strings (in target 'countdown' from project 'countdown')
    cd /Users/runner/work/CountdownW/CountdownW
    builtin-copyStrings --validate --outputencoding binary --outfilename InfoPlist.strings --outdir /Users/runner/Library/Developer/Xcode/DerivedData/countdown-commbukpdznukvarcianfztjiqgm/Build/Intermediates.noindex/ArchiveIntermediates/countdown/InstallationBuildProductsLocation/Applications/countdown.app/zh-Hans.lproj -- /Users/runner/work/CountdownW/CountdownW/countdown/zh-Hans.lproj/InfoPlist.strings
/Users/runner/work/CountdownW/CountdownW/countdown/zh-Hans.lproj/InfoPlist.strings:1:1: note: detected encoding of input file as Unicode (UTF-8) (in target 'countdown' from project 'countdown')

CopyStringsFile /Users/runner/Library/Developer/Xcode/DerivedData/countdown-commbukpdznukvarcianfztjiqgm/Build/Intermediates.noindex/ArchiveIntermediates/countdown/InstallationBuildProductsLocation/Applications/countdown.app/en.lproj/Localizable.strings /Users/runner/work/CountdownW/CountdownW/countdown/en.lproj/Localizable.strings (in target 'countdown' from project 'countdown')
    cd /Users/runner/work/CountdownW/CountdownW
    builtin-copyStrings --validate --outputencoding binary --outfilename Localizable.strings --outdir /Users/runner/Library/Developer/Xcode/DerivedData/countdown-commbukpdznukvarcianfztjiqgm/Build/Intermediates.noindex/ArchiveIntermediates/countdown/InstallationBuildProductsLocation/Applications/countdown.app/en.lproj -- /Users/runner/work/CountdownW/CountdownW/countdown/en.lproj/Localizable.strings
/Users/runner/work/CountdownW/CountdownW/countdown/en.lproj/Localizable.strings:1:1: note: detected encoding of input file as Unicode (UTF-8) (in target 'countdown' from project 'countdown')

CopyStringsFile /Users/runner/Library/Developer/Xcode/DerivedData/countdown-commbukpdznukvarcianfztjiqgm/Build/Intermediates.noindex/ArchiveIntermediates/countdown/InstallationBuildProductsLocation/Applications/countdown.app/en.lproj/InfoPlist.strings /Users/runner/work/CountdownW/CountdownW/countdown/en.lproj/InfoPlist.strings (in target 'countdown' from project 'countdown')
    cd /Users/runner/work/CountdownW/CountdownW
    builtin-copyStrings --validate --outputencoding binary --outfilename InfoPlist.strings --outdir /Users/runner/Library/Developer/Xcode/DerivedData/countdown-commbukpdznukvarcianfztjiqgm/Build/Intermediates.noindex/ArchiveIntermediates/countdown/InstallationBuildProductsLocation/Applications/countdown.app/en.lproj -- /Users/runner/work/CountdownW/CountdownW/countdown/en.lproj/InfoPlist.strings
/Users/runner/work/CountdownW/CountdownW/countdown/en.lproj/InfoPlist.strings:1:1: note: detected encoding of input file as Unicode (UTF-8) (in target 'countdown' from project 'countdown')

CompileStoryboard /Users/runner/work/CountdownW/CountdownW/countdown/Base.lproj/LaunchScreen.storyboard (in target 'countdown' from project 'countdown')
    cd /Users/runner/work/CountdownW/CountdownW
    /Applications/Xcode_16.4.app/Contents/Developer/usr/bin/ibtool --errors --warnings --notices --companion-strings-file en:/Users/runner/work/CountdownW/CountdownW/countdown/en.lproj/LaunchScreen.strings --companion-strings-file zh-Hans:/Users/runner/work/CountdownW/CountdownW/countdown/zh-Hans.lproj/LaunchScreen.strings --module countdown --output-partial-info-plist /Users/runner/Library/Developer/Xcode/DerivedData/countdown-commbukpdznukvarcianfztjiqgm/Build/Intermediates.noindex/ArchiveIntermediates/countdown/IntermediateBuildFilesPath/countdown.build/Release-iphoneos/countdown.build/Base.lproj/LaunchScreen-SBPartialInfo.plist --auto-activate-custom-fonts --target-device iphone --minimum-deployment-target 15.0 --output-format human-readable-text /Users/runner/work/CountdownW/CountdownW/countdown/Base.lproj/LaunchScreen.storyboard --compilation-directory /Users/runner/Library/Developer/Xcode/DerivedData/countdown-commbukpdznukvarcianfztjiqgm/Build/Intermediates.noindex/ArchiveIntermediates/countdown/IntermediateBuildFilesPath/countdown.build/Release-iphoneos/countdown.build/Base.lproj

CompileAssetCatalogVariant thinned /Users/runner/Library/Developer/Xcode/DerivedData/countdown-commbukpdznukvarcianfztjiqgm/Build/Intermediates.noindex/ArchiveIntermediates/countdown/InstallationBuildProductsLocation/Applications/countdown.app /Users/runner/work/CountdownW/CountdownW/countdown/Assets.xcassets (in target 'countdown' from project 'countdown')
    cd /Users/runner/work/CountdownW/CountdownW
    /Applications/Xcode_16.4.app/Contents/Developer/usr/bin/actool /Users/runner/work/CountdownW/CountdownW/countdown/Assets.xcassets --compile /Users/runner/Library/Developer/Xcode/DerivedData/countdown-commbukpdznukvarcianfztjiqgm/Build/Intermediates.noindex/ArchiveIntermediates/countdown/IntermediateBuildFilesPath/countdown.build/Release-iphoneos/countdown.build/assetcatalog_output/thinned --output-format human-readable-text --notices --warnings --export-dependency-info /Users/runner/Library/Developer/Xcode/DerivedData/countdown-commbukpdznukvarcianfztjiqgm/Build/Intermediates.noindex/ArchiveIntermediates/countdown/IntermediateBuildFilesPath/countdown.build/Release-iphoneos/countdown.build/assetcatalog_dependencies_thinned --output-partial-info-plist /Users/runner/Library/Developer/Xcode/DerivedData/countdown-commbukpdznukvarcianfztjiqgm/Build/Intermediates.noindex/ArchiveIntermediates/countdown/IntermediateBuildFilesPath/countdown.build/Release-iphoneos/countdown.build/assetcatalog_generated_info.plist_thinned --app-icon AppIcon --accent-color AccentColor --compress-pngs --enable-on-demand-resources YES --development-region en --target-device iphone --minimum-deployment-target 15.0 --platform iphoneos
/* com.apple.actool.compilation-results */
/Users/runner/Library/Developer/Xcode/DerivedData/countdown-commbukpdznukvarcianfztjiqgm/Build/Intermediates.noindex/ArchiveIntermediates/countdown/IntermediateBuildFilesPath/countdown.build/Release-iphoneos/countdown.build/assetcatalog_generated_info.plist_thinned
/Users/runner/Library/Developer/Xcode/DerivedData/countdown-commbukpdznukvarcianfztjiqgm/Build/Intermediates.noindex/ArchiveIntermediates/countdown/IntermediateBuildFilesPath/countdown.build/Release-iphoneos/countdown.build/assetcatalog_output/thinned/AppIcon60x60@2x.png
/Users/runner/Library/Developer/Xcode/DerivedData/countdown-commbukpdznukvarcianfztjiqgm/Build/Intermediates.noindex/ArchiveIntermediates/countdown/IntermediateBuildFilesPath/countdown.build/Release-iphoneos/countdown.build/assetcatalog_output/thinned/AppIcon76x76@2x~ipad.png
/Users/runner/Library/Developer/Xcode/DerivedData/countdown-commbukpdznukvarcianfztjiqgm/Build/Intermediates.noindex/ArchiveIntermediates/countdown/IntermediateBuildFilesPath/countdown.build/Release-iphoneos/countdown.build/assetcatalog_output/thinned/Assets.car


SwiftDriver countdown normal arm64 com.apple.xcode.tools.swift.compiler (in target 'countdown' from project 'countdown')
    cd /Users/runner/work/CountdownW/CountdownW
    builtin-SwiftDriver -- /Applications/Xcode_16.4.app/Contents/Developer/Toolchains/XcodeDefault.xctoolchain/usr/bin/swiftc -module-name countdown -O -whole-module-optimization -enforce-exclusivity\=checked @/Users/runner/Library/Developer/Xcode/DerivedData/countdown-commbukpdznukvarcianfztjiqgm/Build/Intermediates.noindex/ArchiveIntermediates/countdown/IntermediateBuildFilesPath/countdown.build/Release-iphoneos/countdown.build/Objects-normal/arm64/countdown.SwiftFileList -D COCOAPODS -enable-bare-slash-regex -enable-experimental-feature DebugDescriptionMacro -sdk /Applications/Xcode_16.4.app/Contents/Developer/Platforms/iPhoneOS.platform/Developer/SDKs/iPhoneOS18.5.sdk -target arm64-apple-ios15.0 -g -module-cache-path /Users/runner/Library/Developer/Xcode/DerivedData/ModuleCache.noindex -Xfrontend -serialize-debugging-options -swift-version 5 -I /Users/runner/Library/Developer/Xcode/DerivedData/countdown-commbukpdznukvarcianfztjiqgm/Build/Intermediates.noindex/ArchiveIntermediates/countdown/BuildProductsPath/Release-iphoneos -F /Users/runner/Library/Developer/Xcode/DerivedData/countdown-commbukpdznukvarcianfztjiqgm/Build/Intermediates.noindex/ArchiveIntermediates/countdown/BuildProductsPath/Release-iphoneos -F /Users/runner/Library/Developer/Xcode/DerivedData/countdown-commbukpdznukvarcianfztjiqgm/Build/Intermediates.noindex/ArchiveIntermediates/countdown/BuildProductsPath/Release-iphoneos/ApplePurchaseKit -F /Users/runner/Library/Developer/Xcode/DerivedData/countdown-commbukpdznukvarcianfztjiqgm/Build/Intermediates.noindex/ArchiveIntermediates/countdown/BuildProductsPath/Release-iphoneos/KeychainAccess -F /Users/runner/Library/Developer/Xcode/DerivedData/countdown-commbukpdznukvarcianfztjiqgm/Build/Intermediates.noindex/ArchiveIntermediates/countdown/BuildProductsPath/Release-iphoneos/SVProgressHUD -F /Users/runner/Library/Developer/Xcode/DerivedData/countdown-commbukpdznukvarcianfztjiqgm/Build/Intermediates.noindex/ArchiveIntermediates/countdown/BuildProductsPath/Release-iphoneos/lottie-ios -F /Users/runner/work/CountdownW/CountdownW/Pods/UMCommon/UMCommon_7.5.8 -F /Users/runner/work/CountdownW/CountdownW/Pods/UMDevice/UMDevice_3.5.0 -F /Users/runner/Library/Developer/Xcode/DerivedData/countdown-commbukpdznukvarcianfztjiqgm/Build/Intermediates.noindex/ArchiveIntermediates/countdown/BuildProductsPath/Release-iphoneos/XCFrameworkIntermediates/UMCommon -F /Users/runner/Library/Developer/Xcode/DerivedData/countdown-commbukpdznukvarcianfztjiqgm/Build/Intermediates.noindex/ArchiveIntermediates/countdown/BuildProductsPath/Release-iphoneos/XCFrameworkIntermediates/UMDevice -emit-localized-strings -emit-localized-strings-path /Users/runner/Library/Developer/Xcode/DerivedData/countdown-commbukpdznukvarcianfztjiqgm/Build/Intermediates.noindex/ArchiveIntermediates/countdown/IntermediateBuildFilesPath/countdown.build/Release-iphoneos/countdown.build/Objects-normal/arm64 -c -num-threads 3 -Xcc -ivfsstatcache -Xcc /Users/runner/Library/Developer/Xcode/DerivedData/SDKStatCaches.noindex/iphoneos18.5-22F76-a529daf784b3616c7c04a36aeb7f5c05.sdkstatcache -output-file-map /Users/runner/Library/Developer/Xcode/DerivedData/countdown-commbukpdznukvarcianfztjiqgm/Build/Intermediates.noindex/ArchiveIntermediates/countdown/IntermediateBuildFilesPath/countdown.build/Release-iphoneos/countdown.build/Objects-normal/arm64/countdown-OutputFileMap.json -use-frontend-parseable-output -save-temps -no-color-diagnostics -serialize-diagnostics -emit-dependencies -emit-module -emit-module-path /Users/runner/Library/Developer/Xcode/DerivedData/countdown-commbukpdznukvarcianfztjiqgm/Build/Intermediates.noindex/ArchiveIntermediates/countdown/IntermediateBuildFilesPath/countdown.build/Release-iphoneos/countdown.build/Objects-normal/arm64/countdown.swiftmodule -validate-clang-modules-once -clang-build-session-file /Users/runner/Library/Developer/Xcode/DerivedData/ModuleCache.noindex/Session.modulevalidation -Xcc -I/Users/runner/Library/Developer/Xcode/DerivedData/countdown-commbukpdznukvarcianfztjiqgm/Build/Intermediates.noindex/ArchiveIntermediates/countdown/IntermediateBuildFilesPath/countdown.build/Release-iphoneos/countdown.build/swift-overrides.hmap -emit-const-values -Xfrontend -const-gather-protocols-file -Xfrontend /Users/runner/Library/Developer/Xcode/DerivedData/countdown-commbukpdznukvarcianfztjiqgm/Build/Intermediates.noindex/ArchiveIntermediates/countdown/IntermediateBuildFilesPath/countdown.build/Release-iphoneos/countdown.build/Objects-normal/arm64/countdown_const_extract_protocols.json -Xcc -iquote -Xcc /Users/runner/Library/Developer/Xcode/DerivedData/countdown-commbukpdznukvarcianfztjiqgm/Build/Intermediates.noindex/ArchiveIntermediates/countdown/IntermediateBuildFilesPath/countdown.build/Release-iphoneos/countdown.build/countdown-generated-files.hmap -Xcc -I/Users/runner/Library/Developer/Xcode/DerivedData/countdown-commbukpdznukvarcianfztjiqgm/Build/Intermediates.noindex/ArchiveIntermediates/countdown/IntermediateBuildFilesPath/countdown.build/Release-iphoneos/countdown.build/countdown-own-target-headers.hmap -Xcc -I/Users/runner/Library/Developer/Xcode/DerivedData/countdown-commbukpdznukvarcianfztjiqgm/Build/Intermediates.noindex/ArchiveIntermediates/countdown/IntermediateBuildFilesPath/countdown.build/Release-iphoneos/countdown.build/countdown-all-non-framework-target-headers.hmap -Xcc -ivfsoverlay -Xcc /Users/runner/Library/Developer/Xcode/DerivedData/countdown-commbukpdznukvarcianfztjiqgm/Build/Intermediates.noindex/ArchiveIntermediates/countdown/IntermediateBuildFilesPath/countdown.build/Release-iphoneos/countdown-2eb4714b6656ea7e18fda0d3c4a7cf03-VFS-iphoneos/all-product-headers.yaml -Xcc -iquote -Xcc /Users/runner/Library/Developer/Xcode/DerivedData/countdown-commbukpdznukvarcianfztjiqgm/Build/Intermediates.noindex/ArchiveIntermediates/countdown/IntermediateBuildFilesPath/countdown.build/Release-iphoneos/countdown.build/countdown-project-headers.hmap -Xcc -I/Users/runner/Library/Developer/Xcode/DerivedData/countdown-commbukpdznukvarcianfztjiqgm/Build/Intermediates.noindex/ArchiveIntermediates/countdown/BuildProductsPath/Release-iphoneos/include -Xcc -I/Users/runner/Library/Developer/Xcode/DerivedData/countdown-commbukpdznukvarcianfztjiqgm/Build/Intermediates.noindex/ArchiveIntermediates/countdown/BuildProductsPath/Release-iphoneos/ApplePurchaseKit/ApplePurchaseKit.framework/Headers -Xcc -I/Users/runner/Library/Developer/Xcode/DerivedData/countdown-commbukpdznukvarcianfztjiqgm/Build/Intermediates.noindex/ArchiveIntermediates/countdown/BuildProductsPath/Release-iphoneos/KeychainAccess/KeychainAccess.framework/Headers -Xcc -I/Users/runner/Library/Developer/Xcode/DerivedData/countdown-commbukpdznukvarcianfztjiqgm/Build/Intermediates.noindex/ArchiveIntermediates/countdown/BuildProductsPath/Release-iphoneos/SVProgressHUD/SVProgressHUD.framework/Headers -Xcc -I/Users/runner/Library/Developer/Xcode/DerivedData/countdown-commbukpdznukvarcianfztjiqgm/Build/Intermediates.noindex/ArchiveIntermediates/countdown/BuildProductsPath/Release-iphoneos/lottie-ios/Lottie.framework/Headers -Xcc -I/Users/runner/Library/Developer/Xcode/DerivedData/countdown-commbukpdznukvarcianfztjiqgm/Build/Intermediates.noindex/ArchiveIntermediates/countdown/IntermediateBuildFilesPath/countdown.build/Release-iphoneos/countdown.build/DerivedSources-normal/arm64 -Xcc -I/Users/runner/Library/Developer/Xcode/DerivedData/countdown-commbukpdznukvarcianfztjiqgm/Build/Intermediates.noindex/ArchiveIntermediates/countdown/IntermediateBuildFilesPath/countdown.build/Release-iphoneos/countdown.build/DerivedSources/arm64 -Xcc -I/Users/runner/Library/Developer/Xcode/DerivedData/countdown-commbukpdznukvarcianfztjiqgm/Build/Intermediates.noindex/ArchiveIntermediates/countdown/IntermediateBuildFilesPath/countdown.build/Release-iphoneos/countdown.build/DerivedSources -Xcc -DCOCOAPODS\=1 -emit-objc-header -emit-objc-header-path /Users/runner/Library/Developer/Xcode/DerivedData/countdown-commbukpdznukvarcianfztjiqgm/Build/Intermediates.noindex/ArchiveIntermediates/countdown/IntermediateBuildFilesPath/countdown.build/Release-iphoneos/countdown.build/Objects-normal/arm64/countdown-Swift.h -working-directory /Users/runner/work/CountdownW/CountdownW -no-emit-module-separately-wmo

SwiftCompile normal arm64 Compiling\ CountdownNotificationManager.swift,\ CDRefundView.swift,\ CDOnboardingLoadingView.swift,\ CountdownManager.swift,\ CDLottieView.swift,\ CountdownApp.swift,\ CategoriesView.swift,\ CalendarView.swift,\ CountdownCardView.swift,\ SubscriptionView.swift,\ STVIPLoadingView.swift,\ SubscriptionModels.swift,\ SettingsView.swift,\ CountdownItem.swift,\ OnboardingView.swift,\ CDUserInfo.swift,\ NotificationSettingsView.swift,\ CDUserDefaultManager.swift,\ HomeView.swift,\ CDPurchaseServices.swift,\ CreateCountdownView.swift,\ CountdownDetailView.swift,\ String+Localization.swift,\ ContentView.swift,\ GeneratedAssetSymbols.swift /Users/runner/work/CountdownW/CountdownW/countdown/ViewModels/CountdownNotificationManager.swift /Users/runner/work/CountdownW/CountdownW/countdown/Views/CDRefundView.swift /Users/runner/work/CountdownW/CountdownW/countdown/Views/CDOnboardingLoadingView.swift /Users/runner/work/CountdownW/CountdownW/countdown/ViewModels/CountdownManager.swift /Users/runner/work/CountdownW/CountdownW/countdown/Views/CDLottieView.swift /Users/runner/work/CountdownW/CountdownW/countdown/CountdownApp.swift /Users/runner/work/CountdownW/CountdownW/countdown/Views/CategoriesView.swift /Users/runner/work/CountdownW/CountdownW/countdown/Views/CalendarView.swift /Users/runner/work/CountdownW/CountdownW/countdown/Views/Components/CountdownCardView.swift /Users/runner/work/CountdownW/CountdownW/countdown/Views/SubscriptionView.swift /Users/runner/work/CountdownW/CountdownW/countdown/Views/STVIPLoadingView.swift /Users/runner/work/CountdownW/CountdownW/countdown/Models/SubscriptionModels.swift /Users/runner/work/CountdownW/CountdownW/countdown/Views/SettingsView.swift /Users/runner/work/CountdownW/CountdownW/countdown/Models/CountdownItem.swift /Users/runner/work/CountdownW/CountdownW/countdown/Views/OnboardingView.swift /Users/runner/work/CountdownW/CountdownW/countdown/Models/CDUserInfo.swift /Users/runner/work/CountdownW/CountdownW/countdown/Views/NotificationSettingsView.swift /Users/runner/work/CountdownW/CountdownW/countdown/Models/CDUserDefaultManager.swift /Users/runner/work/CountdownW/CountdownW/countdown/Views/HomeView.swift /Users/runner/work/CountdownW/CountdownW/countdown/Models/CDPurchaseServices.swift /Users/runner/work/CountdownW/CountdownW/countdown/Views/CreateCountdownView.swift /Users/runner/work/CountdownW/CountdownW/countdown/Views/CountdownDetailView.swift /Users/runner/work/CountdownW/CountdownW/countdown/Extensions/String+Localization.swift /Users/runner/work/CountdownW/CountdownW/countdown/Views/ContentView.swift /Users/runner/Library/Developer/Xcode/DerivedData/countdown-commbukpdznukvarcianfztjiqgm/Build/Intermediates.noindex/ArchiveIntermediates/countdown/IntermediateBuildFilesPath/countdown.build/Release-iphoneos/countdown.build/DerivedSources/GeneratedAssetSymbols.swift (in target 'countdown' from project 'countdown')
CompileSwift normal arm64 (in target 'countdown' from project 'countdown')
    cd /Users/runner/work/CountdownW/CountdownW
    
/Users/runner/work/CountdownW/CountdownW/countdown/Views/HomeView.swift:83:49: warning: 'requestReview()' was deprecated in iOS 14.0: Use -[SKStoreReviewController requestReviewInScene:]
                        SKStoreReviewController.requestReview()
                                                ^
/Users/runner/work/CountdownW/CountdownW/countdown/Views/HomeView.swift:95:49: warning: 'requestReview()' was deprecated in iOS 14.0: Use -[SKStoreReviewController requestReviewInScene:]
                        SKStoreReviewController.requestReview()
                                                ^
/Users/runner/work/CountdownW/CountdownW/countdown/Views/HomeView.swift:355:13: warning: initialization of immutable value 'startOfMonth' was never used; consider replacing with assignment to '_' or removing it
        let startOfMonth = calendar.dateInterval(of: .month, for: selectedDate)?.start ?? selectedDate
        ~~~~^~~~~~~~~~~~
        _

SwiftDriver\ Compilation countdown normal arm64 com.apple.xcode.tools.swift.compiler (in target 'countdown' from project 'countdown')
    cd /Users/runner/work/CountdownW/CountdownW
    builtin-Swift-Compilation -- /Applications/Xcode_16.4.app/Contents/Developer/Toolchains/XcodeDefault.xctoolchain/usr/bin/swiftc -module-name countdown -O -whole-module-optimization -enforce-exclusivity\=checked @/Users/runner/Library/Developer/Xcode/DerivedData/countdown-commbukpdznukvarcianfztjiqgm/Build/Intermediates.noindex/ArchiveIntermediates/countdown/IntermediateBuildFilesPath/countdown.build/Release-iphoneos/countdown.build/Objects-normal/arm64/countdown.SwiftFileList -D COCOAPODS -enable-bare-slash-regex -enable-experimental-feature DebugDescriptionMacro -sdk /Applications/Xcode_16.4.app/Contents/Developer/Platforms/iPhoneOS.platform/Developer/SDKs/iPhoneOS18.5.sdk -target arm64-apple-ios15.0 -g -module-cache-path /Users/runner/Library/Developer/Xcode/DerivedData/ModuleCache.noindex -Xfrontend -serialize-debugging-options -swift-version 5 -I /Users/runner/Library/Developer/Xcode/DerivedData/countdown-commbukpdznukvarcianfztjiqgm/Build/Intermediates.noindex/ArchiveIntermediates/countdown/BuildProductsPath/Release-iphoneos -F /Users/runner/Library/Developer/Xcode/DerivedData/countdown-commbukpdznukvarcianfztjiqgm/Build/Intermediates.noindex/ArchiveIntermediates/countdown/BuildProductsPath/Release-iphoneos -F /Users/runner/Library/Developer/Xcode/DerivedData/countdown-commbukpdznukvarcianfztjiqgm/Build/Intermediates.noindex/ArchiveIntermediates/countdown/BuildProductsPath/Release-iphoneos/ApplePurchaseKit -F /Users/runner/Library/Developer/Xcode/DerivedData/countdown-commbukpdznukvarcianfztjiqgm/Build/Intermediates.noindex/ArchiveIntermediates/countdown/BuildProductsPath/Release-iphoneos/KeychainAccess -F /Users/runner/Library/Developer/Xcode/DerivedData/countdown-commbukpdznukvarcianfztjiqgm/Build/Intermediates.noindex/ArchiveIntermediates/countdown/BuildProductsPath/Release-iphoneos/SVProgressHUD -F /Users/runner/Library/Developer/Xcode/DerivedData/countdown-commbukpdznukvarcianfztjiqgm/Build/Intermediates.noindex/ArchiveIntermediates/countdown/BuildProductsPath/Release-iphoneos/lottie-ios -F /Users/runner/work/CountdownW/CountdownW/Pods/UMCommon/UMCommon_7.5.8 -F /Users/runner/work/CountdownW/CountdownW/Pods/UMDevice/UMDevice_3.5.0 -F /Users/runner/Library/Developer/Xcode/DerivedData/countdown-commbukpdznukvarcianfztjiqgm/Build/Intermediates.noindex/ArchiveIntermediates/countdown/BuildProductsPath/Release-iphoneos/XCFrameworkIntermediates/UMCommon -F /Users/runner/Library/Developer/Xcode/DerivedData/countdown-commbukpdznukvarcianfztjiqgm/Build/Intermediates.noindex/ArchiveIntermediates/countdown/BuildProductsPath/Release-iphoneos/XCFrameworkIntermediates/UMDevice -emit-localized-strings -emit-localized-strings-path /Users/runner/Library/Developer/Xcode/DerivedData/countdown-commbukpdznukvarcianfztjiqgm/Build/Intermediates.noindex/ArchiveIntermediates/countdown/IntermediateBuildFilesPath/countdown.build/Release-iphoneos/countdown.build/Objects-normal/arm64 -c -num-threads 3 -Xcc -ivfsstatcache -Xcc /Users/runner/Library/Developer/Xcode/DerivedData/SDKStatCaches.noindex/iphoneos18.5-22F76-a529daf784b3616c7c04a36aeb7f5c05.sdkstatcache -output-file-map /Users/runner/Library/Developer/Xcode/DerivedData/countdown-commbukpdznukvarcianfztjiqgm/Build/Intermediates.noindex/ArchiveIntermediates/countdown/IntermediateBuildFilesPath/countdown.build/Release-iphoneos/countdown.build/Objects-normal/arm64/countdown-OutputFileMap.json -use-frontend-parseable-output -save-temps -no-color-diagnostics -serialize-diagnostics -emit-dependencies -emit-module -emit-module-path /Users/runner/Library/Developer/Xcode/DerivedData/countdown-commbukpdznukvarcianfztjiqgm/Build/Intermediates.noindex/ArchiveIntermediates/countdown/IntermediateBuildFilesPath/countdown.build/Release-iphoneos/countdown.build/Objects-normal/arm64/countdown.swiftmodule -validate-clang-modules-once -clang-build-session-file /Users/runner/Library/Developer/Xcode/DerivedData/ModuleCache.noindex/Session.modulevalidation -Xcc -I/Users/runner/Library/Developer/Xcode/DerivedData/countdown-commbukpdznukvarcianfztjiqgm/Build/Intermediates.noindex/ArchiveIntermediates/countdown/IntermediateBuildFilesPath/countdown.build/Release-iphoneos/countdown.build/swift-overrides.hmap -emit-const-values -Xfrontend -const-gather-protocols-file -Xfrontend /Users/runner/Library/Developer/Xcode/DerivedData/countdown-commbukpdznukvarcianfztjiqgm/Build/Intermediates.noindex/ArchiveIntermediates/countdown/IntermediateBuildFilesPath/countdown.build/Release-iphoneos/countdown.build/Objects-normal/arm64/countdown_const_extract_protocols.json -Xcc -iquote -Xcc /Users/runner/Library/Developer/Xcode/DerivedData/countdown-commbukpdznukvarcianfztjiqgm/Build/Intermediates.noindex/ArchiveIntermediates/countdown/IntermediateBuildFilesPath/countdown.build/Release-iphoneos/countdown.build/countdown-generated-files.hmap -Xcc -I/Users/runner/Library/Developer/Xcode/DerivedData/countdown-commbukpdznukvarcianfztjiqgm/Build/Intermediates.noindex/ArchiveIntermediates/countdown/IntermediateBuildFilesPath/countdown.build/Release-iphoneos/countdown.build/countdown-own-target-headers.hmap -Xcc -I/Users/runner/Library/Developer/Xcode/DerivedData/countdown-commbukpdznukvarcianfztjiqgm/Build/Intermediates.noindex/ArchiveIntermediates/countdown/IntermediateBuildFilesPath/countdown.build/Release-iphoneos/countdown.build/countdown-all-non-framework-target-headers.hmap -Xcc -ivfsoverlay -Xcc /Users/runner/Library/Developer/Xcode/DerivedData/countdown-commbukpdznukvarcianfztjiqgm/Build/Intermediates.noindex/ArchiveIntermediates/countdown/IntermediateBuildFilesPath/countdown.build/Release-iphoneos/countdown-2eb4714b6656ea7e18fda0d3c4a7cf03-VFS-iphoneos/all-product-headers.yaml -Xcc -iquote -Xcc /Users/runner/Library/Developer/Xcode/DerivedData/countdown-commbukpdznukvarcianfztjiqgm/Build/Intermediates.noindex/ArchiveIntermediates/countdown/IntermediateBuildFilesPath/countdown.build/Release-iphoneos/countdown.build/countdown-project-headers.hmap -Xcc -I/Users/runner/Library/Developer/Xcode/DerivedData/countdown-commbukpdznukvarcianfztjiqgm/Build/Intermediates.noindex/ArchiveIntermediates/countdown/BuildProductsPath/Release-iphoneos/include -Xcc -I/Users/runner/Library/Developer/Xcode/DerivedData/countdown-commbukpdznukvarcianfztjiqgm/Build/Intermediates.noindex/ArchiveIntermediates/countdown/BuildProductsPath/Release-iphoneos/ApplePurchaseKit/ApplePurchaseKit.framework/Headers -Xcc -I/Users/runner/Library/Developer/Xcode/DerivedData/countdown-commbukpdznukvarcianfztjiqgm/Build/Intermediates.noindex/ArchiveIntermediates/countdown/BuildProductsPath/Release-iphoneos/KeychainAccess/KeychainAccess.framework/Headers -Xcc -I/Users/runner/Library/Developer/Xcode/DerivedData/countdown-commbukpdznukvarcianfztjiqgm/Build/Intermediates.noindex/ArchiveIntermediates/countdown/BuildProductsPath/Release-iphoneos/SVProgressHUD/SVProgressHUD.framework/Headers -Xcc -I/Users/runner/Library/Developer/Xcode/DerivedData/countdown-commbukpdznukvarcianfztjiqgm/Build/Intermediates.noindex/ArchiveIntermediates/countdown/BuildProductsPath/Release-iphoneos/lottie-ios/Lottie.framework/Headers -Xcc -I/Users/runner/Library/Developer/Xcode/DerivedData/countdown-commbukpdznukvarcianfztjiqgm/Build/Intermediates.noindex/ArchiveIntermediates/countdown/IntermediateBuildFilesPath/countdown.build/Release-iphoneos/countdown.build/DerivedSources-normal/arm64 -Xcc -I/Users/runner/Library/Developer/Xcode/DerivedData/countdown-commbukpdznukvarcianfztjiqgm/Build/Intermediates.noindex/ArchiveIntermediates/countdown/IntermediateBuildFilesPath/countdown.build/Release-iphoneos/countdown.build/DerivedSources/arm64 -Xcc -I/Users/runner/Library/Developer/Xcode/DerivedData/countdown-commbukpdznukvarcianfztjiqgm/Build/Intermediates.noindex/ArchiveIntermediates/countdown/IntermediateBuildFilesPath/countdown.build/Release-iphoneos/countdown.build/DerivedSources -Xcc -DCOCOAPODS\=1 -emit-objc-header -emit-objc-header-path /Users/runner/Library/Developer/Xcode/DerivedData/countdown-commbukpdznukvarcianfztjiqgm/Build/Intermediates.noindex/ArchiveIntermediates/countdown/IntermediateBuildFilesPath/countdown.build/Release-iphoneos/countdown.build/Objects-normal/arm64/countdown-Swift.h -working-directory /Users/runner/work/CountdownW/CountdownW -no-emit-module-separately-wmo

LinkStoryboards (in target 'countdown' from project 'countdown')
    cd /Users/runner/work/CountdownW/CountdownW
    /Applications/Xcode_16.4.app/Contents/Developer/usr/bin/ibtool --errors --warnings --notices --module countdown --target-device iphone --minimum-deployment-target 15.0 --output-format human-readable-text --link /Users/runner/Library/Developer/Xcode/DerivedData/countdown-commbukpdznukvarcianfztjiqgm/Build/Intermediates.noindex/ArchiveIntermediates/countdown/InstallationBuildProductsLocation/Applications/countdown.app /Users/runner/Library/Developer/Xcode/DerivedData/countdown-commbukpdznukvarcianfztjiqgm/Build/Intermediates.noindex/ArchiveIntermediates/countdown/IntermediateBuildFilesPath/countdown.build/Release-iphoneos/countdown.build/Base.lproj/LaunchScreen.storyboardc

LinkAssetCatalog /Users/runner/work/CountdownW/CountdownW/countdown/Assets.xcassets (in target 'countdown' from project 'countdown')
    cd /Users/runner/work/CountdownW/CountdownW
    builtin-linkAssetCatalog --thinned /Users/runner/Library/Developer/Xcode/DerivedData/countdown-commbukpdznukvarcianfztjiqgm/Build/Intermediates.noindex/ArchiveIntermediates/countdown/IntermediateBuildFilesPath/countdown.build/Release-iphoneos/countdown.build/assetcatalog_output/thinned --thinned-dependencies /Users/runner/Library/Developer/Xcode/DerivedData/countdown-commbukpdznukvarcianfztjiqgm/Build/Intermediates.noindex/ArchiveIntermediates/countdown/IntermediateBuildFilesPath/countdown.build/Release-iphoneos/countdown.build/assetcatalog_dependencies_thinned --thinned-info-plist-content /Users/runner/Library/Developer/Xcode/DerivedData/countdown-commbukpdznukvarcianfztjiqgm/Build/Intermediates.noindex/ArchiveIntermediates/countdown/IntermediateBuildFilesPath/countdown.build/Release-iphoneos/countdown.build/assetcatalog_generated_info.plist_thinned --unthinned /Users/runner/Library/Developer/Xcode/DerivedData/countdown-commbukpdznukvarcianfztjiqgm/Build/Intermediates.noindex/ArchiveIntermediates/countdown/IntermediateBuildFilesPath/countdown.build/Release-iphoneos/countdown.build/assetcatalog_output/unthinned --unthinned-dependencies /Users/runner/Library/Developer/Xcode/DerivedData/countdown-commbukpdznukvarcianfztjiqgm/Build/Intermediates.noindex/ArchiveIntermediates/countdown/IntermediateBuildFilesPath/countdown.build/Release-iphoneos/countdown.build/assetcatalog_dependencies_unthinned --unthinned-info-plist-content /Users/runner/Library/Developer/Xcode/DerivedData/countdown-commbukpdznukvarcianfztjiqgm/Build/Intermediates.noindex/ArchiveIntermediates/countdown/IntermediateBuildFilesPath/countdown.build/Release-iphoneos/countdown.build/assetcatalog_generated_info.plist_unthinned --output /Users/runner/Library/Developer/Xcode/DerivedData/countdown-commbukpdznukvarcianfztjiqgm/Build/Intermediates.noindex/ArchiveIntermediates/countdown/InstallationBuildProductsLocation/Applications/countdown.app --plist-output /Users/runner/Library/Developer/Xcode/DerivedData/countdown-commbukpdznukvarcianfztjiqgm/Build/Intermediates.noindex/ArchiveIntermediates/countdown/IntermediateBuildFilesPath/countdown.build/Release-iphoneos/countdown.build/assetcatalog_generated_info.plist
note: Emplaced /Users/runner/Library/Developer/Xcode/DerivedData/countdown-commbukpdznukvarcianfztjiqgm/Build/Intermediates.noindex/ArchiveIntermediates/countdown/InstallationBuildProductsLocation/Applications/countdown.app/AppIcon76x76@2x~ipad.png (in target 'countdown' from project 'countdown')
note: Emplaced /Users/runner/Library/Developer/Xcode/DerivedData/countdown-commbukpdznukvarcianfztjiqgm/Build/Intermediates.noindex/ArchiveIntermediates/countdown/InstallationBuildProductsLocation/Applications/countdown.app/Assets.car (in target 'countdown' from project 'countdown')
note: Emplaced /Users/runner/Library/Developer/Xcode/DerivedData/countdown-commbukpdznukvarcianfztjiqgm/Build/Intermediates.noindex/ArchiveIntermediates/countdown/InstallationBuildProductsLocation/Applications/countdown.app/AppIcon60x60@2x.png (in target 'countdown' from project 'countdown')

ProcessInfoPlistFile /Users/runner/Library/Developer/Xcode/DerivedData/countdown-commbukpdznukvarcianfztjiqgm/Build/Intermediates.noindex/ArchiveIntermediates/countdown/InstallationBuildProductsLocation/Applications/countdown.app/Info.plist /Users/runner/work/CountdownW/CountdownW/countdown/Info.plist (in target 'countdown' from project 'countdown')
    cd /Users/runner/work/CountdownW/CountdownW
    builtin-infoPlistUtility /Users/runner/work/CountdownW/CountdownW/countdown/Info.plist -producttype com.apple.product-type.application -genpkginfo /Users/runner/Library/Developer/Xcode/DerivedData/countdown-commbukpdznukvarcianfztjiqgm/Build/Intermediates.noindex/ArchiveIntermediates/countdown/InstallationBuildProductsLocation/Applications/countdown.app/PkgInfo -expandbuildsettings -format binary -platform iphoneos -additionalcontentfile /Users/runner/Library/Developer/Xcode/DerivedData/countdown-commbukpdznukvarcianfztjiqgm/Build/Intermediates.noindex/ArchiveIntermediates/countdown/IntermediateBuildFilesPath/countdown.build/Release-iphoneos/countdown.build/Base.lproj/LaunchScreen-SBPartialInfo.plist -additionalcontentfile /Users/runner/Library/Developer/Xcode/DerivedData/countdown-commbukpdznukvarcianfztjiqgm/Build/Intermediates.noindex/ArchiveIntermediates/countdown/IntermediateBuildFilesPath/countdown.build/Release-iphoneos/countdown.build/assetcatalog_generated_info.plist -requiredArchitecture arm64 -o /Users/runner/Library/Developer/Xcode/DerivedData/countdown-commbukpdznukvarcianfztjiqgm/Build/Intermediates.noindex/ArchiveIntermediates/countdown/InstallationBuildProductsLocation/Applications/countdown.app/Info.plist

SwiftDriverJobDiscovery normal arm64 Compiling CountdownNotificationManager.swift, CDRefundView.swift, CDOnboardingLoadingView.swift, CountdownManager.swift, CDLottieView.swift, CountdownApp.swift, CategoriesView.swift, CalendarView.swift, CountdownCardView.swift, SubscriptionView.swift, STVIPLoadingView.swift, SubscriptionModels.swift, SettingsView.swift, CountdownItem.swift, OnboardingView.swift, CDUserInfo.swift, NotificationSettingsView.swift, CDUserDefaultManager.swift, HomeView.swift, CDPurchaseServices.swift, CreateCountdownView.swift, CountdownDetailView.swift, String+Localization.swift, ContentView.swift, GeneratedAssetSymbols.swift (in target 'countdown' from project 'countdown')

SwiftDriver\ Compilation\ Requirements countdown normal arm64 com.apple.xcode.tools.swift.compiler (in target 'countdown' from project 'countdown')
    cd /Users/runner/work/CountdownW/CountdownW
    builtin-Swift-Compilation-Requirements -- /Applications/Xcode_16.4.app/Contents/Developer/Toolchains/XcodeDefault.xctoolchain/usr/bin/swiftc -module-name countdown -O -whole-module-optimization -enforce-exclusivity\=checked @/Users/runner/Library/Developer/Xcode/DerivedData/countdown-commbukpdznukvarcianfztjiqgm/Build/Intermediates.noindex/ArchiveIntermediates/countdown/IntermediateBuildFilesPath/countdown.build/Release-iphoneos/countdown.build/Objects-normal/arm64/countdown.SwiftFileList -D COCOAPODS -enable-bare-slash-regex -enable-experimental-feature DebugDescriptionMacro -sdk /Applications/Xcode_16.4.app/Contents/Developer/Platforms/iPhoneOS.platform/Developer/SDKs/iPhoneOS18.5.sdk -target arm64-apple-ios15.0 -g -module-cache-path /Users/runner/Library/Developer/Xcode/DerivedData/ModuleCache.noindex -Xfrontend -serialize-debugging-options -swift-version 5 -I /Users/runner/Library/Developer/Xcode/DerivedData/countdown-commbukpdznukvarcianfztjiqgm/Build/Intermediates.noindex/ArchiveIntermediates/countdown/BuildProductsPath/Release-iphoneos -F /Users/runner/Library/Developer/Xcode/DerivedData/countdown-commbukpdznukvarcianfztjiqgm/Build/Intermediates.noindex/ArchiveIntermediates/countdown/BuildProductsPath/Release-iphoneos -F /Users/runner/Library/Developer/Xcode/DerivedData/countdown-commbukpdznukvarcianfztjiqgm/Build/Intermediates.noindex/ArchiveIntermediates/countdown/BuildProductsPath/Release-iphoneos/ApplePurchaseKit -F /Users/runner/Library/Developer/Xcode/DerivedData/countdown-commbukpdznukvarcianfztjiqgm/Build/Intermediates.noindex/ArchiveIntermediates/countdown/BuildProductsPath/Release-iphoneos/KeychainAccess -F /Users/runner/Library/Developer/Xcode/DerivedData/countdown-commbukpdznukvarcianfztjiqgm/Build/Intermediates.noindex/ArchiveIntermediates/countdown/BuildProductsPath/Release-iphoneos/SVProgressHUD -F /Users/runner/Library/Developer/Xcode/DerivedData/countdown-commbukpdznukvarcianfztjiqgm/Build/Intermediates.noindex/ArchiveIntermediates/countdown/BuildProductsPath/Release-iphoneos/lottie-ios -F /Users/runner/work/CountdownW/CountdownW/Pods/UMCommon/UMCommon_7.5.8 -F /Users/runner/work/CountdownW/CountdownW/Pods/UMDevice/UMDevice_3.5.0 -F /Users/runner/Library/Developer/Xcode/DerivedData/countdown-commbukpdznukvarcianfztjiqgm/Build/Intermediates.noindex/ArchiveIntermediates/countdown/BuildProductsPath/Release-iphoneos/XCFrameworkIntermediates/UMCommon -F /Users/runner/Library/Developer/Xcode/DerivedData/countdown-commbukpdznukvarcianfztjiqgm/Build/Intermediates.noindex/ArchiveIntermediates/countdown/BuildProductsPath/Release-iphoneos/XCFrameworkIntermediates/UMDevice -emit-localized-strings -emit-localized-strings-path /Users/runner/Library/Developer/Xcode/DerivedData/countdown-commbukpdznukvarcianfztjiqgm/Build/Intermediates.noindex/ArchiveIntermediates/countdown/IntermediateBuildFilesPath/countdown.build/Release-iphoneos/countdown.build/Objects-normal/arm64 -c -num-threads 3 -Xcc -ivfsstatcache -Xcc /Users/runner/Library/Developer/Xcode/DerivedData/SDKStatCaches.noindex/iphoneos18.5-22F76-a529daf784b3616c7c04a36aeb7f5c05.sdkstatcache -output-file-map /Users/runner/Library/Developer/Xcode/DerivedData/countdown-commbukpdznukvarcianfztjiqgm/Build/Intermediates.noindex/ArchiveIntermediates/countdown/IntermediateBuildFilesPath/countdown.build/Release-iphoneos/countdown.build/Objects-normal/arm64/countdown-OutputFileMap.json -use-frontend-parseable-output -save-temps -no-color-diagnostics -serialize-diagnostics -emit-dependencies -emit-module -emit-module-path /Users/runner/Library/Developer/Xcode/DerivedData/countdown-commbukpdznukvarcianfztjiqgm/Build/Intermediates.noindex/ArchiveIntermediates/countdown/IntermediateBuildFilesPath/countdown.build/Release-iphoneos/countdown.build/Objects-normal/arm64/countdown.swiftmodule -validate-clang-modules-once -clang-build-session-file /Users/runner/Library/Developer/Xcode/DerivedData/ModuleCache.noindex/Session.modulevalidation -Xcc -I/Users/runner/Library/Developer/Xcode/DerivedData/countdown-commbukpdznukvarcianfztjiqgm/Build/Intermediates.noindex/ArchiveIntermediates/countdown/IntermediateBuildFilesPath/countdown.build/Release-iphoneos/countdown.build/swift-overrides.hmap -emit-const-values -Xfrontend -const-gather-protocols-file -Xfrontend /Users/runner/Library/Developer/Xcode/DerivedData/countdown-commbukpdznukvarcianfztjiqgm/Build/Intermediates.noindex/ArchiveIntermediates/countdown/IntermediateBuildFilesPath/countdown.build/Release-iphoneos/countdown.build/Objects-normal/arm64/countdown_const_extract_protocols.json -Xcc -iquote -Xcc /Users/runner/Library/Developer/Xcode/DerivedData/countdown-commbukpdznukvarcianfztjiqgm/Build/Intermediates.noindex/ArchiveIntermediates/countdown/IntermediateBuildFilesPath/countdown.build/Release-iphoneos/countdown.build/countdown-generated-files.hmap -Xcc -I/Users/runner/Library/Developer/Xcode/DerivedData/countdown-commbukpdznukvarcianfztjiqgm/Build/Intermediates.noindex/ArchiveIntermediates/countdown/IntermediateBuildFilesPath/countdown.build/Release-iphoneos/countdown.build/countdown-own-target-headers.hmap -Xcc -I/Users/runner/Library/Developer/Xcode/DerivedData/countdown-commbukpdznukvarcianfztjiqgm/Build/Intermediates.noindex/ArchiveIntermediates/countdown/IntermediateBuildFilesPath/countdown.build/Release-iphoneos/countdown.build/countdown-all-non-framework-target-headers.hmap -Xcc -ivfsoverlay -Xcc /Users/runner/Library/Developer/Xcode/DerivedData/countdown-commbukpdznukvarcianfztjiqgm/Build/Intermediates.noindex/ArchiveIntermediates/countdown/IntermediateBuildFilesPath/countdown.build/Release-iphoneos/countdown-2eb4714b6656ea7e18fda0d3c4a7cf03-VFS-iphoneos/all-product-headers.yaml -Xcc -iquote -Xcc /Users/runner/Library/Developer/Xcode/DerivedData/countdown-commbukpdznukvarcianfztjiqgm/Build/Intermediates.noindex/ArchiveIntermediates/countdown/IntermediateBuildFilesPath/countdown.build/Release-iphoneos/countdown.build/countdown-project-headers.hmap -Xcc -I/Users/runner/Library/Developer/Xcode/DerivedData/countdown-commbukpdznukvarcianfztjiqgm/Build/Intermediates.noindex/ArchiveIntermediates/countdown/BuildProductsPath/Release-iphoneos/include -Xcc -I/Users/runner/Library/Developer/Xcode/DerivedData/countdown-commbukpdznukvarcianfztjiqgm/Build/Intermediates.noindex/ArchiveIntermediates/countdown/BuildProductsPath/Release-iphoneos/ApplePurchaseKit/ApplePurchaseKit.framework/Headers -Xcc -I/Users/runner/Library/Developer/Xcode/DerivedData/countdown-commbukpdznukvarcianfztjiqgm/Build/Intermediates.noindex/ArchiveIntermediates/countdown/BuildProductsPath/Release-iphoneos/KeychainAccess/KeychainAccess.framework/Headers -Xcc -I/Users/runner/Library/Developer/Xcode/DerivedData/countdown-commbukpdznukvarcianfztjiqgm/Build/Intermediates.noindex/ArchiveIntermediates/countdown/BuildProductsPath/Release-iphoneos/SVProgressHUD/SVProgressHUD.framework/Headers -Xcc -I/Users/runner/Library/Developer/Xcode/DerivedData/countdown-commbukpdznukvarcianfztjiqgm/Build/Intermediates.noindex/ArchiveIntermediates/countdown/BuildProductsPath/Release-iphoneos/lottie-ios/Lottie.framework/Headers -Xcc -I/Users/runner/Library/Developer/Xcode/DerivedData/countdown-commbukpdznukvarcianfztjiqgm/Build/Intermediates.noindex/ArchiveIntermediates/countdown/IntermediateBuildFilesPath/countdown.build/Release-iphoneos/countdown.build/DerivedSources-normal/arm64 -Xcc -I/Users/runner/Library/Developer/Xcode/DerivedData/countdown-commbukpdznukvarcianfztjiqgm/Build/Intermediates.noindex/ArchiveIntermediates/countdown/IntermediateBuildFilesPath/countdown.build/Release-iphoneos/countdown.build/DerivedSources/arm64 -Xcc -I/Users/runner/Library/Developer/Xcode/DerivedData/countdown-commbukpdznukvarcianfztjiqgm/Build/Intermediates.noindex/ArchiveIntermediates/countdown/IntermediateBuildFilesPath/countdown.build/Release-iphoneos/countdown.build/DerivedSources -Xcc -DCOCOAPODS\=1 -emit-objc-header -emit-objc-header-path /Users/runner/Library/Developer/Xcode/DerivedData/countdown-commbukpdznukvarcianfztjiqgm/Build/Intermediates.noindex/ArchiveIntermediates/countdown/IntermediateBuildFilesPath/countdown.build/Release-iphoneos/countdown.build/Objects-normal/arm64/countdown-Swift.h -working-directory /Users/runner/work/CountdownW/CountdownW -no-emit-module-separately-wmo

SwiftMergeGeneratedHeaders /Users/runner/Library/Developer/Xcode/DerivedData/countdown-commbukpdznukvarcianfztjiqgm/Build/Intermediates.noindex/ArchiveIntermediates/countdown/IntermediateBuildFilesPath/countdown.build/Release-iphoneos/countdown.build/DerivedSources/countdown-Swift.h /Users/runner/Library/Developer/Xcode/DerivedData/countdown-commbukpdznukvarcianfztjiqgm/Build/Intermediates.noindex/ArchiveIntermediates/countdown/IntermediateBuildFilesPath/countdown.build/Release-iphoneos/countdown.build/Objects-normal/arm64/countdown-Swift.h (in target 'countdown' from project 'countdown')
    cd /Users/runner/work/CountdownW/CountdownW
    builtin-swiftHeaderTool -arch arm64 /Users/runner/Library/Developer/Xcode/DerivedData/countdown-commbukpdznukvarcianfztjiqgm/Build/Intermediates.noindex/ArchiveIntermediates/countdown/IntermediateBuildFilesPath/countdown.build/Release-iphoneos/countdown.build/Objects-normal/arm64/countdown-Swift.h -o /Users/runner/Library/Developer/Xcode/DerivedData/countdown-commbukpdznukvarcianfztjiqgm/Build/Intermediates.noindex/ArchiveIntermediates/countdown/IntermediateBuildFilesPath/countdown.build/Release-iphoneos/countdown.build/DerivedSources/countdown-Swift.h

Copy /Users/runner/Library/Developer/Xcode/DerivedData/countdown-commbukpdznukvarcianfztjiqgm/Build/Intermediates.noindex/ArchiveIntermediates/countdown/BuildProductsPath/Release-iphoneos/countdown.swiftmodule/arm64-apple-ios.swiftmodule /Users/runner/Library/Developer/Xcode/DerivedData/countdown-commbukpdznukvarcianfztjiqgm/Build/Intermediates.noindex/ArchiveIntermediates/countdown/IntermediateBuildFilesPath/countdown.build/Release-iphoneos/countdown.build/Objects-normal/arm64/countdown.swiftmodule (in target 'countdown' from project 'countdown')
    cd /Users/runner/work/CountdownW/CountdownW
    builtin-copy -exclude .DS_Store -exclude CVS -exclude .svn -exclude .git -exclude .hg -resolve-src-symlinks -rename /Users/runner/Library/Developer/Xcode/DerivedData/countdown-commbukpdznukvarcianfztjiqgm/Build/Intermediates.noindex/ArchiveIntermediates/countdown/IntermediateBuildFilesPath/countdown.build/Release-iphoneos/countdown.build/Objects-normal/arm64/countdown.swiftmodule /Users/runner/Library/Developer/Xcode/DerivedData/countdown-commbukpdznukvarcianfztjiqgm/Build/Intermediates.noindex/ArchiveIntermediates/countdown/BuildProductsPath/Release-iphoneos/countdown.swiftmodule/arm64-apple-ios.swiftmodule

Copy /Users/runner/Library/Developer/Xcode/DerivedData/countdown-commbukpdznukvarcianfztjiqgm/Build/Intermediates.noindex/ArchiveIntermediates/countdown/BuildProductsPath/Release-iphoneos/countdown.swiftmodule/arm64-apple-ios.swiftdoc /Users/runner/Library/Developer/Xcode/DerivedData/countdown-commbukpdznukvarcianfztjiqgm/Build/Intermediates.noindex/ArchiveIntermediates/countdown/IntermediateBuildFilesPath/countdown.build/Release-iphoneos/countdown.build/Objects-normal/arm64/countdown.swiftdoc (in target 'countdown' from project 'countdown')
    cd /Users/runner/work/CountdownW/CountdownW
    builtin-copy -exclude .DS_Store -exclude CVS -exclude .svn -exclude .git -exclude .hg -resolve-src-symlinks -rename /Users/runner/Library/Developer/Xcode/DerivedData/countdown-commbukpdznukvarcianfztjiqgm/Build/Intermediates.noindex/ArchiveIntermediates/countdown/IntermediateBuildFilesPath/countdown.build/Release-iphoneos/countdown.build/Objects-normal/arm64/countdown.swiftdoc /Users/runner/Library/Developer/Xcode/DerivedData/countdown-commbukpdznukvarcianfztjiqgm/Build/Intermediates.noindex/ArchiveIntermediates/countdown/BuildProductsPath/Release-iphoneos/countdown.swiftmodule/arm64-apple-ios.swiftdoc

Copy /Users/runner/Library/Developer/Xcode/DerivedData/countdown-commbukpdznukvarcianfztjiqgm/Build/Intermediates.noindex/ArchiveIntermediates/countdown/BuildProductsPath/Release-iphoneos/countdown.swiftmodule/arm64-apple-ios.abi.json /Users/runner/Library/Developer/Xcode/DerivedData/countdown-commbukpdznukvarcianfztjiqgm/Build/Intermediates.noindex/ArchiveIntermediates/countdown/IntermediateBuildFilesPath/countdown.build/Release-iphoneos/countdown.build/Objects-normal/arm64/countdown.abi.json (in target 'countdown' from project 'countdown')
    cd /Users/runner/work/CountdownW/CountdownW
    builtin-copy -exclude .DS_Store -exclude CVS -exclude .svn -exclude .git -exclude .hg -resolve-src-symlinks -rename /Users/runner/Library/Developer/Xcode/DerivedData/countdown-commbukpdznukvarcianfztjiqgm/Build/Intermediates.noindex/ArchiveIntermediates/countdown/IntermediateBuildFilesPath/countdown.build/Release-iphoneos/countdown.build/Objects-normal/arm64/countdown.abi.json /Users/runner/Library/Developer/Xcode/DerivedData/countdown-commbukpdznukvarcianfztjiqgm/Build/Intermediates.noindex/ArchiveIntermediates/countdown/BuildProductsPath/Release-iphoneos/countdown.swiftmodule/arm64-apple-ios.abi.json

Ld /Users/runner/Library/Developer/Xcode/DerivedData/countdown-commbukpdznukvarcianfztjiqgm/Build/Intermediates.noindex/ArchiveIntermediates/countdown/InstallationBuildProductsLocation/Applications/countdown.app/countdown normal (in target 'countdown' from project 'countdown')
    cd /Users/runner/work/CountdownW/CountdownW
    /Applications/Xcode_16.4.app/Contents/Developer/Toolchains/XcodeDefault.xctoolchain/usr/bin/clang -Xlinker -reproducible -target arm64-apple-ios15.0 -isysroot /Applications/Xcode_16.4.app/Contents/Developer/Platforms/iPhoneOS.platform/Developer/SDKs/iPhoneOS18.5.sdk -Os -L/Users/runner/Library/Developer/Xcode/DerivedData/countdown-commbukpdznukvarcianfztjiqgm/Build/Intermediates.noindex/ArchiveIntermediates/countdown/IntermediateBuildFilesPath/EagerLinkingTBDs/Release-iphoneos -L/Users/runner/Library/Developer/Xcode/DerivedData/countdown-commbukpdznukvarcianfztjiqgm/Build/Intermediates.noindex/ArchiveIntermediates/countdown/BuildProductsPath/Release-iphoneos -L/Applications/Xcode_16.4.app/Contents/Developer/Toolchains/XcodeDefault.xctoolchain/usr/lib/swift/iphoneos -L/Applications/Xcode_16.4.app/Contents/Developer/Platforms/iPhoneOS.platform/Developer/SDKs/iPhoneOS18.5.sdk/usr/lib/swift -F/Users/runner/Library/Developer/Xcode/DerivedData/countdown-commbukpdznukvarcianfztjiqgm/Build/Intermediates.noindex/ArchiveIntermediates/countdown/IntermediateBuildFilesPath/EagerLinkingTBDs/Release-iphoneos -F/Users/runner/Library/Developer/Xcode/DerivedData/countdown-commbukpdznukvarcianfztjiqgm/Build/Intermediates.noindex/ArchiveIntermediates/countdown/BuildProductsPath/Release-iphoneos -F/Users/runner/Library/Developer/Xcode/DerivedData/countdown-commbukpdznukvarcianfztjiqgm/Build/Intermediates.noindex/ArchiveIntermediates/countdown/BuildProductsPath/Release-iphoneos/ApplePurchaseKit -F/Users/runner/Library/Developer/Xcode/DerivedData/countdown-commbukpdznukvarcianfztjiqgm/Build/Intermediates.noindex/ArchiveIntermediates/countdown/BuildProductsPath/Release-iphoneos/KeychainAccess -F/Users/runner/Library/Developer/Xcode/DerivedData/countdown-commbukpdznukvarcianfztjiqgm/Build/Intermediates.noindex/ArchiveIntermediates/countdown/BuildProductsPath/Release-iphoneos/SVProgressHUD -F/Users/runner/Library/Developer/Xcode/DerivedData/countdown-commbukpdznukvarcianfztjiqgm/Build/Intermediates.noindex/ArchiveIntermediates/countdown/BuildProductsPath/Release-iphoneos/lottie-ios -F/Users/runner/work/CountdownW/CountdownW/Pods/UMCommon/UMCommon_7.5.8 -F/Users/runner/work/CountdownW/CountdownW/Pods/UMDevice/UMDevice_3.5.0 -F/Users/runner/Library/Developer/Xcode/DerivedData/countdown-commbukpdznukvarcianfztjiqgm/Build/Intermediates.noindex/ArchiveIntermediates/countdown/BuildProductsPath/Release-iphoneos/XCFrameworkIntermediates/UMCommon -F/Users/runner/Library/Developer/Xcode/DerivedData/countdown-commbukpdznukvarcianfztjiqgm/Build/Intermediates.noindex/ArchiveIntermediates/countdown/BuildProductsPath/Release-iphoneos/XCFrameworkIntermediates/UMDevice -filelist /Users/runner/Library/Developer/Xcode/DerivedData/countdown-commbukpdznukvarcianfztjiqgm/Build/Intermediates.noindex/ArchiveIntermediates/countdown/IntermediateBuildFilesPath/countdown.build/Release-iphoneos/countdown.build/Objects-normal/arm64/countdown.LinkFileList -Xlinker -rpath -Xlinker /usr/lib/swift -Xlinker -rpath -Xlinker @executable_path/Frameworks -Xlinker -rpath -Xlinker @loader_path/Frameworks -dead_strip -Xlinker -object_path_lto -Xlinker /Users/runner/Library/Developer/Xcode/DerivedData/countdown-commbukpdznukvarcianfztjiqgm/Build/Intermediates.noindex/ArchiveIntermediates/countdown/IntermediateBuildFilesPath/countdown.build/Release-iphoneos/countdown.build/Objects-normal/arm64/countdown_lto.o -Xlinker -final_output -Xlinker /Applications/countdown.app/countdown -Xlinker -dependency_info -Xlinker /Users/runner/Library/Developer/Xcode/DerivedData/countdown-commbukpdznukvarcianfztjiqgm/Build/Intermediates.noindex/ArchiveIntermediates/countdown/IntermediateBuildFilesPath/countdown.build/Release-iphoneos/countdown.build/Objects-normal/arm64/countdown_dependency_info.dat -fobjc-link-runtime -L/Applications/Xcode_16.4.app/Contents/Developer/Toolchains/XcodeDefault.xctoolchain/usr/lib/swift/iphoneos -L/usr/lib/swift -Xlinker -add_ast_path -Xlinker /Users/runner/Library/Developer/Xcode/DerivedData/countdown-commbukpdznukvarcianfztjiqgm/Build/Intermediates.noindex/ArchiveIntermediates/countdown/IntermediateBuildFilesPath/countdown.build/Release-iphoneos/countdown.build/Objects-normal/arm64/countdown.swiftmodule -ObjC -lsqlite3 -lz -framework ApplePurchaseKit -framework CoreGraphics -framework CoreTelephony -framework KeychainAccess -framework Lottie -framework QuartzCore -framework SVProgressHUD -framework SystemConfiguration -framework UIKit -framework UMCommon -framework UMDevice -weak_framework Combine -weak_framework SwiftUI -framework Pods_countdown -Xlinker -no_adhoc_codesign -o /Users/runner/Library/Developer/Xcode/DerivedData/countdown-commbukpdznukvarcianfztjiqgm/Build/Intermediates.noindex/ArchiveIntermediates/countdown/InstallationBuildProductsLocation/Applications/countdown.app/countdown

PhaseScriptExecution [CP]\ Embed\ Pods\ Frameworks /Users/runner/Library/Developer/Xcode/DerivedData/countdown-commbukpdznukvarcianfztjiqgm/Build/Intermediates.noindex/ArchiveIntermediates/countdown/IntermediateBuildFilesPath/countdown.build/Release-iphoneos/countdown.build/Script-6584BB5A1C50304F04DFD628.sh (in target 'countdown' from project 'countdown')
    cd /Users/runner/work/CountdownW/CountdownW
    /bin/sh -c /Users/runner/Library/Developer/Xcode/DerivedData/countdown-commbukpdznukvarcianfztjiqgm/Build/Intermediates.noindex/ArchiveIntermediates/countdown/IntermediateBuildFilesPath/countdown.build/Release-iphoneos/countdown.build/Script-6584BB5A1C50304F04DFD628.sh
mkdir -p /Users/runner/Library/Developer/Xcode/DerivedData/countdown-commbukpdznukvarcianfztjiqgm/Build/Intermediates.noindex/ArchiveIntermediates/countdown/BuildProductsPath/Release-iphoneos/countdown.app/Frameworks
Symlinked...
rsync --delete -av --filter P .*.?????? --links --filter "- CVS/" --filter "- .svn/" --filter "- .git/" --filter "- .hg/" --filter "- Headers" --filter "- PrivateHeaders" --filter "- Modules" "/Users/runner/Library/Developer/Xcode/DerivedData/countdown-commbukpdznukvarcianfztjiqgm/Build/Intermediates.noindex/ArchiveIntermediates/countdown/IntermediateBuildFilesPath/UninstalledProducts/iphoneos/KeychainAccess.framework" "/Users/runner/Library/Developer/Xcode/DerivedData/countdown-commbukpdznukvarcianfztjiqgm/Build/Intermediates.noindex/ArchiveIntermediates/countdown/InstallationBuildProductsLocation/Applications/countdown.app/Frameworks"
Transfer starting: 3 files
KeychainAccess.framework/
KeychainAccess.framework/Info.plist
KeychainAccess.framework/KeychainAccess

sent 329879 bytes  received 70 bytes  36258131 bytes/sec
total size is 329411  speedup is 1.00
Code Signing /Users/runner/Library/Developer/Xcode/DerivedData/countdown-commbukpdznukvarcianfztjiqgm/Build/Intermediates.noindex/ArchiveIntermediates/countdown/InstallationBuildProductsLocation/Applications/countdown.app/Frameworks/KeychainAccess.framework with Identity Apple Distribution: liqiao chen (NB72MDN3HF)
/usr/bin/codesign --force --sign EC25E0D3107938A99488D3B448613303291FC685  --preserve-metadata=identifier,entitlements '/Users/runner/Library/Developer/Xcode/DerivedData/countdown-commbukpdznukvarcianfztjiqgm/Build/Intermediates.noindex/ArchiveIntermediates/countdown/InstallationBuildProductsLocation/Applications/countdown.app/Frameworks/KeychainAccess.framework'
Symlinked...
rsync --delete -av --filter P .*.?????? --links --filter "- CVS/" --filter "- .svn/" --filter "- .git/" --filter "- .hg/" --filter "- Headers" --filter "- PrivateHeaders" --filter "- Modules" "/Users/runner/Library/Developer/Xcode/DerivedData/countdown-commbukpdznukvarcianfztjiqgm/Build/Intermediates.noindex/ArchiveIntermediates/countdown/IntermediateBuildFilesPath/UninstalledProducts/iphoneos/SVProgressHUD.framework" "/Users/runner/Library/Developer/Xcode/DerivedData/countdown-commbukpdznukvarcianfztjiqgm/Build/Intermediates.noindex/ArchiveIntermediates/countdown/InstallationBuildProductsLocation/Applications/countdown.app/Frameworks"
Transfer starting: 17 files
SVProgressHUD.framework/
SVProgressHUD.framework/Info.plist
SVProgressHUD.framework/PrivacyInfo.xcprivacy
SVProgressHUD.framework/SVProgressHUD
SVProgressHUD.framework/SVProgressHUD.bundle/
SVProgressHUD.framework/SVProgressHUD.bundle/angle-mask.png
SVProgressHUD.framework/SVProgressHUD.bundle/angle-mask@2x.png
SVProgressHUD.framework/SVProgressHUD.bundle/angle-mask@3x.png
SVProgressHUD.framework/SVProgressHUD.bundle/error.png
SVProgressHUD.framework/SVProgressHUD.bundle/error@2x.png
SVProgressHUD.framework/SVProgressHUD.bundle/error@3x.png
SVProgressHUD.framework/SVProgressHUD.bundle/info.png
SVProgressHUD.framework/SVProgressHUD.bundle/info@2x.png
SVProgressHUD.framework/SVProgressHUD.bundle/info@3x.png
SVProgressHUD.framework/SVProgressHUD.bundle/success.png
SVProgressHUD.framework/SVProgressHUD.bundle/success@2x.png
SVProgressHUD.framework/SVProgressHUD.bundle/success@3x.png

sent 183408 bytes  received 362 bytes  14028244 bytes/sec
total size is 181235  speedup is 0.99
Code Signing /Users/runner/Library/Developer/Xcode/DerivedData/countdown-commbukpdznukvarcianfztjiqgm/Build/Intermediates.noindex/ArchiveIntermediates/countdown/InstallationBuildProductsLocation/Applications/countdown.app/Frameworks/SVProgressHUD.framework with Identity Apple Distribution: liqiao chen (NB72MDN3HF)
/usr/bin/codesign --force --sign EC25E0D3107938A99488D3B448613303291FC685  --preserve-metadata=identifier,entitlements '/Users/runner/Library/Developer/Xcode/DerivedData/countdown-commbukpdznukvarcianfztjiqgm/Build/Intermediates.noindex/ArchiveIntermediates/countdown/InstallationBuildProductsLocation/Applications/countdown.app/Frameworks/SVProgressHUD.framework'
Symlinked...
rsync --delete -av --filter P .*.?????? --links --filter "- CVS/" --filter "- .svn/" --filter "- .git/" --filter "- .hg/" --filter "- Headers" --filter "- PrivateHeaders" --filter "- Modules" "/Users/runner/Library/Developer/Xcode/DerivedData/countdown-commbukpdznukvarcianfztjiqgm/Build/Intermediates.noindex/ArchiveIntermediates/countdown/IntermediateBuildFilesPath/UninstalledProducts/iphoneos/Lottie.framework" "/Users/runner/Library/Developer/Xcode/DerivedData/countdown-commbukpdznukvarcianfztjiqgm/Build/Intermediates.noindex/ArchiveIntermediates/countdown/InstallationBuildProductsLocation/Applications/countdown.app/Frameworks"
Transfer starting: 6 files
Lottie.framework/
Lottie.framework/Info.plist
Lottie.framework/Lottie
Lottie.framework/LottiePrivacyInfo.bundle/
Lottie.framework/LottiePrivacyInfo.bundle/Info.plist
Lottie.framework/LottiePrivacyInfo.bundle/PrivacyInfo.xcprivacy

sent 4386759 bytes  received 120 bytes  76828003 bytes/sec
total size is 4385502  speedup is 1.00
Code Signing /Users/runner/Library/Developer/Xcode/DerivedData/countdown-commbukpdznukvarcianfztjiqgm/Build/Intermediates.noindex/ArchiveIntermediates/countdown/InstallationBuildProductsLocation/Applications/countdown.app/Frameworks/Lottie.framework with Identity Apple Distribution: liqiao chen (NB72MDN3HF)
/usr/bin/codesign --force --sign EC25E0D3107938A99488D3B448613303291FC685  --preserve-metadata=identifier,entitlements '/Users/runner/Library/Developer/Xcode/DerivedData/countdown-commbukpdznukvarcianfztjiqgm/Build/Intermediates.noindex/ArchiveIntermediates/countdown/InstallationBuildProductsLocation/Applications/countdown.app/Frameworks/Lottie.framework'

GenerateDSYMFile /Users/runner/Library/Developer/Xcode/DerivedData/countdown-commbukpdznukvarcianfztjiqgm/Build/Intermediates.noindex/ArchiveIntermediates/countdown/BuildProductsPath/Release-iphoneos/countdown.app.dSYM /Users/runner/Library/Developer/Xcode/DerivedData/countdown-commbukpdznukvarcianfztjiqgm/Build/Intermediates.noindex/ArchiveIntermediates/countdown/InstallationBuildProductsLocation/Applications/countdown.app/countdown (in target 'countdown' from project 'countdown')
    cd /Users/runner/work/CountdownW/CountdownW
    /Applications/Xcode_16.4.app/Contents/Developer/Toolchains/XcodeDefault.xctoolchain/usr/bin/dsymutil /Users/runner/Library/Developer/Xcode/DerivedData/countdown-commbukpdznukvarcianfztjiqgm/Build/Intermediates.noindex/ArchiveIntermediates/countdown/InstallationBuildProductsLocation/Applications/countdown.app/countdown -o /Users/runner/Library/Developer/Xcode/DerivedData/countdown-commbukpdznukvarcianfztjiqgm/Build/Intermediates.noindex/ArchiveIntermediates/countdown/BuildProductsPath/Release-iphoneos/countdown.app.dSYM

CopySwiftLibs /Users/runner/Library/Developer/Xcode/DerivedData/countdown-commbukpdznukvarcianfztjiqgm/Build/Intermediates.noindex/ArchiveIntermediates/countdown/InstallationBuildProductsLocation/Applications/countdown.app (in target 'countdown' from project 'countdown')
    cd /Users/runner/work/CountdownW/CountdownW
    builtin-swiftStdLibTool --copy --verbose --sign EC25E0D3107938A99488D3B448613303291FC685 --scan-executable /Users/runner/Library/Developer/Xcode/DerivedData/countdown-commbukpdznukvarcianfztjiqgm/Build/Intermediates.noindex/ArchiveIntermediates/countdown/InstallationBuildProductsLocation/Applications/countdown.app/countdown --scan-folder /Users/runner/Library/Developer/Xcode/DerivedData/countdown-commbukpdznukvarcianfztjiqgm/Build/Intermediates.noindex/ArchiveIntermediates/countdown/InstallationBuildProductsLocation/Applications/countdown.app/Frameworks --scan-folder /Users/runner/Library/Developer/Xcode/DerivedData/countdown-commbukpdznukvarcianfztjiqgm/Build/Intermediates.noindex/ArchiveIntermediates/countdown/InstallationBuildProductsLocation/Applications/countdown.app/PlugIns --scan-folder /Users/runner/Library/Developer/Xcode/DerivedData/countdown-commbukpdznukvarcianfztjiqgm/Build/Intermediates.noindex/ArchiveIntermediates/countdown/InstallationBuildProductsLocation/Applications/countdown.app/SystemExtensions --scan-folder /Users/runner/Library/Developer/Xcode/DerivedData/countdown-commbukpdznukvarcianfztjiqgm/Build/Intermediates.noindex/ArchiveIntermediates/countdown/InstallationBuildProductsLocation/Applications/countdown.app/Extensions --scan-folder /Users/runner/Library/Developer/Xcode/DerivedData/countdown-commbukpdznukvarcianfztjiqgm/Build/Intermediates.noindex/ArchiveIntermediates/countdown/BuildProductsPath/Release-iphoneos/Pods_countdown.framework --platform iphoneos --toolchain /Applications/Xcode_16.4.app/Contents/Developer/Toolchains/XcodeDefault.xctoolchain --destination /Users/runner/Library/Developer/Xcode/DerivedData/countdown-commbukpdznukvarcianfztjiqgm/Build/Intermediates.noindex/ArchiveIntermediates/countdown/InstallationBuildProductsLocation/Applications/countdown.app/Frameworks --unsigned-destination /Users/runner/Library/Developer/Xcode/DerivedData/countdown-commbukpdznukvarcianfztjiqgm/Build/Intermediates.noindex/ArchiveIntermediates/countdown/BuildProductsPath/SwiftSupport --strip-bitcode --strip-bitcode-tool /Applications/Xcode_16.4.app/Contents/Developer/Toolchains/XcodeDefault.xctoolchain/usr/bin/bitcode_strip --emit-dependency-info /Users/runner/Library/Developer/Xcode/DerivedData/countdown-commbukpdznukvarcianfztjiqgm/Build/Intermediates.noindex/ArchiveIntermediates/countdown/IntermediateBuildFilesPath/countdown.build/Release-iphoneos/countdown.build/SwiftStdLibToolInputDependencies.dep --filter-for-swift-os

ExtractAppIntentsMetadata (in target 'countdown' from project 'countdown')
    cd /Users/runner/work/CountdownW/CountdownW
    /Applications/Xcode_16.4.app/Contents/Developer/Toolchains/XcodeDefault.xctoolchain/usr/bin/appintentsmetadataprocessor --toolchain-dir /Applications/Xcode_16.4.app/Contents/Developer/Toolchains/XcodeDefault.xctoolchain --module-name countdown --sdk-root /Applications/Xcode_16.4.app/Contents/Developer/Platforms/iPhoneOS.platform/Developer/SDKs/iPhoneOS18.5.sdk --xcode-version 16F6 --platform-family iOS --deployment-target 15.0 --bundle-identifier com.count.down.day --output /Users/runner/Library/Developer/Xcode/DerivedData/countdown-commbukpdznukvarcianfztjiqgm/Build/Intermediates.noindex/ArchiveIntermediates/countdown/InstallationBuildProductsLocation/Applications/countdown.app --target-triple arm64-apple-ios15.0 --binary-file /Users/runner/Library/Developer/Xcode/DerivedData/countdown-commbukpdznukvarcianfztjiqgm/Build/Intermediates.noindex/ArchiveIntermediates/countdown/InstallationBuildProductsLocation/Applications/countdown.app/countdown --dependency-file /Users/runner/Library/Developer/Xcode/DerivedData/countdown-commbukpdznukvarcianfztjiqgm/Build/Intermediates.noindex/ArchiveIntermediates/countdown/IntermediateBuildFilesPath/countdown.build/Release-iphoneos/countdown.build/Objects-normal/arm64/countdown_dependency_info.dat --stringsdata-file /Users/runner/Library/Developer/Xcode/DerivedData/countdown-commbukpdznukvarcianfztjiqgm/Build/Intermediates.noindex/ArchiveIntermediates/countdown/IntermediateBuildFilesPath/countdown.build/Release-iphoneos/countdown.build/Objects-normal/arm64/ExtractedAppShortcutsMetadata.stringsdata --source-file-list /Users/runner/Library/Developer/Xcode/DerivedData/countdown-commbukpdznukvarcianfztjiqgm/Build/Intermediates.noindex/ArchiveIntermediates/countdown/IntermediateBuildFilesPath/countdown.build/Release-iphoneos/countdown.build/Objects-normal/arm64/countdown.SwiftFileList --metadata-file-list /Users/runner/Library/Developer/Xcode/DerivedData/countdown-commbukpdznukvarcianfztjiqgm/Build/Intermediates.noindex/ArchiveIntermediates/countdown/IntermediateBuildFilesPath/countdown.build/Release-iphoneos/countdown.build/countdown.DependencyMetadataFileList --static-metadata-file-list /Users/runner/Library/Developer/Xcode/DerivedData/countdown-commbukpdznukvarcianfztjiqgm/Build/Intermediates.noindex/ArchiveIntermediates/countdown/IntermediateBuildFilesPath/countdown.build/Release-iphoneos/countdown.build/countdown.DependencyStaticMetadataFileList --swift-const-vals-list /Users/runner/Library/Developer/Xcode/DerivedData/countdown-commbukpdznukvarcianfztjiqgm/Build/Intermediates.noindex/ArchiveIntermediates/countdown/IntermediateBuildFilesPath/countdown.build/Release-iphoneos/countdown.build/Objects-normal/arm64/countdown.SwiftConstValuesFileList --compile-time-extraction --deployment-aware-processing --validate-assistant-intents --no-app-shortcuts-localization
2026-04-07 06:48:39.066 appintentsmetadataprocessor[6249:21805] Starting appintentsmetadataprocessor export
2026-04-07 06:48:39.068 appintentsmetadataprocessor[6249:21805] warning: Metadata extraction skipped. No AppIntents.framework dependency found.

AppIntentsSSUTraining (in target 'countdown' from project 'countdown')
    cd /Users/runner/work/CountdownW/CountdownW
    /Applications/Xcode_16.4.app/Contents/Developer/Toolchains/XcodeDefault.xctoolchain/usr/bin/appintentsnltrainingprocessor --infoplist-path /Users/runner/Library/Developer/Xcode/DerivedData/countdown-commbukpdznukvarcianfztjiqgm/Build/Intermediates.noindex/ArchiveIntermediates/countdown/InstallationBuildProductsLocation/Applications/countdown.app/Info.plist --temp-dir-path /Users/runner/Library/Developer/Xcode/DerivedData/countdown-commbukpdznukvarcianfztjiqgm/Build/Intermediates.noindex/ArchiveIntermediates/countdown/IntermediateBuildFilesPath/countdown.build/Release-iphoneos/countdown.build/ssu --bundle-id com.count.down.day --product-path /Users/runner/Library/Developer/Xcode/DerivedData/countdown-commbukpdznukvarcianfztjiqgm/Build/Intermediates.noindex/ArchiveIntermediates/countdown/InstallationBuildProductsLocation/Applications/countdown.app --extracted-metadata-path /Users/runner/Library/Developer/Xcode/DerivedData/countdown-commbukpdznukvarcianfztjiqgm/Build/Intermediates.noindex/ArchiveIntermediates/countdown/InstallationBuildProductsLocation/Applications/countdown.app/Metadata.appintents --deployment-postprocessing --metadata-file-list /Users/runner/Library/Developer/Xcode/DerivedData/countdown-commbukpdznukvarcianfztjiqgm/Build/Intermediates.noindex/ArchiveIntermediates/countdown/IntermediateBuildFilesPath/countdown.build/Release-iphoneos/countdown.build/countdown.DependencyMetadataFileList --archive-ssu-assets
2026-04-07 06:48:39.096 appintentsnltrainingprocessor[6250:21806] Parsing options for appintentsnltrainingprocessor
2026-04-07 06:48:39.096 appintentsnltrainingprocessor[6250:21806] No AppShortcuts found - Skipping.

Strip /Users/runner/Library/Developer/Xcode/DerivedData/countdown-commbukpdznukvarcianfztjiqgm/Build/Intermediates.noindex/ArchiveIntermediates/countdown/InstallationBuildProductsLocation/Applications/countdown.app/countdown (in target 'countdown' from project 'countdown')
    cd /Users/runner/work/CountdownW/CountdownW
    /Applications/Xcode_16.4.app/Contents/Developer/Toolchains/XcodeDefault.xctoolchain/usr/bin/strip -D /Users/runner/Library/Developer/Xcode/DerivedData/countdown-commbukpdznukvarcianfztjiqgm/Build/Intermediates.noindex/ArchiveIntermediates/countdown/InstallationBuildProductsLocation/Applications/countdown.app/countdown

SetOwnerAndGroup runner:staff /Users/runner/Library/Developer/Xcode/DerivedData/countdown-commbukpdznukvarcianfztjiqgm/Build/Intermediates.noindex/ArchiveIntermediates/countdown/InstallationBuildProductsLocation/Applications/countdown.app (in target 'countdown' from project 'countdown')
    cd /Users/runner/work/CountdownW/CountdownW
    /usr/sbin/chown -RH runner:staff /Users/runner/Library/Developer/Xcode/DerivedData/countdown-commbukpdznukvarcianfztjiqgm/Build/Intermediates.noindex/ArchiveIntermediates/countdown/InstallationBuildProductsLocation/Applications/countdown.app

SetMode u+w,go-w,a+rX /Users/runner/Library/Developer/Xcode/DerivedData/countdown-commbukpdznukvarcianfztjiqgm/Build/Intermediates.noindex/ArchiveIntermediates/countdown/InstallationBuildProductsLocation/Applications/countdown.app (in target 'countdown' from project 'countdown')
    cd /Users/runner/work/CountdownW/CountdownW
    /bin/chmod -RH u+w,go-w,a+rX /Users/runner/Library/Developer/Xcode/DerivedData/countdown-commbukpdznukvarcianfztjiqgm/Build/Intermediates.noindex/ArchiveIntermediates/countdown/InstallationBuildProductsLocation/Applications/countdown.app

CodeSign /Users/runner/Library/Developer/Xcode/DerivedData/countdown-commbukpdznukvarcianfztjiqgm/Build/Intermediates.noindex/ArchiveIntermediates/countdown/InstallationBuildProductsLocation/Applications/countdown.app (in target 'countdown' from project 'countdown')
    cd /Users/runner/work/CountdownW/CountdownW
    
    Signing Identity:     "Apple Distribution: liqiao chen (NB72MDN3HF)"
    Provisioning Profile: "appstore-6747117349-20260407064533273"
                          (8ade1083-087a-46bf-a5f2-1f15a2d8bdfe)
    
    /usr/bin/codesign --force --sign EC25E0D3107938A99488D3B448613303291FC685 --entitlements /Users/runner/Library/Developer/Xcode/DerivedData/countdown-commbukpdznukvarcianfztjiqgm/Build/Intermediates.noindex/ArchiveIntermediates/countdown/IntermediateBuildFilesPath/countdown.build/Release-iphoneos/countdown.build/countdown.app.xcent --generate-entitlement-der /Users/runner/Library/Developer/Xcode/DerivedData/countdown-commbukpdznukvarcianfztjiqgm/Build/Intermediates.noindex/ArchiveIntermediates/countdown/InstallationBuildProductsLocation/Applications/countdown.app

RegisterExecutionPolicyException /Users/runner/Library/Developer/Xcode/DerivedData/countdown-commbukpdznukvarcianfztjiqgm/Build/Intermediates.noindex/ArchiveIntermediates/countdown/InstallationBuildProductsLocation/Applications/countdown.app (in target 'countdown' from project 'countdown')
    cd /Users/runner/work/CountdownW/CountdownW
    builtin-RegisterExecutionPolicyException /Users/runner/Library/Developer/Xcode/DerivedData/countdown-commbukpdznukvarcianfztjiqgm/Build/Intermediates.noindex/ArchiveIntermediates/countdown/InstallationBuildProductsLocation/Applications/countdown.app

Validate /Users/runner/Library/Developer/Xcode/DerivedData/countdown-commbukpdznukvarcianfztjiqgm/Build/Intermediates.noindex/ArchiveIntermediates/countdown/InstallationBuildProductsLocation/Applications/countdown.app (in target 'countdown' from project 'countdown')
    cd /Users/runner/work/CountdownW/CountdownW
    builtin-validationUtility /Users/runner/Library/Developer/Xcode/DerivedData/countdown-commbukpdznukvarcianfztjiqgm/Build/Intermediates.noindex/ArchiveIntermediates/countdown/InstallationBuildProductsLocation/Applications/countdown.app -validate-for-store -infoplist-subpath Info.plist

Touch /Users/runner/Library/Developer/Xcode/DerivedData/countdown-commbukpdznukvarcianfztjiqgm/Build/Intermediates.noindex/ArchiveIntermediates/countdown/InstallationBuildProductsLocation/Applications/countdown.app (in target 'countdown' from project 'countdown')
    cd /Users/runner/work/CountdownW/CountdownW
    /usr/bin/touch -c /Users/runner/Library/Developer/Xcode/DerivedData/countdown-commbukpdznukvarcianfztjiqgm/Build/Intermediates.noindex/ArchiveIntermediates/countdown/InstallationBuildProductsLocation/Applications/countdown.app

/Users/runner/work/CountdownW/CountdownW/Pods/Pods.xcodeproj: warning: The iOS deployment target 'IPHONEOS_DEPLOYMENT_TARGET' is set to 9.0, but the range of supported deployment target versions is 12.0 to 18.5.99. (in target 'UMDevice' from project 'Pods')
note: Disabling previews because SWIFT_VERSION is set and SWIFT_OPTIMIZATION_LEVEL=-O, expected -Onone (in target 'UMDevice' from project 'Pods')
/Users/runner/work/CountdownW/CountdownW/Pods/Pods.xcodeproj: warning: The iOS deployment target 'IPHONEOS_DEPLOYMENT_TARGET' is set to 9.0, but the range of supported deployment target versions is 12.0 to 18.5.99. (in target 'UMCommon' from project 'Pods')
note: Disabling previews because SWIFT_VERSION is set and SWIFT_OPTIMIZATION_LEVEL=-O, expected -Onone (in target 'UMCommon' from project 'Pods')
note: Disabling previews because SWIFT_VERSION is set and SWIFT_OPTIMIZATION_LEVEL=-O, expected -Onone (in target 'countdown' from project 'countdown')
note: Disabling previews because SWIFT_VERSION is set and SWIFT_OPTIMIZATION_LEVEL=-O, expected -Onone (in target 'Pods-countdown' from project 'Pods')
note: Disabling previews because SWIFT_VERSION is set and SWIFT_OPTIMIZATION_LEVEL=-O, expected -Onone (in target 'lottie-ios-LottiePrivacyInfo' from project 'Pods')
note: Disabling previews because SWIFT_VERSION is set and SWIFT_OPTIMIZATION_LEVEL=-O, expected -Onone (in target 'lottie-ios' from project 'Pods')
note: Disabling previews because SWIFT_VERSION is set and SWIFT_OPTIMIZATION_LEVEL=-O, expected -Onone (in target 'SVProgressHUD' from project 'Pods')
/Users/runner/work/CountdownW/CountdownW/Pods/Pods.xcodeproj: warning: The iOS deployment target 'IPHONEOS_DEPLOYMENT_TARGET' is set to 9.0, but the range of supported deployment target versions is 12.0 to 18.5.99. (in target 'KeychainAccess' from project 'Pods')
note: Disabling previews because SWIFT_VERSION is set and SWIFT_OPTIMIZATION_LEVEL=-O, expected -Onone (in target 'KeychainAccess' from project 'Pods')
note: Disabling previews because SWIFT_VERSION is set and SWIFT_OPTIMIZATION_LEVEL=-O, expected -Onone (in target 'ApplePurchaseKit' from project 'Pods')
** ARCHIVE SUCCEEDED **

