Command line invocation:
    /Applications/Xcode_26.3.app/Contents/Developer/usr/bin/xcodebuild archive -workspace /Users/runner/work/Web_Browser/Web_Browser/WebBrowser.xcworkspace -scheme WebBrowser -configuration Release -destination generic/platform=iOS -skipMacroValidation -skipPackagePluginValidation -archivePath /Users/runner/work/Web_Browser/Web_Browser/build.xcarchive

2026-08-18 03:03:41.422 xcodebuild[5353:19455] [MT] IDERunDestination: Supported platforms for the buildables in the current scheme is empty.
ComputePackagePrebuildTargetDependencyGraph

Prepare packages

CreateBuildRequest

SendProjectDescription

CreateBuildOperation

ComputeTargetDependencyGraph
note: Building targets in dependency order
note: Target dependency graph (22 targets)
    Target 'WebBrowser' in project 'WebBrowser'
        ➜ Implicit dependency on target 'Pods-WebBrowser' in project 'Pods' via file 'Pods_WebBrowser.framework' in build phase 'Link Binary'
        ➜ Implicit dependency on target 'ApplePurchaseKit' in project 'Pods' via options '-framework ApplePurchaseKit' in build setting 'OTHER_LDFLAGS'
        ➜ Implicit dependency on target 'KeychainAccess' in project 'Pods' via options '-framework KeychainAccess' in build setting 'OTHER_LDFLAGS'
        ➜ Implicit dependency on target 'SVProgressHUD' in project 'Pods' via options '-framework SVProgressHUD' in build setting 'OTHER_LDFLAGS'
    Target 'Pods-WebBrowser' in project 'Pods'
        ➜ Explicit dependency on target 'Ads-Global' in project 'Pods'
        ➜ Explicit dependency on target 'ApplePurchaseKit' in project 'Pods'
        ➜ Explicit dependency on target 'FBAudienceNetwork' in project 'Pods'
        ➜ Explicit dependency on target 'InMobiSDK' in project 'Pods'
        ➜ Explicit dependency on target 'KeychainAccess' in project 'Pods'
        ➜ Explicit dependency on target 'MintegralAdSDK' in project 'Pods'
        ➜ Explicit dependency on target 'SVProgressHUD' in project 'Pods'
        ➜ Explicit dependency on target 'SmartdigimktSDK' in project 'Pods'
        ➜ Explicit dependency on target 'TPNMediationAdxSmartdigimktAdapter' in project 'Pods'
        ➜ Explicit dependency on target 'TPNMediationFacebookAdapter' in project 'Pods'
        ➜ Explicit dependency on target 'TPNMediationInmobiAdapter' in project 'Pods'
        ➜ Explicit dependency on target 'TPNMediationMintegralAdapter' in project 'Pods'
        ➜ Explicit dependency on target 'TPNMediationPangleAdapter' in project 'Pods'
        ➜ Explicit dependency on target 'TPNiOS' in project 'Pods'
        ➜ Explicit dependency on target 'UMCommon' in project 'Pods'
        ➜ Explicit dependency on target 'UMDevice' in project 'Pods'
    Target 'TPNMediationPangleAdapter' in project 'Pods'
        ➜ Explicit dependency on target 'Ads-Global' in project 'Pods'
        ➜ Explicit dependency on target 'TPNiOS' in project 'Pods'
    Target 'TPNMediationMintegralAdapter' in project 'Pods'
        ➜ Explicit dependency on target 'MintegralAdSDK' in project 'Pods'
        ➜ Explicit dependency on target 'TPNiOS' in project 'Pods'
    Target 'TPNMediationInmobiAdapter' in project 'Pods'
        ➜ Explicit dependency on target 'InMobiSDK' in project 'Pods'
        ➜ Explicit dependency on target 'TPNiOS' in project 'Pods'
    Target 'TPNMediationFacebookAdapter' in project 'Pods'
        ➜ Explicit dependency on target 'FBAudienceNetwork' in project 'Pods'
        ➜ Explicit dependency on target 'TPNiOS' in project 'Pods'
    Target 'TPNMediationAdxSmartdigimktAdapter' in project 'Pods'
        ➜ Explicit dependency on target 'SmartdigimktSDK' in project 'Pods'
        ➜ Explicit dependency on target 'TPNiOS' in project 'Pods'
    Target 'TPNiOS' in project 'Pods' (no dependencies)
    Target 'SmartdigimktSDK' in project 'Pods' (no dependencies)
    Target 'SVProgressHUD' in project 'Pods' (no dependencies)
    Target 'MintegralAdSDK' in project 'Pods'
        ➜ Explicit dependency on target 'MintegralAdSDK-MTGSDK' in project 'Pods'
    Target 'MintegralAdSDK-MTGSDK' in project 'Pods' (no dependencies)
    Target 'InMobiSDK' in project 'Pods' (no dependencies)
    Target 'FBAudienceNetwork' in project 'Pods'
        ➜ Explicit dependency on target 'FBAudienceNetwork-FBAudienceNetwork' in project 'Pods'
    Target 'FBAudienceNetwork-FBAudienceNetwork' in project 'Pods' (no dependencies)
    Target 'ApplePurchaseKit' in project 'Pods'
        ➜ Explicit dependency on target 'KeychainAccess' in project 'Pods'
        ➜ Explicit dependency on target 'UMCommon' in project 'Pods'
        ➜ Explicit dependency on target 'UMDevice' in project 'Pods'
    Target 'UMCommon' in project 'Pods'
        ➜ Explicit dependency on target 'UMDevice' in project 'Pods'
    Target 'UMDevice' in project 'Pods' (no dependencies)
    Target 'KeychainAccess' in project 'Pods' (no dependencies)
    Target 'Ads-Global' in project 'Pods'
        ➜ Explicit dependency on target 'Ads-Global-AdsGlobalSDK' in project 'Pods'
        ➜ Explicit dependency on target 'Ads-Global-TikTokBusinessSDK' in project 'Pods'
    Target 'Ads-Global-TikTokBusinessSDK' in project 'Pods' (no dependencies)
    Target 'Ads-Global-AdsGlobalSDK' in project 'Pods' (no dependencies)

GatherProvisioningInputs

CreateBuildDescription

ExecuteExternalTool /Applications/Xcode_26.3.app/Contents/Developer/Toolchains/XcodeDefault.xctoolchain/usr/bin/clang -v -E -dM -isysroot /Applications/Xcode_26.3.app/Contents/Developer/Platforms/iPhoneOS.platform/Developer/SDKs/iPhoneOS26.2.sdk -x c -c /dev/null

ExecuteExternalTool /Applications/Xcode_26.3.app/Contents/Developer/Toolchains/XcodeDefault.xctoolchain/usr/bin/clang -v -E -dM -arch arm64 -isysroot /Applications/Xcode_26.3.app/Contents/Developer/Platforms/iPhoneOS.platform/Developer/SDKs/iPhoneOS26.2.sdk -x c -c /dev/null

ExecuteExternalTool /Applications/Xcode_26.3.app/Contents/Developer/Toolchains/XcodeDefault.xctoolchain/usr/bin/clang -v -E -dM -arch arm64 -isysroot /Applications/Xcode_26.3.app/Contents/Developer/Platforms/iPhoneOS.platform/Developer/SDKs/iPhoneOS26.2.sdk -x objective-c -c /dev/null

ExecuteExternalTool /Applications/Xcode_26.3.app/Contents/Developer/usr/bin/actool --print-asset-tag-combinations --output-format xml1 /Users/runner/work/Web_Browser/Web_Browser/WebBrowser/Resources/Assets.xcassets

ExecuteExternalTool /Applications/Xcode_26.3.app/Contents/Developer/Toolchains/XcodeDefault.xctoolchain/usr/bin/swiftc --version

ExecuteExternalTool /Applications/Xcode_26.3.app/Contents/Developer/Toolchains/XcodeDefault.xctoolchain/usr/bin/ld -version_details

ExecuteExternalTool /Applications/Xcode_26.3.app/Contents/Developer/Toolchains/XcodeDefault.xctoolchain/usr/bin/libtool -V

ExecuteExternalTool /Applications/Xcode_26.3.app/Contents/Developer/usr/bin/actool --version --output-format xml1

Build description signature: 23dcfadf5ba2549f139a082a4ef87e65
Build description path: /Users/runner/Library/Developer/Xcode/DerivedData/WebBrowser-clqywoufjsuyrtaownclvbrmxizr/Build/Intermediates.noindex/ArchiveIntermediates/WebBrowser/IntermediateBuildFilesPath/XCBuildData/23dcfadf5ba2549f139a082a4ef87e65.xcbuilddata
CreateBuildDirectory /Users/runner/Library/Developer/Xcode/DerivedData/WebBrowser-clqywoufjsuyrtaownclvbrmxizr/Build/Intermediates.noindex/ArchiveIntermediates/WebBrowser/IntermediateBuildFilesPath
    cd /Users/runner/work/Web_Browser/Web_Browser
    builtin-create-build-directory /Users/runner/Library/Developer/Xcode/DerivedData/WebBrowser-clqywoufjsuyrtaownclvbrmxizr/Build/Intermediates.noindex/ArchiveIntermediates/WebBrowser/IntermediateBuildFilesPath

CreateBuildDirectory /Users/runner/Library/Developer/Xcode/DerivedData/WebBrowser-clqywoufjsuyrtaownclvbrmxizr/Build/Intermediates.noindex/ArchiveIntermediates/WebBrowser/InstallationBuildProductsLocation
    cd /Users/runner/work/Web_Browser/Web_Browser
    builtin-create-build-directory /Users/runner/Library/Developer/Xcode/DerivedData/WebBrowser-clqywoufjsuyrtaownclvbrmxizr/Build/Intermediates.noindex/ArchiveIntermediates/WebBrowser/InstallationBuildProductsLocation

CreateBuildDirectory /Users/runner/Library/Developer/Xcode/DerivedData/WebBrowser-clqywoufjsuyrtaownclvbrmxizr/Build/Intermediates.noindex/ArchiveIntermediates/WebBrowser/BuildProductsPath
    cd /Users/runner/work/Web_Browser/Web_Browser
    builtin-create-build-directory /Users/runner/Library/Developer/Xcode/DerivedData/WebBrowser-clqywoufjsuyrtaownclvbrmxizr/Build/Intermediates.noindex/ArchiveIntermediates/WebBrowser/BuildProductsPath

ClangStatCache /Applications/Xcode_26.3.app/Contents/Developer/Toolchains/XcodeDefault.xctoolchain/usr/bin/clang-stat-cache /Applications/Xcode_26.3.app/Contents/Developer/Platforms/iPhoneOS.platform/Developer/SDKs/iPhoneOS26.2.sdk /Users/runner/Library/Developer/Xcode/DerivedData/SDKStatCaches.noindex/iphoneos26.2-23C57-dc75598d0054f22ec865fa860f139d722dd23b4ebda140f7210d155ff1243552.sdkstatcache
    cd /Users/runner/work/Web_Browser/Web_Browser
    /Applications/Xcode_26.3.app/Contents/Developer/Toolchains/XcodeDefault.xctoolchain/usr/bin/clang-stat-cache /Applications/Xcode_26.3.app/Contents/Developer/Platforms/iPhoneOS.platform/Developer/SDKs/iPhoneOS26.2.sdk -o /Users/runner/Library/Developer/Xcode/DerivedData/SDKStatCaches.noindex/iphoneos26.2-23C57-dc75598d0054f22ec865fa860f139d722dd23b4ebda140f7210d155ff1243552.sdkstatcache

WriteAuxiliaryFile /Users/runner/Library/Developer/Xcode/DerivedData/WebBrowser-clqywoufjsuyrtaownclvbrmxizr/Build/Intermediates.noindex/ArchiveIntermediates/WebBrowser/IntermediateBuildFilesPath/WebBrowser.build/Release-iphoneos/WebBrowser-120faf8fc8e1ade2702c6ec35c686092-VFS-iphoneos/all-product-headers.yaml
    cd /Users/runner/work/Web_Browser/Web_Browser
    write-file /Users/runner/Library/Developer/Xcode/DerivedData/WebBrowser-clqywoufjsuyrtaownclvbrmxizr/Build/Intermediates.noindex/ArchiveIntermediates/WebBrowser/IntermediateBuildFilesPath/WebBrowser.build/Release-iphoneos/WebBrowser-120faf8fc8e1ade2702c6ec35c686092-VFS-iphoneos/all-product-headers.yaml

WriteAuxiliaryFile /Users/runner/Library/Developer/Xcode/DerivedData/WebBrowser-clqywoufjsuyrtaownclvbrmxizr/Build/Intermediates.noindex/ArchiveIntermediates/WebBrowser/IntermediateBuildFilesPath/Pods.build/Release-iphoneos/Pods-8699adb1dd336b26511df848a716bd42-VFS-iphoneos/all-product-headers.yaml
    cd /Users/runner/work/Web_Browser/Web_Browser
    write-file /Users/runner/Library/Developer/Xcode/DerivedData/WebBrowser-clqywoufjsuyrtaownclvbrmxizr/Build/Intermediates.noindex/ArchiveIntermediates/WebBrowser/IntermediateBuildFilesPath/Pods.build/Release-iphoneos/Pods-8699adb1dd336b26511df848a716bd42-VFS-iphoneos/all-product-headers.yaml

CreateBuildDirectory /Users/runner/Library/Developer/Xcode/DerivedData/WebBrowser-clqywoufjsuyrtaownclvbrmxizr/Build/Intermediates.noindex/ArchiveIntermediates/WebBrowser/IntermediateBuildFilesPath/SwiftExplicitPrecompiledModules
    cd /Users/runner/work/Web_Browser/Web_Browser
    builtin-create-build-directory /Users/runner/Library/Developer/Xcode/DerivedData/WebBrowser-clqywoufjsuyrtaownclvbrmxizr/Build/Intermediates.noindex/ArchiveIntermediates/WebBrowser/IntermediateBuildFilesPath/SwiftExplicitPrecompiledModules

CreateBuildDirectory /Users/runner/Library/Developer/Xcode/DerivedData/WebBrowser-clqywoufjsuyrtaownclvbrmxizr/Build/Intermediates.noindex/ArchiveIntermediates/WebBrowser/IntermediateBuildFilesPath/ExplicitPrecompiledModules
    cd /Users/runner/work/Web_Browser/Web_Browser
    builtin-create-build-directory /Users/runner/Library/Developer/Xcode/DerivedData/WebBrowser-clqywoufjsuyrtaownclvbrmxizr/Build/Intermediates.noindex/ArchiveIntermediates/WebBrowser/IntermediateBuildFilesPath/ExplicitPrecompiledModules

CreateBuildDirectory /Users/runner/Library/Developer/Xcode/DerivedData/WebBrowser-clqywoufjsuyrtaownclvbrmxizr/Build/Intermediates.noindex/ArchiveIntermediates/WebBrowser/IntermediateBuildFilesPath/EagerLinkingTBDs/Release-iphoneos
    cd /Users/runner/work/Web_Browser/Web_Browser
    builtin-create-build-directory /Users/runner/Library/Developer/Xcode/DerivedData/WebBrowser-clqywoufjsuyrtaownclvbrmxizr/Build/Intermediates.noindex/ArchiveIntermediates/WebBrowser/IntermediateBuildFilesPath/EagerLinkingTBDs/Release-iphoneos

CreateBuildDirectory /Users/runner/Library/Developer/Xcode/DerivedData/WebBrowser-clqywoufjsuyrtaownclvbrmxizr/Build/Intermediates.noindex/ArchiveIntermediates/WebBrowser/BuildProductsPath/Release-iphoneos
    cd /Users/runner/work/Web_Browser/Web_Browser
    builtin-create-build-directory /Users/runner/Library/Developer/Xcode/DerivedData/WebBrowser-clqywoufjsuyrtaownclvbrmxizr/Build/Intermediates.noindex/ArchiveIntermediates/WebBrowser/BuildProductsPath/Release-iphoneos

WriteAuxiliaryFile /Users/runner/Library/Developer/Xcode/DerivedData/WebBrowser-clqywoufjsuyrtaownclvbrmxizr/Build/Intermediates.noindex/ArchiveIntermediates/WebBrowser/IntermediateBuildFilesPath/Pods.build/Release-iphoneos/UMDevice.build/Script-0A37AD4C343977BA9BEFF4AF8C7F7138.sh (in target 'UMDevice' from project 'Pods')
    cd /Users/runner/work/Web_Browser/Web_Browser/Pods
    write-file /Users/runner/Library/Developer/Xcode/DerivedData/WebBrowser-clqywoufjsuyrtaownclvbrmxizr/Build/Intermediates.noindex/ArchiveIntermediates/WebBrowser/IntermediateBuildFilesPath/Pods.build/Release-iphoneos/UMDevice.build/Script-0A37AD4C343977BA9BEFF4AF8C7F7138.sh

WriteAuxiliaryFile /Users/runner/Library/Developer/Xcode/DerivedData/WebBrowser-clqywoufjsuyrtaownclvbrmxizr/Build/Intermediates.noindex/ArchiveIntermediates/WebBrowser/IntermediateBuildFilesPath/Pods.build/Release-iphoneos/UMDevice.build/OutputFileList-0A37AD4C343977BA9BEFF4AF8C7F7138-UMDevice-xcframeworks-output-files-374652601ee8c10fb9559c4954881470-resolved.xcfilelist (in target 'UMDevice' from project 'Pods')
    cd /Users/runner/work/Web_Browser/Web_Browser/Pods
    write-file /Users/runner/Library/Developer/Xcode/DerivedData/WebBrowser-clqywoufjsuyrtaownclvbrmxizr/Build/Intermediates.noindex/ArchiveIntermediates/WebBrowser/IntermediateBuildFilesPath/Pods.build/Release-iphoneos/UMDevice.build/OutputFileList-0A37AD4C343977BA9BEFF4AF8C7F7138-UMDevice-xcframeworks-output-files-374652601ee8c10fb9559c4954881470-resolved.xcfilelist

WriteAuxiliaryFile /Users/runner/Library/Developer/Xcode/DerivedData/WebBrowser-clqywoufjsuyrtaownclvbrmxizr/Build/Intermediates.noindex/ArchiveIntermediates/WebBrowser/IntermediateBuildFilesPath/Pods.build/Release-iphoneos/UMDevice.build/InputFileList-0A37AD4C343977BA9BEFF4AF8C7F7138-UMDevice-xcframeworks-input-files-8e05f791f6ca4c68e7a950c9572de00f-resolved.xcfilelist (in target 'UMDevice' from project 'Pods')
    cd /Users/runner/work/Web_Browser/Web_Browser/Pods
    write-file /Users/runner/Library/Developer/Xcode/DerivedData/WebBrowser-clqywoufjsuyrtaownclvbrmxizr/Build/Intermediates.noindex/ArchiveIntermediates/WebBrowser/IntermediateBuildFilesPath/Pods.build/Release-iphoneos/UMDevice.build/InputFileList-0A37AD4C343977BA9BEFF4AF8C7F7138-UMDevice-xcframeworks-input-files-8e05f791f6ca4c68e7a950c9572de00f-resolved.xcfilelist

WriteAuxiliaryFile /Users/runner/Library/Developer/Xcode/DerivedData/WebBrowser-clqywoufjsuyrtaownclvbrmxizr/Build/Intermediates.noindex/ArchiveIntermediates/WebBrowser/IntermediateBuildFilesPath/Pods.build/Release-iphoneos/UMCommon.build/Script-B6D6707D6B9596CB6F6D0DE225B485F4.sh (in target 'UMCommon' from project 'Pods')
    cd /Users/runner/work/Web_Browser/Web_Browser/Pods
    write-file /Users/runner/Library/Developer/Xcode/DerivedData/WebBrowser-clqywoufjsuyrtaownclvbrmxizr/Build/Intermediates.noindex/ArchiveIntermediates/WebBrowser/IntermediateBuildFilesPath/Pods.build/Release-iphoneos/UMCommon.build/Script-B6D6707D6B9596CB6F6D0DE225B485F4.sh

WriteAuxiliaryFile /Users/runner/Library/Developer/Xcode/DerivedData/WebBrowser-clqywoufjsuyrtaownclvbrmxizr/Build/Intermediates.noindex/ArchiveIntermediates/WebBrowser/IntermediateBuildFilesPath/Pods.build/Release-iphoneos/UMCommon.build/OutputFileList-B6D6707D6B9596CB6F6D0DE225B485F4-UMCommon-xcframeworks-output-files-65a84a986edf2586d389fc6f9e6250bd-resolved.xcfilelist (in target 'UMCommon' from project 'Pods')
    cd /Users/runner/work/Web_Browser/Web_Browser/Pods
    write-file /Users/runner/Library/Developer/Xcode/DerivedData/WebBrowser-clqywoufjsuyrtaownclvbrmxizr/Build/Intermediates.noindex/ArchiveIntermediates/WebBrowser/IntermediateBuildFilesPath/Pods.build/Release-iphoneos/UMCommon.build/OutputFileList-B6D6707D6B9596CB6F6D0DE225B485F4-UMCommon-xcframeworks-output-files-65a84a986edf2586d389fc6f9e6250bd-resolved.xcfilelist

WriteAuxiliaryFile /Users/runner/Library/Developer/Xcode/DerivedData/WebBrowser-clqywoufjsuyrtaownclvbrmxizr/Build/Intermediates.noindex/ArchiveIntermediates/WebBrowser/IntermediateBuildFilesPath/Pods.build/Release-iphoneos/UMCommon.build/InputFileList-B6D6707D6B9596CB6F6D0DE225B485F4-UMCommon-xcframeworks-input-files-ae72b4ad91894f00568571635ac61b71-resolved.xcfilelist (in target 'UMCommon' from project 'Pods')
    cd /Users/runner/work/Web_Browser/Web_Browser/Pods
    write-file /Users/runner/Library/Developer/Xcode/DerivedData/WebBrowser-clqywoufjsuyrtaownclvbrmxizr/Build/Intermediates.noindex/ArchiveIntermediates/WebBrowser/IntermediateBuildFilesPath/Pods.build/Release-iphoneos/UMCommon.build/InputFileList-B6D6707D6B9596CB6F6D0DE225B485F4-UMCommon-xcframeworks-input-files-ae72b4ad91894f00568571635ac61b71-resolved.xcfilelist

WriteAuxiliaryFile /Users/runner/Library/Developer/Xcode/DerivedData/WebBrowser-clqywoufjsuyrtaownclvbrmxizr/Build/Intermediates.noindex/ArchiveIntermediates/WebBrowser/IntermediateBuildFilesPath/Pods.build/Release-iphoneos/TPNiOS.build/Script-E6AEE2F70670AAF53216C35E753FECB6.sh (in target 'TPNiOS' from project 'Pods')
    cd /Users/runner/work/Web_Browser/Web_Browser/Pods
    write-file /Users/runner/Library/Developer/Xcode/DerivedData/WebBrowser-clqywoufjsuyrtaownclvbrmxizr/Build/Intermediates.noindex/ArchiveIntermediates/WebBrowser/IntermediateBuildFilesPath/Pods.build/Release-iphoneos/TPNiOS.build/Script-E6AEE2F70670AAF53216C35E753FECB6.sh

WriteAuxiliaryFile /Users/runner/Library/Developer/Xcode/DerivedData/WebBrowser-clqywoufjsuyrtaownclvbrmxizr/Build/Intermediates.noindex/ArchiveIntermediates/WebBrowser/IntermediateBuildFilesPath/Pods.build/Release-iphoneos/TPNiOS.build/OutputFileList-E6AEE2F70670AAF53216C35E753FECB6-TPNiOS-xcframeworks-output-files-d493fbcca806ad550f5f21a9fc24eba4-resolved.xcfilelist (in target 'TPNiOS' from project 'Pods')
    cd /Users/runner/work/Web_Browser/Web_Browser/Pods
    write-file /Users/runner/Library/Developer/Xcode/DerivedData/WebBrowser-clqywoufjsuyrtaownclvbrmxizr/Build/Intermediates.noindex/ArchiveIntermediates/WebBrowser/IntermediateBuildFilesPath/Pods.build/Release-iphoneos/TPNiOS.build/OutputFileList-E6AEE2F70670AAF53216C35E753FECB6-TPNiOS-xcframeworks-output-files-d493fbcca806ad550f5f21a9fc24eba4-resolved.xcfilelist

WriteAuxiliaryFile /Users/runner/Library/Developer/Xcode/DerivedData/WebBrowser-clqywoufjsuyrtaownclvbrmxizr/Build/Intermediates.noindex/ArchiveIntermediates/WebBrowser/IntermediateBuildFilesPath/Pods.build/Release-iphoneos/TPNiOS.build/InputFileList-E6AEE2F70670AAF53216C35E753FECB6-TPNiOS-xcframeworks-input-files-74c4e7afe7f9d46c2d196934dc225bad-resolved.xcfilelist (in target 'TPNiOS' from project 'Pods')
    cd /Users/runner/work/Web_Browser/Web_Browser/Pods
    write-file /Users/runner/Library/Developer/Xcode/DerivedData/WebBrowser-clqywoufjsuyrtaownclvbrmxizr/Build/Intermediates.noindex/ArchiveIntermediates/WebBrowser/IntermediateBuildFilesPath/Pods.build/Release-iphoneos/TPNiOS.build/InputFileList-E6AEE2F70670AAF53216C35E753FECB6-TPNiOS-xcframeworks-input-files-74c4e7afe7f9d46c2d196934dc225bad-resolved.xcfilelist

WriteAuxiliaryFile /Users/runner/Library/Developer/Xcode/DerivedData/WebBrowser-clqywoufjsuyrtaownclvbrmxizr/Build/Intermediates.noindex/ArchiveIntermediates/WebBrowser/IntermediateBuildFilesPath/Pods.build/Release-iphoneos/TPNMediationPangleAdapter.build/Script-ECA3A50C537FF8F5234EDA7D8F1470DC.sh (in target 'TPNMediationPangleAdapter' from project 'Pods')
    cd /Users/runner/work/Web_Browser/Web_Browser/Pods
    write-file /Users/runner/Library/Developer/Xcode/DerivedData/WebBrowser-clqywoufjsuyrtaownclvbrmxizr/Build/Intermediates.noindex/ArchiveIntermediates/WebBrowser/IntermediateBuildFilesPath/Pods.build/Release-iphoneos/TPNMediationPangleAdapter.build/Script-ECA3A50C537FF8F5234EDA7D8F1470DC.sh

WriteAuxiliaryFile /Users/runner/Library/Developer/Xcode/DerivedData/WebBrowser-clqywoufjsuyrtaownclvbrmxizr/Build/Intermediates.noindex/ArchiveIntermediates/WebBrowser/IntermediateBuildFilesPath/Pods.build/Release-iphoneos/TPNMediationPangleAdapter.build/OutputFileList-ECA3A50C537FF8F5234EDA7D8F1470DC-TPNMediationPangleAdapter-xcframeworks-output-files-998158b25b26c190109b8a9456d39a6e-resolved.xcfilelist (in target 'TPNMediationPangleAdapter' from project 'Pods')
    cd /Users/runner/work/Web_Browser/Web_Browser/Pods
    write-file /Users/runner/Library/Developer/Xcode/DerivedData/WebBrowser-clqywoufjsuyrtaownclvbrmxizr/Build/Intermediates.noindex/ArchiveIntermediates/WebBrowser/IntermediateBuildFilesPath/Pods.build/Release-iphoneos/TPNMediationPangleAdapter.build/OutputFileList-ECA3A50C537FF8F5234EDA7D8F1470DC-TPNMediationPangleAdapter-xcframeworks-output-files-998158b25b26c190109b8a9456d39a6e-resolved.xcfilelist

WriteAuxiliaryFile /Users/runner/Library/Developer/Xcode/DerivedData/WebBrowser-clqywoufjsuyrtaownclvbrmxizr/Build/Intermediates.noindex/ArchiveIntermediates/WebBrowser/IntermediateBuildFilesPath/Pods.build/Release-iphoneos/TPNMediationPangleAdapter.build/InputFileList-ECA3A50C537FF8F5234EDA7D8F1470DC-TPNMediationPangleAdapter-xcframeworks-input-files-a04927dd37e414e5a5b25bc523ae417d-resolved.xcfilelist (in target 'TPNMediationPangleAdapter' from project 'Pods')
    cd /Users/runner/work/Web_Browser/Web_Browser/Pods
    write-file /Users/runner/Library/Developer/Xcode/DerivedData/WebBrowser-clqywoufjsuyrtaownclvbrmxizr/Build/Intermediates.noindex/ArchiveIntermediates/WebBrowser/IntermediateBuildFilesPath/Pods.build/Release-iphoneos/TPNMediationPangleAdapter.build/InputFileList-ECA3A50C537FF8F5234EDA7D8F1470DC-TPNMediationPangleAdapter-xcframeworks-input-files-a04927dd37e414e5a5b25bc523ae417d-resolved.xcfilelist

WriteAuxiliaryFile /Users/runner/Library/Developer/Xcode/DerivedData/WebBrowser-clqywoufjsuyrtaownclvbrmxizr/Build/Intermediates.noindex/ArchiveIntermediates/WebBrowser/IntermediateBuildFilesPath/Pods.build/Release-iphoneos/TPNMediationMintegralAdapter.build/Script-D7BDDAAD7995DA38BB89991B30E3B566.sh (in target 'TPNMediationMintegralAdapter' from project 'Pods')
    cd /Users/runner/work/Web_Browser/Web_Browser/Pods
    write-file /Users/runner/Library/Developer/Xcode/DerivedData/WebBrowser-clqywoufjsuyrtaownclvbrmxizr/Build/Intermediates.noindex/ArchiveIntermediates/WebBrowser/IntermediateBuildFilesPath/Pods.build/Release-iphoneos/TPNMediationMintegralAdapter.build/Script-D7BDDAAD7995DA38BB89991B30E3B566.sh

WriteAuxiliaryFile /Users/runner/Library/Developer/Xcode/DerivedData/WebBrowser-clqywoufjsuyrtaownclvbrmxizr/Build/Intermediates.noindex/ArchiveIntermediates/WebBrowser/IntermediateBuildFilesPath/Pods.build/Release-iphoneos/TPNMediationMintegralAdapter.build/OutputFileList-D7BDDAAD7995DA38BB89991B30E3B566-TPNMediationMintegralAdapter-xcframeworks-output-files-ca94628c6a367346eb84fc6b5fd21534-resolved.xcfilelist (in target 'TPNMediationMintegralAdapter' from project 'Pods')
    cd /Users/runner/work/Web_Browser/Web_Browser/Pods
    write-file /Users/runner/Library/Developer/Xcode/DerivedData/WebBrowser-clqywoufjsuyrtaownclvbrmxizr/Build/Intermediates.noindex/ArchiveIntermediates/WebBrowser/IntermediateBuildFilesPath/Pods.build/Release-iphoneos/TPNMediationMintegralAdapter.build/OutputFileList-D7BDDAAD7995DA38BB89991B30E3B566-TPNMediationMintegralAdapter-xcframeworks-output-files-ca94628c6a367346eb84fc6b5fd21534-resolved.xcfilelist

WriteAuxiliaryFile /Users/runner/Library/Developer/Xcode/DerivedData/WebBrowser-clqywoufjsuyrtaownclvbrmxizr/Build/Intermediates.noindex/ArchiveIntermediates/WebBrowser/IntermediateBuildFilesPath/Pods.build/Release-iphoneos/TPNMediationMintegralAdapter.build/InputFileList-D7BDDAAD7995DA38BB89991B30E3B566-TPNMediationMintegralAdapter-xcframeworks-input-files-37b1a1006eebd5c4f6c947a609198090-resolved.xcfilelist (in target 'TPNMediationMintegralAdapter' from project 'Pods')
    cd /Users/runner/work/Web_Browser/Web_Browser/Pods
    write-file /Users/runner/Library/Developer/Xcode/DerivedData/WebBrowser-clqywoufjsuyrtaownclvbrmxizr/Build/Intermediates.noindex/ArchiveIntermediates/WebBrowser/IntermediateBuildFilesPath/Pods.build/Release-iphoneos/TPNMediationMintegralAdapter.build/InputFileList-D7BDDAAD7995DA38BB89991B30E3B566-TPNMediationMintegralAdapter-xcframeworks-input-files-37b1a1006eebd5c4f6c947a609198090-resolved.xcfilelist

WriteAuxiliaryFile /Users/runner/Library/Developer/Xcode/DerivedData/WebBrowser-clqywoufjsuyrtaownclvbrmxizr/Build/Intermediates.noindex/ArchiveIntermediates/WebBrowser/IntermediateBuildFilesPath/Pods.build/Release-iphoneos/TPNMediationInmobiAdapter.build/Script-D29D3D83171C5275812AAAEE47AF38B5.sh (in target 'TPNMediationInmobiAdapter' from project 'Pods')
    cd /Users/runner/work/Web_Browser/Web_Browser/Pods
    write-file /Users/runner/Library/Developer/Xcode/DerivedData/WebBrowser-clqywoufjsuyrtaownclvbrmxizr/Build/Intermediates.noindex/ArchiveIntermediates/WebBrowser/IntermediateBuildFilesPath/Pods.build/Release-iphoneos/TPNMediationInmobiAdapter.build/Script-D29D3D83171C5275812AAAEE47AF38B5.sh

WriteAuxiliaryFile /Users/runner/Library/Developer/Xcode/DerivedData/WebBrowser-clqywoufjsuyrtaownclvbrmxizr/Build/Intermediates.noindex/ArchiveIntermediates/WebBrowser/IntermediateBuildFilesPath/Pods.build/Release-iphoneos/TPNMediationInmobiAdapter.build/OutputFileList-D29D3D83171C5275812AAAEE47AF38B5-TPNMediationInmobiAdapter-xcframeworks-output-files-c1135e45f06362aee32c90dfd4a2bfa7-resolved.xcfilelist (in target 'TPNMediationInmobiAdapter' from project 'Pods')
    cd /Users/runner/work/Web_Browser/Web_Browser/Pods
    write-file /Users/runner/Library/Developer/Xcode/DerivedData/WebBrowser-clqywoufjsuyrtaownclvbrmxizr/Build/Intermediates.noindex/ArchiveIntermediates/WebBrowser/IntermediateBuildFilesPath/Pods.build/Release-iphoneos/TPNMediationInmobiAdapter.build/OutputFileList-D29D3D83171C5275812AAAEE47AF38B5-TPNMediationInmobiAdapter-xcframeworks-output-files-c1135e45f06362aee32c90dfd4a2bfa7-resolved.xcfilelist

WriteAuxiliaryFile /Users/runner/Library/Developer/Xcode/DerivedData/WebBrowser-clqywoufjsuyrtaownclvbrmxizr/Build/Intermediates.noindex/ArchiveIntermediates/WebBrowser/IntermediateBuildFilesPath/Pods.build/Release-iphoneos/TPNMediationInmobiAdapter.build/InputFileList-D29D3D83171C5275812AAAEE47AF38B5-TPNMediationInmobiAdapter-xcframeworks-input-files-ec3ad61c99ed3b4bb134c887595d4bdc-resolved.xcfilelist (in target 'TPNMediationInmobiAdapter' from project 'Pods')
    cd /Users/runner/work/Web_Browser/Web_Browser/Pods
    write-file /Users/runner/Library/Developer/Xcode/DerivedData/WebBrowser-clqywoufjsuyrtaownclvbrmxizr/Build/Intermediates.noindex/ArchiveIntermediates/WebBrowser/IntermediateBuildFilesPath/Pods.build/Release-iphoneos/TPNMediationInmobiAdapter.build/InputFileList-D29D3D83171C5275812AAAEE47AF38B5-TPNMediationInmobiAdapter-xcframeworks-input-files-ec3ad61c99ed3b4bb134c887595d4bdc-resolved.xcfilelist

WriteAuxiliaryFile /Users/runner/Library/Developer/Xcode/DerivedData/WebBrowser-clqywoufjsuyrtaownclvbrmxizr/Build/Intermediates.noindex/ArchiveIntermediates/WebBrowser/IntermediateBuildFilesPath/Pods.build/Release-iphoneos/TPNMediationFacebookAdapter.build/Script-F02F3C1FE677D6723A46C31264EF59C7.sh (in target 'TPNMediationFacebookAdapter' from project 'Pods')
    cd /Users/runner/work/Web_Browser/Web_Browser/Pods
    write-file /Users/runner/Library/Developer/Xcode/DerivedData/WebBrowser-clqywoufjsuyrtaownclvbrmxizr/Build/Intermediates.noindex/ArchiveIntermediates/WebBrowser/IntermediateBuildFilesPath/Pods.build/Release-iphoneos/TPNMediationFacebookAdapter.build/Script-F02F3C1FE677D6723A46C31264EF59C7.sh

WriteAuxiliaryFile /Users/runner/Library/Developer/Xcode/DerivedData/WebBrowser-clqywoufjsuyrtaownclvbrmxizr/Build/Intermediates.noindex/ArchiveIntermediates/WebBrowser/IntermediateBuildFilesPath/Pods.build/Release-iphoneos/TPNMediationFacebookAdapter.build/OutputFileList-F02F3C1FE677D6723A46C31264EF59C7-TPNMediationFacebookAdapter-xcframeworks-output-files-83f4b29d621ccb8c442f90c9cc57562a-resolved.xcfilelist (in target 'TPNMediationFacebookAdapter' from project 'Pods')
    cd /Users/runner/work/Web_Browser/Web_Browser/Pods
    write-file /Users/runner/Library/Developer/Xcode/DerivedData/WebBrowser-clqywoufjsuyrtaownclvbrmxizr/Build/Intermediates.noindex/ArchiveIntermediates/WebBrowser/IntermediateBuildFilesPath/Pods.build/Release-iphoneos/TPNMediationFacebookAdapter.build/OutputFileList-F02F3C1FE677D6723A46C31264EF59C7-TPNMediationFacebookAdapter-xcframeworks-output-files-83f4b29d621ccb8c442f90c9cc57562a-resolved.xcfilelist

WriteAuxiliaryFile /Users/runner/Library/Developer/Xcode/DerivedData/WebBrowser-clqywoufjsuyrtaownclvbrmxizr/Build/Intermediates.noindex/ArchiveIntermediates/WebBrowser/IntermediateBuildFilesPath/Pods.build/Release-iphoneos/TPNMediationFacebookAdapter.build/InputFileList-F02F3C1FE677D6723A46C31264EF59C7-TPNMediationFacebookAdapter-xcframeworks-input-files-f3debb8ed70a8ebc3d826dd60276ca62-resolved.xcfilelist (in target 'TPNMediationFacebookAdapter' from project 'Pods')
    cd /Users/runner/work/Web_Browser/Web_Browser/Pods
    write-file /Users/runner/Library/Developer/Xcode/DerivedData/WebBrowser-clqywoufjsuyrtaownclvbrmxizr/Build/Intermediates.noindex/ArchiveIntermediates/WebBrowser/IntermediateBuildFilesPath/Pods.build/Release-iphoneos/TPNMediationFacebookAdapter.build/InputFileList-F02F3C1FE677D6723A46C31264EF59C7-TPNMediationFacebookAdapter-xcframeworks-input-files-f3debb8ed70a8ebc3d826dd60276ca62-resolved.xcfilelist

WriteAuxiliaryFile /Users/runner/Library/Developer/Xcode/DerivedData/WebBrowser-clqywoufjsuyrtaownclvbrmxizr/Build/Intermediates.noindex/ArchiveIntermediates/WebBrowser/IntermediateBuildFilesPath/Pods.build/Release-iphoneos/TPNMediationAdxSmartdigimktAdapter.build/Script-321407375806862595DC785732A491B8.sh (in target 'TPNMediationAdxSmartdigimktAdapter' from project 'Pods')
    cd /Users/runner/work/Web_Browser/Web_Browser/Pods
    write-file /Users/runner/Library/Developer/Xcode/DerivedData/WebBrowser-clqywoufjsuyrtaownclvbrmxizr/Build/Intermediates.noindex/ArchiveIntermediates/WebBrowser/IntermediateBuildFilesPath/Pods.build/Release-iphoneos/TPNMediationAdxSmartdigimktAdapter.build/Script-321407375806862595DC785732A491B8.sh

WriteAuxiliaryFile /Users/runner/Library/Developer/Xcode/DerivedData/WebBrowser-clqywoufjsuyrtaownclvbrmxizr/Build/Intermediates.noindex/ArchiveIntermediates/WebBrowser/IntermediateBuildFilesPath/Pods.build/Release-iphoneos/TPNMediationAdxSmartdigimktAdapter.build/OutputFileList-321407375806862595DC785732A491B8-TPNMediationAdxSmartdigimktAdapter-xcframeworks-output-files-5fc9ebb3cde1da04f3955b5ee860af98-resolved.xcfilelist (in target 'TPNMediationAdxSmartdigimktAdapter' from project 'Pods')
    cd /Users/runner/work/Web_Browser/Web_Browser/Pods
    write-file /Users/runner/Library/Developer/Xcode/DerivedData/WebBrowser-clqywoufjsuyrtaownclvbrmxizr/Build/Intermediates.noindex/ArchiveIntermediates/WebBrowser/IntermediateBuildFilesPath/Pods.build/Release-iphoneos/TPNMediationAdxSmartdigimktAdapter.build/OutputFileList-321407375806862595DC785732A491B8-TPNMediationAdxSmartdigimktAdapter-xcframeworks-output-files-5fc9ebb3cde1da04f3955b5ee860af98-resolved.xcfilelist

WriteAuxiliaryFile /Users/runner/Library/Developer/Xcode/DerivedData/WebBrowser-clqywoufjsuyrtaownclvbrmxizr/Build/Intermediates.noindex/ArchiveIntermediates/WebBrowser/IntermediateBuildFilesPath/Pods.build/Release-iphoneos/TPNMediationAdxSmartdigimktAdapter.build/InputFileList-321407375806862595DC785732A491B8-TPNMediationAdxSmartdigimktAdapter-xcframeworks-input-files-9eb7bc70da235788ea5674bfde7d218a-resolved.xcfilelist (in target 'TPNMediationAdxSmartdigimktAdapter' from project 'Pods')
    cd /Users/runner/work/Web_Browser/Web_Browser/Pods
    write-file /Users/runner/Library/Developer/Xcode/DerivedData/WebBrowser-clqywoufjsuyrtaownclvbrmxizr/Build/Intermediates.noindex/ArchiveIntermediates/WebBrowser/IntermediateBuildFilesPath/Pods.build/Release-iphoneos/TPNMediationAdxSmartdigimktAdapter.build/InputFileList-321407375806862595DC785732A491B8-TPNMediationAdxSmartdigimktAdapter-xcframeworks-input-files-9eb7bc70da235788ea5674bfde7d218a-resolved.xcfilelist

WriteAuxiliaryFile /Users/runner/Library/Developer/Xcode/DerivedData/WebBrowser-clqywoufjsuyrtaownclvbrmxizr/Build/Intermediates.noindex/ArchiveIntermediates/WebBrowser/IntermediateBuildFilesPath/Pods.build/Release-iphoneos/SmartdigimktSDK.build/Script-620532CE504405770C248B9A958854B2.sh (in target 'SmartdigimktSDK' from project 'Pods')
    cd /Users/runner/work/Web_Browser/Web_Browser/Pods
    write-file /Users/runner/Library/Developer/Xcode/DerivedData/WebBrowser-clqywoufjsuyrtaownclvbrmxizr/Build/Intermediates.noindex/ArchiveIntermediates/WebBrowser/IntermediateBuildFilesPath/Pods.build/Release-iphoneos/SmartdigimktSDK.build/Script-620532CE504405770C248B9A958854B2.sh

WriteAuxiliaryFile /Users/runner/Library/Developer/Xcode/DerivedData/WebBrowser-clqywoufjsuyrtaownclvbrmxizr/Build/Intermediates.noindex/ArchiveIntermediates/WebBrowser/IntermediateBuildFilesPath/Pods.build/Release-iphoneos/SmartdigimktSDK.build/OutputFileList-620532CE504405770C248B9A958854B2-SmartdigimktSDK-xcframeworks-output-files-acdf5a5c76fa3c308539ef88e23a3915-resolved.xcfilelist (in target 'SmartdigimktSDK' from project 'Pods')
    cd /Users/runner/work/Web_Browser/Web_Browser/Pods
    write-file /Users/runner/Library/Developer/Xcode/DerivedData/WebBrowser-clqywoufjsuyrtaownclvbrmxizr/Build/Intermediates.noindex/ArchiveIntermediates/WebBrowser/IntermediateBuildFilesPath/Pods.build/Release-iphoneos/SmartdigimktSDK.build/OutputFileList-620532CE504405770C248B9A958854B2-SmartdigimktSDK-xcframeworks-output-files-acdf5a5c76fa3c308539ef88e23a3915-resolved.xcfilelist

WriteAuxiliaryFile /Users/runner/Library/Developer/Xcode/DerivedData/WebBrowser-clqywoufjsuyrtaownclvbrmxizr/Build/Intermediates.noindex/ArchiveIntermediates/WebBrowser/IntermediateBuildFilesPath/Pods.build/Release-iphoneos/SmartdigimktSDK.build/InputFileList-620532CE504405770C248B9A958854B2-SmartdigimktSDK-xcframeworks-input-files-48e9700cd3aeb2ed0745064cdb9e8619-resolved.xcfilelist (in target 'SmartdigimktSDK' from project 'Pods')
    cd /Users/runner/work/Web_Browser/Web_Browser/Pods
    write-file /Users/runner/Library/Developer/Xcode/DerivedData/WebBrowser-clqywoufjsuyrtaownclvbrmxizr/Build/Intermediates.noindex/ArchiveIntermediates/WebBrowser/IntermediateBuildFilesPath/Pods.build/Release-iphoneos/SmartdigimktSDK.build/InputFileList-620532CE504405770C248B9A958854B2-SmartdigimktSDK-xcframeworks-input-files-48e9700cd3aeb2ed0745064cdb9e8619-resolved.xcfilelist

WriteAuxiliaryFile /Users/runner/Library/Developer/Xcode/DerivedData/WebBrowser-clqywoufjsuyrtaownclvbrmxizr/Build/Intermediates.noindex/ArchiveIntermediates/WebBrowser/IntermediateBuildFilesPath/Pods.build/Release-iphoneos/MintegralAdSDK.build/Script-913B196655DE10582268512F07EAAD65.sh (in target 'MintegralAdSDK' from project 'Pods')
    cd /Users/runner/work/Web_Browser/Web_Browser/Pods
    write-file /Users/runner/Library/Developer/Xcode/DerivedData/WebBrowser-clqywoufjsuyrtaownclvbrmxizr/Build/Intermediates.noindex/ArchiveIntermediates/WebBrowser/IntermediateBuildFilesPath/Pods.build/Release-iphoneos/MintegralAdSDK.build/Script-913B196655DE10582268512F07EAAD65.sh

WriteAuxiliaryFile /Users/runner/Library/Developer/Xcode/DerivedData/WebBrowser-clqywoufjsuyrtaownclvbrmxizr/Build/Intermediates.noindex/ArchiveIntermediates/WebBrowser/IntermediateBuildFilesPath/Pods.build/Release-iphoneos/MintegralAdSDK.build/OutputFileList-913B196655DE10582268512F07EAAD65-MintegralAdSDK-xcframeworks-output-files-8ea126206341bda06b14ed3bf044ce24-resolved.xcfilelist (in target 'MintegralAdSDK' from project 'Pods')
    cd /Users/runner/work/Web_Browser/Web_Browser/Pods
    write-file /Users/runner/Library/Developer/Xcode/DerivedData/WebBrowser-clqywoufjsuyrtaownclvbrmxizr/Build/Intermediates.noindex/ArchiveIntermediates/WebBrowser/IntermediateBuildFilesPath/Pods.build/Release-iphoneos/MintegralAdSDK.build/OutputFileList-913B196655DE10582268512F07EAAD65-MintegralAdSDK-xcframeworks-output-files-8ea126206341bda06b14ed3bf044ce24-resolved.xcfilelist

WriteAuxiliaryFile /Users/runner/Library/Developer/Xcode/DerivedData/WebBrowser-clqywoufjsuyrtaownclvbrmxizr/Build/Intermediates.noindex/ArchiveIntermediates/WebBrowser/IntermediateBuildFilesPath/Pods.build/Release-iphoneos/MintegralAdSDK.build/InputFileList-913B196655DE10582268512F07EAAD65-MintegralAdSDK-xcframeworks-input-files-70756a1ec442547ba82cad340bfa5c75-resolved.xcfilelist (in target 'MintegralAdSDK' from project 'Pods')
    cd /Users/runner/work/Web_Browser/Web_Browser/Pods
    write-file /Users/runner/Library/Developer/Xcode/DerivedData/WebBrowser-clqywoufjsuyrtaownclvbrmxizr/Build/Intermediates.noindex/ArchiveIntermediates/WebBrowser/IntermediateBuildFilesPath/Pods.build/Release-iphoneos/MintegralAdSDK.build/InputFileList-913B196655DE10582268512F07EAAD65-MintegralAdSDK-xcframeworks-input-files-70756a1ec442547ba82cad340bfa5c75-resolved.xcfilelist

WriteAuxiliaryFile /Users/runner/Library/Developer/Xcode/DerivedData/WebBrowser-clqywoufjsuyrtaownclvbrmxizr/Build/Intermediates.noindex/ArchiveIntermediates/WebBrowser/IntermediateBuildFilesPath/Pods.build/Release-iphoneos/InMobiSDK.build/Script-63B8FE0EC1B62A18E710ADA9626FC51C.sh (in target 'InMobiSDK' from project 'Pods')
    cd /Users/runner/work/Web_Browser/Web_Browser/Pods
    write-file /Users/runner/Library/Developer/Xcode/DerivedData/WebBrowser-clqywoufjsuyrtaownclvbrmxizr/Build/Intermediates.noindex/ArchiveIntermediates/WebBrowser/IntermediateBuildFilesPath/Pods.build/Release-iphoneos/InMobiSDK.build/Script-63B8FE0EC1B62A18E710ADA9626FC51C.sh

WriteAuxiliaryFile /Users/runner/Library/Developer/Xcode/DerivedData/WebBrowser-clqywoufjsuyrtaownclvbrmxizr/Build/Intermediates.noindex/ArchiveIntermediates/WebBrowser/IntermediateBuildFilesPath/Pods.build/Release-iphoneos/InMobiSDK.build/OutputFileList-63B8FE0EC1B62A18E710ADA9626FC51C-InMobiSDK-xcframeworks-output-files-9319bdd91abf65d56e2bfca84b27f2c3-resolved.xcfilelist (in target 'InMobiSDK' from project 'Pods')
    cd /Users/runner/work/Web_Browser/Web_Browser/Pods
    write-file /Users/runner/Library/Developer/Xcode/DerivedData/WebBrowser-clqywoufjsuyrtaownclvbrmxizr/Build/Intermediates.noindex/ArchiveIntermediates/WebBrowser/IntermediateBuildFilesPath/Pods.build/Release-iphoneos/InMobiSDK.build/OutputFileList-63B8FE0EC1B62A18E710ADA9626FC51C-InMobiSDK-xcframeworks-output-files-9319bdd91abf65d56e2bfca84b27f2c3-resolved.xcfilelist

WriteAuxiliaryFile /Users/runner/Library/Developer/Xcode/DerivedData/WebBrowser-clqywoufjsuyrtaownclvbrmxizr/Build/Intermediates.noindex/ArchiveIntermediates/WebBrowser/IntermediateBuildFilesPath/Pods.build/Release-iphoneos/InMobiSDK.build/InputFileList-63B8FE0EC1B62A18E710ADA9626FC51C-InMobiSDK-xcframeworks-input-files-07b2200a7996f0de00b231253e4fc470-resolved.xcfilelist (in target 'InMobiSDK' from project 'Pods')
    cd /Users/runner/work/Web_Browser/Web_Browser/Pods
    write-file /Users/runner/Library/Developer/Xcode/DerivedData/WebBrowser-clqywoufjsuyrtaownclvbrmxizr/Build/Intermediates.noindex/ArchiveIntermediates/WebBrowser/IntermediateBuildFilesPath/Pods.build/Release-iphoneos/InMobiSDK.build/InputFileList-63B8FE0EC1B62A18E710ADA9626FC51C-InMobiSDK-xcframeworks-input-files-07b2200a7996f0de00b231253e4fc470-resolved.xcfilelist

WriteAuxiliaryFile /Users/runner/Library/Developer/Xcode/DerivedData/WebBrowser-clqywoufjsuyrtaownclvbrmxizr/Build/Intermediates.noindex/ArchiveIntermediates/WebBrowser/IntermediateBuildFilesPath/Pods.build/Release-iphoneos/FBAudienceNetwork.build/Script-0B30F088A2909E57C202CEE685795F3A.sh (in target 'FBAudienceNetwork' from project 'Pods')
    cd /Users/runner/work/Web_Browser/Web_Browser/Pods
    write-file /Users/runner/Library/Developer/Xcode/DerivedData/WebBrowser-clqywoufjsuyrtaownclvbrmxizr/Build/Intermediates.noindex/ArchiveIntermediates/WebBrowser/IntermediateBuildFilesPath/Pods.build/Release-iphoneos/FBAudienceNetwork.build/Script-0B30F088A2909E57C202CEE685795F3A.sh

WriteAuxiliaryFile /Users/runner/Library/Developer/Xcode/DerivedData/WebBrowser-clqywoufjsuyrtaownclvbrmxizr/Build/Intermediates.noindex/ArchiveIntermediates/WebBrowser/IntermediateBuildFilesPath/Pods.build/Release-iphoneos/FBAudienceNetwork.build/OutputFileList-0B30F088A2909E57C202CEE685795F3A-FBAudienceNetwork-xcframeworks-output-files-3ddc6caac774dc7c1b33fcdbb28fcd5e-resolved.xcfilelist (in target 'FBAudienceNetwork' from project 'Pods')
    cd /Users/runner/work/Web_Browser/Web_Browser/Pods
    write-file /Users/runner/Library/Developer/Xcode/DerivedData/WebBrowser-clqywoufjsuyrtaownclvbrmxizr/Build/Intermediates.noindex/ArchiveIntermediates/WebBrowser/IntermediateBuildFilesPath/Pods.build/Release-iphoneos/FBAudienceNetwork.build/OutputFileList-0B30F088A2909E57C202CEE685795F3A-FBAudienceNetwork-xcframeworks-output-files-3ddc6caac774dc7c1b33fcdbb28fcd5e-resolved.xcfilelist

WriteAuxiliaryFile /Users/runner/Library/Developer/Xcode/DerivedData/WebBrowser-clqywoufjsuyrtaownclvbrmxizr/Build/Intermediates.noindex/ArchiveIntermediates/WebBrowser/IntermediateBuildFilesPath/Pods.build/Release-iphoneos/FBAudienceNetwork.build/InputFileList-0B30F088A2909E57C202CEE685795F3A-FBAudienceNetwork-xcframeworks-input-files-3cc1ac1618e03d7c3c1f2d978aa01e10-resolved.xcfilelist (in target 'FBAudienceNetwork' from project 'Pods')
    cd /Users/runner/work/Web_Browser/Web_Browser/Pods
    write-file /Users/runner/Library/Developer/Xcode/DerivedData/WebBrowser-clqywoufjsuyrtaownclvbrmxizr/Build/Intermediates.noindex/ArchiveIntermediates/WebBrowser/IntermediateBuildFilesPath/Pods.build/Release-iphoneos/FBAudienceNetwork.build/InputFileList-0B30F088A2909E57C202CEE685795F3A-FBAudienceNetwork-xcframeworks-input-files-3cc1ac1618e03d7c3c1f2d978aa01e10-resolved.xcfilelist

WriteAuxiliaryFile /Users/runner/Library/Developer/Xcode/DerivedData/WebBrowser-clqywoufjsuyrtaownclvbrmxizr/Build/Intermediates.noindex/ArchiveIntermediates/WebBrowser/IntermediateBuildFilesPath/Pods.build/Release-iphoneos/Ads-Global.build/Script-96073457A6C62E689A6C424BD036C842.sh (in target 'Ads-Global' from project 'Pods')
    cd /Users/runner/work/Web_Browser/Web_Browser/Pods
    write-file /Users/runner/Library/Developer/Xcode/DerivedData/WebBrowser-clqywoufjsuyrtaownclvbrmxizr/Build/Intermediates.noindex/ArchiveIntermediates/WebBrowser/IntermediateBuildFilesPath/Pods.build/Release-iphoneos/Ads-Global.build/Script-96073457A6C62E689A6C424BD036C842.sh

WriteAuxiliaryFile /Users/runner/Library/Developer/Xcode/DerivedData/WebBrowser-clqywoufjsuyrtaownclvbrmxizr/Build/Intermediates.noindex/ArchiveIntermediates/WebBrowser/IntermediateBuildFilesPath/Pods.build/Release-iphoneos/Ads-Global.build/OutputFileList-96073457A6C62E689A6C424BD036C842-Ads-Global-xcframeworks-output-files-f4ea5837a4074dba4c750703f297a87b-resolved.xcfilelist (in target 'Ads-Global' from project 'Pods')
    cd /Users/runner/work/Web_Browser/Web_Browser/Pods
    write-file /Users/runner/Library/Developer/Xcode/DerivedData/WebBrowser-clqywoufjsuyrtaownclvbrmxizr/Build/Intermediates.noindex/ArchiveIntermediates/WebBrowser/IntermediateBuildFilesPath/Pods.build/Release-iphoneos/Ads-Global.build/OutputFileList-96073457A6C62E689A6C424BD036C842-Ads-Global-xcframeworks-output-files-f4ea5837a4074dba4c750703f297a87b-resolved.xcfilelist

WriteAuxiliaryFile /Users/runner/Library/Developer/Xcode/DerivedData/WebBrowser-clqywoufjsuyrtaownclvbrmxizr/Build/Intermediates.noindex/ArchiveIntermediates/WebBrowser/IntermediateBuildFilesPath/Pods.build/Release-iphoneos/Ads-Global.build/InputFileList-96073457A6C62E689A6C424BD036C842-Ads-Global-xcframeworks-input-files-6384342b19e25d435c4bf356cced37f7-resolved.xcfilelist (in target 'Ads-Global' from project 'Pods')
    cd /Users/runner/work/Web_Browser/Web_Browser/Pods
    write-file /Users/runner/Library/Developer/Xcode/DerivedData/WebBrowser-clqywoufjsuyrtaownclvbrmxizr/Build/Intermediates.noindex/ArchiveIntermediates/WebBrowser/IntermediateBuildFilesPath/Pods.build/Release-iphoneos/Ads-Global.build/InputFileList-96073457A6C62E689A6C424BD036C842-Ads-Global-xcframeworks-input-files-6384342b19e25d435c4bf356cced37f7-resolved.xcfilelist

CreateBuildDirectory /Users/runner/Library/Developer/Xcode/DerivedData/WebBrowser-clqywoufjsuyrtaownclvbrmxizr/Build/Intermediates.noindex/ArchiveIntermediates/WebBrowser/BuildProductsPath/Release-iphoneos/UMDevice
    cd /Users/runner/work/Web_Browser/Web_Browser
    builtin-create-build-directory /Users/runner/Library/Developer/Xcode/DerivedData/WebBrowser-clqywoufjsuyrtaownclvbrmxizr/Build/Intermediates.noindex/ArchiveIntermediates/WebBrowser/BuildProductsPath/Release-iphoneos/UMDevice

CreateBuildDirectory /Users/runner/Library/Developer/Xcode/DerivedData/WebBrowser-clqywoufjsuyrtaownclvbrmxizr/Build/Intermediates.noindex/ArchiveIntermediates/WebBrowser/BuildProductsPath/Release-iphoneos/UMCommon
    cd /Users/runner/work/Web_Browser/Web_Browser
    builtin-create-build-directory /Users/runner/Library/Developer/Xcode/DerivedData/WebBrowser-clqywoufjsuyrtaownclvbrmxizr/Build/Intermediates.noindex/ArchiveIntermediates/WebBrowser/BuildProductsPath/Release-iphoneos/UMCommon

CreateBuildDirectory /Users/runner/Library/Developer/Xcode/DerivedData/WebBrowser-clqywoufjsuyrtaownclvbrmxizr/Build/Intermediates.noindex/ArchiveIntermediates/WebBrowser/BuildProductsPath/Release-iphoneos/TPNiOS
    cd /Users/runner/work/Web_Browser/Web_Browser
    builtin-create-build-directory /Users/runner/Library/Developer/Xcode/DerivedData/WebBrowser-clqywoufjsuyrtaownclvbrmxizr/Build/Intermediates.noindex/ArchiveIntermediates/WebBrowser/BuildProductsPath/Release-iphoneos/TPNiOS

CreateBuildDirectory /Users/runner/Library/Developer/Xcode/DerivedData/WebBrowser-clqywoufjsuyrtaownclvbrmxizr/Build/Intermediates.noindex/ArchiveIntermediates/WebBrowser/BuildProductsPath/Release-iphoneos/TPNMediationPangleAdapter
    cd /Users/runner/work/Web_Browser/Web_Browser
    builtin-create-build-directory /Users/runner/Library/Developer/Xcode/DerivedData/WebBrowser-clqywoufjsuyrtaownclvbrmxizr/Build/Intermediates.noindex/ArchiveIntermediates/WebBrowser/BuildProductsPath/Release-iphoneos/TPNMediationPangleAdapter

CreateBuildDirectory /Users/runner/Library/Developer/Xcode/DerivedData/WebBrowser-clqywoufjsuyrtaownclvbrmxizr/Build/Intermediates.noindex/ArchiveIntermediates/WebBrowser/BuildProductsPath/Release-iphoneos/TPNMediationMintegralAdapter
    cd /Users/runner/work/Web_Browser/Web_Browser
    builtin-create-build-directory /Users/runner/Library/Developer/Xcode/DerivedData/WebBrowser-clqywoufjsuyrtaownclvbrmxizr/Build/Intermediates.noindex/ArchiveIntermediates/WebBrowser/BuildProductsPath/Release-iphoneos/TPNMediationMintegralAdapter

CreateBuildDirectory /Users/runner/Library/Developer/Xcode/DerivedData/WebBrowser-clqywoufjsuyrtaownclvbrmxizr/Build/Intermediates.noindex/ArchiveIntermediates/WebBrowser/BuildProductsPath/Release-iphoneos/TPNMediationInmobiAdapter
    cd /Users/runner/work/Web_Browser/Web_Browser
    builtin-create-build-directory /Users/runner/Library/Developer/Xcode/DerivedData/WebBrowser-clqywoufjsuyrtaownclvbrmxizr/Build/Intermediates.noindex/ArchiveIntermediates/WebBrowser/BuildProductsPath/Release-iphoneos/TPNMediationInmobiAdapter

CreateBuildDirectory /Users/runner/Library/Developer/Xcode/DerivedData/WebBrowser-clqywoufjsuyrtaownclvbrmxizr/Build/Intermediates.noindex/ArchiveIntermediates/WebBrowser/BuildProductsPath/Release-iphoneos/TPNMediationFacebookAdapter
    cd /Users/runner/work/Web_Browser/Web_Browser
    builtin-create-build-directory /Users/runner/Library/Developer/Xcode/DerivedData/WebBrowser-clqywoufjsuyrtaownclvbrmxizr/Build/Intermediates.noindex/ArchiveIntermediates/WebBrowser/BuildProductsPath/Release-iphoneos/TPNMediationFacebookAdapter

CreateBuildDirectory /Users/runner/Library/Developer/Xcode/DerivedData/WebBrowser-clqywoufjsuyrtaownclvbrmxizr/Build/Intermediates.noindex/ArchiveIntermediates/WebBrowser/BuildProductsPath/Release-iphoneos/TPNMediationAdxSmartdigimktAdapter
    cd /Users/runner/work/Web_Browser/Web_Browser
    builtin-create-build-directory /Users/runner/Library/Developer/Xcode/DerivedData/WebBrowser-clqywoufjsuyrtaownclvbrmxizr/Build/Intermediates.noindex/ArchiveIntermediates/WebBrowser/BuildProductsPath/Release-iphoneos/TPNMediationAdxSmartdigimktAdapter

CreateBuildDirectory /Users/runner/Library/Developer/Xcode/DerivedData/WebBrowser-clqywoufjsuyrtaownclvbrmxizr/Build/Intermediates.noindex/ArchiveIntermediates/WebBrowser/BuildProductsPath/Release-iphoneos/SmartdigimktSDK
    cd /Users/runner/work/Web_Browser/Web_Browser
    builtin-create-build-directory /Users/runner/Library/Developer/Xcode/DerivedData/WebBrowser-clqywoufjsuyrtaownclvbrmxizr/Build/Intermediates.noindex/ArchiveIntermediates/WebBrowser/BuildProductsPath/Release-iphoneos/SmartdigimktSDK

CreateBuildDirectory /Users/runner/Library/Developer/Xcode/DerivedData/WebBrowser-clqywoufjsuyrtaownclvbrmxizr/Build/Intermediates.noindex/ArchiveIntermediates/WebBrowser/BuildProductsPath/Release-iphoneos/SVProgressHUD
    cd /Users/runner/work/Web_Browser/Web_Browser
    builtin-create-build-directory /Users/runner/Library/Developer/Xcode/DerivedData/WebBrowser-clqywoufjsuyrtaownclvbrmxizr/Build/Intermediates.noindex/ArchiveIntermediates/WebBrowser/BuildProductsPath/Release-iphoneos/SVProgressHUD

CreateBuildDirectory /Users/runner/Library/Developer/Xcode/DerivedData/WebBrowser-clqywoufjsuyrtaownclvbrmxizr/Build/Intermediates.noindex/ArchiveIntermediates/WebBrowser/BuildProductsPath/Release-iphoneos/MintegralAdSDK
    cd /Users/runner/work/Web_Browser/Web_Browser
    builtin-create-build-directory /Users/runner/Library/Developer/Xcode/DerivedData/WebBrowser-clqywoufjsuyrtaownclvbrmxizr/Build/Intermediates.noindex/ArchiveIntermediates/WebBrowser/BuildProductsPath/Release-iphoneos/MintegralAdSDK

CreateBuildDirectory /Users/runner/Library/Developer/Xcode/DerivedData/WebBrowser-clqywoufjsuyrtaownclvbrmxizr/Build/Intermediates.noindex/ArchiveIntermediates/WebBrowser/BuildProductsPath/Release-iphoneos/KeychainAccess
    cd /Users/runner/work/Web_Browser/Web_Browser
    builtin-create-build-directory /Users/runner/Library/Developer/Xcode/DerivedData/WebBrowser-clqywoufjsuyrtaownclvbrmxizr/Build/Intermediates.noindex/ArchiveIntermediates/WebBrowser/BuildProductsPath/Release-iphoneos/KeychainAccess

CreateBuildDirectory /Users/runner/Library/Developer/Xcode/DerivedData/WebBrowser-clqywoufjsuyrtaownclvbrmxizr/Build/Intermediates.noindex/ArchiveIntermediates/WebBrowser/BuildProductsPath/Release-iphoneos/InMobiSDK
    cd /Users/runner/work/Web_Browser/Web_Browser
    builtin-create-build-directory /Users/runner/Library/Developer/Xcode/DerivedData/WebBrowser-clqywoufjsuyrtaownclvbrmxizr/Build/Intermediates.noindex/ArchiveIntermediates/WebBrowser/BuildProductsPath/Release-iphoneos/InMobiSDK

CreateBuildDirectory /Users/runner/Library/Developer/Xcode/DerivedData/WebBrowser-clqywoufjsuyrtaownclvbrmxizr/Build/Intermediates.noindex/ArchiveIntermediates/WebBrowser/BuildProductsPath/Release-iphoneos/FBAudienceNetwork
    cd /Users/runner/work/Web_Browser/Web_Browser
    builtin-create-build-directory /Users/runner/Library/Developer/Xcode/DerivedData/WebBrowser-clqywoufjsuyrtaownclvbrmxizr/Build/Intermediates.noindex/ArchiveIntermediates/WebBrowser/BuildProductsPath/Release-iphoneos/FBAudienceNetwork

CreateBuildDirectory /Users/runner/Library/Developer/Xcode/DerivedData/WebBrowser-clqywoufjsuyrtaownclvbrmxizr/Build/Intermediates.noindex/ArchiveIntermediates/WebBrowser/BuildProductsPath/Release-iphoneos/ApplePurchaseKit
    cd /Users/runner/work/Web_Browser/Web_Browser
    builtin-create-build-directory /Users/runner/Library/Developer/Xcode/DerivedData/WebBrowser-clqywoufjsuyrtaownclvbrmxizr/Build/Intermediates.noindex/ArchiveIntermediates/WebBrowser/BuildProductsPath/Release-iphoneos/ApplePurchaseKit

CreateBuildDirectory /Users/runner/Library/Developer/Xcode/DerivedData/WebBrowser-clqywoufjsuyrtaownclvbrmxizr/Build/Intermediates.noindex/ArchiveIntermediates/WebBrowser/BuildProductsPath/Release-iphoneos/Ads-Global
    cd /Users/runner/work/Web_Browser/Web_Browser
    builtin-create-build-directory /Users/runner/Library/Developer/Xcode/DerivedData/WebBrowser-clqywoufjsuyrtaownclvbrmxizr/Build/Intermediates.noindex/ArchiveIntermediates/WebBrowser/BuildProductsPath/Release-iphoneos/Ads-Global

WriteAuxiliaryFile /Users/runner/Library/Developer/Xcode/DerivedData/WebBrowser-clqywoufjsuyrtaownclvbrmxizr/Build/Intermediates.noindex/ArchiveIntermediates/WebBrowser/IntermediateBuildFilesPath/WebBrowser.build/Release-iphoneos/WebBrowser.build/WebBrowser.hmap (in target 'WebBrowser' from project 'WebBrowser')
    cd /Users/runner/work/Web_Browser/Web_Browser
    write-file /Users/runner/Library/Developer/Xcode/DerivedData/WebBrowser-clqywoufjsuyrtaownclvbrmxizr/Build/Intermediates.noindex/ArchiveIntermediates/WebBrowser/IntermediateBuildFilesPath/WebBrowser.build/Release-iphoneos/WebBrowser.build/WebBrowser.hmap

WriteAuxiliaryFile /Users/runner/Library/Developer/Xcode/DerivedData/WebBrowser-clqywoufjsuyrtaownclvbrmxizr/Build/Intermediates.noindex/ArchiveIntermediates/WebBrowser/IntermediateBuildFilesPath/WebBrowser.build/Release-iphoneos/WebBrowser.build/WebBrowser-project-headers.hmap (in target 'WebBrowser' from project 'WebBrowser')
    cd /Users/runner/work/Web_Browser/Web_Browser
    write-file /Users/runner/Library/Developer/Xcode/DerivedData/WebBrowser-clqywoufjsuyrtaownclvbrmxizr/Build/Intermediates.noindex/ArchiveIntermediates/WebBrowser/IntermediateBuildFilesPath/WebBrowser.build/Release-iphoneos/WebBrowser.build/WebBrowser-project-headers.hmap

WriteAuxiliaryFile /Users/runner/Library/Developer/Xcode/DerivedData/WebBrowser-clqywoufjsuyrtaownclvbrmxizr/Build/Intermediates.noindex/ArchiveIntermediates/WebBrowser/IntermediateBuildFilesPath/WebBrowser.build/Release-iphoneos/WebBrowser.build/WebBrowser.DependencyStaticMetadataFileList (in target 'WebBrowser' from project 'WebBrowser')
    cd /Users/runner/work/Web_Browser/Web_Browser
    write-file /Users/runner/Library/Developer/Xcode/DerivedData/WebBrowser-clqywoufjsuyrtaownclvbrmxizr/Build/Intermediates.noindex/ArchiveIntermediates/WebBrowser/IntermediateBuildFilesPath/WebBrowser.build/Release-iphoneos/WebBrowser.build/WebBrowser.DependencyStaticMetadataFileList

WriteAuxiliaryFile /Users/runner/Library/Developer/Xcode/DerivedData/WebBrowser-clqywoufjsuyrtaownclvbrmxizr/Build/Intermediates.noindex/ArchiveIntermediates/WebBrowser/IntermediateBuildFilesPath/WebBrowser.build/Release-iphoneos/WebBrowser.build/WebBrowser.DependencyMetadataFileList (in target 'WebBrowser' from project 'WebBrowser')
    cd /Users/runner/work/Web_Browser/Web_Browser
    write-file /Users/runner/Library/Developer/Xcode/DerivedData/WebBrowser-clqywoufjsuyrtaownclvbrmxizr/Build/Intermediates.noindex/ArchiveIntermediates/WebBrowser/IntermediateBuildFilesPath/WebBrowser.build/Release-iphoneos/WebBrowser.build/WebBrowser.DependencyMetadataFileList

WriteAuxiliaryFile /Users/runner/Library/Developer/Xcode/DerivedData/WebBrowser-clqywoufjsuyrtaownclvbrmxizr/Build/Intermediates.noindex/ArchiveIntermediates/WebBrowser/IntermediateBuildFilesPath/WebBrowser.build/Release-iphoneos/WebBrowser.build/WebBrowser-own-target-headers.hmap (in target 'WebBrowser' from project 'WebBrowser')
    cd /Users/runner/work/Web_Browser/Web_Browser
    write-file /Users/runner/Library/Developer/Xcode/DerivedData/WebBrowser-clqywoufjsuyrtaownclvbrmxizr/Build/Intermediates.noindex/ArchiveIntermediates/WebBrowser/IntermediateBuildFilesPath/WebBrowser.build/Release-iphoneos/WebBrowser.build/WebBrowser-own-target-headers.hmap

WriteAuxiliaryFile /Users/runner/Library/Developer/Xcode/DerivedData/WebBrowser-clqywoufjsuyrtaownclvbrmxizr/Build/Intermediates.noindex/ArchiveIntermediates/WebBrowser/IntermediateBuildFilesPath/WebBrowser.build/Release-iphoneos/WebBrowser.build/WebBrowser-generated-files.hmap (in target 'WebBrowser' from project 'WebBrowser')
    cd /Users/runner/work/Web_Browser/Web_Browser
    write-file /Users/runner/Library/Developer/Xcode/DerivedData/WebBrowser-clqywoufjsuyrtaownclvbrmxizr/Build/Intermediates.noindex/ArchiveIntermediates/WebBrowser/IntermediateBuildFilesPath/WebBrowser.build/Release-iphoneos/WebBrowser.build/WebBrowser-generated-files.hmap

WriteAuxiliaryFile /Users/runner/Library/Developer/Xcode/DerivedData/WebBrowser-clqywoufjsuyrtaownclvbrmxizr/Build/Intermediates.noindex/ArchiveIntermediates/WebBrowser/IntermediateBuildFilesPath/WebBrowser.build/Release-iphoneos/WebBrowser.build/WebBrowser-all-target-headers.hmap (in target 'WebBrowser' from project 'WebBrowser')
    cd /Users/runner/work/Web_Browser/Web_Browser
    write-file /Users/runner/Library/Developer/Xcode/DerivedData/WebBrowser-clqywoufjsuyrtaownclvbrmxizr/Build/Intermediates.noindex/ArchiveIntermediates/WebBrowser/IntermediateBuildFilesPath/WebBrowser.build/Release-iphoneos/WebBrowser.build/WebBrowser-all-target-headers.hmap

WriteAuxiliaryFile /Users/runner/Library/Developer/Xcode/DerivedData/WebBrowser-clqywoufjsuyrtaownclvbrmxizr/Build/Intermediates.noindex/ArchiveIntermediates/WebBrowser/IntermediateBuildFilesPath/WebBrowser.build/Release-iphoneos/WebBrowser.build/WebBrowser-all-non-framework-target-headers.hmap (in target 'WebBrowser' from project 'WebBrowser')
    cd /Users/runner/work/Web_Browser/Web_Browser
    write-file /Users/runner/Library/Developer/Xcode/DerivedData/WebBrowser-clqywoufjsuyrtaownclvbrmxizr/Build/Intermediates.noindex/ArchiveIntermediates/WebBrowser/IntermediateBuildFilesPath/WebBrowser.build/Release-iphoneos/WebBrowser.build/WebBrowser-all-non-framework-target-headers.hmap

WriteAuxiliaryFile /Users/runner/Library/Developer/Xcode/DerivedData/WebBrowser-clqywoufjsuyrtaownclvbrmxizr/Build/Intermediates.noindex/ArchiveIntermediates/WebBrowser/IntermediateBuildFilesPath/WebBrowser.build/Release-iphoneos/WebBrowser.build/Script-5DF406A4CF41273C24BDF61B.sh (in target 'WebBrowser' from project 'WebBrowser')
    cd /Users/runner/work/Web_Browser/Web_Browser
    write-file /Users/runner/Library/Developer/Xcode/DerivedData/WebBrowser-clqywoufjsuyrtaownclvbrmxizr/Build/Intermediates.noindex/ArchiveIntermediates/WebBrowser/IntermediateBuildFilesPath/WebBrowser.build/Release-iphoneos/WebBrowser.build/Script-5DF406A4CF41273C24BDF61B.sh

WriteAuxiliaryFile /Users/runner/Library/Developer/Xcode/DerivedData/WebBrowser-clqywoufjsuyrtaownclvbrmxizr/Build/Intermediates.noindex/ArchiveIntermediates/WebBrowser/IntermediateBuildFilesPath/WebBrowser.build/Release-iphoneos/WebBrowser.build/Script-337A1ACABC0837B8E155DF72.sh (in target 'WebBrowser' from project 'WebBrowser')
    cd /Users/runner/work/Web_Browser/Web_Browser
    write-file /Users/runner/Library/Developer/Xcode/DerivedData/WebBrowser-clqywoufjsuyrtaownclvbrmxizr/Build/Intermediates.noindex/ArchiveIntermediates/WebBrowser/IntermediateBuildFilesPath/WebBrowser.build/Release-iphoneos/WebBrowser.build/Script-337A1ACABC0837B8E155DF72.sh

WriteAuxiliaryFile /Users/runner/Library/Developer/Xcode/DerivedData/WebBrowser-clqywoufjsuyrtaownclvbrmxizr/Build/Intermediates.noindex/ArchiveIntermediates/WebBrowser/IntermediateBuildFilesPath/WebBrowser.build/Release-iphoneos/WebBrowser.build/Script-13C9AD82F4DDC2A4ED954FED.sh (in target 'WebBrowser' from project 'WebBrowser')
    cd /Users/runner/work/Web_Browser/Web_Browser
    write-file /Users/runner/Library/Developer/Xcode/DerivedData/WebBrowser-clqywoufjsuyrtaownclvbrmxizr/Build/Intermediates.noindex/ArchiveIntermediates/WebBrowser/IntermediateBuildFilesPath/WebBrowser.build/Release-iphoneos/WebBrowser.build/Script-13C9AD82F4DDC2A4ED954FED.sh

WriteAuxiliaryFile /Users/runner/Library/Developer/Xcode/DerivedData/WebBrowser-clqywoufjsuyrtaownclvbrmxizr/Build/Intermediates.noindex/ArchiveIntermediates/WebBrowser/IntermediateBuildFilesPath/WebBrowser.build/Release-iphoneos/WebBrowser.build/OutputFileList-5DF406A4CF41273C24BDF61B-Pods-WebBrowser-frameworks-Release-output-files-8598119ddcc2943904f4b7106c1158bd-resolved.xcfilelist (in target 'WebBrowser' from project 'WebBrowser')
    cd /Users/runner/work/Web_Browser/Web_Browser
    write-file /Users/runner/Library/Developer/Xcode/DerivedData/WebBrowser-clqywoufjsuyrtaownclvbrmxizr/Build/Intermediates.noindex/ArchiveIntermediates/WebBrowser/IntermediateBuildFilesPath/WebBrowser.build/Release-iphoneos/WebBrowser.build/OutputFileList-5DF406A4CF41273C24BDF61B-Pods-WebBrowser-frameworks-Release-output-files-8598119ddcc2943904f4b7106c1158bd-resolved.xcfilelist

WriteAuxiliaryFile /Users/runner/Library/Developer/Xcode/DerivedData/WebBrowser-clqywoufjsuyrtaownclvbrmxizr/Build/Intermediates.noindex/ArchiveIntermediates/WebBrowser/IntermediateBuildFilesPath/WebBrowser.build/Release-iphoneos/WebBrowser.build/OutputFileList-13C9AD82F4DDC2A4ED954FED-Pods-WebBrowser-resources-Release-output-files-ad6099bc56ba6451d4c69eb09297c060-resolved.xcfilelist (in target 'WebBrowser' from project 'WebBrowser')
    cd /Users/runner/work/Web_Browser/Web_Browser
    write-file /Users/runner/Library/Developer/Xcode/DerivedData/WebBrowser-clqywoufjsuyrtaownclvbrmxizr/Build/Intermediates.noindex/ArchiveIntermediates/WebBrowser/IntermediateBuildFilesPath/WebBrowser.build/Release-iphoneos/WebBrowser.build/OutputFileList-13C9AD82F4DDC2A4ED954FED-Pods-WebBrowser-resources-Release-output-files-ad6099bc56ba6451d4c69eb09297c060-resolved.xcfilelist

WriteAuxiliaryFile /Users/runner/Library/Developer/Xcode/DerivedData/WebBrowser-clqywoufjsuyrtaownclvbrmxizr/Build/Intermediates.noindex/ArchiveIntermediates/WebBrowser/IntermediateBuildFilesPath/WebBrowser.build/Release-iphoneos/WebBrowser.build/Objects-normal/arm64/WebBrowser_const_extract_protocols.json (in target 'WebBrowser' from project 'WebBrowser')
    cd /Users/runner/work/Web_Browser/Web_Browser
    write-file /Users/runner/Library/Developer/Xcode/DerivedData/WebBrowser-clqywoufjsuyrtaownclvbrmxizr/Build/Intermediates.noindex/ArchiveIntermediates/WebBrowser/IntermediateBuildFilesPath/WebBrowser.build/Release-iphoneos/WebBrowser.build/Objects-normal/arm64/WebBrowser_const_extract_protocols.json

WriteAuxiliaryFile /Users/runner/Library/Developer/Xcode/DerivedData/WebBrowser-clqywoufjsuyrtaownclvbrmxizr/Build/Intermediates.noindex/ArchiveIntermediates/WebBrowser/IntermediateBuildFilesPath/WebBrowser.build/Release-iphoneos/WebBrowser.build/Objects-normal/arm64/WebBrowser.SwiftFileList (in target 'WebBrowser' from project 'WebBrowser')
    cd /Users/runner/work/Web_Browser/Web_Browser
    write-file /Users/runner/Library/Developer/Xcode/DerivedData/WebBrowser-clqywoufjsuyrtaownclvbrmxizr/Build/Intermediates.noindex/ArchiveIntermediates/WebBrowser/IntermediateBuildFilesPath/WebBrowser.build/Release-iphoneos/WebBrowser.build/Objects-normal/arm64/WebBrowser.SwiftFileList

WriteAuxiliaryFile /Users/runner/Library/Developer/Xcode/DerivedData/WebBrowser-clqywoufjsuyrtaownclvbrmxizr/Build/Intermediates.noindex/ArchiveIntermediates/WebBrowser/IntermediateBuildFilesPath/WebBrowser.build/Release-iphoneos/WebBrowser.build/Objects-normal/arm64/WebBrowser.SwiftConstValuesFileList (in target 'WebBrowser' from project 'WebBrowser')
    cd /Users/runner/work/Web_Browser/Web_Browser
    write-file /Users/runner/Library/Developer/Xcode/DerivedData/WebBrowser-clqywoufjsuyrtaownclvbrmxizr/Build/Intermediates.noindex/ArchiveIntermediates/WebBrowser/IntermediateBuildFilesPath/WebBrowser.build/Release-iphoneos/WebBrowser.build/Objects-normal/arm64/WebBrowser.SwiftConstValuesFileList

WriteAuxiliaryFile /Users/runner/Library/Developer/Xcode/DerivedData/WebBrowser-clqywoufjsuyrtaownclvbrmxizr/Build/Intermediates.noindex/ArchiveIntermediates/WebBrowser/IntermediateBuildFilesPath/WebBrowser.build/Release-iphoneos/WebBrowser.build/Objects-normal/arm64/WebBrowser.LinkFileList (in target 'WebBrowser' from project 'WebBrowser')
    cd /Users/runner/work/Web_Browser/Web_Browser
    write-file /Users/runner/Library/Developer/Xcode/DerivedData/WebBrowser-clqywoufjsuyrtaownclvbrmxizr/Build/Intermediates.noindex/ArchiveIntermediates/WebBrowser/IntermediateBuildFilesPath/WebBrowser.build/Release-iphoneos/WebBrowser.build/Objects-normal/arm64/WebBrowser.LinkFileList

WriteAuxiliaryFile /Users/runner/Library/Developer/Xcode/DerivedData/WebBrowser-clqywoufjsuyrtaownclvbrmxizr/Build/Intermediates.noindex/ArchiveIntermediates/WebBrowser/IntermediateBuildFilesPath/WebBrowser.build/Release-iphoneos/WebBrowser.build/Objects-normal/arm64/WebBrowser-OutputFileMap.json (in target 'WebBrowser' from project 'WebBrowser')
    cd /Users/runner/work/Web_Browser/Web_Browser
    write-file /Users/runner/Library/Developer/Xcode/DerivedData/WebBrowser-clqywoufjsuyrtaownclvbrmxizr/Build/Intermediates.noindex/ArchiveIntermediates/WebBrowser/IntermediateBuildFilesPath/WebBrowser.build/Release-iphoneos/WebBrowser.build/Objects-normal/arm64/WebBrowser-OutputFileMap.json

WriteAuxiliaryFile /Users/runner/Library/Developer/Xcode/DerivedData/WebBrowser-clqywoufjsuyrtaownclvbrmxizr/Build/Intermediates.noindex/ArchiveIntermediates/WebBrowser/IntermediateBuildFilesPath/WebBrowser.build/Release-iphoneos/WebBrowser.build/Objects-normal/arm64/7187679823f38a2a940e0043cdf9d637-common-args.resp (in target 'WebBrowser' from project 'WebBrowser')
    cd /Users/runner/work/Web_Browser/Web_Browser
    write-file /Users/runner/Library/Developer/Xcode/DerivedData/WebBrowser-clqywoufjsuyrtaownclvbrmxizr/Build/Intermediates.noindex/ArchiveIntermediates/WebBrowser/IntermediateBuildFilesPath/WebBrowser.build/Release-iphoneos/WebBrowser.build/Objects-normal/arm64/7187679823f38a2a940e0043cdf9d637-common-args.resp
-target arm64-apple-ios16.0 '-std=gnu11' -fmodules -gmodules '-fmodules-cache-path=/Users/runner/Library/Developer/Xcode/DerivedData/ModuleCache.noindex' -fpascal-strings -Os -fno-common '-DCOCOAPODS=1' -isysroot /Applications/Xcode_26.3.app/Contents/Developer/Platforms/iPhoneOS.platform/Developer/SDKs/iPhoneOS26.2.sdk -g '-fvisibility=hidden' -iquote /Users/runner/Library/Developer/Xcode/DerivedData/WebBrowser-clqywoufjsuyrtaownclvbrmxizr/Build/Intermediates.noindex/ArchiveIntermediates/WebBrowser/IntermediateBuildFilesPath/WebBrowser.build/Release-iphoneos/WebBrowser.build/WebBrowser-generated-files.hmap -I/Users/runner/Library/Developer/Xcode/DerivedData/WebBrowser-clqywoufjsuyrtaownclvbrmxizr/Build/Intermediates.noindex/ArchiveIntermediates/WebBrowser/IntermediateBuildFilesPath/WebBrowser.build/Release-iphoneos/WebBrowser.build/WebBrowser-own-target-headers.hmap -I/Users/runner/Library/Developer/Xcode/DerivedData/WebBrowser-clqywoufjsuyrtaownclvbrmxizr/Build/Intermediates.noindex/ArchiveIntermediates/WebBrowser/IntermediateBuildFilesPath/WebBrowser.build/Release-iphoneos/WebBrowser.build/WebBrowser-all-non-framework-target-headers.hmap -ivfsoverlay /Users/runner/Library/Developer/Xcode/DerivedData/WebBrowser-clqywoufjsuyrtaownclvbrmxizr/Build/Intermediates.noindex/ArchiveIntermediates/WebBrowser/IntermediateBuildFilesPath/WebBrowser.build/Release-iphoneos/WebBrowser-120faf8fc8e1ade2702c6ec35c686092-VFS-iphoneos/all-product-headers.yaml -iquote /Users/runner/Library/Developer/Xcode/DerivedData/WebBrowser-clqywoufjsuyrtaownclvbrmxizr/Build/Intermediates.noindex/ArchiveIntermediates/WebBrowser/IntermediateBuildFilesPath/WebBrowser.build/Release-iphoneos/WebBrowser.build/WebBrowser-project-headers.hmap -I/Users/runner/Library/Developer/Xcode/DerivedData/WebBrowser-clqywoufjsuyrtaownclvbrmxizr/Build/Intermediates.noindex/ArchiveIntermediates/WebBrowser/BuildProductsPath/Release-iphoneos/include -I/Users/runner/Library/Developer/Xcode/DerivedData/WebBrowser-clqywoufjsuyrtaownclvbrmxizr/Build/Intermediates.noindex/ArchiveIntermediates/WebBrowser/BuildProductsPath/Release-iphoneos/ApplePurchaseKit/ApplePurchaseKit.framework/Headers -I/Users/runner/Library/Developer/Xcode/DerivedData/WebBrowser-clqywoufjsuyrtaownclvbrmxizr/Build/Intermediates.noindex/ArchiveIntermediates/WebBrowser/BuildProductsPath/Release-iphoneos/KeychainAccess/KeychainAccess.framework/Headers -I/Users/runner/Library/Developer/Xcode/DerivedData/WebBrowser-clqywoufjsuyrtaownclvbrmxizr/Build/Intermediates.noindex/ArchiveIntermediates/WebBrowser/BuildProductsPath/Release-iphoneos/SVProgressHUD/SVProgressHUD.framework/Headers -I/Users/runner/Library/Developer/Xcode/DerivedData/WebBrowser-clqywoufjsuyrtaownclvbrmxizr/Build/Intermediates.noindex/ArchiveIntermediates/WebBrowser/IntermediateBuildFilesPath/WebBrowser.build/Release-iphoneos/WebBrowser.build/DerivedSources-normal/arm64 -I/Users/runner/Library/Developer/Xcode/DerivedData/WebBrowser-clqywoufjsuyrtaownclvbrmxizr/Build/Intermediates.noindex/ArchiveIntermediates/WebBrowser/IntermediateBuildFilesPath/WebBrowser.build/Release-iphoneos/WebBrowser.build/DerivedSources/arm64 -I/Users/runner/Library/Developer/Xcode/DerivedData/WebBrowser-clqywoufjsuyrtaownclvbrmxizr/Build/Intermediates.noindex/ArchiveIntermediates/WebBrowser/IntermediateBuildFilesPath/WebBrowser.build/Release-iphoneos/WebBrowser.build/DerivedSources -F/Users/runner/Library/Developer/Xcode/DerivedData/WebBrowser-clqywoufjsuyrtaownclvbrmxizr/Build/Intermediates.noindex/ArchiveIntermediates/WebBrowser/BuildProductsPath/Release-iphoneos -F/Users/runner/Library/Developer/Xcode/DerivedData/WebBrowser-clqywoufjsuyrtaownclvbrmxizr/Build/Intermediates.noindex/ArchiveIntermediates/WebBrowser/BuildProductsPath/Release-iphoneos/ApplePurchaseKit -F/Users/runner/Library/Developer/Xcode/DerivedData/WebBrowser-clqywoufjsuyrtaownclvbrmxizr/Build/Intermediates.noindex/ArchiveIntermediates/WebBrowser/BuildProductsPath/Release-iphoneos/KeychainAccess -F/Users/runner/Library/Developer/Xcode/DerivedData/WebBrowser-clqywoufjsuyrtaownclvbrmxizr/Build/Intermediates.noindex/ArchiveIntermediates/WebBrowser/BuildProductsPath/Release-iphoneos/SVProgressHUD -F/Users/runner/work/Web_Browser/Web_Browser/Pods/Ads-Global/SDK -F/Users/runner/work/Web_Browser/Web_Browser/Pods/FBAudienceNetwork/Dynamic -F/Users/runner/work/Web_Browser/Web_Browser/Pods/InMobiSDK -F/Users/runner/work/Web_Browser/Web_Browser/Pods/MintegralAdSDK/Fmk -F/Users/runner/work/Web_Browser/Web_Browser/Pods/SmartdigimktSDK/SmartDigimktSDK -F/Users/runner/work/Web_Browser/Web_Browser/Pods/TPNMediationAdxSmartdigimktAdapter/AnyThinkSmartdigimktAdapter-6.5.45.0 -F/Users/runner/work/Web_Browser/Web_Browser/Pods/TPNMediationFacebookAdapter/AnyThinkFacebookAdapter-6.21.1.0 -F/Users/runner/work/Web_Browser/Web_Browser/Pods/TPNMediationInmobiAdapter/AnyThinkInmobiAdapter-11.1.0.0 -F/Users/runner/work/Web_Browser/Web_Browser/Pods/TPNMediationMintegralAdapter/AnyThinkMintegralAdapter-8.0.4.0 -F/Users/runner/work/Web_Browser/Web_Browser/Pods/TPNMediationPangleAdapter/AnyThinkPangleAdapter-7.8.5.7.0 -F/Users/runner/work/Web_Browser/Web_Browser/Pods/TPNiOS/core -F/Users/runner/work/Web_Browser/Web_Browser/Pods/UMCommon/UMCommon_7.6.4 -F/Users/runner/work/Web_Browser/Web_Browser/Pods/UMDevice/UMDevice_3.6.0 -F/Users/runner/Library/Developer/Xcode/DerivedData/WebBrowser-clqywoufjsuyrtaownclvbrmxizr/Build/Intermediates.noindex/ArchiveIntermediates/WebBrowser/BuildProductsPath/Release-iphoneos/XCFrameworkIntermediates/Ads-Global/PangleSDK -F/Users/runner/Library/Developer/Xcode/DerivedData/WebBrowser-clqywoufjsuyrtaownclvbrmxizr/Build/Intermediates.noindex/ArchiveIntermediates/WebBrowser/BuildProductsPath/Release-iphoneos/XCFrameworkIntermediates/Ads-Global/TikTokBusinessSDK -F/Users/runner/Library/Developer/Xcode/DerivedData/WebBrowser-clqywoufjsuyrtaownclvbrmxizr/Build/Intermediates.noindex/ArchiveIntermediates/WebBrowser/BuildProductsPath/Release-iphoneos/XCFrameworkIntermediates/FBAudienceNetwork -F/Users/runner/Library/Developer/Xcode/DerivedData/WebBrowser-clqywoufjsuyrtaownclvbrmxizr/Build/Intermediates.noindex/ArchiveIntermediates/WebBrowser/BuildProductsPath/Release-iphoneos/XCFrameworkIntermediates/InMobiSDK -F/Users/runner/Library/Developer/Xcode/DerivedData/WebBrowser-clqywoufjsuyrtaownclvbrmxizr/Build/Intermediates.noindex/ArchiveIntermediates/WebBrowser/BuildProductsPath/Release-iphoneos/XCFrameworkIntermediates/MintegralAdSDK/BannerAd -F/Users/runner/Library/Developer/Xcode/DerivedData/WebBrowser-clqywoufjsuyrtaownclvbrmxizr/Build/Intermediates.noindex/ArchiveIntermediates/WebBrowser/BuildProductsPath/Release-iphoneos/XCFrameworkIntermediates/MintegralAdSDK/BidNativeAd -F/Users/runner/Library/Developer/Xcode/DerivedData/WebBrowser-clqywoufjsuyrtaownclvbrmxizr/Build/Intermediates.noindex/ArchiveIntermediates/WebBrowser/BuildProductsPath/Release-iphoneos/XCFrameworkIntermediates/MintegralAdSDK/InterstitialVideoAd -F/Users/runner/Library/Developer/Xcode/DerivedData/WebBrowser-clqywoufjsuyrtaownclvbrmxizr/Build/Intermediates.noindex/ArchiveIntermediates/WebBrowser/BuildProductsPath/Release-iphoneos/XCFrameworkIntermediates/MintegralAdSDK/NativeAd -F/Users/runner/Library/Developer/Xcode/DerivedData/WebBrowser-clqywoufjsuyrtaownclvbrmxizr/Build/Intermediates.noindex/ArchiveIntermediates/WebBrowser/BuildProductsPath/Release-iphoneos/XCFrameworkIntermediates/MintegralAdSDK/NativeAdvancedAd -F/Users/runner/Library/Developer/Xcode/DerivedData/WebBrowser-clqywoufjsuyrtaownclvbrmxizr/Build/Intermediates.noindex/ArchiveIntermediates/WebBrowser/BuildProductsPath/Release-iphoneos/XCFrameworkIntermediates/MintegralAdSDK/NewInterstitialAd -F/Users/runner/Library/Developer/Xcode/DerivedData/WebBrowser-clqywoufjsuyrtaownclvbrmxizr/Build/Intermediates.noindex/ArchiveIntermediates/WebBrowser/BuildProductsPath/Release-iphoneos/XCFrameworkIntermediates/MintegralAdSDK/RewardVideoAd -F/Users/runner/Library/Developer/Xcode/DerivedData/WebBrowser-clqywoufjsuyrtaownclvbrmxizr/Build/Intermediates.noindex/ArchiveIntermediates/WebBrowser/BuildProductsPath/Release-iphoneos/XCFrameworkIntermediates/MintegralAdSDK/SplashAd -F/Users/runner/Library/Developer/Xcode/DerivedData/WebBrowser-clqywoufjsuyrtaownclvbrmxizr/Build/Intermediates.noindex/ArchiveIntermediates/WebBrowser/BuildProductsPath/Release-iphoneos/XCFrameworkIntermediates/SmartdigimktSDK -F/Users/runner/Library/Developer/Xcode/DerivedData/WebBrowser-clqywoufjsuyrtaownclvbrmxizr/Build/Intermediates.noindex/ArchiveIntermediates/WebBrowser/BuildProductsPath/Release-iphoneos/XCFrameworkIntermediates/TPNMediationAdxSmartdigimktAdapter -F/Users/runner/Library/Developer/Xcode/DerivedData/WebBrowser-clqywoufjsuyrtaownclvbrmxizr/Build/Intermediates.noindex/ArchiveIntermediates/WebBrowser/BuildProductsPath/Release-iphoneos/XCFrameworkIntermediates/TPNMediationFacebookAdapter -F/Users/runner/Library/Developer/Xcode/DerivedData/WebBrowser-clqywoufjsuyrtaownclvbrmxizr/Build/Intermediates.noindex/ArchiveIntermediates/WebBrowser/BuildProductsPath/Release-iphoneos/XCFrameworkIntermediates/TPNMediationInmobiAdapter -F/Users/runner/Library/Developer/Xcode/DerivedData/WebBrowser-clqywoufjsuyrtaownclvbrmxizr/Build/Intermediates.noindex/ArchiveIntermediates/WebBrowser/BuildProductsPath/Release-iphoneos/XCFrameworkIntermediates/TPNMediationMintegralAdapter -F/Users/runner/Library/Developer/Xcode/DerivedData/WebBrowser-clqywoufjsuyrtaownclvbrmxizr/Build/Intermediates.noindex/ArchiveIntermediates/WebBrowser/BuildProductsPath/Release-iphoneos/XCFrameworkIntermediates/TPNMediationPangleAdapter -F/Users/runner/Library/Developer/Xcode/DerivedData/WebBrowser-clqywoufjsuyrtaownclvbrmxizr/Build/Intermediates.noindex/ArchiveIntermediates/WebBrowser/BuildProductsPath/Release-iphoneos/XCFrameworkIntermediates/TPNiOS/TPNSDK -F/Users/runner/Library/Developer/Xcode/DerivedData/WebBrowser-clqywoufjsuyrtaownclvbrmxizr/Build/Intermediates.noindex/ArchiveIntermediates/WebBrowser/BuildProductsPath/Release-iphoneos/XCFrameworkIntermediates/UMCommon -F/Users/runner/Library/Developer/Xcode/DerivedData/WebBrowser-clqywoufjsuyrtaownclvbrmxizr/Build/Intermediates.noindex/ArchiveIntermediates/WebBrowser/BuildProductsPath/Release-iphoneos/XCFrameworkIntermediates/UMDevice

WriteAuxiliaryFile /Users/runner/Library/Developer/Xcode/DerivedData/WebBrowser-clqywoufjsuyrtaownclvbrmxizr/Build/Intermediates.noindex/ArchiveIntermediates/WebBrowser/IntermediateBuildFilesPath/WebBrowser.build/Release-iphoneos/WebBrowser.build/InputFileList-5DF406A4CF41273C24BDF61B-Pods-WebBrowser-frameworks-Release-input-files-cadf8667088e1ddf1f861a290f89a06d-resolved.xcfilelist (in target 'WebBrowser' from project 'WebBrowser')
    cd /Users/runner/work/Web_Browser/Web_Browser
    write-file /Users/runner/Library/Developer/Xcode/DerivedData/WebBrowser-clqywoufjsuyrtaownclvbrmxizr/Build/Intermediates.noindex/ArchiveIntermediates/WebBrowser/IntermediateBuildFilesPath/WebBrowser.build/Release-iphoneos/WebBrowser.build/InputFileList-5DF406A4CF41273C24BDF61B-Pods-WebBrowser-frameworks-Release-input-files-cadf8667088e1ddf1f861a290f89a06d-resolved.xcfilelist

WriteAuxiliaryFile /Users/runner/Library/Developer/Xcode/DerivedData/WebBrowser-clqywoufjsuyrtaownclvbrmxizr/Build/Intermediates.noindex/ArchiveIntermediates/WebBrowser/IntermediateBuildFilesPath/WebBrowser.build/Release-iphoneos/WebBrowser.build/InputFileList-13C9AD82F4DDC2A4ED954FED-Pods-WebBrowser-resources-Release-input-files-359c7f1ba8ddc06a39cf7a8cd98734cc-resolved.xcfilelist (in target 'WebBrowser' from project 'WebBrowser')
    cd /Users/runner/work/Web_Browser/Web_Browser
    write-file /Users/runner/Library/Developer/Xcode/DerivedData/WebBrowser-clqywoufjsuyrtaownclvbrmxizr/Build/Intermediates.noindex/ArchiveIntermediates/WebBrowser/IntermediateBuildFilesPath/WebBrowser.build/Release-iphoneos/WebBrowser.build/InputFileList-13C9AD82F4DDC2A4ED954FED-Pods-WebBrowser-resources-Release-input-files-359c7f1ba8ddc06a39cf7a8cd98734cc-resolved.xcfilelist

WriteAuxiliaryFile /Users/runner/Library/Developer/Xcode/DerivedData/WebBrowser-clqywoufjsuyrtaownclvbrmxizr/Build/Intermediates.noindex/ArchiveIntermediates/WebBrowser/IntermediateBuildFilesPath/WebBrowser.build/Release-iphoneos/WebBrowser.build/DerivedSources/WebBrowser_vers.c (in target 'WebBrowser' from project 'WebBrowser')
    cd /Users/runner/work/Web_Browser/Web_Browser
    write-file /Users/runner/Library/Developer/Xcode/DerivedData/WebBrowser-clqywoufjsuyrtaownclvbrmxizr/Build/Intermediates.noindex/ArchiveIntermediates/WebBrowser/IntermediateBuildFilesPath/WebBrowser.build/Release-iphoneos/WebBrowser.build/DerivedSources/WebBrowser_vers.c

WriteAuxiliaryFile /Users/runner/Library/Developer/Xcode/DerivedData/WebBrowser-clqywoufjsuyrtaownclvbrmxizr/Build/Intermediates.noindex/ArchiveIntermediates/WebBrowser/IntermediateBuildFilesPath/WebBrowser.build/Release-iphoneos/WebBrowser.build/DerivedSources/Entitlements.plist (in target 'WebBrowser' from project 'WebBrowser')
    cd /Users/runner/work/Web_Browser/Web_Browser
    write-file /Users/runner/Library/Developer/Xcode/DerivedData/WebBrowser-clqywoufjsuyrtaownclvbrmxizr/Build/Intermediates.noindex/ArchiveIntermediates/WebBrowser/IntermediateBuildFilesPath/WebBrowser.build/Release-iphoneos/WebBrowser.build/DerivedSources/Entitlements.plist

PhaseScriptExecution [CP]\ Copy\ XCFrameworks /Users/runner/Library/Developer/Xcode/DerivedData/WebBrowser-clqywoufjsuyrtaownclvbrmxizr/Build/Intermediates.noindex/ArchiveIntermediates/WebBrowser/IntermediateBuildFilesPath/Pods.build/Release-iphoneos/UMDevice.build/Script-0A37AD4C343977BA9BEFF4AF8C7F7138.sh (in target 'UMDevice' from project 'Pods')
    cd /Users/runner/work/Web_Browser/Web_Browser/Pods
    /bin/sh -c /Users/runner/Library/Developer/Xcode/DerivedData/WebBrowser-clqywoufjsuyrtaownclvbrmxizr/Build/Intermediates.noindex/ArchiveIntermediates/WebBrowser/IntermediateBuildFilesPath/Pods.build/Release-iphoneos/UMDevice.build/Script-0A37AD4C343977BA9BEFF4AF8C7F7138.sh
Selected xcframework slice ios-arm64
rsync --delete -av --filter P .*.?????? --links --filter "- CVS/" --filter "- .svn/" --filter "- .git/" --filter "- .hg/" "/Users/runner/work/Web_Browser/Web_Browser/Pods/UMDevice/UMDevice_3.6.0/UMDevice.xcframework/ios-arm64/*" "/Users/runner/Library/Developer/Xcode/DerivedData/WebBrowser-clqywoufjsuyrtaownclvbrmxizr/Build/Intermediates.noindex/ArchiveIntermediates/WebBrowser/BuildProductsPath/Release-iphoneos/XCFrameworkIntermediates/UMDevice"
Transfer starting: 14 files
UMDevice.framework/
UMDevice.framework/Info.plist
UMDevice.framework/PrivacyInfo.xcprivacy
UMDevice.framework/UMDevice
UMDevice.framework/Headers/
UMDevice.framework/Headers/UMZid.h
UMDevice.framework/Modules/
UMDevice.framework/Modules/module.modulemap
UMDevice.framework/_CodeSignature/
UMDevice.framework/_CodeSignature/CodeDirectory
UMDevice.framework/_CodeSignature/CodeRequirements
UMDevice.framework/_CodeSignature/CodeRequirements-1
UMDevice.framework/_CodeSignature/CodeResources
UMDevice.framework/_CodeSignature/CodeSignature

sent 158825 bytes  received 264 bytes  6601203 bytes/sec
total size is 157345  speedup is 0.99
Copied /Users/runner/work/Web_Browser/Web_Browser/Pods/UMDevice/UMDevice_3.6.0/UMDevice.xcframework/ios-arm64 to /Users/runner/Library/Developer/Xcode/DerivedData/WebBrowser-clqywoufjsuyrtaownclvbrmxizr/Build/Intermediates.noindex/ArchiveIntermediates/WebBrowser/BuildProductsPath/Release-iphoneos/XCFrameworkIntermediates/UMDevice

PhaseScriptExecution [CP]\ Copy\ XCFrameworks /Users/runner/Library/Developer/Xcode/DerivedData/WebBrowser-clqywoufjsuyrtaownclvbrmxizr/Build/Intermediates.noindex/ArchiveIntermediates/WebBrowser/IntermediateBuildFilesPath/Pods.build/Release-iphoneos/TPNiOS.build/Script-E6AEE2F70670AAF53216C35E753FECB6.sh (in target 'TPNiOS' from project 'Pods')
    cd /Users/runner/work/Web_Browser/Web_Browser/Pods
    /bin/sh -c /Users/runner/Library/Developer/Xcode/DerivedData/WebBrowser-clqywoufjsuyrtaownclvbrmxizr/Build/Intermediates.noindex/ArchiveIntermediates/WebBrowser/IntermediateBuildFilesPath/Pods.build/Release-iphoneos/TPNiOS.build/Script-E6AEE2F70670AAF53216C35E753FECB6.sh
Selected xcframework slice ios-arm64
rsync --delete -av --filter P .*.?????? --links --filter "- CVS/" --filter "- .svn/" --filter "- .git/" --filter "- .hg/" "/Users/runner/work/Web_Browser/Web_Browser/Pods/TPNiOS/core/AnyThinkSDK.xcframework/ios-arm64/*" "/Users/runner/Library/Developer/Xcode/DerivedData/WebBrowser-clqywoufjsuyrtaownclvbrmxizr/Build/Intermediates.noindex/ArchiveIntermediates/WebBrowser/BuildProductsPath/Release-iphoneos/XCFrameworkIntermediates/TPNiOS/TPNSDK"
Transfer starting: 155 files
AnyThinkSDK.framework/
AnyThinkSDK.framework/AnyThinkSDK
AnyThinkSDK.framework/Info.plist
AnyThinkSDK.framework/PrivacyInfo.xcprivacy
AnyThinkSDK.framework/Headers/
AnyThinkSDK.framework/Headers/ATADXFloorPrice.h
AnyThinkSDK.framework/Headers/ATAPI+Internal.h
AnyThinkSDK.framework/Headers/ATAPI.h
AnyThinkSDK.framework/Headers/ATAPPSettingModel.h
AnyThinkSDK.framework/Headers/ATAd.h
AnyThinkSDK.framework/Headers/ATAdAdapter.h
AnyThinkSDK.framework/Headers/ATAdCacheInfo.h
AnyThinkSDK.framework/Headers/ATAdCacheManager.h
AnyThinkSDK.framework/Headers/ATAdCustomEvent.h
AnyThinkSDK.framework/Headers/ATAdCustomFilter.h
AnyThinkSDK.framework/Headers/ATAdDeveloperMaterialInfo.h
AnyThinkSDK.framework/Headers/ATAdEnums.h
AnyThinkSDK.framework/Headers/ATAdErrorCode.h
AnyThinkSDK.framework/Headers/ATAdEventMaterialMediator.h
AnyThinkSDK.framework/Headers/ATAdInitArgument.h
AnyThinkSDK.framework/Headers/ATAdInternalEnums.h
AnyThinkSDK.framework/Headers/ATAdLoadingDelegate.h
AnyThinkSDK.framework/Headers/ATAdLogger.h
AnyThinkSDK.framework/Headers/ATAdManager+ATMediaVideo.h
AnyThinkSDK.framework/Headers/ATAdManager+Banner.h
AnyThinkSDK.framework/Headers/ATAdManager+Internal.h
AnyThinkSDK.framework/Headers/ATAdManager+Interstitial.h
AnyThinkSDK.framework/Headers/ATAdManager+Native.h
AnyThinkSDK.framework/Headers/ATAdManager+RewardedVideo.h
AnyThinkSDK.framework/Headers/ATAdManager+Splash.h
AnyThinkSDK.framework/Headers/ATAdManager.h
AnyThinkSDK.framework/Headers/ATAdMediationArgument+ATInternal.h
AnyThinkSDK.framework/Headers/ATAdMediationArgument.h
AnyThinkSDK.framework/Headers/ATAdObject.h
AnyThinkSDK.framework/Headers/ATAdOfferCacheModel.h
AnyThinkSDK.framework/Headers/ATAdRequestingInfo.h
AnyThinkSDK.framework/Headers/ATAdStatusBridge.h
AnyThinkSDK.framework/Headers/ATAdapter.h
AnyThinkSDK.framework/Headers/ATAdsLgStModel.h
AnyThinkSDK.framework/Headers/ATAdsLgStRuleModel.h
AnyThinkSDK.framework/Headers/ATAntiBrushConfig.h
AnyThinkSDK.framework/Headers/ATAppSettingManager.h
AnyThinkSDK.framework/Headers/ATBanner.h
AnyThinkSDK.framework/Headers/ATBannerCustomEvent.h
AnyThinkSDK.framework/Headers/ATBannerDelegate.h
AnyThinkSDK.framework/Headers/ATBannerManager.h
AnyThinkSDK.framework/Headers/ATBannerView+Internal.h
AnyThinkSDK.framework/Headers/ATBannerView.h
AnyThinkSDK.framework/Headers/ATBaseAdapterProtocol.h
AnyThinkSDK.framework/Headers/ATBaseInitAdapter.h
AnyThinkSDK.framework/Headers/ATBaseMediationAdapter.h
AnyThinkSDK.framework/Headers/ATBaseNativeMixView.h
AnyThinkSDK.framework/Headers/ATBaseTrackProtocol.h
AnyThinkSDK.framework/Headers/ATBidInfo.h
AnyThinkSDK.framework/Headers/ATBidInfoCacheManager.h
AnyThinkSDK.framework/Headers/ATBidWinLossResult.h
AnyThinkSDK.framework/Headers/ATCheckLoadModel.h
AnyThinkSDK.framework/Headers/ATConstraint.h
AnyThinkSDK.framework/Headers/ATConstraintMaker.h
AnyThinkSDK.framework/Headers/ATCustomContentInfo.h
AnyThinkSDK.framework/Headers/ATCustomContentResult.h
AnyThinkSDK.framework/Headers/ATCustomNetworkMode.h
AnyThinkSDK.framework/Headers/ATCustomNetworkNativeAd.h
AnyThinkSDK.framework/Headers/ATDAParameter.h
AnyThinkSDK.framework/Headers/ATDATKEventKey.h
AnyThinkSDK.framework/Headers/ATDebuggerBridgingAPI.h
AnyThinkSDK.framework/Headers/ATDebuggerConfig.h
AnyThinkSDK.framework/Headers/ATDebuggerConfigDefine.h
AnyThinkSDK.framework/Headers/ATDelegateWeakStoreManager.h
AnyThinkSDK.framework/Headers/ATDeveloperMaterialDelegate.h
AnyThinkSDK.framework/Headers/ATDeviceInfoConfig.h
AnyThinkSDK.framework/Headers/ATDynamicWaterfallParams.h
AnyThinkSDK.framework/Headers/ATEcwfModel.h
AnyThinkSDK.framework/Headers/ATEcwfRuleModel.h
AnyThinkSDK.framework/Headers/ATGeneralManage.h
AnyThinkSDK.framework/Headers/ATImageLoader.h
AnyThinkSDK.framework/Headers/ATInspectNetwork.h
AnyThinkSDK.framework/Headers/ATInspectNetworkModel.h
AnyThinkSDK.framework/Headers/ATInteriorTrackProtocol.h
AnyThinkSDK.framework/Headers/ATInterstitial.h
AnyThinkSDK.framework/Headers/ATInterstitialAdapter.h
AnyThinkSDK.framework/Headers/ATInterstitialAutoAdManager.h
AnyThinkSDK.framework/Headers/ATInterstitialCustomEvent.h
AnyThinkSDK.framework/Headers/ATInterstitialDelegate.h
AnyThinkSDK.framework/Headers/ATLoadAdapterResult.h
AnyThinkSDK.framework/Headers/ATMasUtilities.h
AnyThinkSDK.framework/Headers/ATMediaVideo.h
AnyThinkSDK.framework/Headers/ATMediaVideoAdObject.h
AnyThinkSDK.framework/Headers/ATMediaVideoCustomEvent.h
AnyThinkSDK.framework/Headers/ATMediaVideoDelegate.h
AnyThinkSDK.framework/Headers/ATMediaVideoOffer.h
AnyThinkSDK.framework/Headers/ATMgPreloadModel.h
AnyThinkSDK.framework/Headers/ATModel.h
AnyThinkSDK.framework/Headers/ATModelProtocol.h
AnyThinkSDK.framework/Headers/ATNativeADCache.h
AnyThinkSDK.framework/Headers/ATNativeADConfiguration.h
AnyThinkSDK.framework/Headers/ATNativeADCustomEvent.h
AnyThinkSDK.framework/Headers/ATNativeADDelegate.h
AnyThinkSDK.framework/Headers/ATNativeADRenderer.h
AnyThinkSDK.framework/Headers/ATNativeADView+Internal.h
AnyThinkSDK.framework/Headers/ATNativeADView.h
AnyThinkSDK.framework/Headers/ATNativeAd.h
AnyThinkSDK.framework/Headers/ATNativeAdNetworkViewConfig.h
AnyThinkSDK.framework/Headers/ATNativeAdOffer+Internal.h
AnyThinkSDK.framework/Headers/ATNativeAdOffer.h
AnyThinkSDK.framework/Headers/ATNativeAdRenderConfig.h
AnyThinkSDK.framework/Headers/ATNativeAdRenderViewEventObserver.h
AnyThinkSDK.framework/Headers/ATNativeBannerView.h
AnyThinkSDK.framework/Headers/ATNativeMaterialProtocol.h
AnyThinkSDK.framework/Headers/ATNativeMixInterstitialView.h
AnyThinkSDK.framework/Headers/ATNativeMixRewardedVideoView.h
AnyThinkSDK.framework/Headers/ATNativeMixSplashView.h
AnyThinkSDK.framework/Headers/ATNativePrepareInfo.h
AnyThinkSDK.framework/Headers/ATNativeRenderer.h
AnyThinkSDK.framework/Headers/ATNativeRendering.h
AnyThinkSDK.framework/Headers/ATNetwokBaseConfigure.h
AnyThinkSDK.framework/Headers/ATNetworkInitManager.h
AnyThinkSDK.framework/Headers/ATPlacementModel.h
AnyThinkSDK.framework/Headers/ATPlatfromInfo.h
AnyThinkSDK.framework/Headers/ATRewardedVideo.h
AnyThinkSDK.framework/Headers/ATRewardedVideoAdapter.h
AnyThinkSDK.framework/Headers/ATRewardedVideoAutoAdManager.h
AnyThinkSDK.framework/Headers/ATRewardedVideoCustomEvent.h
AnyThinkSDK.framework/Headers/ATRewardedVideoDelegate.h
AnyThinkSDK.framework/Headers/ATRiskControlModel.h
AnyThinkSDK.framework/Headers/ATSDKConfiguration.h
AnyThinkSDK.framework/Headers/ATSDKGlobalSetting.h
AnyThinkSDK.framework/Headers/ATSafeModuleObject.h
AnyThinkSDK.framework/Headers/ATSafeThreadArray.h
AnyThinkSDK.framework/Headers/ATSafeThreadDictionary.h
AnyThinkSDK.framework/Headers/ATScrollLabel.h
AnyThinkSDK.framework/Headers/ATSharePlacementConfig.h
AnyThinkSDK.framework/Headers/ATSplash.h
AnyThinkSDK.framework/Headers/ATSplashCustomEvent.h
AnyThinkSDK.framework/Headers/ATSplashDelegate.h
AnyThinkSDK.framework/Headers/ATSplashManager.h
AnyThinkSDK.framework/Headers/ATStorage.h
AnyThinkSDK.framework/Headers/ATTimer.h
AnyThinkSDK.framework/Headers/ATTracker.h
AnyThinkSDK.framework/Headers/ATTrackerInfo.h
AnyThinkSDK.framework/Headers/ATUID2Info.h
AnyThinkSDK.framework/Headers/ATUMPConsentHandler.h
AnyThinkSDK.framework/Headers/ATUnitGroupModel.h
AnyThinkSDK.framework/Headers/ATViewAttribute.h
AnyThinkSDK.framework/Headers/ATWaterfallInfoModel.h
AnyThinkSDK.framework/Headers/ATWaterfallModel.h
AnyThinkSDK.framework/Headers/AnyThinkSDK.h
AnyThinkSDK.framework/Headers/NSArray+ATErrorHandle.h
AnyThinkSDK.framework/Headers/NSArray+KAKit.h
AnyThinkSDK.framework/Headers/NSDictionary+KAKit.h
AnyThinkSDK.framework/Headers/NSMutableArray+ATErrorHandle.h
AnyThinkSDK.framework/Headers/NSString+KAKit.h
AnyThinkSDK.framework/Headers/View+ATAdditions.h
AnyThinkSDK.framework/Modules/
AnyThinkSDK.framework/Modules/module.modulemap

sent 4001088 bytes  received 3382 bytes  7428065 bytes/sec
total size is 3982076  speedup is 0.99
Copied /Users/runner/work/Web_Browser/Web_Browser/Pods/TPNiOS/core/AnyThinkSDK.xcframework/ios-arm64 to /Users/runner/Library/Developer/Xcode/DerivedData/WebBrowser-clqywoufjsuyrtaownclvbrmxizr/Build/Intermediates.noindex/ArchiveIntermediates/WebBrowser/BuildProductsPath/Release-iphoneos/XCFrameworkIntermediates/TPNiOS/TPNSDK

PhaseScriptExecution [CP]\ Copy\ XCFrameworks /Users/runner/Library/Developer/Xcode/DerivedData/WebBrowser-clqywoufjsuyrtaownclvbrmxizr/Build/Intermediates.noindex/ArchiveIntermediates/WebBrowser/IntermediateBuildFilesPath/Pods.build/Release-iphoneos/SmartdigimktSDK.build/Script-620532CE504405770C248B9A958854B2.sh (in target 'SmartdigimktSDK' from project 'Pods')
    cd /Users/runner/work/Web_Browser/Web_Browser/Pods
    /bin/sh -c /Users/runner/Library/Developer/Xcode/DerivedData/WebBrowser-clqywoufjsuyrtaownclvbrmxizr/Build/Intermediates.noindex/ArchiveIntermediates/WebBrowser/IntermediateBuildFilesPath/Pods.build/Release-iphoneos/SmartdigimktSDK.build/Script-620532CE504405770C248B9A958854B2.sh
Selected xcframework slice ios-arm64
rsync --delete -av --filter P .*.?????? --links --filter "- CVS/" --filter "- .svn/" --filter "- .git/" --filter "- .hg/" "/Users/runner/work/Web_Browser/Web_Browser/Pods/SmartdigimktSDK/SmartDigimktSDK/SmartdigimktSDK.xcframework/ios-arm64/*" "/Users/runner/Library/Developer/Xcode/DerivedData/WebBrowser-clqywoufjsuyrtaownclvbrmxizr/Build/Intermediates.noindex/ArchiveIntermediates/WebBrowser/BuildProductsPath/Release-iphoneos/XCFrameworkIntermediates/SmartdigimktSDK"
Transfer starting: 39 files
SmartdigimktSDK.framework/
SmartdigimktSDK.framework/Info.plist
SmartdigimktSDK.framework/PrivacyInfo.xcprivacy
SmartdigimktSDK.framework/SmartdigimktSDK
SmartdigimktSDK.framework/Headers/
SmartdigimktSDK.framework/Headers/SDMAPI.h
SmartdigimktSDK.framework/Headers/SDMAd.h
SmartdigimktSDK.framework/Headers/SDMAdEcpmInfo.h
SmartdigimktSDK.framework/Headers/SDMAdFormatDefine.h
SmartdigimktSDK.framework/Headers/SDMAdLogger.h
SmartdigimktSDK.framework/Headers/SDMAdPlaceInfo.h
SmartdigimktSDK.framework/Headers/SDMAdRequest.h
SmartdigimktSDK.framework/Headers/SDMBannerView.h
SmartdigimktSDK.framework/Headers/SDMBaseAd.h
SmartdigimktSDK.framework/Headers/SDMDebuggerConfig.h
SmartdigimktSDK.framework/Headers/SDMDebuggerConfigDefine.h
SmartdigimktSDK.framework/Headers/SDMDeviceInfoList.h
SmartdigimktSDK.framework/Headers/SDMInterstitialAd.h
SmartdigimktSDK.framework/Headers/SDMLossInfo.h
SmartdigimktSDK.framework/Headers/SDMMyOfferCommonManager.h
SmartdigimktSDK.framework/Headers/SDMNative.h
SmartdigimktSDK.framework/Headers/SDMNativeAd.h
SmartdigimktSDK.framework/Headers/SDMNativeAdOffer.h
SmartdigimktSDK.framework/Headers/SDMNativeLayoutParams.h
SmartdigimktSDK.framework/Headers/SDMNativePrepareInfo.h
SmartdigimktSDK.framework/Headers/SDMPubInterstitialDelegate.h
SmartdigimktSDK.framework/Headers/SDMPubNativeDelegate.h
SmartdigimktSDK.framework/Headers/SDMPubRewardedVideoDelegate.h
SmartdigimktSDK.framework/Headers/SDMPubSplashDelegate.h
SmartdigimktSDK.framework/Headers/SDMPublicLoadingDelegate.h
SmartdigimktSDK.framework/Headers/SDMRewardedVideoAd.h
SmartdigimktSDK.framework/Headers/SDMSDKConfiguration.h
SmartdigimktSDK.framework/Headers/SDMSDKGlobalSetting.h
SmartdigimktSDK.framework/Headers/SDMShowConfig.h
SmartdigimktSDK.framework/Headers/SDMSplashAd.h
SmartdigimktSDK.framework/Headers/SDMWinInfo.h
SmartdigimktSDK.framework/Headers/SmartdigimktSDK.h
SmartdigimktSDK.framework/Modules/
SmartdigimktSDK.framework/Modules/module.modulemap

sent 6354955 bytes  received 830 bytes  39948365 bytes/sec
total size is 6349503  speedup is 1.00
Copied /Users/runner/work/Web_Browser/Web_Browser/Pods/SmartdigimktSDK/SmartDigimktSDK/SmartdigimktSDK.xcframework/ios-arm64 to /Users/runner/Library/Developer/Xcode/DerivedData/WebBrowser-clqywoufjsuyrtaownclvbrmxizr/Build/Intermediates.noindex/ArchiveIntermediates/WebBrowser/BuildProductsPath/Release-iphoneos/XCFrameworkIntermediates/SmartdigimktSDK

WriteAuxiliaryFile /Users/runner/Library/Developer/Xcode/DerivedData/WebBrowser-clqywoufjsuyrtaownclvbrmxizr/Build/Intermediates.noindex/ArchiveIntermediates/WebBrowser/IntermediateBuildFilesPath/Pods.build/Release-iphoneos/Pods-WebBrowser.build/Pods_WebBrowser.hmap (in target 'Pods-WebBrowser' from project 'Pods')
    cd /Users/runner/work/Web_Browser/Web_Browser/Pods
    write-file /Users/runner/Library/Developer/Xcode/DerivedData/WebBrowser-clqywoufjsuyrtaownclvbrmxizr/Build/Intermediates.noindex/ArchiveIntermediates/WebBrowser/IntermediateBuildFilesPath/Pods.build/Release-iphoneos/Pods-WebBrowser.build/Pods_WebBrowser.hmap

WriteAuxiliaryFile /Users/runner/Library/Developer/Xcode/DerivedData/WebBrowser-clqywoufjsuyrtaownclvbrmxizr/Build/Intermediates.noindex/ArchiveIntermediates/WebBrowser/IntermediateBuildFilesPath/Pods.build/Release-iphoneos/Pods-WebBrowser.build/Pods_WebBrowser.DependencyStaticMetadataFileList (in target 'Pods-WebBrowser' from project 'Pods')
    cd /Users/runner/work/Web_Browser/Web_Browser/Pods
    write-file /Users/runner/Library/Developer/Xcode/DerivedData/WebBrowser-clqywoufjsuyrtaownclvbrmxizr/Build/Intermediates.noindex/ArchiveIntermediates/WebBrowser/IntermediateBuildFilesPath/Pods.build/Release-iphoneos/Pods-WebBrowser.build/Pods_WebBrowser.DependencyStaticMetadataFileList

WriteAuxiliaryFile /Users/runner/Library/Developer/Xcode/DerivedData/WebBrowser-clqywoufjsuyrtaownclvbrmxizr/Build/Intermediates.noindex/ArchiveIntermediates/WebBrowser/IntermediateBuildFilesPath/Pods.build/Release-iphoneos/Pods-WebBrowser.build/Pods_WebBrowser.DependencyMetadataFileList (in target 'Pods-WebBrowser' from project 'Pods')
    cd /Users/runner/work/Web_Browser/Web_Browser/Pods
    write-file /Users/runner/Library/Developer/Xcode/DerivedData/WebBrowser-clqywoufjsuyrtaownclvbrmxizr/Build/Intermediates.noindex/ArchiveIntermediates/WebBrowser/IntermediateBuildFilesPath/Pods.build/Release-iphoneos/Pods-WebBrowser.build/Pods_WebBrowser.DependencyMetadataFileList

WriteAuxiliaryFile /Users/runner/Library/Developer/Xcode/DerivedData/WebBrowser-clqywoufjsuyrtaownclvbrmxizr/Build/Intermediates.noindex/ArchiveIntermediates/WebBrowser/IntermediateBuildFilesPath/Pods.build/Release-iphoneos/Pods-WebBrowser.build/Pods_WebBrowser-project-headers.hmap (in target 'Pods-WebBrowser' from project 'Pods')
    cd /Users/runner/work/Web_Browser/Web_Browser/Pods
    write-file /Users/runner/Library/Developer/Xcode/DerivedData/WebBrowser-clqywoufjsuyrtaownclvbrmxizr/Build/Intermediates.noindex/ArchiveIntermediates/WebBrowser/IntermediateBuildFilesPath/Pods.build/Release-iphoneos/Pods-WebBrowser.build/Pods_WebBrowser-project-headers.hmap

WriteAuxiliaryFile /Users/runner/Library/Developer/Xcode/DerivedData/WebBrowser-clqywoufjsuyrtaownclvbrmxizr/Build/Intermediates.noindex/ArchiveIntermediates/WebBrowser/IntermediateBuildFilesPath/Pods.build/Release-iphoneos/Pods-WebBrowser.build/Pods_WebBrowser-own-target-headers.hmap (in target 'Pods-WebBrowser' from project 'Pods')
    cd /Users/runner/work/Web_Browser/Web_Browser/Pods
    write-file /Users/runner/Library/Developer/Xcode/DerivedData/WebBrowser-clqywoufjsuyrtaownclvbrmxizr/Build/Intermediates.noindex/ArchiveIntermediates/WebBrowser/IntermediateBuildFilesPath/Pods.build/Release-iphoneos/Pods-WebBrowser.build/Pods_WebBrowser-own-target-headers.hmap

WriteAuxiliaryFile /Users/runner/Library/Developer/Xcode/DerivedData/WebBrowser-clqywoufjsuyrtaownclvbrmxizr/Build/Intermediates.noindex/ArchiveIntermediates/WebBrowser/IntermediateBuildFilesPath/Pods.build/Release-iphoneos/Pods-WebBrowser.build/Pods_WebBrowser-generated-files.hmap (in target 'Pods-WebBrowser' from project 'Pods')
    cd /Users/runner/work/Web_Browser/Web_Browser/Pods
    write-file /Users/runner/Library/Developer/Xcode/DerivedData/WebBrowser-clqywoufjsuyrtaownclvbrmxizr/Build/Intermediates.noindex/ArchiveIntermediates/WebBrowser/IntermediateBuildFilesPath/Pods.build/Release-iphoneos/Pods-WebBrowser.build/Pods_WebBrowser-generated-files.hmap

WriteAuxiliaryFile /Users/runner/Library/Developer/Xcode/DerivedData/WebBrowser-clqywoufjsuyrtaownclvbrmxizr/Build/Intermediates.noindex/ArchiveIntermediates/WebBrowser/IntermediateBuildFilesPath/Pods.build/Release-iphoneos/Pods-WebBrowser.build/Pods_WebBrowser-all-target-headers.hmap (in target 'Pods-WebBrowser' from project 'Pods')
    cd /Users/runner/work/Web_Browser/Web_Browser/Pods
    write-file /Users/runner/Library/Developer/Xcode/DerivedData/WebBrowser-clqywoufjsuyrtaownclvbrmxizr/Build/Intermediates.noindex/ArchiveIntermediates/WebBrowser/IntermediateBuildFilesPath/Pods.build/Release-iphoneos/Pods-WebBrowser.build/Pods_WebBrowser-all-target-headers.hmap

WriteAuxiliaryFile /Users/runner/Library/Developer/Xcode/DerivedData/WebBrowser-clqywoufjsuyrtaownclvbrmxizr/Build/Intermediates.noindex/ArchiveIntermediates/WebBrowser/IntermediateBuildFilesPath/Pods.build/Release-iphoneos/Pods-WebBrowser.build/Pods_WebBrowser-all-non-framework-target-headers.hmap (in target 'Pods-WebBrowser' from project 'Pods')
    cd /Users/runner/work/Web_Browser/Web_Browser/Pods
    write-file /Users/runner/Library/Developer/Xcode/DerivedData/WebBrowser-clqywoufjsuyrtaownclvbrmxizr/Build/Intermediates.noindex/ArchiveIntermediates/WebBrowser/IntermediateBuildFilesPath/Pods.build/Release-iphoneos/Pods-WebBrowser.build/Pods_WebBrowser-all-non-framework-target-headers.hmap

WriteAuxiliaryFile /Users/runner/Library/Developer/Xcode/DerivedData/WebBrowser-clqywoufjsuyrtaownclvbrmxizr/Build/Intermediates.noindex/ArchiveIntermediates/WebBrowser/IntermediateBuildFilesPath/Pods.build/Release-iphoneos/Pods-WebBrowser.build/Objects-normal/arm64/e6072d4f65d7061329687fe24e3d63a7-common-args.resp (in target 'Pods-WebBrowser' from project 'Pods')
    cd /Users/runner/work/Web_Browser/Web_Browser/Pods
    write-file /Users/runner/Library/Developer/Xcode/DerivedData/WebBrowser-clqywoufjsuyrtaownclvbrmxizr/Build/Intermediates.noindex/ArchiveIntermediates/WebBrowser/IntermediateBuildFilesPath/Pods.build/Release-iphoneos/Pods-WebBrowser.build/Objects-normal/arm64/e6072d4f65d7061329687fe24e3d63a7-common-args.resp
-target arm64-apple-ios16.0 '-std=gnu11' -fobjc-arc -fmodules -gmodules '-fmodules-cache-path=/Users/runner/Library/Developer/Xcode/DerivedData/ModuleCache.noindex' '-fmodule-name=Pods_WebBrowser' -fpascal-strings -Os -fno-common '-DPOD_CONFIGURATION_RELEASE=1' '-DCOCOAPODS=1' '-DNS_BLOCK_ASSERTIONS=1' '-DOBJC_OLD_DISPATCH_PROTOTYPES=0' -isysroot /Applications/Xcode_26.3.app/Contents/Developer/Platforms/iPhoneOS.platform/Developer/SDKs/iPhoneOS26.2.sdk -g -iquote /Users/runner/Library/Developer/Xcode/DerivedData/WebBrowser-clqywoufjsuyrtaownclvbrmxizr/Build/Intermediates.noindex/ArchiveIntermediates/WebBrowser/IntermediateBuildFilesPath/Pods.build/Release-iphoneos/Pods-WebBrowser.build/Pods_WebBrowser-generated-files.hmap -I/Users/runner/Library/Developer/Xcode/DerivedData/WebBrowser-clqywoufjsuyrtaownclvbrmxizr/Build/Intermediates.noindex/ArchiveIntermediates/WebBrowser/IntermediateBuildFilesPath/Pods.build/Release-iphoneos/Pods-WebBrowser.build/Pods_WebBrowser-own-target-headers.hmap -I/Users/runner/Library/Developer/Xcode/DerivedData/WebBrowser-clqywoufjsuyrtaownclvbrmxizr/Build/Intermediates.noindex/ArchiveIntermediates/WebBrowser/IntermediateBuildFilesPath/Pods.build/Release-iphoneos/Pods-WebBrowser.build/Pods_WebBrowser-all-non-framework-target-headers.hmap -ivfsoverlay /Users/runner/Library/Developer/Xcode/DerivedData/WebBrowser-clqywoufjsuyrtaownclvbrmxizr/Build/Intermediates.noindex/ArchiveIntermediates/WebBrowser/IntermediateBuildFilesPath/Pods.build/Release-iphoneos/Pods-8699adb1dd336b26511df848a716bd42-VFS-iphoneos/all-product-headers.yaml -iquote /Users/runner/Library/Developer/Xcode/DerivedData/WebBrowser-clqywoufjsuyrtaownclvbrmxizr/Build/Intermediates.noindex/ArchiveIntermediates/WebBrowser/IntermediateBuildFilesPath/Pods.build/Release-iphoneos/Pods-WebBrowser.build/Pods_WebBrowser-project-headers.hmap -I/Users/runner/Library/Developer/Xcode/DerivedData/WebBrowser-clqywoufjsuyrtaownclvbrmxizr/Build/Intermediates.noindex/ArchiveIntermediates/WebBrowser/BuildProductsPath/Release-iphoneos/include -I/Users/runner/Library/Developer/Xcode/DerivedData/WebBrowser-clqywoufjsuyrtaownclvbrmxizr/Build/Intermediates.noindex/ArchiveIntermediates/WebBrowser/BuildProductsPath/Release-iphoneos/ApplePurchaseKit/ApplePurchaseKit.framework/Headers -I/Users/runner/Library/Developer/Xcode/DerivedData/WebBrowser-clqywoufjsuyrtaownclvbrmxizr/Build/Intermediates.noindex/ArchiveIntermediates/WebBrowser/BuildProductsPath/Release-iphoneos/KeychainAccess/KeychainAccess.framework/Headers -I/Users/runner/Library/Developer/Xcode/DerivedData/WebBrowser-clqywoufjsuyrtaownclvbrmxizr/Build/Intermediates.noindex/ArchiveIntermediates/WebBrowser/BuildProductsPath/Release-iphoneos/SVProgressHUD/SVProgressHUD.framework/Headers -I/Users/runner/Library/Developer/Xcode/DerivedData/WebBrowser-clqywoufjsuyrtaownclvbrmxizr/Build/Intermediates.noindex/ArchiveIntermediates/WebBrowser/IntermediateBuildFilesPath/Pods.build/Release-iphoneos/Pods-WebBrowser.build/DerivedSources-normal/arm64 -I/Users/runner/Library/Developer/Xcode/DerivedData/WebBrowser-clqywoufjsuyrtaownclvbrmxizr/Build/Intermediates.noindex/ArchiveIntermediates/WebBrowser/IntermediateBuildFilesPath/Pods.build/Release-iphoneos/Pods-WebBrowser.build/DerivedSources/arm64 -I/Users/runner/Library/Developer/Xcode/DerivedData/WebBrowser-clqywoufjsuyrtaownclvbrmxizr/Build/Intermediates.noindex/ArchiveIntermediates/WebBrowser/IntermediateBuildFilesPath/Pods.build/Release-iphoneos/Pods-WebBrowser.build/DerivedSources -F/Users/runner/Library/Developer/Xcode/DerivedData/WebBrowser-clqywoufjsuyrtaownclvbrmxizr/Build/Intermediates.noindex/ArchiveIntermediates/WebBrowser/BuildProductsPath/Release-iphoneos -F/Users/runner/Library/Developer/Xcode/DerivedData/WebBrowser-clqywoufjsuyrtaownclvbrmxizr/Build/Intermediates.noindex/ArchiveIntermediates/WebBrowser/BuildProductsPath/Release-iphoneos/ApplePurchaseKit -F/Users/runner/Library/Developer/Xcode/DerivedData/WebBrowser-clqywoufjsuyrtaownclvbrmxizr/Build/Intermediates.noindex/ArchiveIntermediates/WebBrowser/BuildProductsPath/Release-iphoneos/KeychainAccess -F/Users/runner/Library/Developer/Xcode/DerivedData/WebBrowser-clqywoufjsuyrtaownclvbrmxizr/Build/Intermediates.noindex/ArchiveIntermediates/WebBrowser/BuildProductsPath/Release-iphoneos/SVProgressHUD -F/Users/runner/work/Web_Browser/Web_Browser/Pods/Ads-Global/SDK -F/Users/runner/work/Web_Browser/Web_Browser/Pods/FBAudienceNetwork/Dynamic -F/Users/runner/work/Web_Browser/Web_Browser/Pods/InMobiSDK -F/Users/runner/work/Web_Browser/Web_Browser/Pods/MintegralAdSDK/Fmk -F/Users/runner/work/Web_Browser/Web_Browser/Pods/SmartdigimktSDK/SmartDigimktSDK -F/Users/runner/work/Web_Browser/Web_Browser/Pods/TPNMediationAdxSmartdigimktAdapter/AnyThinkSmartdigimktAdapter-6.5.45.0 -F/Users/runner/work/Web_Browser/Web_Browser/Pods/TPNMediationFacebookAdapter/AnyThinkFacebookAdapter-6.21.1.0 -F/Users/runner/work/Web_Browser/Web_Browser/Pods/TPNMediationInmobiAdapter/AnyThinkInmobiAdapter-11.1.0.0 -F/Users/runner/work/Web_Browser/Web_Browser/Pods/TPNMediationMintegralAdapter/AnyThinkMintegralAdapter-8.0.4.0 -F/Users/runner/work/Web_Browser/Web_Browser/Pods/TPNMediationPangleAdapter/AnyThinkPangleAdapter-7.8.5.7.0 -F/Users/runner/work/Web_Browser/Web_Browser/Pods/TPNiOS/core -F/Users/runner/work/Web_Browser/Web_Browser/Pods/UMCommon/UMCommon_7.6.4 -F/Users/runner/work/Web_Browser/Web_Browser/Pods/UMDevice/UMDevice_3.6.0 -F/Users/runner/Library/Developer/Xcode/DerivedData/WebBrowser-clqywoufjsuyrtaownclvbrmxizr/Build/Intermediates.noindex/ArchiveIntermediates/WebBrowser/BuildProductsPath/Release-iphoneos/XCFrameworkIntermediates/Ads-Global/PangleSDK -F/Users/runner/Library/Developer/Xcode/DerivedData/WebBrowser-clqywoufjsuyrtaownclvbrmxizr/Build/Intermediates.noindex/ArchiveIntermediates/WebBrowser/BuildProductsPath/Release-iphoneos/XCFrameworkIntermediates/Ads-Global/TikTokBusinessSDK -F/Users/runner/Library/Developer/Xcode/DerivedData/WebBrowser-clqywoufjsuyrtaownclvbrmxizr/Build/Intermediates.noindex/ArchiveIntermediates/WebBrowser/BuildProductsPath/Release-iphoneos/XCFrameworkIntermediates/FBAudienceNetwork -F/Users/runner/Library/Developer/Xcode/DerivedData/WebBrowser-clqywoufjsuyrtaownclvbrmxizr/Build/Intermediates.noindex/ArchiveIntermediates/WebBrowser/BuildProductsPath/Release-iphoneos/XCFrameworkIntermediates/InMobiSDK -F/Users/runner/Library/Developer/Xcode/DerivedData/WebBrowser-clqywoufjsuyrtaownclvbrmxizr/Build/Intermediates.noindex/ArchiveIntermediates/WebBrowser/BuildProductsPath/Release-iphoneos/XCFrameworkIntermediates/MintegralAdSDK/BannerAd -F/Users/runner/Library/Developer/Xcode/DerivedData/WebBrowser-clqywoufjsuyrtaownclvbrmxizr/Build/Intermediates.noindex/ArchiveIntermediates/WebBrowser/BuildProductsPath/Release-iphoneos/XCFrameworkIntermediates/MintegralAdSDK/BidNativeAd -F/Users/runner/Library/Developer/Xcode/DerivedData/WebBrowser-clqywoufjsuyrtaownclvbrmxizr/Build/Intermediates.noindex/ArchiveIntermediates/WebBrowser/BuildProductsPath/Release-iphoneos/XCFrameworkIntermediates/MintegralAdSDK/InterstitialVideoAd -F/Users/runner/Library/Developer/Xcode/DerivedData/WebBrowser-clqywoufjsuyrtaownclvbrmxizr/Build/Intermediates.noindex/ArchiveIntermediates/WebBrowser/BuildProductsPath/Release-iphoneos/XCFrameworkIntermediates/MintegralAdSDK/NativeAd -F/Users/runner/Library/Developer/Xcode/DerivedData/WebBrowser-clqywoufjsuyrtaownclvbrmxizr/Build/Intermediates.noindex/ArchiveIntermediates/WebBrowser/BuildProductsPath/Release-iphoneos/XCFrameworkIntermediates/MintegralAdSDK/NativeAdvancedAd -F/Users/runner/Library/Developer/Xcode/DerivedData/WebBrowser-clqywoufjsuyrtaownclvbrmxizr/Build/Intermediates.noindex/ArchiveIntermediates/WebBrowser/BuildProductsPath/Release-iphoneos/XCFrameworkIntermediates/MintegralAdSDK/NewInterstitialAd -F/Users/runner/Library/Developer/Xcode/DerivedData/WebBrowser-clqywoufjsuyrtaownclvbrmxizr/Build/Intermediates.noindex/ArchiveIntermediates/WebBrowser/BuildProductsPath/Release-iphoneos/XCFrameworkIntermediates/MintegralAdSDK/RewardVideoAd -F/Users/runner/Library/Developer/Xcode/DerivedData/WebBrowser-clqywoufjsuyrtaownclvbrmxizr/Build/Intermediates.noindex/ArchiveIntermediates/WebBrowser/BuildProductsPath/Release-iphoneos/XCFrameworkIntermediates/MintegralAdSDK/SplashAd -F/Users/runner/Library/Developer/Xcode/DerivedData/WebBrowser-clqywoufjsuyrtaownclvbrmxizr/Build/Intermediates.noindex/ArchiveIntermediates/WebBrowser/BuildProductsPath/Release-iphoneos/XCFrameworkIntermediates/SmartdigimktSDK -F/Users/runner/Library/Developer/Xcode/DerivedData/WebBrowser-clqywoufjsuyrtaownclvbrmxizr/Build/Intermediates.noindex/ArchiveIntermediates/WebBrowser/BuildProductsPath/Release-iphoneos/XCFrameworkIntermediates/TPNMediationAdxSmartdigimktAdapter -F/Users/runner/Library/Developer/Xcode/DerivedData/WebBrowser-clqywoufjsuyrtaownclvbrmxizr/Build/Intermediates.noindex/ArchiveIntermediates/WebBrowser/BuildProductsPath/Release-iphoneos/XCFrameworkIntermediates/TPNMediationFacebookAdapter -F/Users/runner/Library/Developer/Xcode/DerivedData/WebBrowser-clqywoufjsuyrtaownclvbrmxizr/Build/Intermediates.noindex/ArchiveIntermediates/WebBrowser/BuildProductsPath/Release-iphoneos/XCFrameworkIntermediates/TPNMediationInmobiAdapter -F/Users/runner/Library/Developer/Xcode/DerivedData/WebBrowser-clqywoufjsuyrtaownclvbrmxizr/Build/Intermediates.noindex/ArchiveIntermediates/WebBrowser/BuildProductsPath/Release-iphoneos/XCFrameworkIntermediates/TPNMediationMintegralAdapter -F/Users/runner/Library/Developer/Xcode/DerivedData/WebBrowser-clqywoufjsuyrtaownclvbrmxizr/Build/Intermediates.noindex/ArchiveIntermediates/WebBrowser/BuildProductsPath/Release-iphoneos/XCFrameworkIntermediates/TPNMediationPangleAdapter -F/Users/runner/Library/Developer/Xcode/DerivedData/WebBrowser-clqywoufjsuyrtaownclvbrmxizr/Build/Intermediates.noindex/ArchiveIntermediates/WebBrowser/BuildProductsPath/Release-iphoneos/XCFrameworkIntermediates/TPNiOS/TPNSDK -F/Users/runner/Library/Developer/Xcode/DerivedData/WebBrowser-clqywoufjsuyrtaownclvbrmxizr/Build/Intermediates.noindex/ArchiveIntermediates/WebBrowser/BuildProductsPath/Release-iphoneos/XCFrameworkIntermediates/UMCommon -F/Users/runner/Library/Developer/Xcode/DerivedData/WebBrowser-clqywoufjsuyrtaownclvbrmxizr/Build/Intermediates.noindex/ArchiveIntermediates/WebBrowser/BuildProductsPath/Release-iphoneos/XCFrameworkIntermediates/UMDevice

WriteAuxiliaryFile /Users/runner/Library/Developer/Xcode/DerivedData/WebBrowser-clqywoufjsuyrtaownclvbrmxizr/Build/Intermediates.noindex/ArchiveIntermediates/WebBrowser/IntermediateBuildFilesPath/Pods.build/Release-iphoneos/Pods-WebBrowser.build/Objects-normal/arm64/Pods_WebBrowser.LinkFileList (in target 'Pods-WebBrowser' from project 'Pods')
    cd /Users/runner/work/Web_Browser/Web_Browser/Pods
    write-file /Users/runner/Library/Developer/Xcode/DerivedData/WebBrowser-clqywoufjsuyrtaownclvbrmxizr/Build/Intermediates.noindex/ArchiveIntermediates/WebBrowser/IntermediateBuildFilesPath/Pods.build/Release-iphoneos/Pods-WebBrowser.build/Objects-normal/arm64/Pods_WebBrowser.LinkFileList

WriteAuxiliaryFile /Users/runner/Library/Developer/Xcode/DerivedData/WebBrowser-clqywoufjsuyrtaownclvbrmxizr/Build/Intermediates.noindex/ArchiveIntermediates/WebBrowser/IntermediateBuildFilesPath/Pods.build/Release-iphoneos/Pods-WebBrowser.build/Objects-normal/arm64/7187679823f38a2a940e0043cdf9d637-common-args.resp (in target 'Pods-WebBrowser' from project 'Pods')
    cd /Users/runner/work/Web_Browser/Web_Browser/Pods
    write-file /Users/runner/Library/Developer/Xcode/DerivedData/WebBrowser-clqywoufjsuyrtaownclvbrmxizr/Build/Intermediates.noindex/ArchiveIntermediates/WebBrowser/IntermediateBuildFilesPath/Pods.build/Release-iphoneos/Pods-WebBrowser.build/Objects-normal/arm64/7187679823f38a2a940e0043cdf9d637-common-args.resp
-target arm64-apple-ios16.0 '-std=gnu11' -fmodules -gmodules '-fmodules-cache-path=/Users/runner/Library/Developer/Xcode/DerivedData/ModuleCache.noindex' '-fmodule-name=Pods_WebBrowser' -fpascal-strings -Os -fno-common '-DPOD_CONFIGURATION_RELEASE=1' '-DCOCOAPODS=1' -isysroot /Applications/Xcode_26.3.app/Contents/Developer/Platforms/iPhoneOS.platform/Developer/SDKs/iPhoneOS26.2.sdk -g -iquote /Users/runner/Library/Developer/Xcode/DerivedData/WebBrowser-clqywoufjsuyrtaownclvbrmxizr/Build/Intermediates.noindex/ArchiveIntermediates/WebBrowser/IntermediateBuildFilesPath/Pods.build/Release-iphoneos/Pods-WebBrowser.build/Pods_WebBrowser-generated-files.hmap -I/Users/runner/Library/Developer/Xcode/DerivedData/WebBrowser-clqywoufjsuyrtaownclvbrmxizr/Build/Intermediates.noindex/ArchiveIntermediates/WebBrowser/IntermediateBuildFilesPath/Pods.build/Release-iphoneos/Pods-WebBrowser.build/Pods_WebBrowser-own-target-headers.hmap -I/Users/runner/Library/Developer/Xcode/DerivedData/WebBrowser-clqywoufjsuyrtaownclvbrmxizr/Build/Intermediates.noindex/ArchiveIntermediates/WebBrowser/IntermediateBuildFilesPath/Pods.build/Release-iphoneos/Pods-WebBrowser.build/Pods_WebBrowser-all-non-framework-target-headers.hmap -ivfsoverlay /Users/runner/Library/Developer/Xcode/DerivedData/WebBrowser-clqywoufjsuyrtaownclvbrmxizr/Build/Intermediates.noindex/ArchiveIntermediates/WebBrowser/IntermediateBuildFilesPath/Pods.build/Release-iphoneos/Pods-8699adb1dd336b26511df848a716bd42-VFS-iphoneos/all-product-headers.yaml -iquote /Users/runner/Library/Developer/Xcode/DerivedData/WebBrowser-clqywoufjsuyrtaownclvbrmxizr/Build/Intermediates.noindex/ArchiveIntermediates/WebBrowser/IntermediateBuildFilesPath/Pods.build/Release-iphoneos/Pods-WebBrowser.build/Pods_WebBrowser-project-headers.hmap -I/Users/runner/Library/Developer/Xcode/DerivedData/WebBrowser-clqywoufjsuyrtaownclvbrmxizr/Build/Intermediates.noindex/ArchiveIntermediates/WebBrowser/BuildProductsPath/Release-iphoneos/include -I/Users/runner/Library/Developer/Xcode/DerivedData/WebBrowser-clqywoufjsuyrtaownclvbrmxizr/Build/Intermediates.noindex/ArchiveIntermediates/WebBrowser/BuildProductsPath/Release-iphoneos/ApplePurchaseKit/ApplePurchaseKit.framework/Headers -I/Users/runner/Library/Developer/Xcode/DerivedData/WebBrowser-clqywoufjsuyrtaownclvbrmxizr/Build/Intermediates.noindex/ArchiveIntermediates/WebBrowser/BuildProductsPath/Release-iphoneos/KeychainAccess/KeychainAccess.framework/Headers -I/Users/runner/Library/Developer/Xcode/DerivedData/WebBrowser-clqywoufjsuyrtaownclvbrmxizr/Build/Intermediates.noindex/ArchiveIntermediates/WebBrowser/BuildProductsPath/Release-iphoneos/SVProgressHUD/SVProgressHUD.framework/Headers -I/Users/runner/Library/Developer/Xcode/DerivedData/WebBrowser-clqywoufjsuyrtaownclvbrmxizr/Build/Intermediates.noindex/ArchiveIntermediates/WebBrowser/IntermediateBuildFilesPath/Pods.build/Release-iphoneos/Pods-WebBrowser.build/DerivedSources-normal/arm64 -I/Users/runner/Library/Developer/Xcode/DerivedData/WebBrowser-clqywoufjsuyrtaownclvbrmxizr/Build/Intermediates.noindex/ArchiveIntermediates/WebBrowser/IntermediateBuildFilesPath/Pods.build/Release-iphoneos/Pods-WebBrowser.build/DerivedSources/arm64 -I/Users/runner/Library/Developer/Xcode/DerivedData/WebBrowser-clqywoufjsuyrtaownclvbrmxizr/Build/Intermediates.noindex/ArchiveIntermediates/WebBrowser/IntermediateBuildFilesPath/Pods.build/Release-iphoneos/Pods-WebBrowser.build/DerivedSources -F/Users/runner/Library/Developer/Xcode/DerivedData/WebBrowser-clqywoufjsuyrtaownclvbrmxizr/Build/Intermediates.noindex/ArchiveIntermediates/WebBrowser/BuildProductsPath/Release-iphoneos -F/Users/runner/Library/Developer/Xcode/DerivedData/WebBrowser-clqywoufjsuyrtaownclvbrmxizr/Build/Intermediates.noindex/ArchiveIntermediates/WebBrowser/BuildProductsPath/Release-iphoneos/ApplePurchaseKit -F/Users/runner/Library/Developer/Xcode/DerivedData/WebBrowser-clqywoufjsuyrtaownclvbrmxizr/Build/Intermediates.noindex/ArchiveIntermediates/WebBrowser/BuildProductsPath/Release-iphoneos/KeychainAccess -F/Users/runner/Library/Developer/Xcode/DerivedData/WebBrowser-clqywoufjsuyrtaownclvbrmxizr/Build/Intermediates.noindex/ArchiveIntermediates/WebBrowser/BuildProductsPath/Release-iphoneos/SVProgressHUD -F/Users/runner/work/Web_Browser/Web_Browser/Pods/Ads-Global/SDK -F/Users/runner/work/Web_Browser/Web_Browser/Pods/FBAudienceNetwork/Dynamic -F/Users/runner/work/Web_Browser/Web_Browser/Pods/InMobiSDK -F/Users/runner/work/Web_Browser/Web_Browser/Pods/MintegralAdSDK/Fmk -F/Users/runner/work/Web_Browser/Web_Browser/Pods/SmartdigimktSDK/SmartDigimktSDK -F/Users/runner/work/Web_Browser/Web_Browser/Pods/TPNMediationAdxSmartdigimktAdapter/AnyThinkSmartdigimktAdapter-6.5.45.0 -F/Users/runner/work/Web_Browser/Web_Browser/Pods/TPNMediationFacebookAdapter/AnyThinkFacebookAdapter-6.21.1.0 -F/Users/runner/work/Web_Browser/Web_Browser/Pods/TPNMediationInmobiAdapter/AnyThinkInmobiAdapter-11.1.0.0 -F/Users/runner/work/Web_Browser/Web_Browser/Pods/TPNMediationMintegralAdapter/AnyThinkMintegralAdapter-8.0.4.0 -F/Users/runner/work/Web_Browser/Web_Browser/Pods/TPNMediationPangleAdapter/AnyThinkPangleAdapter-7.8.5.7.0 -F/Users/runner/work/Web_Browser/Web_Browser/Pods/TPNiOS/core -F/Users/runner/work/Web_Browser/Web_Browser/Pods/UMCommon/UMCommon_7.6.4 -F/Users/runner/work/Web_Browser/Web_Browser/Pods/UMDevice/UMDevice_3.6.0 -F/Users/runner/Library/Developer/Xcode/DerivedData/WebBrowser-clqywoufjsuyrtaownclvbrmxizr/Build/Intermediates.noindex/ArchiveIntermediates/WebBrowser/BuildProductsPath/Release-iphoneos/XCFrameworkIntermediates/Ads-Global/PangleSDK -F/Users/runner/Library/Developer/Xcode/DerivedData/WebBrowser-clqywoufjsuyrtaownclvbrmxizr/Build/Intermediates.noindex/ArchiveIntermediates/WebBrowser/BuildProductsPath/Release-iphoneos/XCFrameworkIntermediates/Ads-Global/TikTokBusinessSDK -F/Users/runner/Library/Developer/Xcode/DerivedData/WebBrowser-clqywoufjsuyrtaownclvbrmxizr/Build/Intermediates.noindex/ArchiveIntermediates/WebBrowser/BuildProductsPath/Release-iphoneos/XCFrameworkIntermediates/FBAudienceNetwork -F/Users/runner/Library/Developer/Xcode/DerivedData/WebBrowser-clqywoufjsuyrtaownclvbrmxizr/Build/Intermediates.noindex/ArchiveIntermediates/WebBrowser/BuildProductsPath/Release-iphoneos/XCFrameworkIntermediates/InMobiSDK -F/Users/runner/Library/Developer/Xcode/DerivedData/WebBrowser-clqywoufjsuyrtaownclvbrmxizr/Build/Intermediates.noindex/ArchiveIntermediates/WebBrowser/BuildProductsPath/Release-iphoneos/XCFrameworkIntermediates/MintegralAdSDK/BannerAd -F/Users/runner/Library/Developer/Xcode/DerivedData/WebBrowser-clqywoufjsuyrtaownclvbrmxizr/Build/Intermediates.noindex/ArchiveIntermediates/WebBrowser/BuildProductsPath/Release-iphoneos/XCFrameworkIntermediates/MintegralAdSDK/BidNativeAd -F/Users/runner/Library/Developer/Xcode/DerivedData/WebBrowser-clqywoufjsuyrtaownclvbrmxizr/Build/Intermediates.noindex/ArchiveIntermediates/WebBrowser/BuildProductsPath/Release-iphoneos/XCFrameworkIntermediates/MintegralAdSDK/InterstitialVideoAd -F/Users/runner/Library/Developer/Xcode/DerivedData/WebBrowser-clqywoufjsuyrtaownclvbrmxizr/Build/Intermediates.noindex/ArchiveIntermediates/WebBrowser/BuildProductsPath/Release-iphoneos/XCFrameworkIntermediates/MintegralAdSDK/NativeAd -F/Users/runner/Library/Developer/Xcode/DerivedData/WebBrowser-clqywoufjsuyrtaownclvbrmxizr/Build/Intermediates.noindex/ArchiveIntermediates/WebBrowser/BuildProductsPath/Release-iphoneos/XCFrameworkIntermediates/MintegralAdSDK/NativeAdvancedAd -F/Users/runner/Library/Developer/Xcode/DerivedData/WebBrowser-clqywoufjsuyrtaownclvbrmxizr/Build/Intermediates.noindex/ArchiveIntermediates/WebBrowser/BuildProductsPath/Release-iphoneos/XCFrameworkIntermediates/MintegralAdSDK/NewInterstitialAd -F/Users/runner/Library/Developer/Xcode/DerivedData/WebBrowser-clqywoufjsuyrtaownclvbrmxizr/Build/Intermediates.noindex/ArchiveIntermediates/WebBrowser/BuildProductsPath/Release-iphoneos/XCFrameworkIntermediates/MintegralAdSDK/RewardVideoAd -F/Users/runner/Library/Developer/Xcode/DerivedData/WebBrowser-clqywoufjsuyrtaownclvbrmxizr/Build/Intermediates.noindex/ArchiveIntermediates/WebBrowser/BuildProductsPath/Release-iphoneos/XCFrameworkIntermediates/MintegralAdSDK/SplashAd -F/Users/runner/Library/Developer/Xcode/DerivedData/WebBrowser-clqywoufjsuyrtaownclvbrmxizr/Build/Intermediates.noindex/ArchiveIntermediates/WebBrowser/BuildProductsPath/Release-iphoneos/XCFrameworkIntermediates/SmartdigimktSDK -F/Users/runner/Library/Developer/Xcode/DerivedData/WebBrowser-clqywoufjsuyrtaownclvbrmxizr/Build/Intermediates.noindex/ArchiveIntermediates/WebBrowser/BuildProductsPath/Release-iphoneos/XCFrameworkIntermediates/TPNMediationAdxSmartdigimktAdapter -F/Users/runner/Library/Developer/Xcode/DerivedData/WebBrowser-clqywoufjsuyrtaownclvbrmxizr/Build/Intermediates.noindex/ArchiveIntermediates/WebBrowser/BuildProductsPath/Release-iphoneos/XCFrameworkIntermediates/TPNMediationFacebookAdapter -F/Users/runner/Library/Developer/Xcode/DerivedData/WebBrowser-clqywoufjsuyrtaownclvbrmxizr/Build/Intermediates.noindex/ArchiveIntermediates/WebBrowser/BuildProductsPath/Release-iphoneos/XCFrameworkIntermediates/TPNMediationInmobiAdapter -F/Users/runner/Library/Developer/Xcode/DerivedData/WebBrowser-clqywoufjsuyrtaownclvbrmxizr/Build/Intermediates.noindex/ArchiveIntermediates/WebBrowser/BuildProductsPath/Release-iphoneos/XCFrameworkIntermediates/TPNMediationMintegralAdapter -F/Users/runner/Library/Developer/Xcode/DerivedData/WebBrowser-clqywoufjsuyrtaownclvbrmxizr/Build/Intermediates.noindex/ArchiveIntermediates/WebBrowser/BuildProductsPath/Release-iphoneos/XCFrameworkIntermediates/TPNMediationPangleAdapter -F/Users/runner/Library/Developer/Xcode/DerivedData/WebBrowser-clqywoufjsuyrtaownclvbrmxizr/Build/Intermediates.noindex/ArchiveIntermediates/WebBrowser/BuildProductsPath/Release-iphoneos/XCFrameworkIntermediates/TPNiOS/TPNSDK -F/Users/runner/Library/Developer/Xcode/DerivedData/WebBrowser-clqywoufjsuyrtaownclvbrmxizr/Build/Intermediates.noindex/ArchiveIntermediates/WebBrowser/BuildProductsPath/Release-iphoneos/XCFrameworkIntermediates/UMCommon -F/Users/runner/Library/Developer/Xcode/DerivedData/WebBrowser-clqywoufjsuyrtaownclvbrmxizr/Build/Intermediates.noindex/ArchiveIntermediates/WebBrowser/BuildProductsPath/Release-iphoneos/XCFrameworkIntermediates/UMDevice

WriteAuxiliaryFile /Users/runner/Library/Developer/Xcode/DerivedData/WebBrowser-clqywoufjsuyrtaownclvbrmxizr/Build/Intermediates.noindex/ArchiveIntermediates/WebBrowser/IntermediateBuildFilesPath/Pods.build/Release-iphoneos/Pods-WebBrowser.build/DerivedSources/Pods_WebBrowser_vers.c (in target 'Pods-WebBrowser' from project 'Pods')
    cd /Users/runner/work/Web_Browser/Web_Browser/Pods
    write-file /Users/runner/Library/Developer/Xcode/DerivedData/WebBrowser-clqywoufjsuyrtaownclvbrmxizr/Build/Intermediates.noindex/ArchiveIntermediates/WebBrowser/IntermediateBuildFilesPath/Pods.build/Release-iphoneos/Pods-WebBrowser.build/DerivedSources/Pods_WebBrowser_vers.c

CpHeader /Users/runner/Library/Developer/Xcode/DerivedData/WebBrowser-clqywoufjsuyrtaownclvbrmxizr/Build/Intermediates.noindex/ArchiveIntermediates/WebBrowser/IntermediateBuildFilesPath/UninstalledProducts/iphoneos/Pods_WebBrowser.framework/Headers/Pods-WebBrowser-umbrella.h /Users/runner/work/Web_Browser/Web_Browser/Pods/Target\ Support\ Files/Pods-WebBrowser/Pods-WebBrowser-umbrella.h (in target 'Pods-WebBrowser' from project 'Pods')
    cd /Users/runner/work/Web_Browser/Web_Browser/Pods
    builtin-copy -exclude .DS_Store -exclude CVS -exclude .svn -exclude .git -exclude .hg -resolve-src-symlinks /Users/runner/work/Web_Browser/Web_Browser/Pods/Target\ Support\ Files/Pods-WebBrowser/Pods-WebBrowser-umbrella.h /Users/runner/Library/Developer/Xcode/DerivedData/WebBrowser-clqywoufjsuyrtaownclvbrmxizr/Build/Intermediates.noindex/ArchiveIntermediates/WebBrowser/IntermediateBuildFilesPath/UninstalledProducts/iphoneos/Pods_WebBrowser.framework/Headers

Copy /Users/runner/Library/Developer/Xcode/DerivedData/WebBrowser-clqywoufjsuyrtaownclvbrmxizr/Build/Intermediates.noindex/ArchiveIntermediates/WebBrowser/IntermediateBuildFilesPath/Pods.build/Release-iphoneos/Pods-WebBrowser.build/module.modulemap /Users/runner/work/Web_Browser/Web_Browser/Pods/Target\ Support\ Files/Pods-WebBrowser/Pods-WebBrowser.modulemap (in target 'Pods-WebBrowser' from project 'Pods')
    cd /Users/runner/work/Web_Browser/Web_Browser/Pods
    builtin-copy -exclude .DS_Store -exclude CVS -exclude .svn -exclude .git -exclude .hg -resolve-src-symlinks -rename /Users/runner/work/Web_Browser/Web_Browser/Pods/Target\ Support\ Files/Pods-WebBrowser/Pods-WebBrowser.modulemap /Users/runner/Library/Developer/Xcode/DerivedData/WebBrowser-clqywoufjsuyrtaownclvbrmxizr/Build/Intermediates.noindex/ArchiveIntermediates/WebBrowser/IntermediateBuildFilesPath/Pods.build/Release-iphoneos/Pods-WebBrowser.build/module.modulemap

PhaseScriptExecution [CP]\ Copy\ XCFrameworks /Users/runner/Library/Developer/Xcode/DerivedData/WebBrowser-clqywoufjsuyrtaownclvbrmxizr/Build/Intermediates.noindex/ArchiveIntermediates/WebBrowser/IntermediateBuildFilesPath/Pods.build/Release-iphoneos/InMobiSDK.build/Script-63B8FE0EC1B62A18E710ADA9626FC51C.sh (in target 'InMobiSDK' from project 'Pods')
    cd /Users/runner/work/Web_Browser/Web_Browser/Pods
    /bin/sh -c /Users/runner/Library/Developer/Xcode/DerivedData/WebBrowser-clqywoufjsuyrtaownclvbrmxizr/Build/Intermediates.noindex/ArchiveIntermediates/WebBrowser/IntermediateBuildFilesPath/Pods.build/Release-iphoneos/InMobiSDK.build/Script-63B8FE0EC1B62A18E710ADA9626FC51C.sh
Selected xcframework slice ios-arm64
rsync --delete -av --filter P .*.?????? --links --filter "- CVS/" --filter "- .svn/" --filter "- .git/" --filter "- .hg/" "/Users/runner/work/Web_Browser/Web_Browser/Pods/InMobiSDK/InMobiSDK.xcframework/ios-arm64/*" "/Users/runner/Library/Developer/Xcode/DerivedData/WebBrowser-clqywoufjsuyrtaownclvbrmxizr/Build/Intermediates.noindex/ArchiveIntermediates/WebBrowser/BuildProductsPath/Release-iphoneos/XCFrameworkIntermediates/InMobiSDK"
Transfer starting: 18 files
InMobiSDK.framework/
InMobiSDK.framework/InMobiSDK
InMobiSDK.framework/Info.plist
InMobiSDK.framework/PrivacyInfo.xcprivacy
InMobiSDK.framework/im_mute.png
InMobiSDK.framework/im_play.png
InMobiSDK.framework/im_unmute.png
InMobiSDK.framework/Headers/
InMobiSDK.framework/Headers/IMODTargetingService.h
InMobiSDK.framework/Headers/InMobiSDK-Swift.h
InMobiSDK.framework/Headers/InMobiSDK.h
InMobiSDK.framework/Modules/
InMobiSDK.framework/Modules/module.modulemap
InMobiSDK.framework/Modules/InMobiSDK.swiftmodule/
InMobiSDK.framework/Modules/InMobiSDK.swiftmodule/arm64-apple-ios.abi.json
InMobiSDK.framework/Modules/InMobiSDK.swiftmodule/arm64-apple-ios.private.swiftinterface
InMobiSDK.framework/Modules/InMobiSDK.swiftmodule/arm64-apple-ios.swiftdoc
InMobiSDK.framework/Modules/InMobiSDK.swiftmodule/arm64-apple-ios.swiftinterface

sent 10207529 bytes  received 352 bytes  34358401 bytes/sec
total size is 10204261  speedup is 1.00
Copied /Users/runner/work/Web_Browser/Web_Browser/Pods/InMobiSDK/InMobiSDK.xcframework/ios-arm64 to /Users/runner/Library/Developer/Xcode/DerivedData/WebBrowser-clqywoufjsuyrtaownclvbrmxizr/Build/Intermediates.noindex/ArchiveIntermediates/WebBrowser/BuildProductsPath/Release-iphoneos/XCFrameworkIntermediates/InMobiSDK

Copy /Users/runner/Library/Developer/Xcode/DerivedData/WebBrowser-clqywoufjsuyrtaownclvbrmxizr/Build/Intermediates.noindex/ArchiveIntermediates/WebBrowser/IntermediateBuildFilesPath/UninstalledProducts/iphoneos/Pods_WebBrowser.framework/Modules/module.modulemap /Users/runner/Library/Developer/Xcode/DerivedData/WebBrowser-clqywoufjsuyrtaownclvbrmxizr/Build/Intermediates.noindex/ArchiveIntermediates/WebBrowser/IntermediateBuildFilesPath/Pods.build/Release-iphoneos/Pods-WebBrowser.build/module.modulemap (in target 'Pods-WebBrowser' from project 'Pods')
    cd /Users/runner/work/Web_Browser/Web_Browser/Pods
    builtin-copy -exclude .DS_Store -exclude CVS -exclude .svn -exclude .git -exclude .hg -resolve-src-symlinks /Users/runner/Library/Developer/Xcode/DerivedData/WebBrowser-clqywoufjsuyrtaownclvbrmxizr/Build/Intermediates.noindex/ArchiveIntermediates/WebBrowser/IntermediateBuildFilesPath/Pods.build/Release-iphoneos/Pods-WebBrowser.build/module.modulemap /Users/runner/Library/Developer/Xcode/DerivedData/WebBrowser-clqywoufjsuyrtaownclvbrmxizr/Build/Intermediates.noindex/ArchiveIntermediates/WebBrowser/IntermediateBuildFilesPath/UninstalledProducts/iphoneos/Pods_WebBrowser.framework/Modules

SymLink /Users/runner/Library/Developer/Xcode/DerivedData/WebBrowser-clqywoufjsuyrtaownclvbrmxizr/Build/Intermediates.noindex/ArchiveIntermediates/WebBrowser/BuildProductsPath/Release-iphoneos/WebBrowser.app ../../InstallationBuildProductsLocation/Applications/WebBrowser.app (in target 'WebBrowser' from project 'WebBrowser')
    cd /Users/runner/work/Web_Browser/Web_Browser
    /bin/ln -sfh ../../InstallationBuildProductsLocation/Applications/WebBrowser.app /Users/runner/Library/Developer/Xcode/DerivedData/WebBrowser-clqywoufjsuyrtaownclvbrmxizr/Build/Intermediates.noindex/ArchiveIntermediates/WebBrowser/BuildProductsPath/Release-iphoneos/WebBrowser.app

MkDir /Users/runner/Library/Developer/Xcode/DerivedData/WebBrowser-clqywoufjsuyrtaownclvbrmxizr/Build/Intermediates.noindex/ArchiveIntermediates/WebBrowser/InstallationBuildProductsLocation/Applications/WebBrowser.app/Frameworks (in target 'WebBrowser' from project 'WebBrowser')
    cd /Users/runner/work/Web_Browser/Web_Browser
    /bin/mkdir -p /Users/runner/Library/Developer/Xcode/DerivedData/WebBrowser-clqywoufjsuyrtaownclvbrmxizr/Build/Intermediates.noindex/ArchiveIntermediates/WebBrowser/InstallationBuildProductsLocation/Applications/WebBrowser.app/Frameworks

MkDir /Users/runner/Library/Developer/Xcode/DerivedData/WebBrowser-clqywoufjsuyrtaownclvbrmxizr/Build/Intermediates.noindex/ArchiveIntermediates/WebBrowser/InstallationBuildProductsLocation/Applications/WebBrowser.app (in target 'WebBrowser' from project 'WebBrowser')
    cd /Users/runner/work/Web_Browser/Web_Browser
    /bin/mkdir -p /Users/runner/Library/Developer/Xcode/DerivedData/WebBrowser-clqywoufjsuyrtaownclvbrmxizr/Build/Intermediates.noindex/ArchiveIntermediates/WebBrowser/InstallationBuildProductsLocation/Applications/WebBrowser.app

WriteAuxiliaryFile /Users/runner/Library/Developer/Xcode/DerivedData/WebBrowser-clqywoufjsuyrtaownclvbrmxizr/Build/Intermediates.noindex/ArchiveIntermediates/WebBrowser/IntermediateBuildFilesPath/Pods.build/Release-iphoneos/SVProgressHUD.build/SVProgressHUD.hmap (in target 'SVProgressHUD' from project 'Pods')
    cd /Users/runner/work/Web_Browser/Web_Browser/Pods
    write-file /Users/runner/Library/Developer/Xcode/DerivedData/WebBrowser-clqywoufjsuyrtaownclvbrmxizr/Build/Intermediates.noindex/ArchiveIntermediates/WebBrowser/IntermediateBuildFilesPath/Pods.build/Release-iphoneos/SVProgressHUD.build/SVProgressHUD.hmap

WriteAuxiliaryFile /Users/runner/Library/Developer/Xcode/DerivedData/WebBrowser-clqywoufjsuyrtaownclvbrmxizr/Build/Intermediates.noindex/ArchiveIntermediates/WebBrowser/IntermediateBuildFilesPath/Pods.build/Release-iphoneos/SVProgressHUD.build/SVProgressHUD.DependencyStaticMetadataFileList (in target 'SVProgressHUD' from project 'Pods')
    cd /Users/runner/work/Web_Browser/Web_Browser/Pods
    write-file /Users/runner/Library/Developer/Xcode/DerivedData/WebBrowser-clqywoufjsuyrtaownclvbrmxizr/Build/Intermediates.noindex/ArchiveIntermediates/WebBrowser/IntermediateBuildFilesPath/Pods.build/Release-iphoneos/SVProgressHUD.build/SVProgressHUD.DependencyStaticMetadataFileList

WriteAuxiliaryFile /Users/runner/Library/Developer/Xcode/DerivedData/WebBrowser-clqywoufjsuyrtaownclvbrmxizr/Build/Intermediates.noindex/ArchiveIntermediates/WebBrowser/IntermediateBuildFilesPath/Pods.build/Release-iphoneos/SVProgressHUD.build/SVProgressHUD.DependencyMetadataFileList (in target 'SVProgressHUD' from project 'Pods')
    cd /Users/runner/work/Web_Browser/Web_Browser/Pods
    write-file /Users/runner/Library/Developer/Xcode/DerivedData/WebBrowser-clqywoufjsuyrtaownclvbrmxizr/Build/Intermediates.noindex/ArchiveIntermediates/WebBrowser/IntermediateBuildFilesPath/Pods.build/Release-iphoneos/SVProgressHUD.build/SVProgressHUD.DependencyMetadataFileList

WriteAuxiliaryFile /Users/runner/Library/Developer/Xcode/DerivedData/WebBrowser-clqywoufjsuyrtaownclvbrmxizr/Build/Intermediates.noindex/ArchiveIntermediates/WebBrowser/IntermediateBuildFilesPath/Pods.build/Release-iphoneos/SVProgressHUD.build/SVProgressHUD-project-headers.hmap (in target 'SVProgressHUD' from project 'Pods')
    cd /Users/runner/work/Web_Browser/Web_Browser/Pods
    write-file /Users/runner/Library/Developer/Xcode/DerivedData/WebBrowser-clqywoufjsuyrtaownclvbrmxizr/Build/Intermediates.noindex/ArchiveIntermediates/WebBrowser/IntermediateBuildFilesPath/Pods.build/Release-iphoneos/SVProgressHUD.build/SVProgressHUD-project-headers.hmap

WriteAuxiliaryFile /Users/runner/Library/Developer/Xcode/DerivedData/WebBrowser-clqywoufjsuyrtaownclvbrmxizr/Build/Intermediates.noindex/ArchiveIntermediates/WebBrowser/IntermediateBuildFilesPath/Pods.build/Release-iphoneos/SVProgressHUD.build/SVProgressHUD-own-target-headers.hmap (in target 'SVProgressHUD' from project 'Pods')
    cd /Users/runner/work/Web_Browser/Web_Browser/Pods
    write-file /Users/runner/Library/Developer/Xcode/DerivedData/WebBrowser-clqywoufjsuyrtaownclvbrmxizr/Build/Intermediates.noindex/ArchiveIntermediates/WebBrowser/IntermediateBuildFilesPath/Pods.build/Release-iphoneos/SVProgressHUD.build/SVProgressHUD-own-target-headers.hmap

WriteAuxiliaryFile /Users/runner/Library/Developer/Xcode/DerivedData/WebBrowser-clqywoufjsuyrtaownclvbrmxizr/Build/Intermediates.noindex/ArchiveIntermediates/WebBrowser/IntermediateBuildFilesPath/Pods.build/Release-iphoneos/SVProgressHUD.build/SVProgressHUD-generated-files.hmap (in target 'SVProgressHUD' from project 'Pods')
    cd /Users/runner/work/Web_Browser/Web_Browser/Pods
    write-file /Users/runner/Library/Developer/Xcode/DerivedData/WebBrowser-clqywoufjsuyrtaownclvbrmxizr/Build/Intermediates.noindex/ArchiveIntermediates/WebBrowser/IntermediateBuildFilesPath/Pods.build/Release-iphoneos/SVProgressHUD.build/SVProgressHUD-generated-files.hmap

WriteAuxiliaryFile /Users/runner/Library/Developer/Xcode/DerivedData/WebBrowser-clqywoufjsuyrtaownclvbrmxizr/Build/Intermediates.noindex/ArchiveIntermediates/WebBrowser/IntermediateBuildFilesPath/Pods.build/Release-iphoneos/SVProgressHUD.build/SVProgressHUD-all-target-headers.hmap (in target 'SVProgressHUD' from project 'Pods')
    cd /Users/runner/work/Web_Browser/Web_Browser/Pods
    write-file /Users/runner/Library/Developer/Xcode/DerivedData/WebBrowser-clqywoufjsuyrtaownclvbrmxizr/Build/Intermediates.noindex/ArchiveIntermediates/WebBrowser/IntermediateBuildFilesPath/Pods.build/Release-iphoneos/SVProgressHUD.build/SVProgressHUD-all-target-headers.hmap

WriteAuxiliaryFile /Users/runner/Library/Developer/Xcode/DerivedData/WebBrowser-clqywoufjsuyrtaownclvbrmxizr/Build/Intermediates.noindex/ArchiveIntermediates/WebBrowser/IntermediateBuildFilesPath/Pods.build/Release-iphoneos/SVProgressHUD.build/SVProgressHUD-all-non-framework-target-headers.hmap (in target 'SVProgressHUD' from project 'Pods')
    cd /Users/runner/work/Web_Browser/Web_Browser/Pods
    write-file /Users/runner/Library/Developer/Xcode/DerivedData/WebBrowser-clqywoufjsuyrtaownclvbrmxizr/Build/Intermediates.noindex/ArchiveIntermediates/WebBrowser/IntermediateBuildFilesPath/Pods.build/Release-iphoneos/SVProgressHUD.build/SVProgressHUD-all-non-framework-target-headers.hmap

WriteAuxiliaryFile /Users/runner/Library/Developer/Xcode/DerivedData/WebBrowser-clqywoufjsuyrtaownclvbrmxizr/Build/Intermediates.noindex/ArchiveIntermediates/WebBrowser/IntermediateBuildFilesPath/Pods.build/Release-iphoneos/SVProgressHUD.build/Objects-normal/arm64/e6072d4f65d7061329687fe24e3d63a7-common-args.resp (in target 'SVProgressHUD' from project 'Pods')
    cd /Users/runner/work/Web_Browser/Web_Browser/Pods
    write-file /Users/runner/Library/Developer/Xcode/DerivedData/WebBrowser-clqywoufjsuyrtaownclvbrmxizr/Build/Intermediates.noindex/ArchiveIntermediates/WebBrowser/IntermediateBuildFilesPath/Pods.build/Release-iphoneos/SVProgressHUD.build/Objects-normal/arm64/e6072d4f65d7061329687fe24e3d63a7-common-args.resp
-target arm64-apple-ios16.0 '-std=gnu11' -fobjc-arc -fmodules -gmodules '-fmodules-cache-path=/Users/runner/Library/Developer/Xcode/DerivedData/ModuleCache.noindex' '-fmodule-name=SVProgressHUD' -fpascal-strings -Os -fno-common '-DPOD_CONFIGURATION_RELEASE=1' '-DCOCOAPODS=1' '-DNS_BLOCK_ASSERTIONS=1' '-DOBJC_OLD_DISPATCH_PROTOTYPES=0' -isysroot /Applications/Xcode_26.3.app/Contents/Developer/Platforms/iPhoneOS.platform/Developer/SDKs/iPhoneOS26.2.sdk -g -iquote /Users/runner/Library/Developer/Xcode/DerivedData/WebBrowser-clqywoufjsuyrtaownclvbrmxizr/Build/Intermediates.noindex/ArchiveIntermediates/WebBrowser/IntermediateBuildFilesPath/Pods.build/Release-iphoneos/SVProgressHUD.build/SVProgressHUD-generated-files.hmap -I/Users/runner/Library/Developer/Xcode/DerivedData/WebBrowser-clqywoufjsuyrtaownclvbrmxizr/Build/Intermediates.noindex/ArchiveIntermediates/WebBrowser/IntermediateBuildFilesPath/Pods.build/Release-iphoneos/SVProgressHUD.build/SVProgressHUD-own-target-headers.hmap -I/Users/runner/Library/Developer/Xcode/DerivedData/WebBrowser-clqywoufjsuyrtaownclvbrmxizr/Build/Intermediates.noindex/ArchiveIntermediates/WebBrowser/IntermediateBuildFilesPath/Pods.build/Release-iphoneos/SVProgressHUD.build/SVProgressHUD-all-non-framework-target-headers.hmap -ivfsoverlay /Users/runner/Library/Developer/Xcode/DerivedData/WebBrowser-clqywoufjsuyrtaownclvbrmxizr/Build/Intermediates.noindex/ArchiveIntermediates/WebBrowser/IntermediateBuildFilesPath/Pods.build/Release-iphoneos/Pods-8699adb1dd336b26511df848a716bd42-VFS-iphoneos/all-product-headers.yaml -iquote /Users/runner/Library/Developer/Xcode/DerivedData/WebBrowser-clqywoufjsuyrtaownclvbrmxizr/Build/Intermediates.noindex/ArchiveIntermediates/WebBrowser/IntermediateBuildFilesPath/Pods.build/Release-iphoneos/SVProgressHUD.build/SVProgressHUD-project-headers.hmap -I/Users/runner/Library/Developer/Xcode/DerivedData/WebBrowser-clqywoufjsuyrtaownclvbrmxizr/Build/Intermediates.noindex/ArchiveIntermediates/WebBrowser/BuildProductsPath/Release-iphoneos/SVProgressHUD/include -I/Users/runner/Library/Developer/Xcode/DerivedData/WebBrowser-clqywoufjsuyrtaownclvbrmxizr/Build/Intermediates.noindex/ArchiveIntermediates/WebBrowser/IntermediateBuildFilesPath/Pods.build/Release-iphoneos/SVProgressHUD.build/DerivedSources-normal/arm64 -I/Users/runner/Library/Developer/Xcode/DerivedData/WebBrowser-clqywoufjsuyrtaownclvbrmxizr/Build/Intermediates.noindex/ArchiveIntermediates/WebBrowser/IntermediateBuildFilesPath/Pods.build/Release-iphoneos/SVProgressHUD.build/DerivedSources/arm64 -I/Users/runner/Library/Developer/Xcode/DerivedData/WebBrowser-clqywoufjsuyrtaownclvbrmxizr/Build/Intermediates.noindex/ArchiveIntermediates/WebBrowser/IntermediateBuildFilesPath/Pods.build/Release-iphoneos/SVProgressHUD.build/DerivedSources -F/Users/runner/Library/Developer/Xcode/DerivedData/WebBrowser-clqywoufjsuyrtaownclvbrmxizr/Build/Intermediates.noindex/ArchiveIntermediates/WebBrowser/BuildProductsPath/Release-iphoneos/SVProgressHUD

WriteAuxiliaryFile /Users/runner/Library/Developer/Xcode/DerivedData/WebBrowser-clqywoufjsuyrtaownclvbrmxizr/Build/Intermediates.noindex/ArchiveIntermediates/WebBrowser/IntermediateBuildFilesPath/Pods.build/Release-iphoneos/SVProgressHUD.build/Objects-normal/arm64/SVProgressHUD.LinkFileList (in target 'SVProgressHUD' from project 'Pods')
    cd /Users/runner/work/Web_Browser/Web_Browser/Pods
    write-file /Users/runner/Library/Developer/Xcode/DerivedData/WebBrowser-clqywoufjsuyrtaownclvbrmxizr/Build/Intermediates.noindex/ArchiveIntermediates/WebBrowser/IntermediateBuildFilesPath/Pods.build/Release-iphoneos/SVProgressHUD.build/Objects-normal/arm64/SVProgressHUD.LinkFileList

WriteAuxiliaryFile /Users/runner/Library/Developer/Xcode/DerivedData/WebBrowser-clqywoufjsuyrtaownclvbrmxizr/Build/Intermediates.noindex/ArchiveIntermediates/WebBrowser/IntermediateBuildFilesPath/Pods.build/Release-iphoneos/SVProgressHUD.build/Objects-normal/arm64/7187679823f38a2a940e0043cdf9d637-common-args.resp (in target 'SVProgressHUD' from project 'Pods')
    cd /Users/runner/work/Web_Browser/Web_Browser/Pods
    write-file /Users/runner/Library/Developer/Xcode/DerivedData/WebBrowser-clqywoufjsuyrtaownclvbrmxizr/Build/Intermediates.noindex/ArchiveIntermediates/WebBrowser/IntermediateBuildFilesPath/Pods.build/Release-iphoneos/SVProgressHUD.build/Objects-normal/arm64/7187679823f38a2a940e0043cdf9d637-common-args.resp
-target arm64-apple-ios16.0 '-std=gnu11' -fmodules -gmodules '-fmodules-cache-path=/Users/runner/Library/Developer/Xcode/DerivedData/ModuleCache.noindex' '-fmodule-name=SVProgressHUD' -fpascal-strings -Os -fno-common '-DPOD_CONFIGURATION_RELEASE=1' '-DCOCOAPODS=1' -isysroot /Applications/Xcode_26.3.app/Contents/Developer/Platforms/iPhoneOS.platform/Developer/SDKs/iPhoneOS26.2.sdk -g -iquote /Users/runner/Library/Developer/Xcode/DerivedData/WebBrowser-clqywoufjsuyrtaownclvbrmxizr/Build/Intermediates.noindex/ArchiveIntermediates/WebBrowser/IntermediateBuildFilesPath/Pods.build/Release-iphoneos/SVProgressHUD.build/SVProgressHUD-generated-files.hmap -I/Users/runner/Library/Developer/Xcode/DerivedData/WebBrowser-clqywoufjsuyrtaownclvbrmxizr/Build/Intermediates.noindex/ArchiveIntermediates/WebBrowser/IntermediateBuildFilesPath/Pods.build/Release-iphoneos/SVProgressHUD.build/SVProgressHUD-own-target-headers.hmap -I/Users/runner/Library/Developer/Xcode/DerivedData/WebBrowser-clqywoufjsuyrtaownclvbrmxizr/Build/Intermediates.noindex/ArchiveIntermediates/WebBrowser/IntermediateBuildFilesPath/Pods.build/Release-iphoneos/SVProgressHUD.build/SVProgressHUD-all-non-framework-target-headers.hmap -ivfsoverlay /Users/runner/Library/Developer/Xcode/DerivedData/WebBrowser-clqywoufjsuyrtaownclvbrmxizr/Build/Intermediates.noindex/ArchiveIntermediates/WebBrowser/IntermediateBuildFilesPath/Pods.build/Release-iphoneos/Pods-8699adb1dd336b26511df848a716bd42-VFS-iphoneos/all-product-headers.yaml -iquote /Users/runner/Library/Developer/Xcode/DerivedData/WebBrowser-clqywoufjsuyrtaownclvbrmxizr/Build/Intermediates.noindex/ArchiveIntermediates/WebBrowser/IntermediateBuildFilesPath/Pods.build/Release-iphoneos/SVProgressHUD.build/SVProgressHUD-project-headers.hmap -I/Users/runner/Library/Developer/Xcode/DerivedData/WebBrowser-clqywoufjsuyrtaownclvbrmxizr/Build/Intermediates.noindex/ArchiveIntermediates/WebBrowser/BuildProductsPath/Release-iphoneos/SVProgressHUD/include -I/Users/runner/Library/Developer/Xcode/DerivedData/WebBrowser-clqywoufjsuyrtaownclvbrmxizr/Build/Intermediates.noindex/ArchiveIntermediates/WebBrowser/IntermediateBuildFilesPath/Pods.build/Release-iphoneos/SVProgressHUD.build/DerivedSources-normal/arm64 -I/Users/runner/Library/Developer/Xcode/DerivedData/WebBrowser-clqywoufjsuyrtaownclvbrmxizr/Build/Intermediates.noindex/ArchiveIntermediates/WebBrowser/IntermediateBuildFilesPath/Pods.build/Release-iphoneos/SVProgressHUD.build/DerivedSources/arm64 -I/Users/runner/Library/Developer/Xcode/DerivedData/WebBrowser-clqywoufjsuyrtaownclvbrmxizr/Build/Intermediates.noindex/ArchiveIntermediates/WebBrowser/IntermediateBuildFilesPath/Pods.build/Release-iphoneos/SVProgressHUD.build/DerivedSources -F/Users/runner/Library/Developer/Xcode/DerivedData/WebBrowser-clqywoufjsuyrtaownclvbrmxizr/Build/Intermediates.noindex/ArchiveIntermediates/WebBrowser/BuildProductsPath/Release-iphoneos/SVProgressHUD

WriteAuxiliaryFile /Users/runner/Library/Developer/Xcode/DerivedData/WebBrowser-clqywoufjsuyrtaownclvbrmxizr/Build/Intermediates.noindex/ArchiveIntermediates/WebBrowser/IntermediateBuildFilesPath/Pods.build/Release-iphoneos/SVProgressHUD.build/DerivedSources/SVProgressHUD_vers.c (in target 'SVProgressHUD' from project 'Pods')
    cd /Users/runner/work/Web_Browser/Web_Browser/Pods
    write-file /Users/runner/Library/Developer/Xcode/DerivedData/WebBrowser-clqywoufjsuyrtaownclvbrmxizr/Build/Intermediates.noindex/ArchiveIntermediates/WebBrowser/IntermediateBuildFilesPath/Pods.build/Release-iphoneos/SVProgressHUD.build/DerivedSources/SVProgressHUD_vers.c

CpHeader /Users/runner/Library/Developer/Xcode/DerivedData/WebBrowser-clqywoufjsuyrtaownclvbrmxizr/Build/Intermediates.noindex/ArchiveIntermediates/WebBrowser/IntermediateBuildFilesPath/UninstalledProducts/iphoneos/SVProgressHUD.framework/Headers/SVRadialGradientLayer.h /Users/runner/work/Web_Browser/Web_Browser/Pods/SVProgressHUD/SVProgressHUD/SVRadialGradientLayer.h (in target 'SVProgressHUD' from project 'Pods')
    cd /Users/runner/work/Web_Browser/Web_Browser/Pods
    builtin-copy -exclude .DS_Store -exclude CVS -exclude .svn -exclude .git -exclude .hg -resolve-src-symlinks /Users/runner/work/Web_Browser/Web_Browser/Pods/SVProgressHUD/SVProgressHUD/SVRadialGradientLayer.h /Users/runner/Library/Developer/Xcode/DerivedData/WebBrowser-clqywoufjsuyrtaownclvbrmxizr/Build/Intermediates.noindex/ArchiveIntermediates/WebBrowser/IntermediateBuildFilesPath/UninstalledProducts/iphoneos/SVProgressHUD.framework/Headers

CpHeader /Users/runner/Library/Developer/Xcode/DerivedData/WebBrowser-clqywoufjsuyrtaownclvbrmxizr/Build/Intermediates.noindex/ArchiveIntermediates/WebBrowser/IntermediateBuildFilesPath/UninstalledProducts/iphoneos/SVProgressHUD.framework/Headers/SVProgressHUD.h /Users/runner/work/Web_Browser/Web_Browser/Pods/SVProgressHUD/SVProgressHUD/SVProgressHUD.h (in target 'SVProgressHUD' from project 'Pods')
    cd /Users/runner/work/Web_Browser/Web_Browser/Pods
    builtin-copy -exclude .DS_Store -exclude CVS -exclude .svn -exclude .git -exclude .hg -resolve-src-symlinks /Users/runner/work/Web_Browser/Web_Browser/Pods/SVProgressHUD/SVProgressHUD/SVProgressHUD.h /Users/runner/Library/Developer/Xcode/DerivedData/WebBrowser-clqywoufjsuyrtaownclvbrmxizr/Build/Intermediates.noindex/ArchiveIntermediates/WebBrowser/IntermediateBuildFilesPath/UninstalledProducts/iphoneos/SVProgressHUD.framework/Headers

CpHeader /Users/runner/Library/Developer/Xcode/DerivedData/WebBrowser-clqywoufjsuyrtaownclvbrmxizr/Build/Intermediates.noindex/ArchiveIntermediates/WebBrowser/IntermediateBuildFilesPath/UninstalledProducts/iphoneos/SVProgressHUD.framework/Headers/SVProgressHUD-umbrella.h /Users/runner/work/Web_Browser/Web_Browser/Pods/Target\ Support\ Files/SVProgressHUD/SVProgressHUD-umbrella.h (in target 'SVProgressHUD' from project 'Pods')
    cd /Users/runner/work/Web_Browser/Web_Browser/Pods
    builtin-copy -exclude .DS_Store -exclude CVS -exclude .svn -exclude .git -exclude .hg -resolve-src-symlinks /Users/runner/work/Web_Browser/Web_Browser/Pods/Target\ Support\ Files/SVProgressHUD/SVProgressHUD-umbrella.h /Users/runner/Library/Developer/Xcode/DerivedData/WebBrowser-clqywoufjsuyrtaownclvbrmxizr/Build/Intermediates.noindex/ArchiveIntermediates/WebBrowser/IntermediateBuildFilesPath/UninstalledProducts/iphoneos/SVProgressHUD.framework/Headers

CpHeader /Users/runner/Library/Developer/Xcode/DerivedData/WebBrowser-clqywoufjsuyrtaownclvbrmxizr/Build/Intermediates.noindex/ArchiveIntermediates/WebBrowser/IntermediateBuildFilesPath/UninstalledProducts/iphoneos/SVProgressHUD.framework/Headers/SVProgressAnimatedView.h /Users/runner/work/Web_Browser/Web_Browser/Pods/SVProgressHUD/SVProgressHUD/SVProgressAnimatedView.h (in target 'SVProgressHUD' from project 'Pods')
    cd /Users/runner/work/Web_Browser/Web_Browser/Pods
    builtin-copy -exclude .DS_Store -exclude CVS -exclude .svn -exclude .git -exclude .hg -resolve-src-symlinks /Users/runner/work/Web_Browser/Web_Browser/Pods/SVProgressHUD/SVProgressHUD/SVProgressAnimatedView.h /Users/runner/Library/Developer/Xcode/DerivedData/WebBrowser-clqywoufjsuyrtaownclvbrmxizr/Build/Intermediates.noindex/ArchiveIntermediates/WebBrowser/IntermediateBuildFilesPath/UninstalledProducts/iphoneos/SVProgressHUD.framework/Headers

CpHeader /Users/runner/Library/Developer/Xcode/DerivedData/WebBrowser-clqywoufjsuyrtaownclvbrmxizr/Build/Intermediates.noindex/ArchiveIntermediates/WebBrowser/IntermediateBuildFilesPath/UninstalledProducts/iphoneos/SVProgressHUD.framework/Headers/SVIndefiniteAnimatedView.h /Users/runner/work/Web_Browser/Web_Browser/Pods/SVProgressHUD/SVProgressHUD/SVIndefiniteAnimatedView.h (in target 'SVProgressHUD' from project 'Pods')
    cd /Users/runner/work/Web_Browser/Web_Browser/Pods
    builtin-copy -exclude .DS_Store -exclude CVS -exclude .svn -exclude .git -exclude .hg -resolve-src-symlinks /Users/runner/work/Web_Browser/Web_Browser/Pods/SVProgressHUD/SVProgressHUD/SVIndefiniteAnimatedView.h /Users/runner/Library/Developer/Xcode/DerivedData/WebBrowser-clqywoufjsuyrtaownclvbrmxizr/Build/Intermediates.noindex/ArchiveIntermediates/WebBrowser/IntermediateBuildFilesPath/UninstalledProducts/iphoneos/SVProgressHUD.framework/Headers

Copy /Users/runner/Library/Developer/Xcode/DerivedData/WebBrowser-clqywoufjsuyrtaownclvbrmxizr/Build/Intermediates.noindex/ArchiveIntermediates/WebBrowser/IntermediateBuildFilesPath/Pods.build/Release-iphoneos/SVProgressHUD.build/module.modulemap /Users/runner/work/Web_Browser/Web_Browser/Pods/Target\ Support\ Files/SVProgressHUD/SVProgressHUD.modulemap (in target 'SVProgressHUD' from project 'Pods')
    cd /Users/runner/work/Web_Browser/Web_Browser/Pods
    builtin-copy -exclude .DS_Store -exclude CVS -exclude .svn -exclude .git -exclude .hg -resolve-src-symlinks -rename /Users/runner/work/Web_Browser/Web_Browser/Pods/Target\ Support\ Files/SVProgressHUD/SVProgressHUD.modulemap /Users/runner/Library/Developer/Xcode/DerivedData/WebBrowser-clqywoufjsuyrtaownclvbrmxizr/Build/Intermediates.noindex/ArchiveIntermediates/WebBrowser/IntermediateBuildFilesPath/Pods.build/Release-iphoneos/SVProgressHUD.build/module.modulemap

Copy /Users/runner/Library/Developer/Xcode/DerivedData/WebBrowser-clqywoufjsuyrtaownclvbrmxizr/Build/Intermediates.noindex/ArchiveIntermediates/WebBrowser/IntermediateBuildFilesPath/UninstalledProducts/iphoneos/SVProgressHUD.framework/Modules/module.modulemap /Users/runner/Library/Developer/Xcode/DerivedData/WebBrowser-clqywoufjsuyrtaownclvbrmxizr/Build/Intermediates.noindex/ArchiveIntermediates/WebBrowser/IntermediateBuildFilesPath/Pods.build/Release-iphoneos/SVProgressHUD.build/module.modulemap (in target 'SVProgressHUD' from project 'Pods')
    cd /Users/runner/work/Web_Browser/Web_Browser/Pods
    builtin-copy -exclude .DS_Store -exclude CVS -exclude .svn -exclude .git -exclude .hg -resolve-src-symlinks /Users/runner/Library/Developer/Xcode/DerivedData/WebBrowser-clqywoufjsuyrtaownclvbrmxizr/Build/Intermediates.noindex/ArchiveIntermediates/WebBrowser/IntermediateBuildFilesPath/Pods.build/Release-iphoneos/SVProgressHUD.build/module.modulemap /Users/runner/Library/Developer/Xcode/DerivedData/WebBrowser-clqywoufjsuyrtaownclvbrmxizr/Build/Intermediates.noindex/ArchiveIntermediates/WebBrowser/IntermediateBuildFilesPath/UninstalledProducts/iphoneos/SVProgressHUD.framework/Modules

SymLink /Users/runner/Library/Developer/Xcode/DerivedData/WebBrowser-clqywoufjsuyrtaownclvbrmxizr/Build/Intermediates.noindex/ArchiveIntermediates/WebBrowser/BuildProductsPath/Release-iphoneos/SVProgressHUD/SVProgressHUD.framework ../../../IntermediateBuildFilesPath/UninstalledProducts/iphoneos/SVProgressHUD.framework (in target 'SVProgressHUD' from project 'Pods')
    cd /Users/runner/work/Web_Browser/Web_Browser/Pods
    /bin/ln -sfh ../../../IntermediateBuildFilesPath/UninstalledProducts/iphoneos/SVProgressHUD.framework /Users/runner/Library/Developer/Xcode/DerivedData/WebBrowser-clqywoufjsuyrtaownclvbrmxizr/Build/Intermediates.noindex/ArchiveIntermediates/WebBrowser/BuildProductsPath/Release-iphoneos/SVProgressHUD/SVProgressHUD.framework

MkDir /Users/runner/Library/Developer/Xcode/DerivedData/WebBrowser-clqywoufjsuyrtaownclvbrmxizr/Build/Intermediates.noindex/ArchiveIntermediates/WebBrowser/IntermediateBuildFilesPath/UninstalledProducts/iphoneos/SVProgressHUD.framework/Headers (in target 'SVProgressHUD' from project 'Pods')
    cd /Users/runner/work/Web_Browser/Web_Browser/Pods
    /bin/mkdir -p /Users/runner/Library/Developer/Xcode/DerivedData/WebBrowser-clqywoufjsuyrtaownclvbrmxizr/Build/Intermediates.noindex/ArchiveIntermediates/WebBrowser/IntermediateBuildFilesPath/UninstalledProducts/iphoneos/SVProgressHUD.framework/Headers

MkDir /Users/runner/Library/Developer/Xcode/DerivedData/WebBrowser-clqywoufjsuyrtaownclvbrmxizr/Build/Intermediates.noindex/ArchiveIntermediates/WebBrowser/IntermediateBuildFilesPath/UninstalledProducts/iphoneos/SVProgressHUD.framework (in target 'SVProgressHUD' from project 'Pods')
    cd /Users/runner/work/Web_Browser/Web_Browser/Pods
    /bin/mkdir -p /Users/runner/Library/Developer/Xcode/DerivedData/WebBrowser-clqywoufjsuyrtaownclvbrmxizr/Build/Intermediates.noindex/ArchiveIntermediates/WebBrowser/IntermediateBuildFilesPath/UninstalledProducts/iphoneos/SVProgressHUD.framework

SymLink /Users/runner/Library/Developer/Xcode/DerivedData/WebBrowser-clqywoufjsuyrtaownclvbrmxizr/Build/Intermediates.noindex/ArchiveIntermediates/WebBrowser/BuildProductsPath/Release-iphoneos/Pods_WebBrowser.framework ../../IntermediateBuildFilesPath/UninstalledProducts/iphoneos/Pods_WebBrowser.framework (in target 'Pods-WebBrowser' from project 'Pods')
    cd /Users/runner/work/Web_Browser/Web_Browser/Pods
    /bin/ln -sfh ../../IntermediateBuildFilesPath/UninstalledProducts/iphoneos/Pods_WebBrowser.framework /Users/runner/Library/Developer/Xcode/DerivedData/WebBrowser-clqywoufjsuyrtaownclvbrmxizr/Build/Intermediates.noindex/ArchiveIntermediates/WebBrowser/BuildProductsPath/Release-iphoneos/Pods_WebBrowser.framework

MkDir /Users/runner/Library/Developer/Xcode/DerivedData/WebBrowser-clqywoufjsuyrtaownclvbrmxizr/Build/Intermediates.noindex/ArchiveIntermediates/WebBrowser/IntermediateBuildFilesPath/UninstalledProducts/iphoneos/Pods_WebBrowser.framework/Headers (in target 'Pods-WebBrowser' from project 'Pods')
    cd /Users/runner/work/Web_Browser/Web_Browser/Pods
    /bin/mkdir -p /Users/runner/Library/Developer/Xcode/DerivedData/WebBrowser-clqywoufjsuyrtaownclvbrmxizr/Build/Intermediates.noindex/ArchiveIntermediates/WebBrowser/IntermediateBuildFilesPath/UninstalledProducts/iphoneos/Pods_WebBrowser.framework/Headers

MkDir /Users/runner/Library/Developer/Xcode/DerivedData/WebBrowser-clqywoufjsuyrtaownclvbrmxizr/Build/Intermediates.noindex/ArchiveIntermediates/WebBrowser/IntermediateBuildFilesPath/UninstalledProducts/iphoneos/Pods_WebBrowser.framework (in target 'Pods-WebBrowser' from project 'Pods')
    cd /Users/runner/work/Web_Browser/Web_Browser/Pods
    /bin/mkdir -p /Users/runner/Library/Developer/Xcode/DerivedData/WebBrowser-clqywoufjsuyrtaownclvbrmxizr/Build/Intermediates.noindex/ArchiveIntermediates/WebBrowser/IntermediateBuildFilesPath/UninstalledProducts/iphoneos/Pods_WebBrowser.framework

WriteAuxiliaryFile /Users/runner/Library/Developer/Xcode/DerivedData/WebBrowser-clqywoufjsuyrtaownclvbrmxizr/Build/Intermediates.noindex/ArchiveIntermediates/WebBrowser/IntermediateBuildFilesPath/Pods.build/Release-iphoneos/MintegralAdSDK-MTGSDK.build/MTGSDK.hmap (in target 'MintegralAdSDK-MTGSDK' from project 'Pods')
    cd /Users/runner/work/Web_Browser/Web_Browser/Pods
    write-file /Users/runner/Library/Developer/Xcode/DerivedData/WebBrowser-clqywoufjsuyrtaownclvbrmxizr/Build/Intermediates.noindex/ArchiveIntermediates/WebBrowser/IntermediateBuildFilesPath/Pods.build/Release-iphoneos/MintegralAdSDK-MTGSDK.build/MTGSDK.hmap

WriteAuxiliaryFile /Users/runner/Library/Developer/Xcode/DerivedData/WebBrowser-clqywoufjsuyrtaownclvbrmxizr/Build/Intermediates.noindex/ArchiveIntermediates/WebBrowser/IntermediateBuildFilesPath/Pods.build/Release-iphoneos/MintegralAdSDK-MTGSDK.build/MTGSDK.DependencyStaticMetadataFileList (in target 'MintegralAdSDK-MTGSDK' from project 'Pods')
    cd /Users/runner/work/Web_Browser/Web_Browser/Pods
    write-file /Users/runner/Library/Developer/Xcode/DerivedData/WebBrowser-clqywoufjsuyrtaownclvbrmxizr/Build/Intermediates.noindex/ArchiveIntermediates/WebBrowser/IntermediateBuildFilesPath/Pods.build/Release-iphoneos/MintegralAdSDK-MTGSDK.build/MTGSDK.DependencyStaticMetadataFileList

WriteAuxiliaryFile /Users/runner/Library/Developer/Xcode/DerivedData/WebBrowser-clqywoufjsuyrtaownclvbrmxizr/Build/Intermediates.noindex/ArchiveIntermediates/WebBrowser/IntermediateBuildFilesPath/Pods.build/Release-iphoneos/MintegralAdSDK-MTGSDK.build/MTGSDK.DependencyMetadataFileList (in target 'MintegralAdSDK-MTGSDK' from project 'Pods')
    cd /Users/runner/work/Web_Browser/Web_Browser/Pods
    write-file /Users/runner/Library/Developer/Xcode/DerivedData/WebBrowser-clqywoufjsuyrtaownclvbrmxizr/Build/Intermediates.noindex/ArchiveIntermediates/WebBrowser/IntermediateBuildFilesPath/Pods.build/Release-iphoneos/MintegralAdSDK-MTGSDK.build/MTGSDK.DependencyMetadataFileList

WriteAuxiliaryFile /Users/runner/Library/Developer/Xcode/DerivedData/WebBrowser-clqywoufjsuyrtaownclvbrmxizr/Build/Intermediates.noindex/ArchiveIntermediates/WebBrowser/IntermediateBuildFilesPath/Pods.build/Release-iphoneos/MintegralAdSDK-MTGSDK.build/MTGSDK-project-headers.hmap (in target 'MintegralAdSDK-MTGSDK' from project 'Pods')
    cd /Users/runner/work/Web_Browser/Web_Browser/Pods
    write-file /Users/runner/Library/Developer/Xcode/DerivedData/WebBrowser-clqywoufjsuyrtaownclvbrmxizr/Build/Intermediates.noindex/ArchiveIntermediates/WebBrowser/IntermediateBuildFilesPath/Pods.build/Release-iphoneos/MintegralAdSDK-MTGSDK.build/MTGSDK-project-headers.hmap

WriteAuxiliaryFile /Users/runner/Library/Developer/Xcode/DerivedData/WebBrowser-clqywoufjsuyrtaownclvbrmxizr/Build/Intermediates.noindex/ArchiveIntermediates/WebBrowser/IntermediateBuildFilesPath/Pods.build/Release-iphoneos/MintegralAdSDK-MTGSDK.build/MTGSDK-own-target-headers.hmap (in target 'MintegralAdSDK-MTGSDK' from project 'Pods')
    cd /Users/runner/work/Web_Browser/Web_Browser/Pods
    write-file /Users/runner/Library/Developer/Xcode/DerivedData/WebBrowser-clqywoufjsuyrtaownclvbrmxizr/Build/Intermediates.noindex/ArchiveIntermediates/WebBrowser/IntermediateBuildFilesPath/Pods.build/Release-iphoneos/MintegralAdSDK-MTGSDK.build/MTGSDK-own-target-headers.hmap

WriteAuxiliaryFile /Users/runner/Library/Developer/Xcode/DerivedData/WebBrowser-clqywoufjsuyrtaownclvbrmxizr/Build/Intermediates.noindex/ArchiveIntermediates/WebBrowser/IntermediateBuildFilesPath/Pods.build/Release-iphoneos/MintegralAdSDK-MTGSDK.build/MTGSDK-generated-files.hmap (in target 'MintegralAdSDK-MTGSDK' from project 'Pods')
    cd /Users/runner/work/Web_Browser/Web_Browser/Pods
    write-file /Users/runner/Library/Developer/Xcode/DerivedData/WebBrowser-clqywoufjsuyrtaownclvbrmxizr/Build/Intermediates.noindex/ArchiveIntermediates/WebBrowser/IntermediateBuildFilesPath/Pods.build/Release-iphoneos/MintegralAdSDK-MTGSDK.build/MTGSDK-generated-files.hmap

WriteAuxiliaryFile /Users/runner/Library/Developer/Xcode/DerivedData/WebBrowser-clqywoufjsuyrtaownclvbrmxizr/Build/Intermediates.noindex/ArchiveIntermediates/WebBrowser/IntermediateBuildFilesPath/Pods.build/Release-iphoneos/MintegralAdSDK-MTGSDK.build/MTGSDK-all-target-headers.hmap (in target 'MintegralAdSDK-MTGSDK' from project 'Pods')
    cd /Users/runner/work/Web_Browser/Web_Browser/Pods
    write-file /Users/runner/Library/Developer/Xcode/DerivedData/WebBrowser-clqywoufjsuyrtaownclvbrmxizr/Build/Intermediates.noindex/ArchiveIntermediates/WebBrowser/IntermediateBuildFilesPath/Pods.build/Release-iphoneos/MintegralAdSDK-MTGSDK.build/MTGSDK-all-target-headers.hmap

WriteAuxiliaryFile /Users/runner/Library/Developer/Xcode/DerivedData/WebBrowser-clqywoufjsuyrtaownclvbrmxizr/Build/Intermediates.noindex/ArchiveIntermediates/WebBrowser/IntermediateBuildFilesPath/Pods.build/Release-iphoneos/MintegralAdSDK-MTGSDK.build/MTGSDK-all-non-framework-target-headers.hmap (in target 'MintegralAdSDK-MTGSDK' from project 'Pods')
    cd /Users/runner/work/Web_Browser/Web_Browser/Pods
    write-file /Users/runner/Library/Developer/Xcode/DerivedData/WebBrowser-clqywoufjsuyrtaownclvbrmxizr/Build/Intermediates.noindex/ArchiveIntermediates/WebBrowser/IntermediateBuildFilesPath/Pods.build/Release-iphoneos/MintegralAdSDK-MTGSDK.build/MTGSDK-all-non-framework-target-headers.hmap

SymLink /Users/runner/Library/Developer/Xcode/DerivedData/WebBrowser-clqywoufjsuyrtaownclvbrmxizr/Build/Intermediates.noindex/ArchiveIntermediates/WebBrowser/BuildProductsPath/Release-iphoneos/MintegralAdSDK/MTGSDK.bundle ../../../IntermediateBuildFilesPath/UninstalledProducts/iphoneos/MTGSDK.bundle (in target 'MintegralAdSDK-MTGSDK' from project 'Pods')
    cd /Users/runner/work/Web_Browser/Web_Browser/Pods
    /bin/ln -sfh ../../../IntermediateBuildFilesPath/UninstalledProducts/iphoneos/MTGSDK.bundle /Users/runner/Library/Developer/Xcode/DerivedData/WebBrowser-clqywoufjsuyrtaownclvbrmxizr/Build/Intermediates.noindex/ArchiveIntermediates/WebBrowser/BuildProductsPath/Release-iphoneos/MintegralAdSDK/MTGSDK.bundle

MkDir /Users/runner/Library/Developer/Xcode/DerivedData/WebBrowser-clqywoufjsuyrtaownclvbrmxizr/Build/Intermediates.noindex/ArchiveIntermediates/WebBrowser/IntermediateBuildFilesPath/UninstalledProducts/iphoneos/MTGSDK.bundle (in target 'MintegralAdSDK-MTGSDK' from project 'Pods')
    cd /Users/runner/work/Web_Browser/Web_Browser/Pods
    /bin/mkdir -p /Users/runner/Library/Developer/Xcode/DerivedData/WebBrowser-clqywoufjsuyrtaownclvbrmxizr/Build/Intermediates.noindex/ArchiveIntermediates/WebBrowser/IntermediateBuildFilesPath/UninstalledProducts/iphoneos/MTGSDK.bundle

WriteAuxiliaryFile /Users/runner/Library/Developer/Xcode/DerivedData/WebBrowser-clqywoufjsuyrtaownclvbrmxizr/Build/Intermediates.noindex/ArchiveIntermediates/WebBrowser/IntermediateBuildFilesPath/Pods.build/Release-iphoneos/KeychainAccess.build/unextended-module-swiftunextension.modulemap (in target 'KeychainAccess' from project 'Pods')
    cd /Users/runner/work/Web_Browser/Web_Browser/Pods
    write-file /Users/runner/Library/Developer/Xcode/DerivedData/WebBrowser-clqywoufjsuyrtaownclvbrmxizr/Build/Intermediates.noindex/ArchiveIntermediates/WebBrowser/IntermediateBuildFilesPath/Pods.build/Release-iphoneos/KeychainAccess.build/unextended-module-swiftunextension.modulemap

WriteAuxiliaryFile /Users/runner/Library/Developer/Xcode/DerivedData/WebBrowser-clqywoufjsuyrtaownclvbrmxizr/Build/Intermediates.noindex/ArchiveIntermediates/WebBrowser/IntermediateBuildFilesPath/Pods.build/Release-iphoneos/KeychainAccess.build/unextended-module-overlay.yaml (in target 'KeychainAccess' from project 'Pods')
    cd /Users/runner/work/Web_Browser/Web_Browser/Pods
    write-file /Users/runner/Library/Developer/Xcode/DerivedData/WebBrowser-clqywoufjsuyrtaownclvbrmxizr/Build/Intermediates.noindex/ArchiveIntermediates/WebBrowser/IntermediateBuildFilesPath/Pods.build/Release-iphoneos/KeychainAccess.build/unextended-module-overlay.yaml

WriteAuxiliaryFile /Users/runner/Library/Developer/Xcode/DerivedData/WebBrowser-clqywoufjsuyrtaownclvbrmxizr/Build/Intermediates.noindex/ArchiveIntermediates/WebBrowser/IntermediateBuildFilesPath/Pods.build/Release-iphoneos/KeychainAccess.build/module-swiftextension.modulemap (in target 'KeychainAccess' from project 'Pods')
    cd /Users/runner/work/Web_Browser/Web_Browser/Pods
    write-file /Users/runner/Library/Developer/Xcode/DerivedData/WebBrowser-clqywoufjsuyrtaownclvbrmxizr/Build/Intermediates.noindex/ArchiveIntermediates/WebBrowser/IntermediateBuildFilesPath/Pods.build/Release-iphoneos/KeychainAccess.build/module-swiftextension.modulemap

WriteAuxiliaryFile /Users/runner/Library/Developer/Xcode/DerivedData/WebBrowser-clqywoufjsuyrtaownclvbrmxizr/Build/Intermediates.noindex/ArchiveIntermediates/WebBrowser/IntermediateBuildFilesPath/Pods.build/Release-iphoneos/KeychainAccess.build/Objects-normal/arm64/e6072d4f65d7061329687fe24e3d63a7-common-args.resp (in target 'KeychainAccess' from project 'Pods')
    cd /Users/runner/work/Web_Browser/Web_Browser/Pods
    write-file /Users/runner/Library/Developer/Xcode/DerivedData/WebBrowser-clqywoufjsuyrtaownclvbrmxizr/Build/Intermediates.noindex/ArchiveIntermediates/WebBrowser/IntermediateBuildFilesPath/Pods.build/Release-iphoneos/KeychainAccess.build/Objects-normal/arm64/e6072d4f65d7061329687fe24e3d63a7-common-args.resp
-target arm64-apple-ios16.0 '-std=gnu11' -fobjc-arc -fobjc-weak -fmodules -gmodules '-fmodules-cache-path=/Users/runner/Library/Developer/Xcode/DerivedData/ModuleCache.noindex' '-fmodule-name=KeychainAccess' -fpascal-strings -Os -fno-common '-DPOD_CONFIGURATION_RELEASE=1' '-DCOCOAPODS=1' '-DNS_BLOCK_ASSERTIONS=1' '-DOBJC_OLD_DISPATCH_PROTOTYPES=0' -isysroot /Applications/Xcode_26.3.app/Contents/Developer/Platforms/iPhoneOS.platform/Developer/SDKs/iPhoneOS26.2.sdk -g -iquote /Users/runner/Library/Developer/Xcode/DerivedData/WebBrowser-clqywoufjsuyrtaownclvbrmxizr/Build/Intermediates.noindex/ArchiveIntermediates/WebBrowser/IntermediateBuildFilesPath/Pods.build/Release-iphoneos/KeychainAccess.build/KeychainAccess-generated-files.hmap -I/Users/runner/Library/Developer/Xcode/DerivedData/WebBrowser-clqywoufjsuyrtaownclvbrmxizr/Build/Intermediates.noindex/ArchiveIntermediates/WebBrowser/IntermediateBuildFilesPath/Pods.build/Release-iphoneos/KeychainAccess.build/KeychainAccess-own-target-headers.hmap -I/Users/runner/Library/Developer/Xcode/DerivedData/WebBrowser-clqywoufjsuyrtaownclvbrmxizr/Build/Intermediates.noindex/ArchiveIntermediates/WebBrowser/IntermediateBuildFilesPath/Pods.build/Release-iphoneos/KeychainAccess.build/KeychainAccess-all-non-framework-target-headers.hmap -ivfsoverlay /Users/runner/Library/Developer/Xcode/DerivedData/WebBrowser-clqywoufjsuyrtaownclvbrmxizr/Build/Intermediates.noindex/ArchiveIntermediates/WebBrowser/IntermediateBuildFilesPath/Pods.build/Release-iphoneos/Pods-8699adb1dd336b26511df848a716bd42-VFS-iphoneos/all-product-headers.yaml -iquote /Users/runner/Library/Developer/Xcode/DerivedData/WebBrowser-clqywoufjsuyrtaownclvbrmxizr/Build/Intermediates.noindex/ArchiveIntermediates/WebBrowser/IntermediateBuildFilesPath/Pods.build/Release-iphoneos/KeychainAccess.build/KeychainAccess-project-headers.hmap -I/Users/runner/Library/Developer/Xcode/DerivedData/WebBrowser-clqywoufjsuyrtaownclvbrmxizr/Build/Intermediates.noindex/ArchiveIntermediates/WebBrowser/BuildProductsPath/Release-iphoneos/KeychainAccess/include -I/Users/runner/Library/Developer/Xcode/DerivedData/WebBrowser-clqywoufjsuyrtaownclvbrmxizr/Build/Intermediates.noindex/ArchiveIntermediates/WebBrowser/IntermediateBuildFilesPath/Pods.build/Release-iphoneos/KeychainAccess.build/DerivedSources-normal/arm64 -I/Users/runner/Library/Developer/Xcode/DerivedData/WebBrowser-clqywoufjsuyrtaownclvbrmxizr/Build/Intermediates.noindex/ArchiveIntermediates/WebBrowser/IntermediateBuildFilesPath/Pods.build/Release-iphoneos/KeychainAccess.build/DerivedSources/arm64 -I/Users/runner/Library/Developer/Xcode/DerivedData/WebBrowser-clqywoufjsuyrtaownclvbrmxizr/Build/Intermediates.noindex/ArchiveIntermediates/WebBrowser/IntermediateBuildFilesPath/Pods.build/Release-iphoneos/KeychainAccess.build/DerivedSources -F/Users/runner/Library/Developer/Xcode/DerivedData/WebBrowser-clqywoufjsuyrtaownclvbrmxizr/Build/Intermediates.noindex/ArchiveIntermediates/WebBrowser/BuildProductsPath/Release-iphoneos/KeychainAccess

WriteAuxiliaryFile /Users/runner/Library/Developer/Xcode/DerivedData/WebBrowser-clqywoufjsuyrtaownclvbrmxizr/Build/Intermediates.noindex/ArchiveIntermediates/WebBrowser/IntermediateBuildFilesPath/Pods.build/Release-iphoneos/KeychainAccess.build/Objects-normal/arm64/KeychainAccess_const_extract_protocols.json (in target 'KeychainAccess' from project 'Pods')
    cd /Users/runner/work/Web_Browser/Web_Browser/Pods
    write-file /Users/runner/Library/Developer/Xcode/DerivedData/WebBrowser-clqywoufjsuyrtaownclvbrmxizr/Build/Intermediates.noindex/ArchiveIntermediates/WebBrowser/IntermediateBuildFilesPath/Pods.build/Release-iphoneos/KeychainAccess.build/Objects-normal/arm64/KeychainAccess_const_extract_protocols.json

WriteAuxiliaryFile /Users/runner/Library/Developer/Xcode/DerivedData/WebBrowser-clqywoufjsuyrtaownclvbrmxizr/Build/Intermediates.noindex/ArchiveIntermediates/WebBrowser/IntermediateBuildFilesPath/Pods.build/Release-iphoneos/KeychainAccess.build/Objects-normal/arm64/KeychainAccess.SwiftFileList (in target 'KeychainAccess' from project 'Pods')
    cd /Users/runner/work/Web_Browser/Web_Browser/Pods
    write-file /Users/runner/Library/Developer/Xcode/DerivedData/WebBrowser-clqywoufjsuyrtaownclvbrmxizr/Build/Intermediates.noindex/ArchiveIntermediates/WebBrowser/IntermediateBuildFilesPath/Pods.build/Release-iphoneos/KeychainAccess.build/Objects-normal/arm64/KeychainAccess.SwiftFileList

WriteAuxiliaryFile /Users/runner/Library/Developer/Xcode/DerivedData/WebBrowser-clqywoufjsuyrtaownclvbrmxizr/Build/Intermediates.noindex/ArchiveIntermediates/WebBrowser/IntermediateBuildFilesPath/Pods.build/Release-iphoneos/KeychainAccess.build/Objects-normal/arm64/KeychainAccess.SwiftConstValuesFileList (in target 'KeychainAccess' from project 'Pods')
    cd /Users/runner/work/Web_Browser/Web_Browser/Pods
    write-file /Users/runner/Library/Developer/Xcode/DerivedData/WebBrowser-clqywoufjsuyrtaownclvbrmxizr/Build/Intermediates.noindex/ArchiveIntermediates/WebBrowser/IntermediateBuildFilesPath/Pods.build/Release-iphoneos/KeychainAccess.build/Objects-normal/arm64/KeychainAccess.SwiftConstValuesFileList

WriteAuxiliaryFile /Users/runner/Library/Developer/Xcode/DerivedData/WebBrowser-clqywoufjsuyrtaownclvbrmxizr/Build/Intermediates.noindex/ArchiveIntermediates/WebBrowser/IntermediateBuildFilesPath/Pods.build/Release-iphoneos/KeychainAccess.build/Objects-normal/arm64/KeychainAccess.LinkFileList (in target 'KeychainAccess' from project 'Pods')
    cd /Users/runner/work/Web_Browser/Web_Browser/Pods
    write-file /Users/runner/Library/Developer/Xcode/DerivedData/WebBrowser-clqywoufjsuyrtaownclvbrmxizr/Build/Intermediates.noindex/ArchiveIntermediates/WebBrowser/IntermediateBuildFilesPath/Pods.build/Release-iphoneos/KeychainAccess.build/Objects-normal/arm64/KeychainAccess.LinkFileList

WriteAuxiliaryFile /Users/runner/Library/Developer/Xcode/DerivedData/WebBrowser-clqywoufjsuyrtaownclvbrmxizr/Build/Intermediates.noindex/ArchiveIntermediates/WebBrowser/IntermediateBuildFilesPath/Pods.build/Release-iphoneos/KeychainAccess.build/Objects-normal/arm64/KeychainAccess-OutputFileMap.json (in target 'KeychainAccess' from project 'Pods')
    cd /Users/runner/work/Web_Browser/Web_Browser/Pods
    write-file /Users/runner/Library/Developer/Xcode/DerivedData/WebBrowser-clqywoufjsuyrtaownclvbrmxizr/Build/Intermediates.noindex/ArchiveIntermediates/WebBrowser/IntermediateBuildFilesPath/Pods.build/Release-iphoneos/KeychainAccess.build/Objects-normal/arm64/KeychainAccess-OutputFileMap.json

WriteAuxiliaryFile /Users/runner/Library/Developer/Xcode/DerivedData/WebBrowser-clqywoufjsuyrtaownclvbrmxizr/Build/Intermediates.noindex/ArchiveIntermediates/WebBrowser/IntermediateBuildFilesPath/Pods.build/Release-iphoneos/KeychainAccess.build/Objects-normal/arm64/7187679823f38a2a940e0043cdf9d637-common-args.resp (in target 'KeychainAccess' from project 'Pods')
    cd /Users/runner/work/Web_Browser/Web_Browser/Pods
    write-file /Users/runner/Library/Developer/Xcode/DerivedData/WebBrowser-clqywoufjsuyrtaownclvbrmxizr/Build/Intermediates.noindex/ArchiveIntermediates/WebBrowser/IntermediateBuildFilesPath/Pods.build/Release-iphoneos/KeychainAccess.build/Objects-normal/arm64/7187679823f38a2a940e0043cdf9d637-common-args.resp
-target arm64-apple-ios16.0 '-std=gnu11' -fmodules -gmodules '-fmodules-cache-path=/Users/runner/Library/Developer/Xcode/DerivedData/ModuleCache.noindex' '-fmodule-name=KeychainAccess' -fpascal-strings -Os -fno-common '-DPOD_CONFIGURATION_RELEASE=1' '-DCOCOAPODS=1' -isysroot /Applications/Xcode_26.3.app/Contents/Developer/Platforms/iPhoneOS.platform/Developer/SDKs/iPhoneOS26.2.sdk -g -iquote /Users/runner/Library/Developer/Xcode/DerivedData/WebBrowser-clqywoufjsuyrtaownclvbrmxizr/Build/Intermediates.noindex/ArchiveIntermediates/WebBrowser/IntermediateBuildFilesPath/Pods.build/Release-iphoneos/KeychainAccess.build/KeychainAccess-generated-files.hmap -I/Users/runner/Library/Developer/Xcode/DerivedData/WebBrowser-clqywoufjsuyrtaownclvbrmxizr/Build/Intermediates.noindex/ArchiveIntermediates/WebBrowser/IntermediateBuildFilesPath/Pods.build/Release-iphoneos/KeychainAccess.build/KeychainAccess-own-target-headers.hmap -I/Users/runner/Library/Developer/Xcode/DerivedData/WebBrowser-clqywoufjsuyrtaownclvbrmxizr/Build/Intermediates.noindex/ArchiveIntermediates/WebBrowser/IntermediateBuildFilesPath/Pods.build/Release-iphoneos/KeychainAccess.build/KeychainAccess-all-non-framework-target-headers.hmap -ivfsoverlay /Users/runner/Library/Developer/Xcode/DerivedData/WebBrowser-clqywoufjsuyrtaownclvbrmxizr/Build/Intermediates.noindex/ArchiveIntermediates/WebBrowser/IntermediateBuildFilesPath/Pods.build/Release-iphoneos/Pods-8699adb1dd336b26511df848a716bd42-VFS-iphoneos/all-product-headers.yaml -iquote /Users/runner/Library/Developer/Xcode/DerivedData/WebBrowser-clqywoufjsuyrtaownclvbrmxizr/Build/Intermediates.noindex/ArchiveIntermediates/WebBrowser/IntermediateBuildFilesPath/Pods.build/Release-iphoneos/KeychainAccess.build/KeychainAccess-project-headers.hmap -I/Users/runner/Library/Developer/Xcode/DerivedData/WebBrowser-clqywoufjsuyrtaownclvbrmxizr/Build/Intermediates.noindex/ArchiveIntermediates/WebBrowser/BuildProductsPath/Release-iphoneos/KeychainAccess/include -I/Users/runner/Library/Developer/Xcode/DerivedData/WebBrowser-clqywoufjsuyrtaownclvbrmxizr/Build/Intermediates.noindex/ArchiveIntermediates/WebBrowser/IntermediateBuildFilesPath/Pods.build/Release-iphoneos/KeychainAccess.build/DerivedSources-normal/arm64 -I/Users/runner/Library/Developer/Xcode/DerivedData/WebBrowser-clqywoufjsuyrtaownclvbrmxizr/Build/Intermediates.noindex/ArchiveIntermediates/WebBrowser/IntermediateBuildFilesPath/Pods.build/Release-iphoneos/KeychainAccess.build/DerivedSources/arm64 -I/Users/runner/Library/Developer/Xcode/DerivedData/WebBrowser-clqywoufjsuyrtaownclvbrmxizr/Build/Intermediates.noindex/ArchiveIntermediates/WebBrowser/IntermediateBuildFilesPath/Pods.build/Release-iphoneos/KeychainAccess.build/DerivedSources -F/Users/runner/Library/Developer/Xcode/DerivedData/WebBrowser-clqywoufjsuyrtaownclvbrmxizr/Build/Intermediates.noindex/ArchiveIntermediates/WebBrowser/BuildProductsPath/Release-iphoneos/KeychainAccess

WriteAuxiliaryFile /Users/runner/Library/Developer/Xcode/DerivedData/WebBrowser-clqywoufjsuyrtaownclvbrmxizr/Build/Intermediates.noindex/ArchiveIntermediates/WebBrowser/IntermediateBuildFilesPath/Pods.build/Release-iphoneos/KeychainAccess.build/KeychainAccess.hmap (in target 'KeychainAccess' from project 'Pods')
    cd /Users/runner/work/Web_Browser/Web_Browser/Pods
    write-file /Users/runner/Library/Developer/Xcode/DerivedData/WebBrowser-clqywoufjsuyrtaownclvbrmxizr/Build/Intermediates.noindex/ArchiveIntermediates/WebBrowser/IntermediateBuildFilesPath/Pods.build/Release-iphoneos/KeychainAccess.build/KeychainAccess.hmap

WriteAuxiliaryFile /Users/runner/Library/Developer/Xcode/DerivedData/WebBrowser-clqywoufjsuyrtaownclvbrmxizr/Build/Intermediates.noindex/ArchiveIntermediates/WebBrowser/IntermediateBuildFilesPath/Pods.build/Release-iphoneos/KeychainAccess.build/KeychainAccess.DependencyStaticMetadataFileList (in target 'KeychainAccess' from project 'Pods')
    cd /Users/runner/work/Web_Browser/Web_Browser/Pods
    write-file /Users/runner/Library/Developer/Xcode/DerivedData/WebBrowser-clqywoufjsuyrtaownclvbrmxizr/Build/Intermediates.noindex/ArchiveIntermediates/WebBrowser/IntermediateBuildFilesPath/Pods.build/Release-iphoneos/KeychainAccess.build/KeychainAccess.DependencyStaticMetadataFileList

WriteAuxiliaryFile /Users/runner/Library/Developer/Xcode/DerivedData/WebBrowser-clqywoufjsuyrtaownclvbrmxizr/Build/Intermediates.noindex/ArchiveIntermediates/WebBrowser/IntermediateBuildFilesPath/Pods.build/Release-iphoneos/KeychainAccess.build/KeychainAccess.DependencyMetadataFileList (in target 'KeychainAccess' from project 'Pods')
    cd /Users/runner/work/Web_Browser/Web_Browser/Pods
    write-file /Users/runner/Library/Developer/Xcode/DerivedData/WebBrowser-clqywoufjsuyrtaownclvbrmxizr/Build/Intermediates.noindex/ArchiveIntermediates/WebBrowser/IntermediateBuildFilesPath/Pods.build/Release-iphoneos/KeychainAccess.build/KeychainAccess.DependencyMetadataFileList

WriteAuxiliaryFile /Users/runner/Library/Developer/Xcode/DerivedData/WebBrowser-clqywoufjsuyrtaownclvbrmxizr/Build/Intermediates.noindex/ArchiveIntermediates/WebBrowser/IntermediateBuildFilesPath/Pods.build/Release-iphoneos/KeychainAccess.build/KeychainAccess-project-headers.hmap (in target 'KeychainAccess' from project 'Pods')
    cd /Users/runner/work/Web_Browser/Web_Browser/Pods
    write-file /Users/runner/Library/Developer/Xcode/DerivedData/WebBrowser-clqywoufjsuyrtaownclvbrmxizr/Build/Intermediates.noindex/ArchiveIntermediates/WebBrowser/IntermediateBuildFilesPath/Pods.build/Release-iphoneos/KeychainAccess.build/KeychainAccess-project-headers.hmap

WriteAuxiliaryFile /Users/runner/Library/Developer/Xcode/DerivedData/WebBrowser-clqywoufjsuyrtaownclvbrmxizr/Build/Intermediates.noindex/ArchiveIntermediates/WebBrowser/IntermediateBuildFilesPath/Pods.build/Release-iphoneos/KeychainAccess.build/KeychainAccess-own-target-headers.hmap (in target 'KeychainAccess' from project 'Pods')
    cd /Users/runner/work/Web_Browser/Web_Browser/Pods
    write-file /Users/runner/Library/Developer/Xcode/DerivedData/WebBrowser-clqywoufjsuyrtaownclvbrmxizr/Build/Intermediates.noindex/ArchiveIntermediates/WebBrowser/IntermediateBuildFilesPath/Pods.build/Release-iphoneos/KeychainAccess.build/KeychainAccess-own-target-headers.hmap

WriteAuxiliaryFile /Users/runner/Library/Developer/Xcode/DerivedData/WebBrowser-clqywoufjsuyrtaownclvbrmxizr/Build/Intermediates.noindex/ArchiveIntermediates/WebBrowser/IntermediateBuildFilesPath/Pods.build/Release-iphoneos/KeychainAccess.build/KeychainAccess-generated-files.hmap (in target 'KeychainAccess' from project 'Pods')
    cd /Users/runner/work/Web_Browser/Web_Browser/Pods
    write-file /Users/runner/Library/Developer/Xcode/DerivedData/WebBrowser-clqywoufjsuyrtaownclvbrmxizr/Build/Intermediates.noindex/ArchiveIntermediates/WebBrowser/IntermediateBuildFilesPath/Pods.build/Release-iphoneos/KeychainAccess.build/KeychainAccess-generated-files.hmap

WriteAuxiliaryFile /Users/runner/Library/Developer/Xcode/DerivedData/WebBrowser-clqywoufjsuyrtaownclvbrmxizr/Build/Intermediates.noindex/ArchiveIntermediates/WebBrowser/IntermediateBuildFilesPath/Pods.build/Release-iphoneos/KeychainAccess.build/KeychainAccess-all-target-headers.hmap (in target 'KeychainAccess' from project 'Pods')
    cd /Users/runner/work/Web_Browser/Web_Browser/Pods
    write-file /Users/runner/Library/Developer/Xcode/DerivedData/WebBrowser-clqywoufjsuyrtaownclvbrmxizr/Build/Intermediates.noindex/ArchiveIntermediates/WebBrowser/IntermediateBuildFilesPath/Pods.build/Release-iphoneos/KeychainAccess.build/KeychainAccess-all-target-headers.hmap

WriteAuxiliaryFile /Users/runner/Library/Developer/Xcode/DerivedData/WebBrowser-clqywoufjsuyrtaownclvbrmxizr/Build/Intermediates.noindex/ArchiveIntermediates/WebBrowser/IntermediateBuildFilesPath/Pods.build/Release-iphoneos/KeychainAccess.build/KeychainAccess-all-non-framework-target-headers.hmap (in target 'KeychainAccess' from project 'Pods')
    cd /Users/runner/work/Web_Browser/Web_Browser/Pods
    write-file /Users/runner/Library/Developer/Xcode/DerivedData/WebBrowser-clqywoufjsuyrtaownclvbrmxizr/Build/Intermediates.noindex/ArchiveIntermediates/WebBrowser/IntermediateBuildFilesPath/Pods.build/Release-iphoneos/KeychainAccess.build/KeychainAccess-all-non-framework-target-headers.hmap

WriteAuxiliaryFile /Users/runner/Library/Developer/Xcode/DerivedData/WebBrowser-clqywoufjsuyrtaownclvbrmxizr/Build/Intermediates.noindex/ArchiveIntermediates/WebBrowser/IntermediateBuildFilesPath/Pods.build/Release-iphoneos/KeychainAccess.build/DerivedSources/KeychainAccess_vers.c (in target 'KeychainAccess' from project 'Pods')
    cd /Users/runner/work/Web_Browser/Web_Browser/Pods
    write-file /Users/runner/Library/Developer/Xcode/DerivedData/WebBrowser-clqywoufjsuyrtaownclvbrmxizr/Build/Intermediates.noindex/ArchiveIntermediates/WebBrowser/IntermediateBuildFilesPath/Pods.build/Release-iphoneos/KeychainAccess.build/DerivedSources/KeychainAccess_vers.c

CpHeader /Users/runner/Library/Developer/Xcode/DerivedData/WebBrowser-clqywoufjsuyrtaownclvbrmxizr/Build/Intermediates.noindex/ArchiveIntermediates/WebBrowser/IntermediateBuildFilesPath/UninstalledProducts/iphoneos/KeychainAccess.framework/Headers/KeychainAccess-umbrella.h /Users/runner/work/Web_Browser/Web_Browser/Pods/Target\ Support\ Files/KeychainAccess/KeychainAccess-umbrella.h (in target 'KeychainAccess' from project 'Pods')
    cd /Users/runner/work/Web_Browser/Web_Browser/Pods
    builtin-copy -exclude .DS_Store -exclude CVS -exclude .svn -exclude .git -exclude .hg -resolve-src-symlinks /Users/runner/work/Web_Browser/Web_Browser/Pods/Target\ Support\ Files/KeychainAccess/KeychainAccess-umbrella.h /Users/runner/Library/Developer/Xcode/DerivedData/WebBrowser-clqywoufjsuyrtaownclvbrmxizr/Build/Intermediates.noindex/ArchiveIntermediates/WebBrowser/IntermediateBuildFilesPath/UninstalledProducts/iphoneos/KeychainAccess.framework/Headers

Concatenate /Users/runner/Library/Developer/Xcode/DerivedData/WebBrowser-clqywoufjsuyrtaownclvbrmxizr/Build/Intermediates.noindex/ArchiveIntermediates/WebBrowser/IntermediateBuildFilesPath/Pods.build/Release-iphoneos/KeychainAccess.build/unextended-module.modulemap /Users/runner/work/Web_Browser/Web_Browser/Pods/Target\ Support\ Files/KeychainAccess/KeychainAccess.modulemap /Users/runner/Library/Developer/Xcode/DerivedData/WebBrowser-clqywoufjsuyrtaownclvbrmxizr/Build/Intermediates.noindex/ArchiveIntermediates/WebBrowser/IntermediateBuildFilesPath/Pods.build/Release-iphoneos/KeychainAccess.build/unextended-module-swiftunextension.modulemap (in target 'KeychainAccess' from project 'Pods')
    cd /Users/runner/work/Web_Browser/Web_Browser/Pods
    builtin-concatenate /Users/runner/Library/Developer/Xcode/DerivedData/WebBrowser-clqywoufjsuyrtaownclvbrmxizr/Build/Intermediates.noindex/ArchiveIntermediates/WebBrowser/IntermediateBuildFilesPath/Pods.build/Release-iphoneos/KeychainAccess.build/unextended-module.modulemap /Users/runner/work/Web_Browser/Web_Browser/Pods/Target\ Support\ Files/KeychainAccess/KeychainAccess.modulemap /Users/runner/Library/Developer/Xcode/DerivedData/WebBrowser-clqywoufjsuyrtaownclvbrmxizr/Build/Intermediates.noindex/ArchiveIntermediates/WebBrowser/IntermediateBuildFilesPath/Pods.build/Release-iphoneos/KeychainAccess.build/unextended-module-swiftunextension.modulemap

Concatenate /Users/runner/Library/Developer/Xcode/DerivedData/WebBrowser-clqywoufjsuyrtaownclvbrmxizr/Build/Intermediates.noindex/ArchiveIntermediates/WebBrowser/IntermediateBuildFilesPath/Pods.build/Release-iphoneos/KeychainAccess.build/module.modulemap /Users/runner/work/Web_Browser/Web_Browser/Pods/Target\ Support\ Files/KeychainAccess/KeychainAccess.modulemap /Users/runner/Library/Developer/Xcode/DerivedData/WebBrowser-clqywoufjsuyrtaownclvbrmxizr/Build/Intermediates.noindex/ArchiveIntermediates/WebBrowser/IntermediateBuildFilesPath/Pods.build/Release-iphoneos/KeychainAccess.build/module-swiftextension.modulemap (in target 'KeychainAccess' from project 'Pods')
    cd /Users/runner/work/Web_Browser/Web_Browser/Pods
    builtin-concatenate /Users/runner/Library/Developer/Xcode/DerivedData/WebBrowser-clqywoufjsuyrtaownclvbrmxizr/Build/Intermediates.noindex/ArchiveIntermediates/WebBrowser/IntermediateBuildFilesPath/Pods.build/Release-iphoneos/KeychainAccess.build/module.modulemap /Users/runner/work/Web_Browser/Web_Browser/Pods/Target\ Support\ Files/KeychainAccess/KeychainAccess.modulemap /Users/runner/Library/Developer/Xcode/DerivedData/WebBrowser-clqywoufjsuyrtaownclvbrmxizr/Build/Intermediates.noindex/ArchiveIntermediates/WebBrowser/IntermediateBuildFilesPath/Pods.build/Release-iphoneos/KeychainAccess.build/module-swiftextension.modulemap

Copy /Users/runner/Library/Developer/Xcode/DerivedData/WebBrowser-clqywoufjsuyrtaownclvbrmxizr/Build/Intermediates.noindex/ArchiveIntermediates/WebBrowser/IntermediateBuildFilesPath/UninstalledProducts/iphoneos/KeychainAccess.framework/Modules/module.modulemap /Users/runner/Library/Developer/Xcode/DerivedData/WebBrowser-clqywoufjsuyrtaownclvbrmxizr/Build/Intermediates.noindex/ArchiveIntermediates/WebBrowser/IntermediateBuildFilesPath/Pods.build/Release-iphoneos/KeychainAccess.build/module.modulemap (in target 'KeychainAccess' from project 'Pods')
    cd /Users/runner/work/Web_Browser/Web_Browser/Pods
    builtin-copy -exclude .DS_Store -exclude CVS -exclude .svn -exclude .git -exclude .hg -resolve-src-symlinks /Users/runner/Library/Developer/Xcode/DerivedData/WebBrowser-clqywoufjsuyrtaownclvbrmxizr/Build/Intermediates.noindex/ArchiveIntermediates/WebBrowser/IntermediateBuildFilesPath/Pods.build/Release-iphoneos/KeychainAccess.build/module.modulemap /Users/runner/Library/Developer/Xcode/DerivedData/WebBrowser-clqywoufjsuyrtaownclvbrmxizr/Build/Intermediates.noindex/ArchiveIntermediates/WebBrowser/IntermediateBuildFilesPath/UninstalledProducts/iphoneos/KeychainAccess.framework/Modules

SymLink /Users/runner/Library/Developer/Xcode/DerivedData/WebBrowser-clqywoufjsuyrtaownclvbrmxizr/Build/Intermediates.noindex/ArchiveIntermediates/WebBrowser/BuildProductsPath/Release-iphoneos/KeychainAccess/KeychainAccess.framework ../../../IntermediateBuildFilesPath/UninstalledProducts/iphoneos/KeychainAccess.framework (in target 'KeychainAccess' from project 'Pods')
    cd /Users/runner/work/Web_Browser/Web_Browser/Pods
    /bin/ln -sfh ../../../IntermediateBuildFilesPath/UninstalledProducts/iphoneos/KeychainAccess.framework /Users/runner/Library/Developer/Xcode/DerivedData/WebBrowser-clqywoufjsuyrtaownclvbrmxizr/Build/Intermediates.noindex/ArchiveIntermediates/WebBrowser/BuildProductsPath/Release-iphoneos/KeychainAccess/KeychainAccess.framework

MkDir /Users/runner/Library/Developer/Xcode/DerivedData/WebBrowser-clqywoufjsuyrtaownclvbrmxizr/Build/Intermediates.noindex/ArchiveIntermediates/WebBrowser/IntermediateBuildFilesPath/UninstalledProducts/iphoneos/KeychainAccess.framework/Headers (in target 'KeychainAccess' from project 'Pods')
    cd /Users/runner/work/Web_Browser/Web_Browser/Pods
    /bin/mkdir -p /Users/runner/Library/Developer/Xcode/DerivedData/WebBrowser-clqywoufjsuyrtaownclvbrmxizr/Build/Intermediates.noindex/ArchiveIntermediates/WebBrowser/IntermediateBuildFilesPath/UninstalledProducts/iphoneos/KeychainAccess.framework/Headers

MkDir /Users/runner/Library/Developer/Xcode/DerivedData/WebBrowser-clqywoufjsuyrtaownclvbrmxizr/Build/Intermediates.noindex/ArchiveIntermediates/WebBrowser/IntermediateBuildFilesPath/UninstalledProducts/iphoneos/KeychainAccess.framework (in target 'KeychainAccess' from project 'Pods')
    cd /Users/runner/work/Web_Browser/Web_Browser/Pods
    /bin/mkdir -p /Users/runner/Library/Developer/Xcode/DerivedData/WebBrowser-clqywoufjsuyrtaownclvbrmxizr/Build/Intermediates.noindex/ArchiveIntermediates/WebBrowser/IntermediateBuildFilesPath/UninstalledProducts/iphoneos/KeychainAccess.framework

WriteAuxiliaryFile /Users/runner/Library/Developer/Xcode/DerivedData/WebBrowser-clqywoufjsuyrtaownclvbrmxizr/Build/Intermediates.noindex/ArchiveIntermediates/WebBrowser/IntermediateBuildFilesPath/Pods.build/Release-iphoneos/FBAudienceNetwork-FBAudienceNetwork.build/FBAudienceNetwork.hmap (in target 'FBAudienceNetwork-FBAudienceNetwork' from project 'Pods')
    cd /Users/runner/work/Web_Browser/Web_Browser/Pods
    write-file /Users/runner/Library/Developer/Xcode/DerivedData/WebBrowser-clqywoufjsuyrtaownclvbrmxizr/Build/Intermediates.noindex/ArchiveIntermediates/WebBrowser/IntermediateBuildFilesPath/Pods.build/Release-iphoneos/FBAudienceNetwork-FBAudienceNetwork.build/FBAudienceNetwork.hmap

WriteAuxiliaryFile /Users/runner/Library/Developer/Xcode/DerivedData/WebBrowser-clqywoufjsuyrtaownclvbrmxizr/Build/Intermediates.noindex/ArchiveIntermediates/WebBrowser/IntermediateBuildFilesPath/Pods.build/Release-iphoneos/FBAudienceNetwork-FBAudienceNetwork.build/FBAudienceNetwork.DependencyStaticMetadataFileList (in target 'FBAudienceNetwork-FBAudienceNetwork' from project 'Pods')
    cd /Users/runner/work/Web_Browser/Web_Browser/Pods
    write-file /Users/runner/Library/Developer/Xcode/DerivedData/WebBrowser-clqywoufjsuyrtaownclvbrmxizr/Build/Intermediates.noindex/ArchiveIntermediates/WebBrowser/IntermediateBuildFilesPath/Pods.build/Release-iphoneos/FBAudienceNetwork-FBAudienceNetwork.build/FBAudienceNetwork.DependencyStaticMetadataFileList

WriteAuxiliaryFile /Users/runner/Library/Developer/Xcode/DerivedData/WebBrowser-clqywoufjsuyrtaownclvbrmxizr/Build/Intermediates.noindex/ArchiveIntermediates/WebBrowser/IntermediateBuildFilesPath/Pods.build/Release-iphoneos/FBAudienceNetwork-FBAudienceNetwork.build/FBAudienceNetwork.DependencyMetadataFileList (in target 'FBAudienceNetwork-FBAudienceNetwork' from project 'Pods')
    cd /Users/runner/work/Web_Browser/Web_Browser/Pods
    write-file /Users/runner/Library/Developer/Xcode/DerivedData/WebBrowser-clqywoufjsuyrtaownclvbrmxizr/Build/Intermediates.noindex/ArchiveIntermediates/WebBrowser/IntermediateBuildFilesPath/Pods.build/Release-iphoneos/FBAudienceNetwork-FBAudienceNetwork.build/FBAudienceNetwork.DependencyMetadataFileList

WriteAuxiliaryFile /Users/runner/Library/Developer/Xcode/DerivedData/WebBrowser-clqywoufjsuyrtaownclvbrmxizr/Build/Intermediates.noindex/ArchiveIntermediates/WebBrowser/IntermediateBuildFilesPath/Pods.build/Release-iphoneos/FBAudienceNetwork-FBAudienceNetwork.build/FBAudienceNetwork-project-headers.hmap (in target 'FBAudienceNetwork-FBAudienceNetwork' from project 'Pods')
    cd /Users/runner/work/Web_Browser/Web_Browser/Pods
    write-file /Users/runner/Library/Developer/Xcode/DerivedData/WebBrowser-clqywoufjsuyrtaownclvbrmxizr/Build/Intermediates.noindex/ArchiveIntermediates/WebBrowser/IntermediateBuildFilesPath/Pods.build/Release-iphoneos/FBAudienceNetwork-FBAudienceNetwork.build/FBAudienceNetwork-project-headers.hmap

WriteAuxiliaryFile /Users/runner/Library/Developer/Xcode/DerivedData/WebBrowser-clqywoufjsuyrtaownclvbrmxizr/Build/Intermediates.noindex/ArchiveIntermediates/WebBrowser/IntermediateBuildFilesPath/Pods.build/Release-iphoneos/FBAudienceNetwork-FBAudienceNetwork.build/FBAudienceNetwork-own-target-headers.hmap (in target 'FBAudienceNetwork-FBAudienceNetwork' from project 'Pods')
    cd /Users/runner/work/Web_Browser/Web_Browser/Pods
    write-file /Users/runner/Library/Developer/Xcode/DerivedData/WebBrowser-clqywoufjsuyrtaownclvbrmxizr/Build/Intermediates.noindex/ArchiveIntermediates/WebBrowser/IntermediateBuildFilesPath/Pods.build/Release-iphoneos/FBAudienceNetwork-FBAudienceNetwork.build/FBAudienceNetwork-own-target-headers.hmap

WriteAuxiliaryFile /Users/runner/Library/Developer/Xcode/DerivedData/WebBrowser-clqywoufjsuyrtaownclvbrmxizr/Build/Intermediates.noindex/ArchiveIntermediates/WebBrowser/IntermediateBuildFilesPath/Pods.build/Release-iphoneos/FBAudienceNetwork-FBAudienceNetwork.build/FBAudienceNetwork-generated-files.hmap (in target 'FBAudienceNetwork-FBAudienceNetwork' from project 'Pods')
    cd /Users/runner/work/Web_Browser/Web_Browser/Pods
    write-file /Users/runner/Library/Developer/Xcode/DerivedData/WebBrowser-clqywoufjsuyrtaownclvbrmxizr/Build/Intermediates.noindex/ArchiveIntermediates/WebBrowser/IntermediateBuildFilesPath/Pods.build/Release-iphoneos/FBAudienceNetwork-FBAudienceNetwork.build/FBAudienceNetwork-generated-files.hmap

WriteAuxiliaryFile /Users/runner/Library/Developer/Xcode/DerivedData/WebBrowser-clqywoufjsuyrtaownclvbrmxizr/Build/Intermediates.noindex/ArchiveIntermediates/WebBrowser/IntermediateBuildFilesPath/Pods.build/Release-iphoneos/FBAudienceNetwork-FBAudienceNetwork.build/FBAudienceNetwork-all-target-headers.hmap (in target 'FBAudienceNetwork-FBAudienceNetwork' from project 'Pods')
    cd /Users/runner/work/Web_Browser/Web_Browser/Pods
    write-file /Users/runner/Library/Developer/Xcode/DerivedData/WebBrowser-clqywoufjsuyrtaownclvbrmxizr/Build/Intermediates.noindex/ArchiveIntermediates/WebBrowser/IntermediateBuildFilesPath/Pods.build/Release-iphoneos/FBAudienceNetwork-FBAudienceNetwork.build/FBAudienceNetwork-all-target-headers.hmap

WriteAuxiliaryFile /Users/runner/Library/Developer/Xcode/DerivedData/WebBrowser-clqywoufjsuyrtaownclvbrmxizr/Build/Intermediates.noindex/ArchiveIntermediates/WebBrowser/IntermediateBuildFilesPath/Pods.build/Release-iphoneos/FBAudienceNetwork-FBAudienceNetwork.build/FBAudienceNetwork-all-non-framework-target-headers.hmap (in target 'FBAudienceNetwork-FBAudienceNetwork' from project 'Pods')
    cd /Users/runner/work/Web_Browser/Web_Browser/Pods
    write-file /Users/runner/Library/Developer/Xcode/DerivedData/WebBrowser-clqywoufjsuyrtaownclvbrmxizr/Build/Intermediates.noindex/ArchiveIntermediates/WebBrowser/IntermediateBuildFilesPath/Pods.build/Release-iphoneos/FBAudienceNetwork-FBAudienceNetwork.build/FBAudienceNetwork-all-non-framework-target-headers.hmap

SymLink /Users/runner/Library/Developer/Xcode/DerivedData/WebBrowser-clqywoufjsuyrtaownclvbrmxizr/Build/Intermediates.noindex/ArchiveIntermediates/WebBrowser/BuildProductsPath/Release-iphoneos/FBAudienceNetwork/FBAudienceNetwork.bundle ../../../IntermediateBuildFilesPath/UninstalledProducts/iphoneos/FBAudienceNetwork.bundle (in target 'FBAudienceNetwork-FBAudienceNetwork' from project 'Pods')
    cd /Users/runner/work/Web_Browser/Web_Browser/Pods
    /bin/ln -sfh ../../../IntermediateBuildFilesPath/UninstalledProducts/iphoneos/FBAudienceNetwork.bundle /Users/runner/Library/Developer/Xcode/DerivedData/WebBrowser-clqywoufjsuyrtaownclvbrmxizr/Build/Intermediates.noindex/ArchiveIntermediates/WebBrowser/BuildProductsPath/Release-iphoneos/FBAudienceNetwork/FBAudienceNetwork.bundle

MkDir /Users/runner/Library/Developer/Xcode/DerivedData/WebBrowser-clqywoufjsuyrtaownclvbrmxizr/Build/Intermediates.noindex/ArchiveIntermediates/WebBrowser/IntermediateBuildFilesPath/UninstalledProducts/iphoneos/FBAudienceNetwork.bundle (in target 'FBAudienceNetwork-FBAudienceNetwork' from project 'Pods')
    cd /Users/runner/work/Web_Browser/Web_Browser/Pods
    /bin/mkdir -p /Users/runner/Library/Developer/Xcode/DerivedData/WebBrowser-clqywoufjsuyrtaownclvbrmxizr/Build/Intermediates.noindex/ArchiveIntermediates/WebBrowser/IntermediateBuildFilesPath/UninstalledProducts/iphoneos/FBAudienceNetwork.bundle

WriteAuxiliaryFile /Users/runner/Library/Developer/Xcode/DerivedData/WebBrowser-clqywoufjsuyrtaownclvbrmxizr/Build/Intermediates.noindex/ArchiveIntermediates/WebBrowser/IntermediateBuildFilesPath/Pods.build/Release-iphoneos/ApplePurchaseKit.build/unextended-module-swiftunextension.modulemap (in target 'ApplePurchaseKit' from project 'Pods')
    cd /Users/runner/work/Web_Browser/Web_Browser/Pods
    write-file /Users/runner/Library/Developer/Xcode/DerivedData/WebBrowser-clqywoufjsuyrtaownclvbrmxizr/Build/Intermediates.noindex/ArchiveIntermediates/WebBrowser/IntermediateBuildFilesPath/Pods.build/Release-iphoneos/ApplePurchaseKit.build/unextended-module-swiftunextension.modulemap

WriteAuxiliaryFile /Users/runner/Library/Developer/Xcode/DerivedData/WebBrowser-clqywoufjsuyrtaownclvbrmxizr/Build/Intermediates.noindex/ArchiveIntermediates/WebBrowser/IntermediateBuildFilesPath/Pods.build/Release-iphoneos/ApplePurchaseKit.build/unextended-module-overlay.yaml (in target 'ApplePurchaseKit' from project 'Pods')
    cd /Users/runner/work/Web_Browser/Web_Browser/Pods
    write-file /Users/runner/Library/Developer/Xcode/DerivedData/WebBrowser-clqywoufjsuyrtaownclvbrmxizr/Build/Intermediates.noindex/ArchiveIntermediates/WebBrowser/IntermediateBuildFilesPath/Pods.build/Release-iphoneos/ApplePurchaseKit.build/unextended-module-overlay.yaml

WriteAuxiliaryFile /Users/runner/Library/Developer/Xcode/DerivedData/WebBrowser-clqywoufjsuyrtaownclvbrmxizr/Build/Intermediates.noindex/ArchiveIntermediates/WebBrowser/IntermediateBuildFilesPath/Pods.build/Release-iphoneos/ApplePurchaseKit.build/module-swiftextension.modulemap (in target 'ApplePurchaseKit' from project 'Pods')
    cd /Users/runner/work/Web_Browser/Web_Browser/Pods
    write-file /Users/runner/Library/Developer/Xcode/DerivedData/WebBrowser-clqywoufjsuyrtaownclvbrmxizr/Build/Intermediates.noindex/ArchiveIntermediates/WebBrowser/IntermediateBuildFilesPath/Pods.build/Release-iphoneos/ApplePurchaseKit.build/module-swiftextension.modulemap

WriteAuxiliaryFile /Users/runner/Library/Developer/Xcode/DerivedData/WebBrowser-clqywoufjsuyrtaownclvbrmxizr/Build/Intermediates.noindex/ArchiveIntermediates/WebBrowser/IntermediateBuildFilesPath/Pods.build/Release-iphoneos/ApplePurchaseKit.build/Objects-normal/arm64/e6072d4f65d7061329687fe24e3d63a7-common-args.resp (in target 'ApplePurchaseKit' from project 'Pods')
    cd /Users/runner/work/Web_Browser/Web_Browser/Pods
    write-file /Users/runner/Library/Developer/Xcode/DerivedData/WebBrowser-clqywoufjsuyrtaownclvbrmxizr/Build/Intermediates.noindex/ArchiveIntermediates/WebBrowser/IntermediateBuildFilesPath/Pods.build/Release-iphoneos/ApplePurchaseKit.build/Objects-normal/arm64/e6072d4f65d7061329687fe24e3d63a7-common-args.resp
-target arm64-apple-ios16.0 '-std=gnu11' -fobjc-arc -fmodules -gmodules '-fmodules-cache-path=/Users/runner/Library/Developer/Xcode/DerivedData/ModuleCache.noindex' '-fmodule-name=ApplePurchaseKit' -fpascal-strings -Os -fno-common '-DPOD_CONFIGURATION_RELEASE=1' '-DCOCOAPODS=1' '-DNS_BLOCK_ASSERTIONS=1' '-DOBJC_OLD_DISPATCH_PROTOTYPES=0' -isysroot /Applications/Xcode_26.3.app/Contents/Developer/Platforms/iPhoneOS.platform/Developer/SDKs/iPhoneOS26.2.sdk -g -iquote /Users/runner/Library/Developer/Xcode/DerivedData/WebBrowser-clqywoufjsuyrtaownclvbrmxizr/Build/Intermediates.noindex/ArchiveIntermediates/WebBrowser/IntermediateBuildFilesPath/Pods.build/Release-iphoneos/ApplePurchaseKit.build/ApplePurchaseKit-generated-files.hmap -I/Users/runner/Library/Developer/Xcode/DerivedData/WebBrowser-clqywoufjsuyrtaownclvbrmxizr/Build/Intermediates.noindex/ArchiveIntermediates/WebBrowser/IntermediateBuildFilesPath/Pods.build/Release-iphoneos/ApplePurchaseKit.build/ApplePurchaseKit-own-target-headers.hmap -I/Users/runner/Library/Developer/Xcode/DerivedData/WebBrowser-clqywoufjsuyrtaownclvbrmxizr/Build/Intermediates.noindex/ArchiveIntermediates/WebBrowser/IntermediateBuildFilesPath/Pods.build/Release-iphoneos/ApplePurchaseKit.build/ApplePurchaseKit-all-non-framework-target-headers.hmap -ivfsoverlay /Users/runner/Library/Developer/Xcode/DerivedData/WebBrowser-clqywoufjsuyrtaownclvbrmxizr/Build/Intermediates.noindex/ArchiveIntermediates/WebBrowser/IntermediateBuildFilesPath/Pods.build/Release-iphoneos/Pods-8699adb1dd336b26511df848a716bd42-VFS-iphoneos/all-product-headers.yaml -iquote /Users/runner/Library/Developer/Xcode/DerivedData/WebBrowser-clqywoufjsuyrtaownclvbrmxizr/Build/Intermediates.noindex/ArchiveIntermediates/WebBrowser/IntermediateBuildFilesPath/Pods.build/Release-iphoneos/ApplePurchaseKit.build/ApplePurchaseKit-project-headers.hmap -I/Users/runner/Library/Developer/Xcode/DerivedData/WebBrowser-clqywoufjsuyrtaownclvbrmxizr/Build/Intermediates.noindex/ArchiveIntermediates/WebBrowser/BuildProductsPath/Release-iphoneos/ApplePurchaseKit/include -I/Users/runner/Library/Developer/Xcode/DerivedData/WebBrowser-clqywoufjsuyrtaownclvbrmxizr/Build/Intermediates.noindex/ArchiveIntermediates/WebBrowser/IntermediateBuildFilesPath/Pods.build/Release-iphoneos/ApplePurchaseKit.build/DerivedSources-normal/arm64 -I/Users/runner/Library/Developer/Xcode/DerivedData/WebBrowser-clqywoufjsuyrtaownclvbrmxizr/Build/Intermediates.noindex/ArchiveIntermediates/WebBrowser/IntermediateBuildFilesPath/Pods.build/Release-iphoneos/ApplePurchaseKit.build/DerivedSources/arm64 -I/Users/runner/Library/Developer/Xcode/DerivedData/WebBrowser-clqywoufjsuyrtaownclvbrmxizr/Build/Intermediates.noindex/ArchiveIntermediates/WebBrowser/IntermediateBuildFilesPath/Pods.build/Release-iphoneos/ApplePurchaseKit.build/DerivedSources -F/Users/runner/Library/Developer/Xcode/DerivedData/WebBrowser-clqywoufjsuyrtaownclvbrmxizr/Build/Intermediates.noindex/ArchiveIntermediates/WebBrowser/BuildProductsPath/Release-iphoneos/ApplePurchaseKit -F/Users/runner/Library/Developer/Xcode/DerivedData/WebBrowser-clqywoufjsuyrtaownclvbrmxizr/Build/Intermediates.noindex/ArchiveIntermediates/WebBrowser/BuildProductsPath/Release-iphoneos/KeychainAccess -F/Users/runner/work/Web_Browser/Web_Browser/Pods/UMCommon/UMCommon_7.6.4 -F/Users/runner/work/Web_Browser/Web_Browser/Pods/UMDevice/UMDevice_3.6.0 -F/Users/runner/Library/Developer/Xcode/DerivedData/WebBrowser-clqywoufjsuyrtaownclvbrmxizr/Build/Intermediates.noindex/ArchiveIntermediates/WebBrowser/BuildProductsPath/Release-iphoneos/XCFrameworkIntermediates/UMCommon -F/Users/runner/Library/Developer/Xcode/DerivedData/WebBrowser-clqywoufjsuyrtaownclvbrmxizr/Build/Intermediates.noindex/ArchiveIntermediates/WebBrowser/BuildProductsPath/Release-iphoneos/XCFrameworkIntermediates/UMDevice

WriteAuxiliaryFile /Users/runner/Library/Developer/Xcode/DerivedData/WebBrowser-clqywoufjsuyrtaownclvbrmxizr/Build/Intermediates.noindex/ArchiveIntermediates/WebBrowser/IntermediateBuildFilesPath/Pods.build/Release-iphoneos/ApplePurchaseKit.build/Objects-normal/arm64/ApplePurchaseKit_const_extract_protocols.json (in target 'ApplePurchaseKit' from project 'Pods')
    cd /Users/runner/work/Web_Browser/Web_Browser/Pods
    write-file /Users/runner/Library/Developer/Xcode/DerivedData/WebBrowser-clqywoufjsuyrtaownclvbrmxizr/Build/Intermediates.noindex/ArchiveIntermediates/WebBrowser/IntermediateBuildFilesPath/Pods.build/Release-iphoneos/ApplePurchaseKit.build/Objects-normal/arm64/ApplePurchaseKit_const_extract_protocols.json

WriteAuxiliaryFile /Users/runner/Library/Developer/Xcode/DerivedData/WebBrowser-clqywoufjsuyrtaownclvbrmxizr/Build/Intermediates.noindex/ArchiveIntermediates/WebBrowser/IntermediateBuildFilesPath/Pods.build/Release-iphoneos/ApplePurchaseKit.build/Objects-normal/arm64/ApplePurchaseKit.SwiftFileList (in target 'ApplePurchaseKit' from project 'Pods')
    cd /Users/runner/work/Web_Browser/Web_Browser/Pods
    write-file /Users/runner/Library/Developer/Xcode/DerivedData/WebBrowser-clqywoufjsuyrtaownclvbrmxizr/Build/Intermediates.noindex/ArchiveIntermediates/WebBrowser/IntermediateBuildFilesPath/Pods.build/Release-iphoneos/ApplePurchaseKit.build/Objects-normal/arm64/ApplePurchaseKit.SwiftFileList

WriteAuxiliaryFile /Users/runner/Library/Developer/Xcode/DerivedData/WebBrowser-clqywoufjsuyrtaownclvbrmxizr/Build/Intermediates.noindex/ArchiveIntermediates/WebBrowser/IntermediateBuildFilesPath/Pods.build/Release-iphoneos/ApplePurchaseKit.build/Objects-normal/arm64/ApplePurchaseKit.SwiftConstValuesFileList (in target 'ApplePurchaseKit' from project 'Pods')
    cd /Users/runner/work/Web_Browser/Web_Browser/Pods
    write-file /Users/runner/Library/Developer/Xcode/DerivedData/WebBrowser-clqywoufjsuyrtaownclvbrmxizr/Build/Intermediates.noindex/ArchiveIntermediates/WebBrowser/IntermediateBuildFilesPath/Pods.build/Release-iphoneos/ApplePurchaseKit.build/Objects-normal/arm64/ApplePurchaseKit.SwiftConstValuesFileList

WriteAuxiliaryFile /Users/runner/Library/Developer/Xcode/DerivedData/WebBrowser-clqywoufjsuyrtaownclvbrmxizr/Build/Intermediates.noindex/ArchiveIntermediates/WebBrowser/IntermediateBuildFilesPath/Pods.build/Release-iphoneos/ApplePurchaseKit.build/Objects-normal/arm64/ApplePurchaseKit.LinkFileList (in target 'ApplePurchaseKit' from project 'Pods')
    cd /Users/runner/work/Web_Browser/Web_Browser/Pods
    write-file /Users/runner/Library/Developer/Xcode/DerivedData/WebBrowser-clqywoufjsuyrtaownclvbrmxizr/Build/Intermediates.noindex/ArchiveIntermediates/WebBrowser/IntermediateBuildFilesPath/Pods.build/Release-iphoneos/ApplePurchaseKit.build/Objects-normal/arm64/ApplePurchaseKit.LinkFileList

WriteAuxiliaryFile /Users/runner/Library/Developer/Xcode/DerivedData/WebBrowser-clqywoufjsuyrtaownclvbrmxizr/Build/Intermediates.noindex/ArchiveIntermediates/WebBrowser/IntermediateBuildFilesPath/Pods.build/Release-iphoneos/ApplePurchaseKit.build/Objects-normal/arm64/ApplePurchaseKit-OutputFileMap.json (in target 'ApplePurchaseKit' from project 'Pods')
    cd /Users/runner/work/Web_Browser/Web_Browser/Pods
    write-file /Users/runner/Library/Developer/Xcode/DerivedData/WebBrowser-clqywoufjsuyrtaownclvbrmxizr/Build/Intermediates.noindex/ArchiveIntermediates/WebBrowser/IntermediateBuildFilesPath/Pods.build/Release-iphoneos/ApplePurchaseKit.build/Objects-normal/arm64/ApplePurchaseKit-OutputFileMap.json

WriteAuxiliaryFile /Users/runner/Library/Developer/Xcode/DerivedData/WebBrowser-clqywoufjsuyrtaownclvbrmxizr/Build/Intermediates.noindex/ArchiveIntermediates/WebBrowser/IntermediateBuildFilesPath/Pods.build/Release-iphoneos/ApplePurchaseKit.build/Objects-normal/arm64/7187679823f38a2a940e0043cdf9d637-common-args.resp (in target 'ApplePurchaseKit' from project 'Pods')
    cd /Users/runner/work/Web_Browser/Web_Browser/Pods
    write-file /Users/runner/Library/Developer/Xcode/DerivedData/WebBrowser-clqywoufjsuyrtaownclvbrmxizr/Build/Intermediates.noindex/ArchiveIntermediates/WebBrowser/IntermediateBuildFilesPath/Pods.build/Release-iphoneos/ApplePurchaseKit.build/Objects-normal/arm64/7187679823f38a2a940e0043cdf9d637-common-args.resp
-target arm64-apple-ios16.0 '-std=gnu11' -fmodules -gmodules '-fmodules-cache-path=/Users/runner/Library/Developer/Xcode/DerivedData/ModuleCache.noindex' '-fmodule-name=ApplePurchaseKit' -fpascal-strings -Os -fno-common '-DPOD_CONFIGURATION_RELEASE=1' '-DCOCOAPODS=1' -isysroot /Applications/Xcode_26.3.app/Contents/Developer/Platforms/iPhoneOS.platform/Developer/SDKs/iPhoneOS26.2.sdk -g -iquote /Users/runner/Library/Developer/Xcode/DerivedData/WebBrowser-clqywoufjsuyrtaownclvbrmxizr/Build/Intermediates.noindex/ArchiveIntermediates/WebBrowser/IntermediateBuildFilesPath/Pods.build/Release-iphoneos/ApplePurchaseKit.build/ApplePurchaseKit-generated-files.hmap -I/Users/runner/Library/Developer/Xcode/DerivedData/WebBrowser-clqywoufjsuyrtaownclvbrmxizr/Build/Intermediates.noindex/ArchiveIntermediates/WebBrowser/IntermediateBuildFilesPath/Pods.build/Release-iphoneos/ApplePurchaseKit.build/ApplePurchaseKit-own-target-headers.hmap -I/Users/runner/Library/Developer/Xcode/DerivedData/WebBrowser-clqywoufjsuyrtaownclvbrmxizr/Build/Intermediates.noindex/ArchiveIntermediates/WebBrowser/IntermediateBuildFilesPath/Pods.build/Release-iphoneos/ApplePurchaseKit.build/ApplePurchaseKit-all-non-framework-target-headers.hmap -ivfsoverlay /Users/runner/Library/Developer/Xcode/DerivedData/WebBrowser-clqywoufjsuyrtaownclvbrmxizr/Build/Intermediates.noindex/ArchiveIntermediates/WebBrowser/IntermediateBuildFilesPath/Pods.build/Release-iphoneos/Pods-8699adb1dd336b26511df848a716bd42-VFS-iphoneos/all-product-headers.yaml -iquote /Users/runner/Library/Developer/Xcode/DerivedData/WebBrowser-clqywoufjsuyrtaownclvbrmxizr/Build/Intermediates.noindex/ArchiveIntermediates/WebBrowser/IntermediateBuildFilesPath/Pods.build/Release-iphoneos/ApplePurchaseKit.build/ApplePurchaseKit-project-headers.hmap -I/Users/runner/Library/Developer/Xcode/DerivedData/WebBrowser-clqywoufjsuyrtaownclvbrmxizr/Build/Intermediates.noindex/ArchiveIntermediates/WebBrowser/BuildProductsPath/Release-iphoneos/ApplePurchaseKit/include -I/Users/runner/Library/Developer/Xcode/DerivedData/WebBrowser-clqywoufjsuyrtaownclvbrmxizr/Build/Intermediates.noindex/ArchiveIntermediates/WebBrowser/IntermediateBuildFilesPath/Pods.build/Release-iphoneos/ApplePurchaseKit.build/DerivedSources-normal/arm64 -I/Users/runner/Library/Developer/Xcode/DerivedData/WebBrowser-clqywoufjsuyrtaownclvbrmxizr/Build/Intermediates.noindex/ArchiveIntermediates/WebBrowser/IntermediateBuildFilesPath/Pods.build/Release-iphoneos/ApplePurchaseKit.build/DerivedSources/arm64 -I/Users/runner/Library/Developer/Xcode/DerivedData/WebBrowser-clqywoufjsuyrtaownclvbrmxizr/Build/Intermediates.noindex/ArchiveIntermediates/WebBrowser/IntermediateBuildFilesPath/Pods.build/Release-iphoneos/ApplePurchaseKit.build/DerivedSources -F/Users/runner/Library/Developer/Xcode/DerivedData/WebBrowser-clqywoufjsuyrtaownclvbrmxizr/Build/Intermediates.noindex/ArchiveIntermediates/WebBrowser/BuildProductsPath/Release-iphoneos/ApplePurchaseKit -F/Users/runner/Library/Developer/Xcode/DerivedData/WebBrowser-clqywoufjsuyrtaownclvbrmxizr/Build/Intermediates.noindex/ArchiveIntermediates/WebBrowser/BuildProductsPath/Release-iphoneos/KeychainAccess -F/Users/runner/work/Web_Browser/Web_Browser/Pods/UMCommon/UMCommon_7.6.4 -F/Users/runner/work/Web_Browser/Web_Browser/Pods/UMDevice/UMDevice_3.6.0 -F/Users/runner/Library/Developer/Xcode/DerivedData/WebBrowser-clqywoufjsuyrtaownclvbrmxizr/Build/Intermediates.noindex/ArchiveIntermediates/WebBrowser/BuildProductsPath/Release-iphoneos/XCFrameworkIntermediates/UMCommon -F/Users/runner/Library/Developer/Xcode/DerivedData/WebBrowser-clqywoufjsuyrtaownclvbrmxizr/Build/Intermediates.noindex/ArchiveIntermediates/WebBrowser/BuildProductsPath/Release-iphoneos/XCFrameworkIntermediates/UMDevice

WriteAuxiliaryFile /Users/runner/Library/Developer/Xcode/DerivedData/WebBrowser-clqywoufjsuyrtaownclvbrmxizr/Build/Intermediates.noindex/ArchiveIntermediates/WebBrowser/IntermediateBuildFilesPath/Pods.build/Release-iphoneos/ApplePurchaseKit.build/DerivedSources/ApplePurchaseKit_vers.c (in target 'ApplePurchaseKit' from project 'Pods')
    cd /Users/runner/work/Web_Browser/Web_Browser/Pods
    write-file /Users/runner/Library/Developer/Xcode/DerivedData/WebBrowser-clqywoufjsuyrtaownclvbrmxizr/Build/Intermediates.noindex/ArchiveIntermediates/WebBrowser/IntermediateBuildFilesPath/Pods.build/Release-iphoneos/ApplePurchaseKit.build/DerivedSources/ApplePurchaseKit_vers.c

WriteAuxiliaryFile /Users/runner/Library/Developer/Xcode/DerivedData/WebBrowser-clqywoufjsuyrtaownclvbrmxizr/Build/Intermediates.noindex/ArchiveIntermediates/WebBrowser/IntermediateBuildFilesPath/Pods.build/Release-iphoneos/ApplePurchaseKit.build/ApplePurchaseKit.hmap (in target 'ApplePurchaseKit' from project 'Pods')
    cd /Users/runner/work/Web_Browser/Web_Browser/Pods
    write-file /Users/runner/Library/Developer/Xcode/DerivedData/WebBrowser-clqywoufjsuyrtaownclvbrmxizr/Build/Intermediates.noindex/ArchiveIntermediates/WebBrowser/IntermediateBuildFilesPath/Pods.build/Release-iphoneos/ApplePurchaseKit.build/ApplePurchaseKit.hmap

WriteAuxiliaryFile /Users/runner/Library/Developer/Xcode/DerivedData/WebBrowser-clqywoufjsuyrtaownclvbrmxizr/Build/Intermediates.noindex/ArchiveIntermediates/WebBrowser/IntermediateBuildFilesPath/Pods.build/Release-iphoneos/ApplePurchaseKit.build/ApplePurchaseKit.DependencyStaticMetadataFileList (in target 'ApplePurchaseKit' from project 'Pods')
    cd /Users/runner/work/Web_Browser/Web_Browser/Pods
    write-file /Users/runner/Library/Developer/Xcode/DerivedData/WebBrowser-clqywoufjsuyrtaownclvbrmxizr/Build/Intermediates.noindex/ArchiveIntermediates/WebBrowser/IntermediateBuildFilesPath/Pods.build/Release-iphoneos/ApplePurchaseKit.build/ApplePurchaseKit.DependencyStaticMetadataFileList

WriteAuxiliaryFile /Users/runner/Library/Developer/Xcode/DerivedData/WebBrowser-clqywoufjsuyrtaownclvbrmxizr/Build/Intermediates.noindex/ArchiveIntermediates/WebBrowser/IntermediateBuildFilesPath/Pods.build/Release-iphoneos/ApplePurchaseKit.build/ApplePurchaseKit.DependencyMetadataFileList (in target 'ApplePurchaseKit' from project 'Pods')
    cd /Users/runner/work/Web_Browser/Web_Browser/Pods
    write-file /Users/runner/Library/Developer/Xcode/DerivedData/WebBrowser-clqywoufjsuyrtaownclvbrmxizr/Build/Intermediates.noindex/ArchiveIntermediates/WebBrowser/IntermediateBuildFilesPath/Pods.build/Release-iphoneos/ApplePurchaseKit.build/ApplePurchaseKit.DependencyMetadataFileList

WriteAuxiliaryFile /Users/runner/Library/Developer/Xcode/DerivedData/WebBrowser-clqywoufjsuyrtaownclvbrmxizr/Build/Intermediates.noindex/ArchiveIntermediates/WebBrowser/IntermediateBuildFilesPath/Pods.build/Release-iphoneos/ApplePurchaseKit.build/ApplePurchaseKit-project-headers.hmap (in target 'ApplePurchaseKit' from project 'Pods')
    cd /Users/runner/work/Web_Browser/Web_Browser/Pods
    write-file /Users/runner/Library/Developer/Xcode/DerivedData/WebBrowser-clqywoufjsuyrtaownclvbrmxizr/Build/Intermediates.noindex/ArchiveIntermediates/WebBrowser/IntermediateBuildFilesPath/Pods.build/Release-iphoneos/ApplePurchaseKit.build/ApplePurchaseKit-project-headers.hmap

WriteAuxiliaryFile /Users/runner/Library/Developer/Xcode/DerivedData/WebBrowser-clqywoufjsuyrtaownclvbrmxizr/Build/Intermediates.noindex/ArchiveIntermediates/WebBrowser/IntermediateBuildFilesPath/Pods.build/Release-iphoneos/ApplePurchaseKit.build/ApplePurchaseKit-own-target-headers.hmap (in target 'ApplePurchaseKit' from project 'Pods')
    cd /Users/runner/work/Web_Browser/Web_Browser/Pods
    write-file /Users/runner/Library/Developer/Xcode/DerivedData/WebBrowser-clqywoufjsuyrtaownclvbrmxizr/Build/Intermediates.noindex/ArchiveIntermediates/WebBrowser/IntermediateBuildFilesPath/Pods.build/Release-iphoneos/ApplePurchaseKit.build/ApplePurchaseKit-own-target-headers.hmap

WriteAuxiliaryFile /Users/runner/Library/Developer/Xcode/DerivedData/WebBrowser-clqywoufjsuyrtaownclvbrmxizr/Build/Intermediates.noindex/ArchiveIntermediates/WebBrowser/IntermediateBuildFilesPath/Pods.build/Release-iphoneos/ApplePurchaseKit.build/ApplePurchaseKit-generated-files.hmap (in target 'ApplePurchaseKit' from project 'Pods')
    cd /Users/runner/work/Web_Browser/Web_Browser/Pods
    write-file /Users/runner/Library/Developer/Xcode/DerivedData/WebBrowser-clqywoufjsuyrtaownclvbrmxizr/Build/Intermediates.noindex/ArchiveIntermediates/WebBrowser/IntermediateBuildFilesPath/Pods.build/Release-iphoneos/ApplePurchaseKit.build/ApplePurchaseKit-generated-files.hmap

WriteAuxiliaryFile /Users/runner/Library/Developer/Xcode/DerivedData/WebBrowser-clqywoufjsuyrtaownclvbrmxizr/Build/Intermediates.noindex/ArchiveIntermediates/WebBrowser/IntermediateBuildFilesPath/Pods.build/Release-iphoneos/ApplePurchaseKit.build/ApplePurchaseKit-all-target-headers.hmap (in target 'ApplePurchaseKit' from project 'Pods')
    cd /Users/runner/work/Web_Browser/Web_Browser/Pods
    write-file /Users/runner/Library/Developer/Xcode/DerivedData/WebBrowser-clqywoufjsuyrtaownclvbrmxizr/Build/Intermediates.noindex/ArchiveIntermediates/WebBrowser/IntermediateBuildFilesPath/Pods.build/Release-iphoneos/ApplePurchaseKit.build/ApplePurchaseKit-all-target-headers.hmap

WriteAuxiliaryFile /Users/runner/Library/Developer/Xcode/DerivedData/WebBrowser-clqywoufjsuyrtaownclvbrmxizr/Build/Intermediates.noindex/ArchiveIntermediates/WebBrowser/IntermediateBuildFilesPath/Pods.build/Release-iphoneos/ApplePurchaseKit.build/ApplePurchaseKit-all-non-framework-target-headers.hmap (in target 'ApplePurchaseKit' from project 'Pods')
    cd /Users/runner/work/Web_Browser/Web_Browser/Pods
    write-file /Users/runner/Library/Developer/Xcode/DerivedData/WebBrowser-clqywoufjsuyrtaownclvbrmxizr/Build/Intermediates.noindex/ArchiveIntermediates/WebBrowser/IntermediateBuildFilesPath/Pods.build/Release-iphoneos/ApplePurchaseKit.build/ApplePurchaseKit-all-non-framework-target-headers.hmap

CpHeader /Users/runner/Library/Developer/Xcode/DerivedData/WebBrowser-clqywoufjsuyrtaownclvbrmxizr/Build/Intermediates.noindex/ArchiveIntermediates/WebBrowser/IntermediateBuildFilesPath/UninstalledProducts/iphoneos/ApplePurchaseKit.framework/Headers/ApplePurchaseKit-umbrella.h /Users/runner/work/Web_Browser/Web_Browser/Pods/Target\ Support\ Files/ApplePurchaseKit/ApplePurchaseKit-umbrella.h (in target 'ApplePurchaseKit' from project 'Pods')
    cd /Users/runner/work/Web_Browser/Web_Browser/Pods
    builtin-copy -exclude .DS_Store -exclude CVS -exclude .svn -exclude .git -exclude .hg -resolve-src-symlinks /Users/runner/work/Web_Browser/Web_Browser/Pods/Target\ Support\ Files/ApplePurchaseKit/ApplePurchaseKit-umbrella.h /Users/runner/Library/Developer/Xcode/DerivedData/WebBrowser-clqywoufjsuyrtaownclvbrmxizr/Build/Intermediates.noindex/ArchiveIntermediates/WebBrowser/IntermediateBuildFilesPath/UninstalledProducts/iphoneos/ApplePurchaseKit.framework/Headers

Concatenate /Users/runner/Library/Developer/Xcode/DerivedData/WebBrowser-clqywoufjsuyrtaownclvbrmxizr/Build/Intermediates.noindex/ArchiveIntermediates/WebBrowser/IntermediateBuildFilesPath/Pods.build/Release-iphoneos/ApplePurchaseKit.build/unextended-module.modulemap /Users/runner/work/Web_Browser/Web_Browser/Pods/Target\ Support\ Files/ApplePurchaseKit/ApplePurchaseKit.modulemap /Users/runner/Library/Developer/Xcode/DerivedData/WebBrowser-clqywoufjsuyrtaownclvbrmxizr/Build/Intermediates.noindex/ArchiveIntermediates/WebBrowser/IntermediateBuildFilesPath/Pods.build/Release-iphoneos/ApplePurchaseKit.build/unextended-module-swiftunextension.modulemap (in target 'ApplePurchaseKit' from project 'Pods')
    cd /Users/runner/work/Web_Browser/Web_Browser/Pods
    builtin-concatenate /Users/runner/Library/Developer/Xcode/DerivedData/WebBrowser-clqywoufjsuyrtaownclvbrmxizr/Build/Intermediates.noindex/ArchiveIntermediates/WebBrowser/IntermediateBuildFilesPath/Pods.build/Release-iphoneos/ApplePurchaseKit.build/unextended-module.modulemap /Users/runner/work/Web_Browser/Web_Browser/Pods/Target\ Support\ Files/ApplePurchaseKit/ApplePurchaseKit.modulemap /Users/runner/Library/Developer/Xcode/DerivedData/WebBrowser-clqywoufjsuyrtaownclvbrmxizr/Build/Intermediates.noindex/ArchiveIntermediates/WebBrowser/IntermediateBuildFilesPath/Pods.build/Release-iphoneos/ApplePurchaseKit.build/unextended-module-swiftunextension.modulemap

Concatenate /Users/runner/Library/Developer/Xcode/DerivedData/WebBrowser-clqywoufjsuyrtaownclvbrmxizr/Build/Intermediates.noindex/ArchiveIntermediates/WebBrowser/IntermediateBuildFilesPath/Pods.build/Release-iphoneos/ApplePurchaseKit.build/module.modulemap /Users/runner/work/Web_Browser/Web_Browser/Pods/Target\ Support\ Files/ApplePurchaseKit/ApplePurchaseKit.modulemap /Users/runner/Library/Developer/Xcode/DerivedData/WebBrowser-clqywoufjsuyrtaownclvbrmxizr/Build/Intermediates.noindex/ArchiveIntermediates/WebBrowser/IntermediateBuildFilesPath/Pods.build/Release-iphoneos/ApplePurchaseKit.build/module-swiftextension.modulemap (in target 'ApplePurchaseKit' from project 'Pods')
    cd /Users/runner/work/Web_Browser/Web_Browser/Pods
    builtin-concatenate /Users/runner/Library/Developer/Xcode/DerivedData/WebBrowser-clqywoufjsuyrtaownclvbrmxizr/Build/Intermediates.noindex/ArchiveIntermediates/WebBrowser/IntermediateBuildFilesPath/Pods.build/Release-iphoneos/ApplePurchaseKit.build/module.modulemap /Users/runner/work/Web_Browser/Web_Browser/Pods/Target\ Support\ Files/ApplePurchaseKit/ApplePurchaseKit.modulemap /Users/runner/Library/Developer/Xcode/DerivedData/WebBrowser-clqywoufjsuyrtaownclvbrmxizr/Build/Intermediates.noindex/ArchiveIntermediates/WebBrowser/IntermediateBuildFilesPath/Pods.build/Release-iphoneos/ApplePurchaseKit.build/module-swiftextension.modulemap

WriteAuxiliaryFile /Users/runner/Library/Developer/Xcode/DerivedData/WebBrowser-clqywoufjsuyrtaownclvbrmxizr/Build/Intermediates.noindex/ArchiveIntermediates/WebBrowser/IntermediateBuildFilesPath/Pods.build/Release-iphoneos/Ads-Global-TikTokBusinessSDK.build/TikTokBusinessSDK.hmap (in target 'Ads-Global-TikTokBusinessSDK' from project 'Pods')
    cd /Users/runner/work/Web_Browser/Web_Browser/Pods
    write-file /Users/runner/Library/Developer/Xcode/DerivedData/WebBrowser-clqywoufjsuyrtaownclvbrmxizr/Build/Intermediates.noindex/ArchiveIntermediates/WebBrowser/IntermediateBuildFilesPath/Pods.build/Release-iphoneos/Ads-Global-TikTokBusinessSDK.build/TikTokBusinessSDK.hmap

WriteAuxiliaryFile /Users/runner/Library/Developer/Xcode/DerivedData/WebBrowser-clqywoufjsuyrtaownclvbrmxizr/Build/Intermediates.noindex/ArchiveIntermediates/WebBrowser/IntermediateBuildFilesPath/Pods.build/Release-iphoneos/Ads-Global-TikTokBusinessSDK.build/TikTokBusinessSDK.DependencyStaticMetadataFileList (in target 'Ads-Global-TikTokBusinessSDK' from project 'Pods')
    cd /Users/runner/work/Web_Browser/Web_Browser/Pods
    write-file /Users/runner/Library/Developer/Xcode/DerivedData/WebBrowser-clqywoufjsuyrtaownclvbrmxizr/Build/Intermediates.noindex/ArchiveIntermediates/WebBrowser/IntermediateBuildFilesPath/Pods.build/Release-iphoneos/Ads-Global-TikTokBusinessSDK.build/TikTokBusinessSDK.DependencyStaticMetadataFileList

Copy /Users/runner/Library/Developer/Xcode/DerivedData/WebBrowser-clqywoufjsuyrtaownclvbrmxizr/Build/Intermediates.noindex/ArchiveIntermediates/WebBrowser/IntermediateBuildFilesPath/UninstalledProducts/iphoneos/ApplePurchaseKit.framework/Modules/module.modulemap /Users/runner/Library/Developer/Xcode/DerivedData/WebBrowser-clqywoufjsuyrtaownclvbrmxizr/Build/Intermediates.noindex/ArchiveIntermediates/WebBrowser/IntermediateBuildFilesPath/Pods.build/Release-iphoneos/ApplePurchaseKit.build/module.modulemap (in target 'ApplePurchaseKit' from project 'Pods')
    cd /Users/runner/work/Web_Browser/Web_Browser/Pods
    builtin-copy -exclude .DS_Store -exclude CVS -exclude .svn -exclude .git -exclude .hg -resolve-src-symlinks /Users/runner/Library/Developer/Xcode/DerivedData/WebBrowser-clqywoufjsuyrtaownclvbrmxizr/Build/Intermediates.noindex/ArchiveIntermediates/WebBrowser/IntermediateBuildFilesPath/Pods.build/Release-iphoneos/ApplePurchaseKit.build/module.modulemap /Users/runner/Library/Developer/Xcode/DerivedData/WebBrowser-clqywoufjsuyrtaownclvbrmxizr/Build/Intermediates.noindex/ArchiveIntermediates/WebBrowser/IntermediateBuildFilesPath/UninstalledProducts/iphoneos/ApplePurchaseKit.framework/Modules

WriteAuxiliaryFile /Users/runner/Library/Developer/Xcode/DerivedData/WebBrowser-clqywoufjsuyrtaownclvbrmxizr/Build/Intermediates.noindex/ArchiveIntermediates/WebBrowser/IntermediateBuildFilesPath/Pods.build/Release-iphoneos/Ads-Global-TikTokBusinessSDK.build/TikTokBusinessSDK.DependencyMetadataFileList (in target 'Ads-Global-TikTokBusinessSDK' from project 'Pods')
    cd /Users/runner/work/Web_Browser/Web_Browser/Pods
    write-file /Users/runner/Library/Developer/Xcode/DerivedData/WebBrowser-clqywoufjsuyrtaownclvbrmxizr/Build/Intermediates.noindex/ArchiveIntermediates/WebBrowser/IntermediateBuildFilesPath/Pods.build/Release-iphoneos/Ads-Global-TikTokBusinessSDK.build/TikTokBusinessSDK.DependencyMetadataFileList

WriteAuxiliaryFile /Users/runner/Library/Developer/Xcode/DerivedData/WebBrowser-clqywoufjsuyrtaownclvbrmxizr/Build/Intermediates.noindex/ArchiveIntermediates/WebBrowser/IntermediateBuildFilesPath/Pods.build/Release-iphoneos/Ads-Global-TikTokBusinessSDK.build/TikTokBusinessSDK-project-headers.hmap (in target 'Ads-Global-TikTokBusinessSDK' from project 'Pods')
    cd /Users/runner/work/Web_Browser/Web_Browser/Pods
    write-file /Users/runner/Library/Developer/Xcode/DerivedData/WebBrowser-clqywoufjsuyrtaownclvbrmxizr/Build/Intermediates.noindex/ArchiveIntermediates/WebBrowser/IntermediateBuildFilesPath/Pods.build/Release-iphoneos/Ads-Global-TikTokBusinessSDK.build/TikTokBusinessSDK-project-headers.hmap

WriteAuxiliaryFile /Users/runner/Library/Developer/Xcode/DerivedData/WebBrowser-clqywoufjsuyrtaownclvbrmxizr/Build/Intermediates.noindex/ArchiveIntermediates/WebBrowser/IntermediateBuildFilesPath/Pods.build/Release-iphoneos/Ads-Global-TikTokBusinessSDK.build/TikTokBusinessSDK-own-target-headers.hmap (in target 'Ads-Global-TikTokBusinessSDK' from project 'Pods')
    cd /Users/runner/work/Web_Browser/Web_Browser/Pods
    write-file /Users/runner/Library/Developer/Xcode/DerivedData/WebBrowser-clqywoufjsuyrtaownclvbrmxizr/Build/Intermediates.noindex/ArchiveIntermediates/WebBrowser/IntermediateBuildFilesPath/Pods.build/Release-iphoneos/Ads-Global-TikTokBusinessSDK.build/TikTokBusinessSDK-own-target-headers.hmap

WriteAuxiliaryFile /Users/runner/Library/Developer/Xcode/DerivedData/WebBrowser-clqywoufjsuyrtaownclvbrmxizr/Build/Intermediates.noindex/ArchiveIntermediates/WebBrowser/IntermediateBuildFilesPath/Pods.build/Release-iphoneos/Ads-Global-TikTokBusinessSDK.build/TikTokBusinessSDK-generated-files.hmap (in target 'Ads-Global-TikTokBusinessSDK' from project 'Pods')
    cd /Users/runner/work/Web_Browser/Web_Browser/Pods
    write-file /Users/runner/Library/Developer/Xcode/DerivedData/WebBrowser-clqywoufjsuyrtaownclvbrmxizr/Build/Intermediates.noindex/ArchiveIntermediates/WebBrowser/IntermediateBuildFilesPath/Pods.build/Release-iphoneos/Ads-Global-TikTokBusinessSDK.build/TikTokBusinessSDK-generated-files.hmap

WriteAuxiliaryFile /Users/runner/Library/Developer/Xcode/DerivedData/WebBrowser-clqywoufjsuyrtaownclvbrmxizr/Build/Intermediates.noindex/ArchiveIntermediates/WebBrowser/IntermediateBuildFilesPath/Pods.build/Release-iphoneos/Ads-Global-TikTokBusinessSDK.build/TikTokBusinessSDK-all-target-headers.hmap (in target 'Ads-Global-TikTokBusinessSDK' from project 'Pods')
    cd /Users/runner/work/Web_Browser/Web_Browser/Pods
    write-file /Users/runner/Library/Developer/Xcode/DerivedData/WebBrowser-clqywoufjsuyrtaownclvbrmxizr/Build/Intermediates.noindex/ArchiveIntermediates/WebBrowser/IntermediateBuildFilesPath/Pods.build/Release-iphoneos/Ads-Global-TikTokBusinessSDK.build/TikTokBusinessSDK-all-target-headers.hmap

WriteAuxiliaryFile /Users/runner/Library/Developer/Xcode/DerivedData/WebBrowser-clqywoufjsuyrtaownclvbrmxizr/Build/Intermediates.noindex/ArchiveIntermediates/WebBrowser/IntermediateBuildFilesPath/Pods.build/Release-iphoneos/Ads-Global-TikTokBusinessSDK.build/TikTokBusinessSDK-all-non-framework-target-headers.hmap (in target 'Ads-Global-TikTokBusinessSDK' from project 'Pods')
    cd /Users/runner/work/Web_Browser/Web_Browser/Pods
    write-file /Users/runner/Library/Developer/Xcode/DerivedData/WebBrowser-clqywoufjsuyrtaownclvbrmxizr/Build/Intermediates.noindex/ArchiveIntermediates/WebBrowser/IntermediateBuildFilesPath/Pods.build/Release-iphoneos/Ads-Global-TikTokBusinessSDK.build/TikTokBusinessSDK-all-non-framework-target-headers.hmap

SymLink /Users/runner/Library/Developer/Xcode/DerivedData/WebBrowser-clqywoufjsuyrtaownclvbrmxizr/Build/Intermediates.noindex/ArchiveIntermediates/WebBrowser/BuildProductsPath/Release-iphoneos/ApplePurchaseKit/ApplePurchaseKit.framework ../../../IntermediateBuildFilesPath/UninstalledProducts/iphoneos/ApplePurchaseKit.framework (in target 'ApplePurchaseKit' from project 'Pods')
    cd /Users/runner/work/Web_Browser/Web_Browser/Pods
    /bin/ln -sfh ../../../IntermediateBuildFilesPath/UninstalledProducts/iphoneos/ApplePurchaseKit.framework /Users/runner/Library/Developer/Xcode/DerivedData/WebBrowser-clqywoufjsuyrtaownclvbrmxizr/Build/Intermediates.noindex/ArchiveIntermediates/WebBrowser/BuildProductsPath/Release-iphoneos/ApplePurchaseKit/ApplePurchaseKit.framework

MkDir /Users/runner/Library/Developer/Xcode/DerivedData/WebBrowser-clqywoufjsuyrtaownclvbrmxizr/Build/Intermediates.noindex/ArchiveIntermediates/WebBrowser/IntermediateBuildFilesPath/UninstalledProducts/iphoneos/ApplePurchaseKit.framework/Headers (in target 'ApplePurchaseKit' from project 'Pods')
    cd /Users/runner/work/Web_Browser/Web_Browser/Pods
    /bin/mkdir -p /Users/runner/Library/Developer/Xcode/DerivedData/WebBrowser-clqywoufjsuyrtaownclvbrmxizr/Build/Intermediates.noindex/ArchiveIntermediates/WebBrowser/IntermediateBuildFilesPath/UninstalledProducts/iphoneos/ApplePurchaseKit.framework/Headers

MkDir /Users/runner/Library/Developer/Xcode/DerivedData/WebBrowser-clqywoufjsuyrtaownclvbrmxizr/Build/Intermediates.noindex/ArchiveIntermediates/WebBrowser/IntermediateBuildFilesPath/UninstalledProducts/iphoneos/ApplePurchaseKit.framework (in target 'ApplePurchaseKit' from project 'Pods')
    cd /Users/runner/work/Web_Browser/Web_Browser/Pods
    /bin/mkdir -p /Users/runner/Library/Developer/Xcode/DerivedData/WebBrowser-clqywoufjsuyrtaownclvbrmxizr/Build/Intermediates.noindex/ArchiveIntermediates/WebBrowser/IntermediateBuildFilesPath/UninstalledProducts/iphoneos/ApplePurchaseKit.framework

SymLink /Users/runner/Library/Developer/Xcode/DerivedData/WebBrowser-clqywoufjsuyrtaownclvbrmxizr/Build/Intermediates.noindex/ArchiveIntermediates/WebBrowser/BuildProductsPath/Release-iphoneos/Ads-Global/TikTokBusinessSDK.bundle ../../../IntermediateBuildFilesPath/UninstalledProducts/iphoneos/TikTokBusinessSDK.bundle (in target 'Ads-Global-TikTokBusinessSDK' from project 'Pods')
    cd /Users/runner/work/Web_Browser/Web_Browser/Pods
    /bin/ln -sfh ../../../IntermediateBuildFilesPath/UninstalledProducts/iphoneos/TikTokBusinessSDK.bundle /Users/runner/Library/Developer/Xcode/DerivedData/WebBrowser-clqywoufjsuyrtaownclvbrmxizr/Build/Intermediates.noindex/ArchiveIntermediates/WebBrowser/BuildProductsPath/Release-iphoneos/Ads-Global/TikTokBusinessSDK.bundle

MkDir /Users/runner/Library/Developer/Xcode/DerivedData/WebBrowser-clqywoufjsuyrtaownclvbrmxizr/Build/Intermediates.noindex/ArchiveIntermediates/WebBrowser/IntermediateBuildFilesPath/UninstalledProducts/iphoneos/TikTokBusinessSDK.bundle (in target 'Ads-Global-TikTokBusinessSDK' from project 'Pods')
    cd /Users/runner/work/Web_Browser/Web_Browser/Pods
    /bin/mkdir -p /Users/runner/Library/Developer/Xcode/DerivedData/WebBrowser-clqywoufjsuyrtaownclvbrmxizr/Build/Intermediates.noindex/ArchiveIntermediates/WebBrowser/IntermediateBuildFilesPath/UninstalledProducts/iphoneos/TikTokBusinessSDK.bundle

WriteAuxiliaryFile /Users/runner/Library/Developer/Xcode/DerivedData/WebBrowser-clqywoufjsuyrtaownclvbrmxizr/Build/Intermediates.noindex/ArchiveIntermediates/WebBrowser/IntermediateBuildFilesPath/Pods.build/Release-iphoneos/Ads-Global-AdsGlobalSDK.build/AdsGlobalSDK.hmap (in target 'Ads-Global-AdsGlobalSDK' from project 'Pods')
    cd /Users/runner/work/Web_Browser/Web_Browser/Pods
    write-file /Users/runner/Library/Developer/Xcode/DerivedData/WebBrowser-clqywoufjsuyrtaownclvbrmxizr/Build/Intermediates.noindex/ArchiveIntermediates/WebBrowser/IntermediateBuildFilesPath/Pods.build/Release-iphoneos/Ads-Global-AdsGlobalSDK.build/AdsGlobalSDK.hmap

WriteAuxiliaryFile /Users/runner/Library/Developer/Xcode/DerivedData/WebBrowser-clqywoufjsuyrtaownclvbrmxizr/Build/Intermediates.noindex/ArchiveIntermediates/WebBrowser/IntermediateBuildFilesPath/Pods.build/Release-iphoneos/Ads-Global-AdsGlobalSDK.build/AdsGlobalSDK.DependencyStaticMetadataFileList (in target 'Ads-Global-AdsGlobalSDK' from project 'Pods')
    cd /Users/runner/work/Web_Browser/Web_Browser/Pods
    write-file /Users/runner/Library/Developer/Xcode/DerivedData/WebBrowser-clqywoufjsuyrtaownclvbrmxizr/Build/Intermediates.noindex/ArchiveIntermediates/WebBrowser/IntermediateBuildFilesPath/Pods.build/Release-iphoneos/Ads-Global-AdsGlobalSDK.build/AdsGlobalSDK.DependencyStaticMetadataFileList

WriteAuxiliaryFile /Users/runner/Library/Developer/Xcode/DerivedData/WebBrowser-clqywoufjsuyrtaownclvbrmxizr/Build/Intermediates.noindex/ArchiveIntermediates/WebBrowser/IntermediateBuildFilesPath/Pods.build/Release-iphoneos/Ads-Global-AdsGlobalSDK.build/AdsGlobalSDK.DependencyMetadataFileList (in target 'Ads-Global-AdsGlobalSDK' from project 'Pods')
    cd /Users/runner/work/Web_Browser/Web_Browser/Pods
    write-file /Users/runner/Library/Developer/Xcode/DerivedData/WebBrowser-clqywoufjsuyrtaownclvbrmxizr/Build/Intermediates.noindex/ArchiveIntermediates/WebBrowser/IntermediateBuildFilesPath/Pods.build/Release-iphoneos/Ads-Global-AdsGlobalSDK.build/AdsGlobalSDK.DependencyMetadataFileList

WriteAuxiliaryFile /Users/runner/Library/Developer/Xcode/DerivedData/WebBrowser-clqywoufjsuyrtaownclvbrmxizr/Build/Intermediates.noindex/ArchiveIntermediates/WebBrowser/IntermediateBuildFilesPath/Pods.build/Release-iphoneos/Ads-Global-AdsGlobalSDK.build/AdsGlobalSDK-project-headers.hmap (in target 'Ads-Global-AdsGlobalSDK' from project 'Pods')
    cd /Users/runner/work/Web_Browser/Web_Browser/Pods
    write-file /Users/runner/Library/Developer/Xcode/DerivedData/WebBrowser-clqywoufjsuyrtaownclvbrmxizr/Build/Intermediates.noindex/ArchiveIntermediates/WebBrowser/IntermediateBuildFilesPath/Pods.build/Release-iphoneos/Ads-Global-AdsGlobalSDK.build/AdsGlobalSDK-project-headers.hmap

WriteAuxiliaryFile /Users/runner/Library/Developer/Xcode/DerivedData/WebBrowser-clqywoufjsuyrtaownclvbrmxizr/Build/Intermediates.noindex/ArchiveIntermediates/WebBrowser/IntermediateBuildFilesPath/Pods.build/Release-iphoneos/Ads-Global-AdsGlobalSDK.build/AdsGlobalSDK-own-target-headers.hmap (in target 'Ads-Global-AdsGlobalSDK' from project 'Pods')
    cd /Users/runner/work/Web_Browser/Web_Browser/Pods
    write-file /Users/runner/Library/Developer/Xcode/DerivedData/WebBrowser-clqywoufjsuyrtaownclvbrmxizr/Build/Intermediates.noindex/ArchiveIntermediates/WebBrowser/IntermediateBuildFilesPath/Pods.build/Release-iphoneos/Ads-Global-AdsGlobalSDK.build/AdsGlobalSDK-own-target-headers.hmap

WriteAuxiliaryFile /Users/runner/Library/Developer/Xcode/DerivedData/WebBrowser-clqywoufjsuyrtaownclvbrmxizr/Build/Intermediates.noindex/ArchiveIntermediates/WebBrowser/IntermediateBuildFilesPath/Pods.build/Release-iphoneos/Ads-Global-AdsGlobalSDK.build/AdsGlobalSDK-generated-files.hmap (in target 'Ads-Global-AdsGlobalSDK' from project 'Pods')
    cd /Users/runner/work/Web_Browser/Web_Browser/Pods
    write-file /Users/runner/Library/Developer/Xcode/DerivedData/WebBrowser-clqywoufjsuyrtaownclvbrmxizr/Build/Intermediates.noindex/ArchiveIntermediates/WebBrowser/IntermediateBuildFilesPath/Pods.build/Release-iphoneos/Ads-Global-AdsGlobalSDK.build/AdsGlobalSDK-generated-files.hmap

WriteAuxiliaryFile /Users/runner/Library/Developer/Xcode/DerivedData/WebBrowser-clqywoufjsuyrtaownclvbrmxizr/Build/Intermediates.noindex/ArchiveIntermediates/WebBrowser/IntermediateBuildFilesPath/Pods.build/Release-iphoneos/Ads-Global-AdsGlobalSDK.build/AdsGlobalSDK-all-target-headers.hmap (in target 'Ads-Global-AdsGlobalSDK' from project 'Pods')
    cd /Users/runner/work/Web_Browser/Web_Browser/Pods
    write-file /Users/runner/Library/Developer/Xcode/DerivedData/WebBrowser-clqywoufjsuyrtaownclvbrmxizr/Build/Intermediates.noindex/ArchiveIntermediates/WebBrowser/IntermediateBuildFilesPath/Pods.build/Release-iphoneos/Ads-Global-AdsGlobalSDK.build/AdsGlobalSDK-all-target-headers.hmap

WriteAuxiliaryFile /Users/runner/Library/Developer/Xcode/DerivedData/WebBrowser-clqywoufjsuyrtaownclvbrmxizr/Build/Intermediates.noindex/ArchiveIntermediates/WebBrowser/IntermediateBuildFilesPath/Pods.build/Release-iphoneos/Ads-Global-AdsGlobalSDK.build/AdsGlobalSDK-all-non-framework-target-headers.hmap (in target 'Ads-Global-AdsGlobalSDK' from project 'Pods')
    cd /Users/runner/work/Web_Browser/Web_Browser/Pods
    write-file /Users/runner/Library/Developer/Xcode/DerivedData/WebBrowser-clqywoufjsuyrtaownclvbrmxizr/Build/Intermediates.noindex/ArchiveIntermediates/WebBrowser/IntermediateBuildFilesPath/Pods.build/Release-iphoneos/Ads-Global-AdsGlobalSDK.build/AdsGlobalSDK-all-non-framework-target-headers.hmap

SymLink /Users/runner/Library/Developer/Xcode/DerivedData/WebBrowser-clqywoufjsuyrtaownclvbrmxizr/Build/Intermediates.noindex/ArchiveIntermediates/WebBrowser/BuildProductsPath/Release-iphoneos/Ads-Global/AdsGlobalSDK.bundle ../../../IntermediateBuildFilesPath/UninstalledProducts/iphoneos/AdsGlobalSDK.bundle (in target 'Ads-Global-AdsGlobalSDK' from project 'Pods')
    cd /Users/runner/work/Web_Browser/Web_Browser/Pods
    /bin/ln -sfh ../../../IntermediateBuildFilesPath/UninstalledProducts/iphoneos/AdsGlobalSDK.bundle /Users/runner/Library/Developer/Xcode/DerivedData/WebBrowser-clqywoufjsuyrtaownclvbrmxizr/Build/Intermediates.noindex/ArchiveIntermediates/WebBrowser/BuildProductsPath/Release-iphoneos/Ads-Global/AdsGlobalSDK.bundle

MkDir /Users/runner/Library/Developer/Xcode/DerivedData/WebBrowser-clqywoufjsuyrtaownclvbrmxizr/Build/Intermediates.noindex/ArchiveIntermediates/WebBrowser/IntermediateBuildFilesPath/UninstalledProducts/iphoneos/AdsGlobalSDK.bundle (in target 'Ads-Global-AdsGlobalSDK' from project 'Pods')
    cd /Users/runner/work/Web_Browser/Web_Browser/Pods
    /bin/mkdir -p /Users/runner/Library/Developer/Xcode/DerivedData/WebBrowser-clqywoufjsuyrtaownclvbrmxizr/Build/Intermediates.noindex/ArchiveIntermediates/WebBrowser/IntermediateBuildFilesPath/UninstalledProducts/iphoneos/AdsGlobalSDK.bundle

PhaseScriptExecution [CP]\ Copy\ XCFrameworks /Users/runner/Library/Developer/Xcode/DerivedData/WebBrowser-clqywoufjsuyrtaownclvbrmxizr/Build/Intermediates.noindex/ArchiveIntermediates/WebBrowser/IntermediateBuildFilesPath/Pods.build/Release-iphoneos/UMCommon.build/Script-B6D6707D6B9596CB6F6D0DE225B485F4.sh (in target 'UMCommon' from project 'Pods')
    cd /Users/runner/work/Web_Browser/Web_Browser/Pods
    /bin/sh -c /Users/runner/Library/Developer/Xcode/DerivedData/WebBrowser-clqywoufjsuyrtaownclvbrmxizr/Build/Intermediates.noindex/ArchiveIntermediates/WebBrowser/IntermediateBuildFilesPath/Pods.build/Release-iphoneos/UMCommon.build/Script-B6D6707D6B9596CB6F6D0DE225B485F4.sh
Selected xcframework slice ios-arm64
rsync --delete -av --filter P .*.?????? --links --filter "- CVS/" --filter "- .svn/" --filter "- .git/" --filter "- .hg/" "/Users/runner/work/Web_Browser/Web_Browser/Pods/UMCommon/UMCommon_7.6.4/UMCommon.xcframework/ios-arm64/*" "/Users/runner/Library/Developer/Xcode/DerivedData/WebBrowser-clqywoufjsuyrtaownclvbrmxizr/Build/Intermediates.noindex/ArchiveIntermediates/WebBrowser/BuildProductsPath/Release-iphoneos/XCFrameworkIntermediates/UMCommon"
Transfer starting: 17 files
UMCommon.framework/
UMCommon.framework/Info.plist
UMCommon.framework/PrivacyInfo.xcprivacy
UMCommon.framework/UMCommon
UMCommon.framework/Headers/
UMCommon.framework/Headers/MobClick.h
UMCommon.framework/Headers/UMCommon.h
UMCommon.framework/Headers/UMCommonDeepLink.h
UMCommon.framework/Headers/UMConfigure.h
UMCommon.framework/Modules/
UMCommon.framework/Modules/module.modulemap
UMCommon.framework/_CodeSignature/
UMCommon.framework/_CodeSignature/CodeDirectory
UMCommon.framework/_CodeSignature/CodeRequirements
UMCommon.framework/_CodeSignature/CodeRequirements-1
UMCommon.framework/_CodeSignature/CodeResources
UMCommon.framework/_CodeSignature/CodeSignature

sent 1807535 bytes  received 330 bytes  20756199 bytes/sec
total size is 1805517  speedup is 1.00
Copied /Users/runner/work/Web_Browser/Web_Browser/Pods/UMCommon/UMCommon_7.6.4/UMCommon.xcframework/ios-arm64 to /Users/runner/Library/Developer/Xcode/DerivedData/WebBrowser-clqywoufjsuyrtaownclvbrmxizr/Build/Intermediates.noindex/ArchiveIntermediates/WebBrowser/BuildProductsPath/Release-iphoneos/XCFrameworkIntermediates/UMCommon

PhaseScriptExecution [CP]\ Copy\ XCFrameworks /Users/runner/Library/Developer/Xcode/DerivedData/WebBrowser-clqywoufjsuyrtaownclvbrmxizr/Build/Intermediates.noindex/ArchiveIntermediates/WebBrowser/IntermediateBuildFilesPath/Pods.build/Release-iphoneos/TPNMediationAdxSmartdigimktAdapter.build/Script-321407375806862595DC785732A491B8.sh (in target 'TPNMediationAdxSmartdigimktAdapter' from project 'Pods')
    cd /Users/runner/work/Web_Browser/Web_Browser/Pods
    /bin/sh -c /Users/runner/Library/Developer/Xcode/DerivedData/WebBrowser-clqywoufjsuyrtaownclvbrmxizr/Build/Intermediates.noindex/ArchiveIntermediates/WebBrowser/IntermediateBuildFilesPath/Pods.build/Release-iphoneos/TPNMediationAdxSmartdigimktAdapter.build/Script-321407375806862595DC785732A491B8.sh
Selected xcframework slice ios-arm64
rsync --delete -av --filter P .*.?????? --links --filter "- CVS/" --filter "- .svn/" --filter "- .git/" --filter "- .hg/" "/Users/runner/work/Web_Browser/Web_Browser/Pods/TPNMediationAdxSmartdigimktAdapter/AnyThinkSmartdigimktAdapter-6.5.45.0/AnyThinkSmartdigimktAdapter.xcframework/ios-arm64/*" "/Users/runner/Library/Developer/Xcode/DerivedData/WebBrowser-clqywoufjsuyrtaownclvbrmxizr/Build/Intermediates.noindex/ArchiveIntermediates/WebBrowser/BuildProductsPath/Release-iphoneos/XCFrameworkIntermediates/TPNMediationAdxSmartdigimktAdapter"
Transfer starting: 7 files
AnyThinkSmartdigimktAdapter.framework/
AnyThinkSmartdigimktAdapter.framework/AnyThinkSmartdigimktAdapter
AnyThinkSmartdigimktAdapter.framework/Info.plist
AnyThinkSmartdigimktAdapter.framework/Headers/
AnyThinkSmartdigimktAdapter.framework/Headers/AnyThinkSmartdigimktAdapter.h
AnyThinkSmartdigimktAdapter.framework/Modules/
AnyThinkSmartdigimktAdapter.framework/Modules/module.modulemap

sent 849993 bytes  received 126 bytes  25683353 bytes/sec
total size is 849028  speedup is 1.00
Copied /Users/runner/work/Web_Browser/Web_Browser/Pods/TPNMediationAdxSmartdigimktAdapter/AnyThinkSmartdigimktAdapter-6.5.45.0/AnyThinkSmartdigimktAdapter.xcframework/ios-arm64 to /Users/runner/Library/Developer/Xcode/DerivedData/WebBrowser-clqywoufjsuyrtaownclvbrmxizr/Build/Intermediates.noindex/ArchiveIntermediates/WebBrowser/BuildProductsPath/Release-iphoneos/XCFrameworkIntermediates/TPNMediationAdxSmartdigimktAdapter

ProcessInfoPlistFile /Users/runner/Library/Developer/Xcode/DerivedData/WebBrowser-clqywoufjsuyrtaownclvbrmxizr/Build/Intermediates.noindex/ArchiveIntermediates/WebBrowser/IntermediateBuildFilesPath/UninstalledProducts/iphoneos/SVProgressHUD.framework/Info.plist /Users/runner/work/Web_Browser/Web_Browser/Pods/Target\ Support\ Files/SVProgressHUD/SVProgressHUD-Info.plist (in target 'SVProgressHUD' from project 'Pods')
    cd /Users/runner/work/Web_Browser/Web_Browser/Pods
    builtin-infoPlistUtility /Users/runner/work/Web_Browser/Web_Browser/Pods/Target\ Support\ Files/SVProgressHUD/SVProgressHUD-Info.plist -producttype com.apple.product-type.framework -expandbuildsettings -format binary -platform iphoneos -requiredArchitecture arm64 -o /Users/runner/Library/Developer/Xcode/DerivedData/WebBrowser-clqywoufjsuyrtaownclvbrmxizr/Build/Intermediates.noindex/ArchiveIntermediates/WebBrowser/IntermediateBuildFilesPath/UninstalledProducts/iphoneos/SVProgressHUD.framework/Info.plist

CpResource /Users/runner/Library/Developer/Xcode/DerivedData/WebBrowser-clqywoufjsuyrtaownclvbrmxizr/Build/Intermediates.noindex/ArchiveIntermediates/WebBrowser/IntermediateBuildFilesPath/UninstalledProducts/iphoneos/SVProgressHUD.framework/SVProgressHUD.bundle /Users/runner/work/Web_Browser/Web_Browser/Pods/SVProgressHUD/SVProgressHUD/SVProgressHUD.bundle (in target 'SVProgressHUD' from project 'Pods')
    cd /Users/runner/work/Web_Browser/Web_Browser/Pods
    builtin-copy -exclude .DS_Store -exclude CVS -exclude .svn -exclude .git -exclude .hg -resolve-src-symlinks /Users/runner/work/Web_Browser/Web_Browser/Pods/SVProgressHUD/SVProgressHUD/SVProgressHUD.bundle /Users/runner/Library/Developer/Xcode/DerivedData/WebBrowser-clqywoufjsuyrtaownclvbrmxizr/Build/Intermediates.noindex/ArchiveIntermediates/WebBrowser/IntermediateBuildFilesPath/UninstalledProducts/iphoneos/SVProgressHUD.framework

CpResource /Users/runner/Library/Developer/Xcode/DerivedData/WebBrowser-clqywoufjsuyrtaownclvbrmxizr/Build/Intermediates.noindex/ArchiveIntermediates/WebBrowser/IntermediateBuildFilesPath/UninstalledProducts/iphoneos/SVProgressHUD.framework/PrivacyInfo.xcprivacy /Users/runner/work/Web_Browser/Web_Browser/Pods/SVProgressHUD/SVProgressHUD/PrivacyInfo.xcprivacy (in target 'SVProgressHUD' from project 'Pods')
    cd /Users/runner/work/Web_Browser/Web_Browser/Pods
    builtin-copy -exclude .DS_Store -exclude CVS -exclude .svn -exclude .git -exclude .hg -resolve-src-symlinks /Users/runner/work/Web_Browser/Web_Browser/Pods/SVProgressHUD/SVProgressHUD/PrivacyInfo.xcprivacy /Users/runner/Library/Developer/Xcode/DerivedData/WebBrowser-clqywoufjsuyrtaownclvbrmxizr/Build/Intermediates.noindex/ArchiveIntermediates/WebBrowser/IntermediateBuildFilesPath/UninstalledProducts/iphoneos/SVProgressHUD.framework

ProcessInfoPlistFile /Users/runner/Library/Developer/Xcode/DerivedData/WebBrowser-clqywoufjsuyrtaownclvbrmxizr/Build/Intermediates.noindex/ArchiveIntermediates/WebBrowser/IntermediateBuildFilesPath/UninstalledProducts/iphoneos/MTGSDK.bundle/Info.plist /Users/runner/work/Web_Browser/Web_Browser/Pods/Target\ Support\ Files/MintegralAdSDK/ResourceBundle-MTGSDK-MintegralAdSDK-Info.plist (in target 'MintegralAdSDK-MTGSDK' from project 'Pods')
    cd /Users/runner/work/Web_Browser/Web_Browser/Pods
    builtin-infoPlistUtility /Users/runner/work/Web_Browser/Web_Browser/Pods/Target\ Support\ Files/MintegralAdSDK/ResourceBundle-MTGSDK-MintegralAdSDK-Info.plist -producttype com.apple.product-type.bundle -expandbuildsettings -format binary -platform iphoneos -requiredArchitecture arm64 -o /Users/runner/Library/Developer/Xcode/DerivedData/WebBrowser-clqywoufjsuyrtaownclvbrmxizr/Build/Intermediates.noindex/ArchiveIntermediates/WebBrowser/IntermediateBuildFilesPath/UninstalledProducts/iphoneos/MTGSDK.bundle/Info.plist

CpResource /Users/runner/Library/Developer/Xcode/DerivedData/WebBrowser-clqywoufjsuyrtaownclvbrmxizr/Build/Intermediates.noindex/ArchiveIntermediates/WebBrowser/IntermediateBuildFilesPath/UninstalledProducts/iphoneos/MTGSDK.bundle/PrivacyInfo.xcprivacy /Users/runner/work/Web_Browser/Web_Browser/Pods/MintegralAdSDK/Fmk/MTGSDK.xcframework/ios-arm64/MTGSDK.framework/PrivacyInfo.xcprivacy (in target 'MintegralAdSDK-MTGSDK' from project 'Pods')
    cd /Users/runner/work/Web_Browser/Web_Browser/Pods
    builtin-copy -exclude .DS_Store -exclude CVS -exclude .svn -exclude .git -exclude .hg -resolve-src-symlinks /Users/runner/work/Web_Browser/Web_Browser/Pods/MintegralAdSDK/Fmk/MTGSDK.xcframework/ios-arm64/MTGSDK.framework/PrivacyInfo.xcprivacy /Users/runner/Library/Developer/Xcode/DerivedData/WebBrowser-clqywoufjsuyrtaownclvbrmxizr/Build/Intermediates.noindex/ArchiveIntermediates/WebBrowser/IntermediateBuildFilesPath/UninstalledProducts/iphoneos/MTGSDK.bundle

PhaseScriptExecution [CP]\ Copy\ XCFrameworks /Users/runner/Library/Developer/Xcode/DerivedData/WebBrowser-clqywoufjsuyrtaownclvbrmxizr/Build/Intermediates.noindex/ArchiveIntermediates/WebBrowser/IntermediateBuildFilesPath/Pods.build/Release-iphoneos/TPNMediationInmobiAdapter.build/Script-D29D3D83171C5275812AAAEE47AF38B5.sh (in target 'TPNMediationInmobiAdapter' from project 'Pods')
    cd /Users/runner/work/Web_Browser/Web_Browser/Pods
    /bin/sh -c /Users/runner/Library/Developer/Xcode/DerivedData/WebBrowser-clqywoufjsuyrtaownclvbrmxizr/Build/Intermediates.noindex/ArchiveIntermediates/WebBrowser/IntermediateBuildFilesPath/Pods.build/Release-iphoneos/TPNMediationInmobiAdapter.build/Script-D29D3D83171C5275812AAAEE47AF38B5.sh
Selected xcframework slice ios-arm64
rsync --delete -av --filter P .*.?????? --links --filter "- CVS/" --filter "- .svn/" --filter "- .git/" --filter "- .hg/" "/Users/runner/work/Web_Browser/Web_Browser/Pods/TPNMediationInmobiAdapter/AnyThinkInmobiAdapter-11.1.0.0/AnyThinkInmobiAdapter.xcframework/ios-arm64/*" "/Users/runner/Library/Developer/Xcode/DerivedData/WebBrowser-clqywoufjsuyrtaownclvbrmxizr/Build/Intermediates.noindex/ArchiveIntermediates/WebBrowser/BuildProductsPath/Release-iphoneos/XCFrameworkIntermediates/TPNMediationInmobiAdapter"
Transfer starting: 7 files
AnyThinkInmobiAdapter.framework/
AnyThinkInmobiAdapter.framework/AnyThinkInmobiAdapter
AnyThinkInmobiAdapter.framework/Info.plist
AnyThinkInmobiAdapter.framework/Headers/
AnyThinkInmobiAdapter.framework/Headers/AnyThinkInmobiAdapter.h
AnyThinkInmobiAdapter.framework/Modules/
AnyThinkInmobiAdapter.framework/Modules/module.modulemap

sent 347363 bytes  received 126 bytes  28718099 bytes/sec
total size is 346512  speedup is 1.00
Copied /Users/runner/work/Web_Browser/Web_Browser/Pods/TPNMediationInmobiAdapter/AnyThinkInmobiAdapter-11.1.0.0/AnyThinkInmobiAdapter.xcframework/ios-arm64 to /Users/runner/Library/Developer/Xcode/DerivedData/WebBrowser-clqywoufjsuyrtaownclvbrmxizr/Build/Intermediates.noindex/ArchiveIntermediates/WebBrowser/BuildProductsPath/Release-iphoneos/XCFrameworkIntermediates/TPNMediationInmobiAdapter

ProcessInfoPlistFile /Users/runner/Library/Developer/Xcode/DerivedData/WebBrowser-clqywoufjsuyrtaownclvbrmxizr/Build/Intermediates.noindex/ArchiveIntermediates/WebBrowser/IntermediateBuildFilesPath/UninstalledProducts/iphoneos/KeychainAccess.framework/Info.plist /Users/runner/work/Web_Browser/Web_Browser/Pods/Target\ Support\ Files/KeychainAccess/KeychainAccess-Info.plist (in target 'KeychainAccess' from project 'Pods')
    cd /Users/runner/work/Web_Browser/Web_Browser/Pods
    builtin-infoPlistUtility /Users/runner/work/Web_Browser/Web_Browser/Pods/Target\ Support\ Files/KeychainAccess/KeychainAccess-Info.plist -producttype com.apple.product-type.framework -expandbuildsettings -format binary -platform iphoneos -requiredArchitecture arm64 -o /Users/runner/Library/Developer/Xcode/DerivedData/WebBrowser-clqywoufjsuyrtaownclvbrmxizr/Build/Intermediates.noindex/ArchiveIntermediates/WebBrowser/IntermediateBuildFilesPath/UninstalledProducts/iphoneos/KeychainAccess.framework/Info.plist

SetOwnerAndGroup runner:staff /Users/runner/Library/Developer/Xcode/DerivedData/WebBrowser-clqywoufjsuyrtaownclvbrmxizr/Build/Intermediates.noindex/ArchiveIntermediates/WebBrowser/IntermediateBuildFilesPath/UninstalledProducts/iphoneos/MTGSDK.bundle (in target 'MintegralAdSDK-MTGSDK' from project 'Pods')
    cd /Users/runner/work/Web_Browser/Web_Browser/Pods
    /usr/sbin/chown -RH runner:staff /Users/runner/Library/Developer/Xcode/DerivedData/WebBrowser-clqywoufjsuyrtaownclvbrmxizr/Build/Intermediates.noindex/ArchiveIntermediates/WebBrowser/IntermediateBuildFilesPath/UninstalledProducts/iphoneos/MTGSDK.bundle

SetMode u+w,go-w,a+rX /Users/runner/Library/Developer/Xcode/DerivedData/WebBrowser-clqywoufjsuyrtaownclvbrmxizr/Build/Intermediates.noindex/ArchiveIntermediates/WebBrowser/IntermediateBuildFilesPath/UninstalledProducts/iphoneos/MTGSDK.bundle (in target 'MintegralAdSDK-MTGSDK' from project 'Pods')
    cd /Users/runner/work/Web_Browser/Web_Browser/Pods
    /bin/chmod -RH u+w,go-w,a+rX /Users/runner/Library/Developer/Xcode/DerivedData/WebBrowser-clqywoufjsuyrtaownclvbrmxizr/Build/Intermediates.noindex/ArchiveIntermediates/WebBrowser/IntermediateBuildFilesPath/UninstalledProducts/iphoneos/MTGSDK.bundle

RegisterExecutionPolicyException /Users/runner/Library/Developer/Xcode/DerivedData/WebBrowser-clqywoufjsuyrtaownclvbrmxizr/Build/Intermediates.noindex/ArchiveIntermediates/WebBrowser/IntermediateBuildFilesPath/UninstalledProducts/iphoneos/MTGSDK.bundle (in target 'MintegralAdSDK-MTGSDK' from project 'Pods')
    cd /Users/runner/work/Web_Browser/Web_Browser/Pods
    builtin-RegisterExecutionPolicyException /Users/runner/Library/Developer/Xcode/DerivedData/WebBrowser-clqywoufjsuyrtaownclvbrmxizr/Build/Intermediates.noindex/ArchiveIntermediates/WebBrowser/IntermediateBuildFilesPath/UninstalledProducts/iphoneos/MTGSDK.bundle

Touch /Users/runner/Library/Developer/Xcode/DerivedData/WebBrowser-clqywoufjsuyrtaownclvbrmxizr/Build/Intermediates.noindex/ArchiveIntermediates/WebBrowser/IntermediateBuildFilesPath/UninstalledProducts/iphoneos/MTGSDK.bundle (in target 'MintegralAdSDK-MTGSDK' from project 'Pods')
    cd /Users/runner/work/Web_Browser/Web_Browser/Pods
    /usr/bin/touch -c /Users/runner/Library/Developer/Xcode/DerivedData/WebBrowser-clqywoufjsuyrtaownclvbrmxizr/Build/Intermediates.noindex/ArchiveIntermediates/WebBrowser/IntermediateBuildFilesPath/UninstalledProducts/iphoneos/MTGSDK.bundle

PhaseScriptExecution [CP]\ Copy\ XCFrameworks /Users/runner/Library/Developer/Xcode/DerivedData/WebBrowser-clqywoufjsuyrtaownclvbrmxizr/Build/Intermediates.noindex/ArchiveIntermediates/WebBrowser/IntermediateBuildFilesPath/Pods.build/Release-iphoneos/MintegralAdSDK.build/Script-913B196655DE10582268512F07EAAD65.sh (in target 'MintegralAdSDK' from project 'Pods')
    cd /Users/runner/work/Web_Browser/Web_Browser/Pods
    /bin/sh -c /Users/runner/Library/Developer/Xcode/DerivedData/WebBrowser-clqywoufjsuyrtaownclvbrmxizr/Build/Intermediates.noindex/ArchiveIntermediates/WebBrowser/IntermediateBuildFilesPath/Pods.build/Release-iphoneos/MintegralAdSDK.build/Script-913B196655DE10582268512F07EAAD65.sh
Selected xcframework slice ios-arm64
rsync --delete -av --filter P .*.?????? --links --filter "- CVS/" --filter "- .svn/" --filter "- .git/" --filter "- .hg/" "/Users/runner/work/Web_Browser/Web_Browser/Pods/MintegralAdSDK/Fmk/MTGSDKBanner.xcframework/ios-arm64/*" "/Users/runner/Library/Developer/Xcode/DerivedData/WebBrowser-clqywoufjsuyrtaownclvbrmxizr/Build/Intermediates.noindex/ArchiveIntermediates/WebBrowser/BuildProductsPath/Release-iphoneos/XCFrameworkIntermediates/MintegralAdSDK/BannerAd"
Transfer starting: 14 files
MTGSDKBanner.framework/
MTGSDKBanner.framework/Info.plist
MTGSDKBanner.framework/MTGSDKBanner
MTGSDKBanner.framework/Headers/
MTGSDKBanner.framework/Headers/MTGBannerAdView.h
MTGSDKBanner.framework/Headers/MTGBannerAdViewDelegate.h
MTGSDKBanner.framework/Modules/
MTGSDKBanner.framework/Modules/module.modulemap
MTGSDKBanner.framework/_CodeSignature/
MTGSDKBanner.framework/_CodeSignature/CodeDirectory
MTGSDKBanner.framework/_CodeSignature/CodeRequirements
MTGSDKBanner.framework/_CodeSignature/CodeRequirements-1
MTGSDKBanner.framework/_CodeSignature/CodeResources
MTGSDKBanner.framework/_CodeSignature/CodeSignature

sent 301225 bytes  received 264 bytes  19966158 bytes/sec
total size is 299647  speedup is 0.99
Copied /Users/runner/work/Web_Browser/Web_Browser/Pods/MintegralAdSDK/Fmk/MTGSDKBanner.xcframework/ios-arm64 to /Users/runner/Library/Developer/Xcode/DerivedData/WebBrowser-clqywoufjsuyrtaownclvbrmxizr/Build/Intermediates.noindex/ArchiveIntermediates/WebBrowser/BuildProductsPath/Release-iphoneos/XCFrameworkIntermediates/MintegralAdSDK/BannerAd
Selected xcframework slice ios-arm64
rsync --delete -av --filter P .*.?????? --links --filter "- CVS/" --filter "- .svn/" --filter "- .git/" --filter "- .hg/" "/Users/runner/work/Web_Browser/Web_Browser/Pods/MintegralAdSDK/Fmk/MTGSDKBidding.xcframework/ios-arm64/*" "/Users/runner/Library/Developer/Xcode/DerivedData/WebBrowser-clqywoufjsuyrtaownclvbrmxizr/Build/Intermediates.noindex/ArchiveIntermediates/WebBrowser/BuildProductsPath/Release-iphoneos/XCFrameworkIntermediates/MintegralAdSDK/BidNativeAd"
Transfer starting: 20 files
MTGSDKBidding.framework/
MTGSDKBidding.framework/Info.plist
MTGSDKBidding.framework/MTGSDKBidding
MTGSDKBidding.framework/Headers/
MTGSDKBidding.framework/Headers/MTGBiddingBannerRequestParameter.h
MTGSDKBidding.framework/Headers/MTGBiddingHeader.h
MTGSDKBidding.framework/Headers/MTGBiddingNativeAdvancedAdRequestParameter.h
MTGSDKBidding.framework/Headers/MTGBiddingRequest.h
MTGSDKBidding.framework/Headers/MTGBiddingRequestParameter.h
MTGSDKBidding.framework/Headers/MTGBiddingResponse.h
MTGSDKBidding.framework/Headers/MTGBiddingSDK.h
MTGSDKBidding.framework/Headers/MTGBiddingSplashRequestParameter.h
MTGSDKBidding.framework/Modules/
MTGSDKBidding.framework/Modules/module.modulemap
MTGSDKBidding.framework/_CodeSignature/
MTGSDKBidding.framework/_CodeSignature/CodeDirectory
MTGSDKBidding.framework/_CodeSignature/CodeRequirements
MTGSDKBidding.framework/_CodeSignature/CodeRequirements-1
MTGSDKBidding.framework/_CodeSignature/CodeResources
MTGSDKBidding.framework/_CodeSignature/CodeSignature

sent 136339 bytes  received 396 bytes  13538118 bytes/sec
total size is 133978  speedup is 0.98
Copied /Users/runner/work/Web_Browser/Web_Browser/Pods/MintegralAdSDK/Fmk/MTGSDKBidding.xcframework/ios-arm64 to /Users/runner/Library/Developer/Xcode/DerivedData/WebBrowser-clqywoufjsuyrtaownclvbrmxizr/Build/Intermediates.noindex/ArchiveIntermediates/WebBrowser/BuildProductsPath/Release-iphoneos/XCFrameworkIntermediates/MintegralAdSDK/BidNativeAd
Selected xcframework slice ios-arm64
rsync --delete -av --filter P .*.?????? --links --filter "- CVS/" --filter "- .svn/" --filter "- .git/" --filter "- .hg/" "/Users/runner/work/Web_Browser/Web_Browser/Pods/MintegralAdSDK/Fmk/MTGSDKInterstitialVideo.xcframework/ios-arm64/*" "/Users/runner/Library/Developer/Xcode/DerivedData/WebBrowser-clqywoufjsuyrtaownclvbrmxizr/Build/Intermediates.noindex/ArchiveIntermediates/WebBrowser/BuildProductsPath/Release-iphoneos/XCFrameworkIntermediates/MintegralAdSDK/InterstitialVideoAd"
Transfer starting: 15 files
MTGSDKInterstitialVideo.framework/
MTGSDKInterstitialVideo.framework/Info.plist
MTGSDKInterstitialVideo.framework/MTGSDKInterstitialVideo
MTGSDKInterstitialVideo.framework/Headers/
MTGSDKInterstitialVideo.framework/Headers/MTGBidInterstitialVideoAdManager.h
MTGSDKInterstitialVideo.framework/Headers/MTGInterstitialVideoAd.h
MTGSDKInterstitialVideo.framework/Headers/MTGInterstitialVideoAdManager.h
MTGSDKInterstitialVideo.framework/Modules/
MTGSDKInterstitialVideo.framework/Modules/module.modulemap
MTGSDKInterstitialVideo.framework/_CodeSignature/
MTGSDKInterstitialVideo.framework/_CodeSignature/CodeDirectory
MTGSDKInterstitialVideo.framework/_CodeSignature/CodeRequirements
MTGSDKInterstitialVideo.framework/_CodeSignature/CodeRequirements-1
MTGSDKInterstitialVideo.framework/_CodeSignature/CodeResources
MTGSDKInterstitialVideo.framework/_CodeSignature/CodeSignature

sent 104757 bytes  received 286 bytes  12968271 bytes/sec
total size is 102878  speedup is 0.98
Copied /Users/runner/work/Web_Browser/Web_Browser/Pods/MintegralAdSDK/Fmk/MTGSDKInterstitialVideo.xcframework/ios-arm64 to /Users/runner/Library/Developer/Xcode/DerivedData/WebBrowser-clqywoufjsuyrtaownclvbrmxizr/Build/Intermediates.noindex/ArchiveIntermediates/WebBrowser/BuildProductsPath/Release-iphoneos/XCFrameworkIntermediates/MintegralAdSDK/InterstitialVideoAd
Selected xcframework slice ios-arm64
rsync --delete -av --filter P .*.?????? --links --filter "- CVS/" --filter "- .svn/" --filter "- .git/" --filter "- .hg/" "/Users/runner/work/Web_Browser/Web_Browser/Pods/MintegralAdSDK/Fmk/MTGSDK.xcframework/ios-arm64/*" "/Users/runner/Library/Developer/Xcode/DerivedData/WebBrowser-clqywoufjsuyrtaownclvbrmxizr/Build/Intermediates.noindex/ArchiveIntermediates/WebBrowser/BuildProductsPath/Release-iphoneos/XCFrameworkIntermediates/MintegralAdSDK/NativeAd"
Transfer starting: 36 files
MTGSDK.framework/
MTGSDK.framework/Info.plist
MTGSDK.framework/MTGSDK
MTGSDK.framework/PrivacyInfo.xcprivacy
MTGSDK.framework/Headers/
MTGSDK.framework/Headers/MTGAdChoicesView.h
MTGSDK.framework/Headers/MTGAdSize.h
MTGSDK.framework/Headers/MTGBidNativeAdManager.h
MTGSDK.framework/Headers/MTGBool.h
MTGSDK.framework/Headers/MTGCampaign.h
MTGSDK.framework/Headers/MTGErrorCodeConstant.h
MTGSDK.framework/Headers/MTGFrame.h
MTGSDK.framework/Headers/MTGMediaView.h
MTGSDK.framework/Headers/MTGNativeAd.h
MTGSDK.framework/Headers/MTGNativeAdManager.h
MTGSDK.framework/Headers/MTGRewardAdInfo.h
MTGSDK.framework/Headers/MTGSDK-Swift.h
MTGSDK.framework/Headers/MTGSDK.h
MTGSDK.framework/Headers/MTGSDKUmbrellaHeaders.h
MTGSDK.framework/Headers/MTGTemplate.h
MTGSDK.framework/Headers/MTGTrackAdRevenue.h
MTGSDK.framework/Headers/MTGTrackAdRevenueModel.h
MTGSDK.framework/Headers/MTGUserInfo.h
MTGSDK.framework/Modules/
MTGSDK.framework/Modules/module.modulemap
MTGSDK.framework/Modules/MTGSDK.swiftmodule/
MTGSDK.framework/Modules/MTGSDK.swiftmodule/arm64-apple-ios.abi.json
MTGSDK.framework/Modules/MTGSDK.swiftmodule/arm64-apple-ios.private.swiftinterface
MTGSDK.framework/Modules/MTGSDK.swiftmodule/arm64-apple-ios.swiftdoc
MTGSDK.framework/Modules/MTGSDK.swiftmodule/arm64-apple-ios.swiftinterface
MTGSDK.framework/_CodeSignature/
MTGSDK.framework/_CodeSignature/CodeDirectory
MTGSDK.framework/_CodeSignature/CodeRequirements
MTGSDK.framework/_CodeSignature/CodeRequirements-1
MTGSDK.framework/_CodeSignature/CodeResources
MTGSDK.framework/_CodeSignature/CodeSignature

sent 15179458 bytes  received 732 bytes  74376237 bytes/sec
total size is 15173625  speedup is 1.00
Copied /Users/runner/work/Web_Browser/Web_Browser/Pods/MintegralAdSDK/Fmk/MTGSDK.xcframework/ios-arm64 to /Users/runner/Library/Developer/Xcode/DerivedData/WebBrowser-clqywoufjsuyrtaownclvbrmxizr/Build/Intermediates.noindex/ArchiveIntermediates/WebBrowser/BuildProductsPath/Release-iphoneos/XCFrameworkIntermediates/MintegralAdSDK/NativeAd
Selected xcframework slice ios-arm64
rsync --delete -av --filter P .*.?????? --links --filter "- CVS/" --filter "- .svn/" --filter "- .git/" --filter "- .hg/" "/Users/runner/work/Web_Browser/Web_Browser/Pods/MintegralAdSDK/Fmk/MTGSDKNativeAdvanced.xcframework/ios-arm64/*" "/Users/runner/Library/Developer/Xcode/DerivedData/WebBrowser-clqywoufjsuyrtaownclvbrmxizr/Build/Intermediates.noindex/ArchiveIntermediates/WebBrowser/BuildProductsPath/Release-iphoneos/XCFrameworkIntermediates/MintegralAdSDK/NativeAdvancedAd"
Transfer starting: 14 files
MTGSDKNativeAdvanced.framework/
MTGSDKNativeAdvanced.framework/Info.plist
MTGSDKNativeAdvanced.framework/MTGSDKNativeAdvanced
MTGSDKNativeAdvanced.framework/Headers/
MTGSDKNativeAdvanced.framework/Headers/MTGNativeAdvancedAd.h
MTGSDKNativeAdvanced.framework/Headers/MTGNativeAdvancedAdDelegate.h
MTGSDKNativeAdvanced.framework/Modules/
MTGSDKNativeAdvanced.framework/Modules/module.modulemap
MTGSDKNativeAdvanced.framework/_CodeSignature/
MTGSDKNativeAdvanced.framework/_CodeSignature/CodeDirectory
MTGSDKNativeAdvanced.framework/_CodeSignature/CodeRequirements
MTGSDKNativeAdvanced.framework/_CodeSignature/CodeRequirements-1
MTGSDKNativeAdvanced.framework/_CodeSignature/CodeResources
MTGSDKNativeAdvanced.framework/_CodeSignature/CodeSignature

sent 106604 bytes  received 264 bytes  13193580 bytes/sec
total size is 104922  speedup is 0.98
Copied /Users/runner/work/Web_Browser/Web_Browser/Pods/MintegralAdSDK/Fmk/MTGSDKNativeAdvanced.xcframework/ios-arm64 to /Users/runner/Library/Developer/Xcode/DerivedData/WebBrowser-clqywoufjsuyrtaownclvbrmxizr/Build/Intermediates.noindex/ArchiveIntermediates/WebBrowser/BuildProductsPath/Release-iphoneos/XCFrameworkIntermediates/MintegralAdSDK/NativeAdvancedAd
Selected xcframework slice ios-arm64
rsync --delete -av --filter P .*.?????? --links --filter "- CVS/" --filter "- .svn/" --filter "- .git/" --filter "- .hg/" "/Users/runner/work/Web_Browser/Web_Browser/Pods/MintegralAdSDK/Fmk/MTGSDKNewInterstitial.xcframework/ios-arm64/*" "/Users/runner/Library/Developer/Xcode/DerivedData/WebBrowser-clqywoufjsuyrtaownclvbrmxizr/Build/Intermediates.noindex/ArchiveIntermediates/WebBrowser/BuildProductsPath/Release-iphoneos/XCFrameworkIntermediates/MintegralAdSDK/NewInterstitialAd"
Transfer starting: 15 files
MTGSDKNewInterstitial.framework/
MTGSDKNewInterstitial.framework/Info.plist
MTGSDKNewInterstitial.framework/MTGSDKNewInterstitial
MTGSDKNewInterstitial.framework/Headers/
MTGSDKNewInterstitial.framework/Headers/MTGNewInterstitialAdManager.h
MTGSDKNewInterstitial.framework/Headers/MTGNewInterstitialBidAdManager.h
MTGSDKNewInterstitial.framework/Headers/MTGSDKNewInterstitial.h
MTGSDKNewInterstitial.framework/Modules/
MTGSDKNewInterstitial.framework/Modules/module.modulemap
MTGSDKNewInterstitial.framework/_CodeSignature/
MTGSDKNewInterstitial.framework/_CodeSignature/CodeDirectory
MTGSDKNewInterstitial.framework/_CodeSignature/CodeRequirements
MTGSDKNewInterstitial.framework/_CodeSignature/CodeRequirements-1
MTGSDKNewInterstitial.framework/_CodeSignature/CodeResources
MTGSDKNewInterstitial.framework/_CodeSignature/CodeSignature

sent 89375 bytes  received 286 bytes  8077567 bytes/sec
total size is 87537  speedup is 0.98
Copied /Users/runner/work/Web_Browser/Web_Browser/Pods/MintegralAdSDK/Fmk/MTGSDKNewInterstitial.xcframework/ios-arm64 to /Users/runner/Library/Developer/Xcode/DerivedData/WebBrowser-clqywoufjsuyrtaownclvbrmxizr/Build/Intermediates.noindex/ArchiveIntermediates/WebBrowser/BuildProductsPath/Release-iphoneos/XCFrameworkIntermediates/MintegralAdSDK/NewInterstitialAd
Selected xcframework slice ios-arm64
rsync --delete -av --filter P .*.?????? --links --filter "- CVS/" --filter "- .svn/" --filter "- .git/" --filter "- .hg/" "/Users/runner/work/Web_Browser/Web_Browser/Pods/MintegralAdSDK/Fmk/MTGSDKReward.xcframework/ios-arm64/*" "/Users/runner/Library/Developer/Xcode/DerivedData/WebBrowser-clqywoufjsuyrtaownclvbrmxizr/Build/Intermediates.noindex/ArchiveIntermediates/WebBrowser/BuildProductsPath/Release-iphoneos/XCFrameworkIntermediates/MintegralAdSDK/RewardVideoAd"
Transfer starting: 15 files
MTGSDKReward.framework/
MTGSDKReward.framework/Info.plist
MTGSDKReward.framework/MTGSDKReward
MTGSDKReward.framework/Headers/
MTGSDKReward.framework/Headers/MTGBidRewardAdManager.h
MTGSDKReward.framework/Headers/MTGRewardAd.h
MTGSDKReward.framework/Headers/MTGRewardAdManager.h
MTGSDKReward.framework/Modules/
MTGSDKReward.framework/Modules/module.modulemap
MTGSDKReward.framework/_CodeSignature/
MTGSDKReward.framework/_CodeSignature/CodeDirectory
MTGSDKReward.framework/_CodeSignature/CodeRequirements
MTGSDKReward.framework/_CodeSignature/CodeRequirements-1
MTGSDKReward.framework/_CodeSignature/CodeResources
MTGSDKReward.framework/_CodeSignature/CodeSignature

sent 95918 bytes  received 286 bytes  10571868 bytes/sec
total size is 94248  speedup is 0.98
Copied /Users/runner/work/Web_Browser/Web_Browser/Pods/MintegralAdSDK/Fmk/MTGSDKReward.xcframework/ios-arm64 to /Users/runner/Library/Developer/Xcode/DerivedData/WebBrowser-clqywoufjsuyrtaownclvbrmxizr/Build/Intermediates.noindex/ArchiveIntermediates/WebBrowser/BuildProductsPath/Release-iphoneos/XCFrameworkIntermediates/MintegralAdSDK/RewardVideoAd
Selected xcframework slice ios-arm64
rsync --delete -av --filter P .*.?????? --links --filter "- CVS/" --filter "- .svn/" --filter "- .git/" --filter "- .hg/" "/Users/runner/work/Web_Browser/Web_Browser/Pods/MintegralAdSDK/Fmk/MTGSDKSplash.xcframework/ios-arm64/*" "/Users/runner/Library/Developer/Xcode/DerivedData/WebBrowser-clqywoufjsuyrtaownclvbrmxizr/Build/Intermediates.noindex/ArchiveIntermediates/WebBrowser/BuildProductsPath/Release-iphoneos/XCFrameworkIntermediates/MintegralAdSDK/SplashAd"
Transfer starting: 13 files
MTGSDKSplash.framework/
MTGSDKSplash.framework/Info.plist
MTGSDKSplash.framework/MTGSDKSplash
MTGSDKSplash.framework/Headers/
MTGSDKSplash.framework/Headers/MTGSplashAD.h
MTGSDKSplash.framework/Modules/
MTGSDKSplash.framework/Modules/module.modulemap
MTGSDKSplash.framework/_CodeSignature/
MTGSDKSplash.framework/_CodeSignature/CodeDirectory
MTGSDKSplash.framework/_CodeSignature/CodeRequirements
MTGSDKSplash.framework/_CodeSignature/CodeRequirements-1
MTGSDKSplash.framework/_CodeSignature/CodeResources
MTGSDKSplash.framework/_CodeSignature/CodeSignature

sent 624420 bytes  received 242 bytes  14493317 bytes/sec
total size is 622933  speedup is 1.00
Copied /Users/runner/work/Web_Browser/Web_Browser/Pods/MintegralAdSDK/Fmk/MTGSDKSplash.xcframework/ios-arm64 to /Users/runner/Library/Developer/Xcode/DerivedData/WebBrowser-clqywoufjsuyrtaownclvbrmxizr/Build/Intermediates.noindex/ArchiveIntermediates/WebBrowser/BuildProductsPath/Release-iphoneos/XCFrameworkIntermediates/MintegralAdSDK/SplashAd

ProcessInfoPlistFile /Users/runner/Library/Developer/Xcode/DerivedData/WebBrowser-clqywoufjsuyrtaownclvbrmxizr/Build/Intermediates.noindex/ArchiveIntermediates/WebBrowser/IntermediateBuildFilesPath/UninstalledProducts/iphoneos/FBAudienceNetwork.bundle/Info.plist /Users/runner/work/Web_Browser/Web_Browser/Pods/Target\ Support\ Files/FBAudienceNetwork/ResourceBundle-FBAudienceNetwork-FBAudienceNetwork-Info.plist (in target 'FBAudienceNetwork-FBAudienceNetwork' from project 'Pods')
    cd /Users/runner/work/Web_Browser/Web_Browser/Pods
    builtin-infoPlistUtility /Users/runner/work/Web_Browser/Web_Browser/Pods/Target\ Support\ Files/FBAudienceNetwork/ResourceBundle-FBAudienceNetwork-FBAudienceNetwork-Info.plist -producttype com.apple.product-type.bundle -expandbuildsettings -format binary -platform iphoneos -requiredArchitecture arm64 -o /Users/runner/Library/Developer/Xcode/DerivedData/WebBrowser-clqywoufjsuyrtaownclvbrmxizr/Build/Intermediates.noindex/ArchiveIntermediates/WebBrowser/IntermediateBuildFilesPath/UninstalledProducts/iphoneos/FBAudienceNetwork.bundle/Info.plist

CpResource /Users/runner/Library/Developer/Xcode/DerivedData/WebBrowser-clqywoufjsuyrtaownclvbrmxizr/Build/Intermediates.noindex/ArchiveIntermediates/WebBrowser/IntermediateBuildFilesPath/UninstalledProducts/iphoneos/FBAudienceNetwork.bundle/PrivacyInfo.xcprivacy /Users/runner/work/Web_Browser/Web_Browser/Pods/FBAudienceNetwork/Dynamic/FBAudienceNetwork.xcframework/ios-arm64/FBAudienceNetwork.framework/PrivacyInfo.xcprivacy (in target 'FBAudienceNetwork-FBAudienceNetwork' from project 'Pods')
    cd /Users/runner/work/Web_Browser/Web_Browser/Pods
    builtin-copy -exclude .DS_Store -exclude CVS -exclude .svn -exclude .git -exclude .hg -resolve-src-symlinks /Users/runner/work/Web_Browser/Web_Browser/Pods/FBAudienceNetwork/Dynamic/FBAudienceNetwork.xcframework/ios-arm64/FBAudienceNetwork.framework/PrivacyInfo.xcprivacy /Users/runner/Library/Developer/Xcode/DerivedData/WebBrowser-clqywoufjsuyrtaownclvbrmxizr/Build/Intermediates.noindex/ArchiveIntermediates/WebBrowser/IntermediateBuildFilesPath/UninstalledProducts/iphoneos/FBAudienceNetwork.bundle

ProcessInfoPlistFile /Users/runner/Library/Developer/Xcode/DerivedData/WebBrowser-clqywoufjsuyrtaownclvbrmxizr/Build/Intermediates.noindex/ArchiveIntermediates/WebBrowser/IntermediateBuildFilesPath/UninstalledProducts/iphoneos/TikTokBusinessSDK.bundle/Info.plist /Users/runner/work/Web_Browser/Web_Browser/Pods/Target\ Support\ Files/Ads-Global/ResourceBundle-TikTokBusinessSDK-Ads-Global-Info.plist (in target 'Ads-Global-TikTokBusinessSDK' from project 'Pods')
    cd /Users/runner/work/Web_Browser/Web_Browser/Pods
    builtin-infoPlistUtility /Users/runner/work/Web_Browser/Web_Browser/Pods/Target\ Support\ Files/Ads-Global/ResourceBundle-TikTokBusinessSDK-Ads-Global-Info.plist -producttype com.apple.product-type.bundle -expandbuildsettings -format binary -platform iphoneos -requiredArchitecture arm64 -o /Users/runner/Library/Developer/Xcode/DerivedData/WebBrowser-clqywoufjsuyrtaownclvbrmxizr/Build/Intermediates.noindex/ArchiveIntermediates/WebBrowser/IntermediateBuildFilesPath/UninstalledProducts/iphoneos/TikTokBusinessSDK.bundle/Info.plist

CpResource /Users/runner/Library/Developer/Xcode/DerivedData/WebBrowser-clqywoufjsuyrtaownclvbrmxizr/Build/Intermediates.noindex/ArchiveIntermediates/WebBrowser/IntermediateBuildFilesPath/UninstalledProducts/iphoneos/TikTokBusinessSDK.bundle/PrivacyInfo.xcprivacy /Users/runner/work/Web_Browser/Web_Browser/Pods/Ads-Global/SDK/TikTokBusinessSDK.xcframework/ios-arm64/TikTokBusinessSDK.framework/PrivacyInfo.xcprivacy (in target 'Ads-Global-TikTokBusinessSDK' from project 'Pods')
    cd /Users/runner/work/Web_Browser/Web_Browser/Pods
    builtin-copy -exclude .DS_Store -exclude CVS -exclude .svn -exclude .git -exclude .hg -resolve-src-symlinks /Users/runner/work/Web_Browser/Web_Browser/Pods/Ads-Global/SDK/TikTokBusinessSDK.xcframework/ios-arm64/TikTokBusinessSDK.framework/PrivacyInfo.xcprivacy /Users/runner/Library/Developer/Xcode/DerivedData/WebBrowser-clqywoufjsuyrtaownclvbrmxizr/Build/Intermediates.noindex/ArchiveIntermediates/WebBrowser/IntermediateBuildFilesPath/UninstalledProducts/iphoneos/TikTokBusinessSDK.bundle

SetOwnerAndGroup runner:staff /Users/runner/Library/Developer/Xcode/DerivedData/WebBrowser-clqywoufjsuyrtaownclvbrmxizr/Build/Intermediates.noindex/ArchiveIntermediates/WebBrowser/IntermediateBuildFilesPath/UninstalledProducts/iphoneos/FBAudienceNetwork.bundle (in target 'FBAudienceNetwork-FBAudienceNetwork' from project 'Pods')
    cd /Users/runner/work/Web_Browser/Web_Browser/Pods
    /usr/sbin/chown -RH runner:staff /Users/runner/Library/Developer/Xcode/DerivedData/WebBrowser-clqywoufjsuyrtaownclvbrmxizr/Build/Intermediates.noindex/ArchiveIntermediates/WebBrowser/IntermediateBuildFilesPath/UninstalledProducts/iphoneos/FBAudienceNetwork.bundle

SetMode u+w,go-w,a+rX /Users/runner/Library/Developer/Xcode/DerivedData/WebBrowser-clqywoufjsuyrtaownclvbrmxizr/Build/Intermediates.noindex/ArchiveIntermediates/WebBrowser/IntermediateBuildFilesPath/UninstalledProducts/iphoneos/FBAudienceNetwork.bundle (in target 'FBAudienceNetwork-FBAudienceNetwork' from project 'Pods')
    cd /Users/runner/work/Web_Browser/Web_Browser/Pods
    /bin/chmod -RH u+w,go-w,a+rX /Users/runner/Library/Developer/Xcode/DerivedData/WebBrowser-clqywoufjsuyrtaownclvbrmxizr/Build/Intermediates.noindex/ArchiveIntermediates/WebBrowser/IntermediateBuildFilesPath/UninstalledProducts/iphoneos/FBAudienceNetwork.bundle

RegisterExecutionPolicyException /Users/runner/Library/Developer/Xcode/DerivedData/WebBrowser-clqywoufjsuyrtaownclvbrmxizr/Build/Intermediates.noindex/ArchiveIntermediates/WebBrowser/IntermediateBuildFilesPath/UninstalledProducts/iphoneos/FBAudienceNetwork.bundle (in target 'FBAudienceNetwork-FBAudienceNetwork' from project 'Pods')
    cd /Users/runner/work/Web_Browser/Web_Browser/Pods
    builtin-RegisterExecutionPolicyException /Users/runner/Library/Developer/Xcode/DerivedData/WebBrowser-clqywoufjsuyrtaownclvbrmxizr/Build/Intermediates.noindex/ArchiveIntermediates/WebBrowser/IntermediateBuildFilesPath/UninstalledProducts/iphoneos/FBAudienceNetwork.bundle

Touch /Users/runner/Library/Developer/Xcode/DerivedData/WebBrowser-clqywoufjsuyrtaownclvbrmxizr/Build/Intermediates.noindex/ArchiveIntermediates/WebBrowser/IntermediateBuildFilesPath/UninstalledProducts/iphoneos/FBAudienceNetwork.bundle (in target 'FBAudienceNetwork-FBAudienceNetwork' from project 'Pods')
    cd /Users/runner/work/Web_Browser/Web_Browser/Pods
    /usr/bin/touch -c /Users/runner/Library/Developer/Xcode/DerivedData/WebBrowser-clqywoufjsuyrtaownclvbrmxizr/Build/Intermediates.noindex/ArchiveIntermediates/WebBrowser/IntermediateBuildFilesPath/UninstalledProducts/iphoneos/FBAudienceNetwork.bundle

PhaseScriptExecution [CP]\ Copy\ XCFrameworks /Users/runner/Library/Developer/Xcode/DerivedData/WebBrowser-clqywoufjsuyrtaownclvbrmxizr/Build/Intermediates.noindex/ArchiveIntermediates/WebBrowser/IntermediateBuildFilesPath/Pods.build/Release-iphoneos/FBAudienceNetwork.build/Script-0B30F088A2909E57C202CEE685795F3A.sh (in target 'FBAudienceNetwork' from project 'Pods')
    cd /Users/runner/work/Web_Browser/Web_Browser/Pods
    /bin/sh -c /Users/runner/Library/Developer/Xcode/DerivedData/WebBrowser-clqywoufjsuyrtaownclvbrmxizr/Build/Intermediates.noindex/ArchiveIntermediates/WebBrowser/IntermediateBuildFilesPath/Pods.build/Release-iphoneos/FBAudienceNetwork.build/Script-0B30F088A2909E57C202CEE685795F3A.sh
Selected xcframework slice ios-arm64
rsync --delete -av --filter P .*.?????? --links --filter "- CVS/" --filter "- .svn/" --filter "- .git/" --filter "- .hg/" "/Users/runner/work/Web_Browser/Web_Browser/Pods/FBAudienceNetwork/Dynamic/FBAudienceNetwork.xcframework/ios-arm64/*" "/Users/runner/Library/Developer/Xcode/DerivedData/WebBrowser-clqywoufjsuyrtaownclvbrmxizr/Build/Intermediates.noindex/ArchiveIntermediates/WebBrowser/BuildProductsPath/Release-iphoneos/XCFrameworkIntermediates/FBAudienceNetwork"
Transfer starting: 57 files
FBAudienceNetwork.framework/
FBAudienceNetwork.framework/FBAudienceNetwork
FBAudienceNetwork.framework/Info.plist
FBAudienceNetwork.framework/PkgInfo
FBAudienceNetwork.framework/PrivacyInfo.xcprivacy
FBAudienceNetwork.framework/Headers/
FBAudienceNetwork.framework/Headers/FBAdBridgeCommon.h
FBAudienceNetwork.framework/Headers/FBAdBridgeContainer.h
FBAudienceNetwork.framework/Headers/FBAdChoicesView.h
FBAudienceNetwork.framework/Headers/FBAdCompanionView.h
FBAudienceNetwork.framework/Headers/FBAdDefines.h
FBAudienceNetwork.framework/Headers/FBAdExperienceConfig.h
FBAudienceNetwork.framework/Headers/FBAdExtraHint.h
FBAudienceNetwork.framework/Headers/FBAdIconView.h
FBAudienceNetwork.framework/Headers/FBAdImage.h
FBAudienceNetwork.framework/Headers/FBAdOptionsView.h
FBAudienceNetwork.framework/Headers/FBAdSDKNotificationManager.h
FBAudienceNetwork.framework/Headers/FBAdSettings.h
FBAudienceNetwork.framework/Headers/FBAdSettingsBridge.h
FBAudienceNetwork.framework/Headers/FBAdSize.h
FBAudienceNetwork.framework/Headers/FBAdUtilityBridge.h
FBAudienceNetwork.framework/Headers/FBAdView.h
FBAudienceNetwork.framework/Headers/FBAdViewBridge.h
FBAudienceNetwork.framework/Headers/FBAudienceNetwork.h
FBAudienceNetwork.framework/Headers/FBAudienceNetworkAds.h
FBAudienceNetwork.framework/Headers/FBBaseDefines.h
FBAudienceNetwork.framework/Headers/FBCMockDefines.h
FBAudienceNetwork.framework/Headers/FBDefines.h
FBAudienceNetwork.framework/Headers/FBDynamicBannerAd.h
FBAudienceNetwork.framework/Headers/FBInterstitialAd.h
FBAudienceNetwork.framework/Headers/FBInterstitialAdBridge.h
FBAudienceNetwork.framework/Headers/FBMediaView.h
FBAudienceNetwork.framework/Headers/FBMediaViewVideoRenderer.h
FBAudienceNetwork.framework/Headers/FBNativeAd.h
FBAudienceNetwork.framework/Headers/FBNativeAdBase.h
FBAudienceNetwork.framework/Headers/FBNativeAdBaseView.h
FBAudienceNetwork.framework/Headers/FBNativeAdCollectionViewAdProvider.h
FBAudienceNetwork.framework/Headers/FBNativeAdCollectionViewCellProvider.h
FBAudienceNetwork.framework/Headers/FBNativeAdScrollView.h
FBAudienceNetwork.framework/Headers/FBNativeAdTableViewAdProvider.h
FBAudienceNetwork.framework/Headers/FBNativeAdTableViewCellProvider.h
FBAudienceNetwork.framework/Headers/FBNativeAdView.h
FBAudienceNetwork.framework/Headers/FBNativeAdViewAttributes.h
FBAudienceNetwork.framework/Headers/FBNativeAdsManager.h
FBAudienceNetwork.framework/Headers/FBNativeBannerAd.h
FBAudienceNetwork.framework/Headers/FBNativeBannerAdView.h
FBAudienceNetwork.framework/Headers/FBRewardedInterstitialAd.h
FBAudienceNetwork.framework/Headers/FBRewardedVideoAd.h
FBAudienceNetwork.framework/Headers/FBRewardedVideoAdBridge.h
FBAudienceNetwork.framework/Headers/PikaOptimizationsMacros.h
FBAudienceNetwork.framework/Headers/UIView+FBNativeAdViewTag.h
FBAudienceNetwork.framework/Headers/lang.h
FBAudienceNetwork.framework/Headers/switch.h
FBAudienceNetwork.framework/Modules/
FBAudienceNetwork.framework/Modules/module.modulemap
FBAudienceNetwork.framework/_CodeSignature/
FBAudienceNetwork.framework/_CodeSignature/CodeResources

sent 7225291 bytes  received 1210 bytes  88020718 bytes/sec
total size is 7217423  speedup is 1.00
Copied /Users/runner/work/Web_Browser/Web_Browser/Pods/FBAudienceNetwork/Dynamic/FBAudienceNetwork.xcframework/ios-arm64 to /Users/runner/Library/Developer/Xcode/DerivedData/WebBrowser-clqywoufjsuyrtaownclvbrmxizr/Build/Intermediates.noindex/ArchiveIntermediates/WebBrowser/BuildProductsPath/Release-iphoneos/XCFrameworkIntermediates/FBAudienceNetwork

PhaseScriptExecution [CP]\ Copy\ XCFrameworks /Users/runner/Library/Developer/Xcode/DerivedData/WebBrowser-clqywoufjsuyrtaownclvbrmxizr/Build/Intermediates.noindex/ArchiveIntermediates/WebBrowser/IntermediateBuildFilesPath/Pods.build/Release-iphoneos/TPNMediationFacebookAdapter.build/Script-F02F3C1FE677D6723A46C31264EF59C7.sh (in target 'TPNMediationFacebookAdapter' from project 'Pods')
    cd /Users/runner/work/Web_Browser/Web_Browser/Pods
    /bin/sh -c /Users/runner/Library/Developer/Xcode/DerivedData/WebBrowser-clqywoufjsuyrtaownclvbrmxizr/Build/Intermediates.noindex/ArchiveIntermediates/WebBrowser/IntermediateBuildFilesPath/Pods.build/Release-iphoneos/TPNMediationFacebookAdapter.build/Script-F02F3C1FE677D6723A46C31264EF59C7.sh
Selected xcframework slice ios-arm64
rsync --delete -av --filter P .*.?????? --links --filter "- CVS/" --filter "- .svn/" --filter "- .git/" --filter "- .hg/" "/Users/runner/work/Web_Browser/Web_Browser/Pods/TPNMediationFacebookAdapter/AnyThinkFacebookAdapter-6.21.1.0/AnyThinkFacebookAdapter.xcframework/ios-arm64/*" "/Users/runner/Library/Developer/Xcode/DerivedData/WebBrowser-clqywoufjsuyrtaownclvbrmxizr/Build/Intermediates.noindex/ArchiveIntermediates/WebBrowser/BuildProductsPath/Release-iphoneos/XCFrameworkIntermediates/TPNMediationFacebookAdapter"
Transfer starting: 8 files
AnyThinkFacebookAdapter.framework/
AnyThinkFacebookAdapter.framework/AnyThinkFacebookAdapter
AnyThinkFacebookAdapter.framework/Info.plist
AnyThinkFacebookAdapter.framework/Headers/
AnyThinkFacebookAdapter.framework/Headers/ATFacebookConfigure.h
AnyThinkFacebookAdapter.framework/Headers/AnyThinkFacebookAdapter.h
AnyThinkFacebookAdapter.framework/Modules/
AnyThinkFacebookAdapter.framework/Modules/module.modulemap

sent 295312 bytes  received 148 bytes  32468131 bytes/sec
total size is 294317  speedup is 1.00
Copied /Users/runner/work/Web_Browser/Web_Browser/Pods/TPNMediationFacebookAdapter/AnyThinkFacebookAdapter-6.21.1.0/AnyThinkFacebookAdapter.xcframework/ios-arm64 to /Users/runner/Library/Developer/Xcode/DerivedData/WebBrowser-clqywoufjsuyrtaownclvbrmxizr/Build/Intermediates.noindex/ArchiveIntermediates/WebBrowser/BuildProductsPath/Release-iphoneos/XCFrameworkIntermediates/TPNMediationFacebookAdapter

SetOwnerAndGroup runner:staff /Users/runner/Library/Developer/Xcode/DerivedData/WebBrowser-clqywoufjsuyrtaownclvbrmxizr/Build/Intermediates.noindex/ArchiveIntermediates/WebBrowser/IntermediateBuildFilesPath/UninstalledProducts/iphoneos/TikTokBusinessSDK.bundle (in target 'Ads-Global-TikTokBusinessSDK' from project 'Pods')
    cd /Users/runner/work/Web_Browser/Web_Browser/Pods
    /usr/sbin/chown -RH runner:staff /Users/runner/Library/Developer/Xcode/DerivedData/WebBrowser-clqywoufjsuyrtaownclvbrmxizr/Build/Intermediates.noindex/ArchiveIntermediates/WebBrowser/IntermediateBuildFilesPath/UninstalledProducts/iphoneos/TikTokBusinessSDK.bundle

SetMode u+w,go-w,a+rX /Users/runner/Library/Developer/Xcode/DerivedData/WebBrowser-clqywoufjsuyrtaownclvbrmxizr/Build/Intermediates.noindex/ArchiveIntermediates/WebBrowser/IntermediateBuildFilesPath/UninstalledProducts/iphoneos/TikTokBusinessSDK.bundle (in target 'Ads-Global-TikTokBusinessSDK' from project 'Pods')
    cd /Users/runner/work/Web_Browser/Web_Browser/Pods
    /bin/chmod -RH u+w,go-w,a+rX /Users/runner/Library/Developer/Xcode/DerivedData/WebBrowser-clqywoufjsuyrtaownclvbrmxizr/Build/Intermediates.noindex/ArchiveIntermediates/WebBrowser/IntermediateBuildFilesPath/UninstalledProducts/iphoneos/TikTokBusinessSDK.bundle

ProcessInfoPlistFile /Users/runner/Library/Developer/Xcode/DerivedData/WebBrowser-clqywoufjsuyrtaownclvbrmxizr/Build/Intermediates.noindex/ArchiveIntermediates/WebBrowser/IntermediateBuildFilesPath/UninstalledProducts/iphoneos/AdsGlobalSDK.bundle/Info.plist /Users/runner/work/Web_Browser/Web_Browser/Pods/Target\ Support\ Files/Ads-Global/ResourceBundle-AdsGlobalSDK-Ads-Global-Info.plist (in target 'Ads-Global-AdsGlobalSDK' from project 'Pods')
    cd /Users/runner/work/Web_Browser/Web_Browser/Pods
    builtin-infoPlistUtility /Users/runner/work/Web_Browser/Web_Browser/Pods/Target\ Support\ Files/Ads-Global/ResourceBundle-AdsGlobalSDK-Ads-Global-Info.plist -producttype com.apple.product-type.bundle -expandbuildsettings -format binary -platform iphoneos -requiredArchitecture arm64 -o /Users/runner/Library/Developer/Xcode/DerivedData/WebBrowser-clqywoufjsuyrtaownclvbrmxizr/Build/Intermediates.noindex/ArchiveIntermediates/WebBrowser/IntermediateBuildFilesPath/UninstalledProducts/iphoneos/AdsGlobalSDK.bundle/Info.plist

CpResource /Users/runner/Library/Developer/Xcode/DerivedData/WebBrowser-clqywoufjsuyrtaownclvbrmxizr/Build/Intermediates.noindex/ArchiveIntermediates/WebBrowser/IntermediateBuildFilesPath/UninstalledProducts/iphoneos/AdsGlobalSDK.bundle/PrivacyInfo.xcprivacy /Users/runner/work/Web_Browser/Web_Browser/Pods/Ads-Global/SDK/PAGAdSDK.xcframework/ios-arm64/PAGAdSDK.framework/PrivacyInfo.xcprivacy (in target 'Ads-Global-AdsGlobalSDK' from project 'Pods')
    cd /Users/runner/work/Web_Browser/Web_Browser/Pods
    builtin-copy -exclude .DS_Store -exclude CVS -exclude .svn -exclude .git -exclude .hg -resolve-src-symlinks /Users/runner/work/Web_Browser/Web_Browser/Pods/Ads-Global/SDK/PAGAdSDK.xcframework/ios-arm64/PAGAdSDK.framework/PrivacyInfo.xcprivacy /Users/runner/Library/Developer/Xcode/DerivedData/WebBrowser-clqywoufjsuyrtaownclvbrmxizr/Build/Intermediates.noindex/ArchiveIntermediates/WebBrowser/IntermediateBuildFilesPath/UninstalledProducts/iphoneos/AdsGlobalSDK.bundle

RegisterExecutionPolicyException /Users/runner/Library/Developer/Xcode/DerivedData/WebBrowser-clqywoufjsuyrtaownclvbrmxizr/Build/Intermediates.noindex/ArchiveIntermediates/WebBrowser/IntermediateBuildFilesPath/UninstalledProducts/iphoneos/TikTokBusinessSDK.bundle (in target 'Ads-Global-TikTokBusinessSDK' from project 'Pods')
    cd /Users/runner/work/Web_Browser/Web_Browser/Pods
    builtin-RegisterExecutionPolicyException /Users/runner/Library/Developer/Xcode/DerivedData/WebBrowser-clqywoufjsuyrtaownclvbrmxizr/Build/Intermediates.noindex/ArchiveIntermediates/WebBrowser/IntermediateBuildFilesPath/UninstalledProducts/iphoneos/TikTokBusinessSDK.bundle

Touch /Users/runner/Library/Developer/Xcode/DerivedData/WebBrowser-clqywoufjsuyrtaownclvbrmxizr/Build/Intermediates.noindex/ArchiveIntermediates/WebBrowser/IntermediateBuildFilesPath/UninstalledProducts/iphoneos/TikTokBusinessSDK.bundle (in target 'Ads-Global-TikTokBusinessSDK' from project 'Pods')
    cd /Users/runner/work/Web_Browser/Web_Browser/Pods
    /usr/bin/touch -c /Users/runner/Library/Developer/Xcode/DerivedData/WebBrowser-clqywoufjsuyrtaownclvbrmxizr/Build/Intermediates.noindex/ArchiveIntermediates/WebBrowser/IntermediateBuildFilesPath/UninstalledProducts/iphoneos/TikTokBusinessSDK.bundle

SetOwnerAndGroup runner:staff /Users/runner/Library/Developer/Xcode/DerivedData/WebBrowser-clqywoufjsuyrtaownclvbrmxizr/Build/Intermediates.noindex/ArchiveIntermediates/WebBrowser/IntermediateBuildFilesPath/UninstalledProducts/iphoneos/AdsGlobalSDK.bundle (in target 'Ads-Global-AdsGlobalSDK' from project 'Pods')
    cd /Users/runner/work/Web_Browser/Web_Browser/Pods
    /usr/sbin/chown -RH runner:staff /Users/runner/Library/Developer/Xcode/DerivedData/WebBrowser-clqywoufjsuyrtaownclvbrmxizr/Build/Intermediates.noindex/ArchiveIntermediates/WebBrowser/IntermediateBuildFilesPath/UninstalledProducts/iphoneos/AdsGlobalSDK.bundle

SetMode u+w,go-w,a+rX /Users/runner/Library/Developer/Xcode/DerivedData/WebBrowser-clqywoufjsuyrtaownclvbrmxizr/Build/Intermediates.noindex/ArchiveIntermediates/WebBrowser/IntermediateBuildFilesPath/UninstalledProducts/iphoneos/AdsGlobalSDK.bundle (in target 'Ads-Global-AdsGlobalSDK' from project 'Pods')
    cd /Users/runner/work/Web_Browser/Web_Browser/Pods
    /bin/chmod -RH u+w,go-w,a+rX /Users/runner/Library/Developer/Xcode/DerivedData/WebBrowser-clqywoufjsuyrtaownclvbrmxizr/Build/Intermediates.noindex/ArchiveIntermediates/WebBrowser/IntermediateBuildFilesPath/UninstalledProducts/iphoneos/AdsGlobalSDK.bundle

RegisterExecutionPolicyException /Users/runner/Library/Developer/Xcode/DerivedData/WebBrowser-clqywoufjsuyrtaownclvbrmxizr/Build/Intermediates.noindex/ArchiveIntermediates/WebBrowser/IntermediateBuildFilesPath/UninstalledProducts/iphoneos/AdsGlobalSDK.bundle (in target 'Ads-Global-AdsGlobalSDK' from project 'Pods')
    cd /Users/runner/work/Web_Browser/Web_Browser/Pods
    builtin-RegisterExecutionPolicyException /Users/runner/Library/Developer/Xcode/DerivedData/WebBrowser-clqywoufjsuyrtaownclvbrmxizr/Build/Intermediates.noindex/ArchiveIntermediates/WebBrowser/IntermediateBuildFilesPath/UninstalledProducts/iphoneos/AdsGlobalSDK.bundle

Touch /Users/runner/Library/Developer/Xcode/DerivedData/WebBrowser-clqywoufjsuyrtaownclvbrmxizr/Build/Intermediates.noindex/ArchiveIntermediates/WebBrowser/IntermediateBuildFilesPath/UninstalledProducts/iphoneos/AdsGlobalSDK.bundle (in target 'Ads-Global-AdsGlobalSDK' from project 'Pods')
    cd /Users/runner/work/Web_Browser/Web_Browser/Pods
    /usr/bin/touch -c /Users/runner/Library/Developer/Xcode/DerivedData/WebBrowser-clqywoufjsuyrtaownclvbrmxizr/Build/Intermediates.noindex/ArchiveIntermediates/WebBrowser/IntermediateBuildFilesPath/UninstalledProducts/iphoneos/AdsGlobalSDK.bundle

PhaseScriptExecution [CP]\ Copy\ XCFrameworks /Users/runner/Library/Developer/Xcode/DerivedData/WebBrowser-clqywoufjsuyrtaownclvbrmxizr/Build/Intermediates.noindex/ArchiveIntermediates/WebBrowser/IntermediateBuildFilesPath/Pods.build/Release-iphoneos/Ads-Global.build/Script-96073457A6C62E689A6C424BD036C842.sh (in target 'Ads-Global' from project 'Pods')
    cd /Users/runner/work/Web_Browser/Web_Browser/Pods
    /bin/sh -c /Users/runner/Library/Developer/Xcode/DerivedData/WebBrowser-clqywoufjsuyrtaownclvbrmxizr/Build/Intermediates.noindex/ArchiveIntermediates/WebBrowser/IntermediateBuildFilesPath/Pods.build/Release-iphoneos/Ads-Global.build/Script-96073457A6C62E689A6C424BD036C842.sh
Selected xcframework slice ios-arm64
rsync --delete -av --filter P .*.?????? --links --filter "- CVS/" --filter "- .svn/" --filter "- .git/" --filter "- .hg/" "/Users/runner/work/Web_Browser/Web_Browser/Pods/Ads-Global/SDK/PAGAdSDK.xcframework/ios-arm64/*" "/Users/runner/Library/Developer/Xcode/DerivedData/WebBrowser-clqywoufjsuyrtaownclvbrmxizr/Build/Intermediates.noindex/ArchiveIntermediates/WebBrowser/BuildProductsPath/Release-iphoneos/XCFrameworkIntermediates/Ads-Global/PangleSDK"
Transfer starting: 37 files
PAGAdSDK.framework/
PAGAdSDK.framework/Info.plist
PAGAdSDK.framework/PAGAdSDK
PAGAdSDK.framework/PrivacyInfo.xcprivacy
PAGAdSDK.framework/Headers/
PAGAdSDK.framework/Headers/PAGAdClientBiddingProtocol.h
PAGAdSDK.framework/Headers/PAGAdDelegate.h
PAGAdSDK.framework/Headers/PAGAdProtocol.h
PAGAdSDK.framework/Headers/PAGAdSDK.h
PAGAdSDK.framework/Headers/PAGAdSize.h
PAGAdSDK.framework/Headers/PAGAppOpenRequest.h
PAGAdSDK.framework/Headers/PAGBannerAd.h
PAGAdSDK.framework/Headers/PAGBannerAdDelegate.h
PAGAdSDK.framework/Headers/PAGBannerRequest.h
PAGAdSDK.framework/Headers/PAGBiddingRequest.h
PAGAdSDK.framework/Headers/PAGConfig.h
PAGAdSDK.framework/Headers/PAGInterstitialRequest.h
PAGAdSDK.framework/Headers/PAGLAppOpenAd.h
PAGAdSDK.framework/Headers/PAGLAppOpenAdDelegate.h
PAGAdSDK.framework/Headers/PAGLImage.h
PAGAdSDK.framework/Headers/PAGLInterstitialAd.h
PAGAdSDK.framework/Headers/PAGLInterstitialAdDelegate.h
PAGAdSDK.framework/Headers/PAGLMaterialMeta.h
PAGAdSDK.framework/Headers/PAGLNativeAd.h
PAGAdSDK.framework/Headers/PAGLNativeAdDelegate.h
PAGAdSDK.framework/Headers/PAGLNativeAdRelatedView.h
PAGAdSDK.framework/Headers/PAGMAdNetworkExtras.h
PAGAdSDK.framework/Headers/PAGMediaView.h
PAGAdSDK.framework/Headers/PAGNativeRequest.h
PAGAdSDK.framework/Headers/PAGRequest.h
PAGAdSDK.framework/Headers/PAGRewardModel.h
PAGAdSDK.framework/Headers/PAGRewardedAd.h
PAGAdSDK.framework/Headers/PAGRewardedAdDelegate.h
PAGAdSDK.framework/Headers/PAGRewardedRequest.h
PAGAdSDK.framework/Headers/PAGSdk.h
PAGAdSDK.framework/Modules/
PAGAdSDK.framework/Modules/module.modulemap

sent 114702505 bytes  received 786 bytes  122271923 bytes/sec
total size is 114684349  speedup is 1.00
Copied /Users/runner/work/Web_Browser/Web_Browser/Pods/Ads-Global/SDK/PAGAdSDK.xcframework/ios-arm64 to /Users/runner/Library/Developer/Xcode/DerivedData/WebBrowser-clqywoufjsuyrtaownclvbrmxizr/Build/Intermediates.noindex/ArchiveIntermediates/WebBrowser/BuildProductsPath/Release-iphoneos/XCFrameworkIntermediates/Ads-Global/PangleSDK
Selected xcframework slice ios-arm64
rsync --delete -av --filter P .*.?????? --links --filter "- CVS/" --filter "- .svn/" --filter "- .git/" --filter "- .hg/" "/Users/runner/work/Web_Browser/Web_Browser/Pods/Ads-Global/SDK/TikTokBusinessSDK.xcframework/ios-arm64/*" "/Users/runner/Library/Developer/Xcode/DerivedData/WebBrowser-clqywoufjsuyrtaownclvbrmxizr/Build/Intermediates.noindex/ArchiveIntermediates/WebBrowser/BuildProductsPath/Release-iphoneos/XCFrameworkIntermediates/Ads-Global/TikTokBusinessSDK"
Transfer starting: 48 files
TikTokBusinessSDK.framework/
TikTokBusinessSDK.framework/Info.plist
TikTokBusinessSDK.framework/PrivacyInfo.xcprivacy
TikTokBusinessSDK.framework/TikTokBusinessSDK
TikTokBusinessSDK.framework/Headers/
TikTokBusinessSDK.framework/Headers/NSObject+TikTokAdditions.h
TikTokBusinessSDK.framework/Headers/TikTokAdditions.h
TikTokBusinessSDK.framework/Headers/TikTokAppEvent.h
TikTokBusinessSDK.framework/Headers/TikTokAppEventUtility.h
TikTokBusinessSDK.framework/Headers/TikTokBaseEvent.h
TikTokBusinessSDK.framework/Headers/TikTokBaseEventPersistence.h
TikTokBusinessSDK.framework/Headers/TikTokBusiness+private.h
TikTokBusinessSDK.framework/Headers/TikTokBusiness.h
TikTokBusinessSDK.framework/Headers/TikTokBusinessSDK-Event-umbrella.h
TikTokBusinessSDK.framework/Headers/TikTokBusinessSDK.h
TikTokBusinessSDK.framework/Headers/TikTokBusinessSDKAddress.h
TikTokBusinessSDK.framework/Headers/TikTokBusinessSDKMacros.h
TikTokBusinessSDK.framework/Headers/TikTokConfig.h
TikTokBusinessSDK.framework/Headers/TikTokConstants.h
TikTokBusinessSDK.framework/Headers/TikTokContentsEvent.h
TikTokBusinessSDK.framework/Headers/TikTokCurrencyUtility.h
TikTokBusinessSDK.framework/Headers/TikTokCypher.h
TikTokBusinessSDK.framework/Headers/TikTokDatabase.h
TikTokBusinessSDK.framework/Headers/TikTokDebugInfo.h
TikTokBusinessSDK.framework/Headers/TikTokDeviceInfo.h
TikTokBusinessSDK.framework/Headers/TikTokEDPConfig.h
TikTokBusinessSDK.framework/Headers/TikTokErrorHandler.h
TikTokBusinessSDK.framework/Headers/TikTokEventLogger.h
TikTokBusinessSDK.framework/Headers/TikTokFactory.h
TikTokBusinessSDK.framework/Headers/TikTokIdentifyUtility.h
TikTokBusinessSDK.framework/Headers/TikTokLogger.h
TikTokBusinessSDK.framework/Headers/TikTokPaymentObserver.h
TikTokBusinessSDK.framework/Headers/TikTokRequestHandler.h
TikTokBusinessSDK.framework/Headers/TikTokSKANEventPersistence.h
TikTokBusinessSDK.framework/Headers/TikTokSKAdNetworkConversionConfiguration.h
TikTokBusinessSDK.framework/Headers/TikTokSKAdNetworkRule.h
TikTokBusinessSDK.framework/Headers/TikTokSKAdNetworkRuleEvent.h
TikTokBusinessSDK.framework/Headers/TikTokSKAdNetworkSupport.h
TikTokBusinessSDK.framework/Headers/TikTokSKAdNetworkWindow.h
TikTokBusinessSDK.framework/Headers/TikTokTypeUtility.h
TikTokBusinessSDK.framework/Headers/TikTokUnityBridge.h
TikTokBusinessSDK.framework/Headers/TikTokUserAgentCollector.h
TikTokBusinessSDK.framework/Headers/TikTokViewUtility.h
TikTokBusinessSDK.framework/Headers/UIApplication+TikTokAdditions.h
TikTokBusinessSDK.framework/Headers/UIDevice+TikTokAdditions.h
TikTokBusinessSDK.framework/Headers/UIViewController+TikTokAdditions.h
TikTokBusinessSDK.framework/Modules/
TikTokBusinessSDK.framework/Modules/module.modulemap

sent 1589586 bytes  received 1028 bytes  33068898 bytes/sec
total size is 1583336  speedup is 1.00
Copied /Users/runner/work/Web_Browser/Web_Browser/Pods/Ads-Global/SDK/TikTokBusinessSDK.xcframework/ios-arm64 to /Users/runner/Library/Developer/Xcode/DerivedData/WebBrowser-clqywoufjsuyrtaownclvbrmxizr/Build/Intermediates.noindex/ArchiveIntermediates/WebBrowser/BuildProductsPath/Release-iphoneos/XCFrameworkIntermediates/Ads-Global/TikTokBusinessSDK

PhaseScriptExecution [CP]\ Copy\ XCFrameworks /Users/runner/Library/Developer/Xcode/DerivedData/WebBrowser-clqywoufjsuyrtaownclvbrmxizr/Build/Intermediates.noindex/ArchiveIntermediates/WebBrowser/IntermediateBuildFilesPath/Pods.build/Release-iphoneos/TPNMediationMintegralAdapter.build/Script-D7BDDAAD7995DA38BB89991B30E3B566.sh (in target 'TPNMediationMintegralAdapter' from project 'Pods')
    cd /Users/runner/work/Web_Browser/Web_Browser/Pods
    /bin/sh -c /Users/runner/Library/Developer/Xcode/DerivedData/WebBrowser-clqywoufjsuyrtaownclvbrmxizr/Build/Intermediates.noindex/ArchiveIntermediates/WebBrowser/IntermediateBuildFilesPath/Pods.build/Release-iphoneos/TPNMediationMintegralAdapter.build/Script-D7BDDAAD7995DA38BB89991B30E3B566.sh
Selected xcframework slice ios-arm64
rsync --delete -av --filter P .*.?????? --links --filter "- CVS/" --filter "- .svn/" --filter "- .git/" --filter "- .hg/" "/Users/runner/work/Web_Browser/Web_Browser/Pods/TPNMediationMintegralAdapter/AnyThinkMintegralAdapter-8.0.4.0/AnyThinkMintegralAdapter.xcframework/ios-arm64/*" "/Users/runner/Library/Developer/Xcode/DerivedData/WebBrowser-clqywoufjsuyrtaownclvbrmxizr/Build/Intermediates.noindex/ArchiveIntermediates/WebBrowser/BuildProductsPath/Release-iphoneos/XCFrameworkIntermediates/TPNMediationMintegralAdapter"
Transfer starting: 8 files
AnyThinkMintegralAdapter.framework/
AnyThinkMintegralAdapter.framework/AnyThinkMintegralAdapter
AnyThinkMintegralAdapter.framework/Info.plist
AnyThinkMintegralAdapter.framework/Headers/
AnyThinkMintegralAdapter.framework/Headers/ATMintegralConfigure.h
AnyThinkMintegralAdapter.framework/Headers/AnyThinkMintegralAdapter.h
AnyThinkMintegralAdapter.framework/Modules/
AnyThinkMintegralAdapter.framework/Modules/module.modulemap

sent 483733 bytes  received 148 bytes  47909009 bytes/sec
total size is 482703  speedup is 1.00
Copied /Users/runner/work/Web_Browser/Web_Browser/Pods/TPNMediationMintegralAdapter/AnyThinkMintegralAdapter-8.0.4.0/AnyThinkMintegralAdapter.xcframework/ios-arm64 to /Users/runner/Library/Developer/Xcode/DerivedData/WebBrowser-clqywoufjsuyrtaownclvbrmxizr/Build/Intermediates.noindex/ArchiveIntermediates/WebBrowser/BuildProductsPath/Release-iphoneos/XCFrameworkIntermediates/TPNMediationMintegralAdapter

PhaseScriptExecution [CP]\ Copy\ XCFrameworks /Users/runner/Library/Developer/Xcode/DerivedData/WebBrowser-clqywoufjsuyrtaownclvbrmxizr/Build/Intermediates.noindex/ArchiveIntermediates/WebBrowser/IntermediateBuildFilesPath/Pods.build/Release-iphoneos/TPNMediationPangleAdapter.build/Script-ECA3A50C537FF8F5234EDA7D8F1470DC.sh (in target 'TPNMediationPangleAdapter' from project 'Pods')
    cd /Users/runner/work/Web_Browser/Web_Browser/Pods
    /bin/sh -c /Users/runner/Library/Developer/Xcode/DerivedData/WebBrowser-clqywoufjsuyrtaownclvbrmxizr/Build/Intermediates.noindex/ArchiveIntermediates/WebBrowser/IntermediateBuildFilesPath/Pods.build/Release-iphoneos/TPNMediationPangleAdapter.build/Script-ECA3A50C537FF8F5234EDA7D8F1470DC.sh
Selected xcframework slice ios-arm64
rsync --delete -av --filter P .*.?????? --links --filter "- CVS/" --filter "- .svn/" --filter "- .git/" --filter "- .hg/" "/Users/runner/work/Web_Browser/Web_Browser/Pods/TPNMediationPangleAdapter/AnyThinkPangleAdapter-7.8.5.7.0/AnyThinkPangleAdapter.xcframework/ios-arm64/*" "/Users/runner/Library/Developer/Xcode/DerivedData/WebBrowser-clqywoufjsuyrtaownclvbrmxizr/Build/Intermediates.noindex/ArchiveIntermediates/WebBrowser/BuildProductsPath/Release-iphoneos/XCFrameworkIntermediates/TPNMediationPangleAdapter"
Transfer starting: 8 files
AnyThinkPangleAdapter.framework/
AnyThinkPangleAdapter.framework/AnyThinkPangleAdapter
AnyThinkPangleAdapter.framework/Info.plist
AnyThinkPangleAdapter.framework/Headers/
AnyThinkPangleAdapter.framework/Headers/ATPangleConfigure.h
AnyThinkPangleAdapter.framework/Headers/AnyThinkPangleAdapter.h
AnyThinkPangleAdapter.framework/Modules/
AnyThinkPangleAdapter.framework/Modules/module.modulemap

sent 417565 bytes  received 148 bytes  41357722 bytes/sec
total size is 416576  speedup is 1.00
Copied /Users/runner/work/Web_Browser/Web_Browser/Pods/TPNMediationPangleAdapter/AnyThinkPangleAdapter-7.8.5.7.0/AnyThinkPangleAdapter.xcframework/ios-arm64 to /Users/runner/Library/Developer/Xcode/DerivedData/WebBrowser-clqywoufjsuyrtaownclvbrmxizr/Build/Intermediates.noindex/ArchiveIntermediates/WebBrowser/BuildProductsPath/Release-iphoneos/XCFrameworkIntermediates/TPNMediationPangleAdapter

SwiftDriver KeychainAccess normal arm64 com.apple.xcode.tools.swift.compiler (in target 'KeychainAccess' from project 'Pods')
    cd /Users/runner/work/Web_Browser/Web_Browser/Pods
    builtin-SwiftDriver -- /Applications/Xcode_26.3.app/Contents/Developer/Toolchains/XcodeDefault.xctoolchain/usr/bin/swiftc -module-name KeychainAccess -O -whole-module-optimization -enforce-exclusivity\=checked @/Users/runner/Library/Developer/Xcode/DerivedData/WebBrowser-clqywoufjsuyrtaownclvbrmxizr/Build/Intermediates.noindex/ArchiveIntermediates/WebBrowser/IntermediateBuildFilesPath/Pods.build/Release-iphoneos/KeychainAccess.build/Objects-normal/arm64/KeychainAccess.SwiftFileList -D COCOAPODS -enable-bare-slash-regex -enable-experimental-feature DebugDescriptionMacro -sdk /Applications/Xcode_26.3.app/Contents/Developer/Platforms/iPhoneOS.platform/Developer/SDKs/iPhoneOS26.2.sdk -target arm64-apple-ios16.0 -g -module-cache-path /Users/runner/Library/Developer/Xcode/DerivedData/ModuleCache.noindex -Xfrontend -serialize-debugging-options -swift-version 5 -I /Users/runner/Library/Developer/Xcode/DerivedData/WebBrowser-clqywoufjsuyrtaownclvbrmxizr/Build/Intermediates.noindex/ArchiveIntermediates/WebBrowser/BuildProductsPath/Release-iphoneos/KeychainAccess -F /Users/runner/Library/Developer/Xcode/DerivedData/WebBrowser-clqywoufjsuyrtaownclvbrmxizr/Build/Intermediates.noindex/ArchiveIntermediates/WebBrowser/BuildProductsPath/Release-iphoneos/KeychainAccess -parse-as-library -c -num-threads 3 -Xcc -ivfsstatcache -Xcc /Users/runner/Library/Developer/Xcode/DerivedData/SDKStatCaches.noindex/iphoneos26.2-23C57-dc75598d0054f22ec865fa860f139d722dd23b4ebda140f7210d155ff1243552.sdkstatcache -output-file-map /Users/runner/Library/Developer/Xcode/DerivedData/WebBrowser-clqywoufjsuyrtaownclvbrmxizr/Build/Intermediates.noindex/ArchiveIntermediates/WebBrowser/IntermediateBuildFilesPath/Pods.build/Release-iphoneos/KeychainAccess.build/Objects-normal/arm64/KeychainAccess-OutputFileMap.json -use-frontend-parseable-output -save-temps -no-color-diagnostics -explicit-module-build -module-cache-path /Users/runner/Library/Developer/Xcode/DerivedData/WebBrowser-clqywoufjsuyrtaownclvbrmxizr/Build/Intermediates.noindex/ArchiveIntermediates/WebBrowser/IntermediateBuildFilesPath/SwiftExplicitPrecompiledModules -clang-scanner-module-cache-path /Users/runner/Library/Developer/Xcode/DerivedData/ModuleCache.noindex -sdk-module-cache-path /Users/runner/Library/Developer/Xcode/DerivedData/ModuleCache.noindex -serialize-diagnostics -emit-dependencies -emit-module -emit-module-path /Users/runner/Library/Developer/Xcode/DerivedData/WebBrowser-clqywoufjsuyrtaownclvbrmxizr/Build/Intermediates.noindex/ArchiveIntermediates/WebBrowser/IntermediateBuildFilesPath/Pods.build/Release-iphoneos/KeychainAccess.build/Objects-normal/arm64/KeychainAccess.swiftmodule -validate-clang-modules-once -clang-build-session-file /Users/runner/Library/Developer/Xcode/DerivedData/ModuleCache.noindex/Session.modulevalidation -Xcc -I/Users/runner/Library/Developer/Xcode/DerivedData/WebBrowser-clqywoufjsuyrtaownclvbrmxizr/Build/Intermediates.noindex/ArchiveIntermediates/WebBrowser/IntermediateBuildFilesPath/Pods.build/Release-iphoneos/KeychainAccess.build/swift-overrides.hmap -emit-const-values -Xfrontend -const-gather-protocols-file -Xfrontend /Users/runner/Library/Developer/Xcode/DerivedData/WebBrowser-clqywoufjsuyrtaownclvbrmxizr/Build/Intermediates.noindex/ArchiveIntermediates/WebBrowser/IntermediateBuildFilesPath/Pods.build/Release-iphoneos/KeychainAccess.build/Objects-normal/arm64/KeychainAccess_const_extract_protocols.json -Xcc -iquote -Xcc /Users/runner/Library/Developer/Xcode/DerivedData/WebBrowser-clqywoufjsuyrtaownclvbrmxizr/Build/Intermediates.noindex/ArchiveIntermediates/WebBrowser/IntermediateBuildFilesPath/Pods.build/Release-iphoneos/KeychainAccess.build/KeychainAccess-generated-files.hmap -Xcc -I/Users/runner/Library/Developer/Xcode/DerivedData/WebBrowser-clqywoufjsuyrtaownclvbrmxizr/Build/Intermediates.noindex/ArchiveIntermediates/WebBrowser/IntermediateBuildFilesPath/Pods.build/Release-iphoneos/KeychainAccess.build/KeychainAccess-own-target-headers.hmap -Xcc -I/Users/runner/Library/Developer/Xcode/DerivedData/WebBrowser-clqywoufjsuyrtaownclvbrmxizr/Build/Intermediates.noindex/ArchiveIntermediates/WebBrowser/IntermediateBuildFilesPath/Pods.build/Release-iphoneos/KeychainAccess.build/KeychainAccess-all-non-framework-target-headers.hmap -Xcc -ivfsoverlay -Xcc /Users/runner/Library/Developer/Xcode/DerivedData/WebBrowser-clqywoufjsuyrtaownclvbrmxizr/Build/Intermediates.noindex/ArchiveIntermediates/WebBrowser/IntermediateBuildFilesPath/Pods.build/Release-iphoneos/Pods-8699adb1dd336b26511df848a716bd42-VFS-iphoneos/all-product-headers.yaml -Xcc -iquote -Xcc /Users/runner/Library/Developer/Xcode/DerivedData/WebBrowser-clqywoufjsuyrtaownclvbrmxizr/Build/Intermediates.noindex/ArchiveIntermediates/WebBrowser/IntermediateBuildFilesPath/Pods.build/Release-iphoneos/KeychainAccess.build/KeychainAccess-project-headers.hmap -Xcc -I/Users/runner/Library/Developer/Xcode/DerivedData/WebBrowser-clqywoufjsuyrtaownclvbrmxizr/Build/Intermediates.noindex/ArchiveIntermediates/WebBrowser/BuildProductsPath/Release-iphoneos/KeychainAccess/include -Xcc -I/Users/runner/Library/Developer/Xcode/DerivedData/WebBrowser-clqywoufjsuyrtaownclvbrmxizr/Build/Intermediates.noindex/ArchiveIntermediates/WebBrowser/IntermediateBuildFilesPath/Pods.build/Release-iphoneos/KeychainAccess.build/DerivedSources-normal/arm64 -Xcc -I/Users/runner/Library/Developer/Xcode/DerivedData/WebBrowser-clqywoufjsuyrtaownclvbrmxizr/Build/Intermediates.noindex/ArchiveIntermediates/WebBrowser/IntermediateBuildFilesPath/Pods.build/Release-iphoneos/KeychainAccess.build/DerivedSources/arm64 -Xcc -I/Users/runner/Library/Developer/Xcode/DerivedData/WebBrowser-clqywoufjsuyrtaownclvbrmxizr/Build/Intermediates.noindex/ArchiveIntermediates/WebBrowser/IntermediateBuildFilesPath/Pods.build/Release-iphoneos/KeychainAccess.build/DerivedSources -Xcc -DPOD_CONFIGURATION_RELEASE\=1 -Xcc -DCOCOAPODS\=1 -emit-objc-header -emit-objc-header-path /Users/runner/Library/Developer/Xcode/DerivedData/WebBrowser-clqywoufjsuyrtaownclvbrmxizr/Build/Intermediates.noindex/ArchiveIntermediates/WebBrowser/IntermediateBuildFilesPath/Pods.build/Release-iphoneos/KeychainAccess.build/Objects-normal/arm64/KeychainAccess-Swift.h -import-underlying-module -Xcc -ivfsoverlay -Xcc /Users/runner/Library/Developer/Xcode/DerivedData/WebBrowser-clqywoufjsuyrtaownclvbrmxizr/Build/Intermediates.noindex/ArchiveIntermediates/WebBrowser/IntermediateBuildFilesPath/Pods.build/Release-iphoneos/KeychainAccess.build/unextended-module-overlay.yaml -working-directory /Users/runner/work/Web_Browser/Web_Browser/Pods -no-emit-module-separately-wmo

ScanDependencies /Users/runner/Library/Developer/Xcode/DerivedData/WebBrowser-clqywoufjsuyrtaownclvbrmxizr/Build/Intermediates.noindex/ArchiveIntermediates/WebBrowser/IntermediateBuildFilesPath/Pods.build/Release-iphoneos/SVProgressHUD.build/Objects-normal/arm64/SVRadialGradientLayer.o /Users/runner/work/Web_Browser/Web_Browser/Pods/SVProgressHUD/SVProgressHUD/SVRadialGradientLayer.m normal arm64 objective-c com.apple.compilers.llvm.clang.1_0.compiler (in target 'SVProgressHUD' from project 'Pods')
    cd /Users/runner/work/Web_Browser/Web_Browser/Pods
    
    Using response file: /Users/runner/Library/Developer/Xcode/DerivedData/WebBrowser-clqywoufjsuyrtaownclvbrmxizr/Build/Intermediates.noindex/ArchiveIntermediates/WebBrowser/IntermediateBuildFilesPath/Pods.build/Release-iphoneos/SVProgressHUD.build/Objects-normal/arm64/e6072d4f65d7061329687fe24e3d63a7-common-args.resp
    
    builtin-ScanDependencies -o /Users/runner/Library/Developer/Xcode/DerivedData/WebBrowser-clqywoufjsuyrtaownclvbrmxizr/Build/Intermediates.noindex/ArchiveIntermediates/WebBrowser/IntermediateBuildFilesPath/Pods.build/Release-iphoneos/SVProgressHUD.build/Objects-normal/arm64/SVRadialGradientLayer.o.scan -- /Applications/Xcode_26.3.app/Contents/Developer/Toolchains/XcodeDefault.xctoolchain/usr/bin/clang -x objective-c -ivfsstatcache /Users/runner/Library/Developer/Xcode/DerivedData/SDKStatCaches.noindex/iphoneos26.2-23C57-dc75598d0054f22ec865fa860f139d722dd23b4ebda140f7210d155ff1243552.sdkstatcache -fmessage-length\=0 -fdiagnostics-show-note-include-stack -fmacro-backtrace-limit\=0 -fno-color-diagnostics -fmodules-prune-interval\=86400 -fmodules-prune-after\=345600 -fbuild-session-file\=/Users/runner/Library/Developer/Xcode/DerivedData/ModuleCache.noindex/Session.modulevalidation -fmodules-validate-once-per-build-session -Wnon-modular-include-in-framework-module -Werror\=non-modular-include-in-framework-module -Wno-trigraphs -Wno-missing-field-initializers -Wno-missing-prototypes -Werror\=return-type -Wdocumentation -Wunreachable-code -Wno-implicit-atomic-properties -Werror\=deprecated-objc-isa-usage -Wno-objc-interface-ivars -Werror\=objc-root-class -Wno-arc-repeated-use-of-weak -Wimplicit-retain-self -Wduplicate-method-match -Wno-missing-braces -Wparentheses -Wswitch -Wunused-function -Wno-unused-label -Wno-unused-parameter -Wunused-variable -Wunused-value -Wempty-body -Wuninitialized -Wconditional-uninitialized -Wno-unknown-pragmas -Wno-shadow -Wno-four-char-constants -Wno-conversion -Wconstant-conversion -Wint-conversion -Wbool-conversion -Wenum-conversion -Wno-float-conversion -Wnon-literal-null-conversion -Wobjc-literal-conversion -Wshorten-64-to-32 -Wpointer-sign -Wno-newline-eof -Wno-selector -Wno-strict-selector-match -Wundeclared-selector -Wdeprecated-implementations -Wno-implicit-fallthrough -fstrict-aliasing -Wprotocol -Wdeprecated-declarations -Wno-sign-conversion -Winfinite-recursion -Wcomma -Wblock-capture-autoreleasing -Wstrict-prototypes -Wno-semicolon-before-method-body -Wunguarded-availability @/Users/runner/Library/Developer/Xcode/DerivedData/WebBrowser-clqywoufjsuyrtaownclvbrmxizr/Build/Intermediates.noindex/ArchiveIntermediates/WebBrowser/IntermediateBuildFilesPath/Pods.build/Release-iphoneos/SVProgressHUD.build/Objects-normal/arm64/e6072d4f65d7061329687fe24e3d63a7-common-args.resp -include /Users/runner/work/Web_Browser/Web_Browser/Pods/Target\ Support\ Files/SVProgressHUD/SVProgressHUD-prefix.pch -MMD -MT dependencies -MF /Users/runner/Library/Developer/Xcode/DerivedData/WebBrowser-clqywoufjsuyrtaownclvbrmxizr/Build/Intermediates.noindex/ArchiveIntermediates/WebBrowser/IntermediateBuildFilesPath/Pods.build/Release-iphoneos/SVProgressHUD.build/Objects-normal/arm64/SVRadialGradientLayer.d --serialize-diagnostics /Users/runner/Library/Developer/Xcode/DerivedData/WebBrowser-clqywoufjsuyrtaownclvbrmxizr/Build/Intermediates.noindex/ArchiveIntermediates/WebBrowser/IntermediateBuildFilesPath/Pods.build/Release-iphoneos/SVProgressHUD.build/Objects-normal/arm64/SVRadialGradientLayer.dia -c /Users/runner/work/Web_Browser/Web_Browser/Pods/SVProgressHUD/SVProgressHUD/SVRadialGradientLayer.m -o /Users/runner/Library/Developer/Xcode/DerivedData/WebBrowser-clqywoufjsuyrtaownclvbrmxizr/Build/Intermediates.noindex/ArchiveIntermediates/WebBrowser/IntermediateBuildFilesPath/Pods.build/Release-iphoneos/SVProgressHUD.build/Objects-normal/arm64/SVRadialGradientLayer.o

ScanDependencies /Users/runner/Library/Developer/Xcode/DerivedData/WebBrowser-clqywoufjsuyrtaownclvbrmxizr/Build/Intermediates.noindex/ArchiveIntermediates/WebBrowser/IntermediateBuildFilesPath/Pods.build/Release-iphoneos/SVProgressHUD.build/Objects-normal/arm64/SVProgressHUD_vers.o /Users/runner/Library/Developer/Xcode/DerivedData/WebBrowser-clqywoufjsuyrtaownclvbrmxizr/Build/Intermediates.noindex/ArchiveIntermediates/WebBrowser/IntermediateBuildFilesPath/Pods.build/Release-iphoneos/SVProgressHUD.build/DerivedSources/SVProgressHUD_vers.c normal arm64 c com.apple.compilers.llvm.clang.1_0.compiler (in target 'SVProgressHUD' from project 'Pods')
    cd /Users/runner/work/Web_Browser/Web_Browser/Pods
    
    Using response file: /Users/runner/Library/Developer/Xcode/DerivedData/WebBrowser-clqywoufjsuyrtaownclvbrmxizr/Build/Intermediates.noindex/ArchiveIntermediates/WebBrowser/IntermediateBuildFilesPath/Pods.build/Release-iphoneos/SVProgressHUD.build/Objects-normal/arm64/7187679823f38a2a940e0043cdf9d637-common-args.resp
    
    builtin-ScanDependencies -o /Users/runner/Library/Developer/Xcode/DerivedData/WebBrowser-clqywoufjsuyrtaownclvbrmxizr/Build/Intermediates.noindex/ArchiveIntermediates/WebBrowser/IntermediateBuildFilesPath/Pods.build/Release-iphoneos/SVProgressHUD.build/Objects-normal/arm64/SVProgressHUD_vers.o.scan -- /Applications/Xcode_26.3.app/Contents/Developer/Toolchains/XcodeDefault.xctoolchain/usr/bin/clang -x c -ivfsstatcache /Users/runner/Library/Developer/Xcode/DerivedData/SDKStatCaches.noindex/iphoneos26.2-23C57-dc75598d0054f22ec865fa860f139d722dd23b4ebda140f7210d155ff1243552.sdkstatcache -fmessage-length\=0 -fdiagnostics-show-note-include-stack -fmacro-backtrace-limit\=0 -fno-color-diagnostics -fmodules-prune-interval\=86400 -fmodules-prune-after\=345600 -fbuild-session-file\=/Users/runner/Library/Developer/Xcode/DerivedData/ModuleCache.noindex/Session.modulevalidation -fmodules-validate-once-per-build-session -Wnon-modular-include-in-framework-module -Werror\=non-modular-include-in-framework-module -Wno-trigraphs -Wno-missing-field-initializers -Wno-missing-prototypes -Werror\=return-type -Wdocumentation -Wunreachable-code -Werror\=deprecated-objc-isa-usage -Werror\=objc-root-class -Wno-missing-braces -Wparentheses -Wswitch -Wunused-function -Wno-unused-label -Wno-unused-parameter -Wunused-variable -Wunused-value -Wempty-body -Wuninitialized -Wconditional-uninitialized -Wno-unknown-pragmas -Wno-shadow -Wno-four-char-constants -Wno-conversion -Wconstant-conversion -Wint-conversion -Wbool-conversion -Wenum-conversion -Wno-float-conversion -Wnon-literal-null-conversion -Wobjc-literal-conversion -Wshorten-64-to-32 -Wpointer-sign -Wno-newline-eof -Wno-implicit-fallthrough -fstrict-aliasing -Wdeprecated-declarations -Wno-sign-conversion -Winfinite-recursion -Wcomma -Wblock-capture-autoreleasing -Wstrict-prototypes -Wno-semicolon-before-method-body -Wunguarded-availability @/Users/runner/Library/Developer/Xcode/DerivedData/WebBrowser-clqywoufjsuyrtaownclvbrmxizr/Build/Intermediates.noindex/ArchiveIntermediates/WebBrowser/IntermediateBuildFilesPath/Pods.build/Release-iphoneos/SVProgressHUD.build/Objects-normal/arm64/7187679823f38a2a940e0043cdf9d637-common-args.resp -MMD -MT dependencies -MF /Users/runner/Library/Developer/Xcode/DerivedData/WebBrowser-clqywoufjsuyrtaownclvbrmxizr/Build/Intermediates.noindex/ArchiveIntermediates/WebBrowser/IntermediateBuildFilesPath/Pods.build/Release-iphoneos/SVProgressHUD.build/Objects-normal/arm64/SVProgressHUD_vers.d --serialize-diagnostics /Users/runner/Library/Developer/Xcode/DerivedData/WebBrowser-clqywoufjsuyrtaownclvbrmxizr/Build/Intermediates.noindex/ArchiveIntermediates/WebBrowser/IntermediateBuildFilesPath/Pods.build/Release-iphoneos/SVProgressHUD.build/Objects-normal/arm64/SVProgressHUD_vers.dia -c /Users/runner/Library/Developer/Xcode/DerivedData/WebBrowser-clqywoufjsuyrtaownclvbrmxizr/Build/Intermediates.noindex/ArchiveIntermediates/WebBrowser/IntermediateBuildFilesPath/Pods.build/Release-iphoneos/SVProgressHUD.build/DerivedSources/SVProgressHUD_vers.c -o /Users/runner/Library/Developer/Xcode/DerivedData/WebBrowser-clqywoufjsuyrtaownclvbrmxizr/Build/Intermediates.noindex/ArchiveIntermediates/WebBrowser/IntermediateBuildFilesPath/Pods.build/Release-iphoneos/SVProgressHUD.build/Objects-normal/arm64/SVProgressHUD_vers.o

ScanDependencies /Users/runner/Library/Developer/Xcode/DerivedData/WebBrowser-clqywoufjsuyrtaownclvbrmxizr/Build/Intermediates.noindex/ArchiveIntermediates/WebBrowser/IntermediateBuildFilesPath/Pods.build/Release-iphoneos/SVProgressHUD.build/Objects-normal/arm64/SVProgressHUD.o /Users/runner/work/Web_Browser/Web_Browser/Pods/SVProgressHUD/SVProgressHUD/SVProgressHUD.m normal arm64 objective-c com.apple.compilers.llvm.clang.1_0.compiler (in target 'SVProgressHUD' from project 'Pods')
    cd /Users/runner/work/Web_Browser/Web_Browser/Pods
    
    Using response file: /Users/runner/Library/Developer/Xcode/DerivedData/WebBrowser-clqywoufjsuyrtaownclvbrmxizr/Build/Intermediates.noindex/ArchiveIntermediates/WebBrowser/IntermediateBuildFilesPath/Pods.build/Release-iphoneos/SVProgressHUD.build/Objects-normal/arm64/e6072d4f65d7061329687fe24e3d63a7-common-args.resp
    
    builtin-ScanDependencies -o /Users/runner/Library/Developer/Xcode/DerivedData/WebBrowser-clqywoufjsuyrtaownclvbrmxizr/Build/Intermediates.noindex/ArchiveIntermediates/WebBrowser/IntermediateBuildFilesPath/Pods.build/Release-iphoneos/SVProgressHUD.build/Objects-normal/arm64/SVProgressHUD.o.scan -- /Applications/Xcode_26.3.app/Contents/Developer/Toolchains/XcodeDefault.xctoolchain/usr/bin/clang -x objective-c -ivfsstatcache /Users/runner/Library/Developer/Xcode/DerivedData/SDKStatCaches.noindex/iphoneos26.2-23C57-dc75598d0054f22ec865fa860f139d722dd23b4ebda140f7210d155ff1243552.sdkstatcache -fmessage-length\=0 -fdiagnostics-show-note-include-stack -fmacro-backtrace-limit\=0 -fno-color-diagnostics -fmodules-prune-interval\=86400 -fmodules-prune-after\=345600 -fbuild-session-file\=/Users/runner/Library/Developer/Xcode/DerivedData/ModuleCache.noindex/Session.modulevalidation -fmodules-validate-once-per-build-session -Wnon-modular-include-in-framework-module -Werror\=non-modular-include-in-framework-module -Wno-trigraphs -Wno-missing-field-initializers -Wno-missing-prototypes -Werror\=return-type -Wdocumentation -Wunreachable-code -Wno-implicit-atomic-properties -Werror\=deprecated-objc-isa-usage -Wno-objc-interface-ivars -Werror\=objc-root-class -Wno-arc-repeated-use-of-weak -Wimplicit-retain-self -Wduplicate-method-match -Wno-missing-braces -Wparentheses -Wswitch -Wunused-function -Wno-unused-label -Wno-unused-parameter -Wunused-variable -Wunused-value -Wempty-body -Wuninitialized -Wconditional-uninitialized -Wno-unknown-pragmas -Wno-shadow -Wno-four-char-constants -Wno-conversion -Wconstant-conversion -Wint-conversion -Wbool-conversion -Wenum-conversion -Wno-float-conversion -Wnon-literal-null-conversion -Wobjc-literal-conversion -Wshorten-64-to-32 -Wpointer-sign -Wno-newline-eof -Wno-selector -Wno-strict-selector-match -Wundeclared-selector -Wdeprecated-implementations -Wno-implicit-fallthrough -fstrict-aliasing -Wprotocol -Wdeprecated-declarations -Wno-sign-conversion -Winfinite-recursion -Wcomma -Wblock-capture-autoreleasing -Wstrict-prototypes -Wno-semicolon-before-method-body -Wunguarded-availability @/Users/runner/Library/Developer/Xcode/DerivedData/WebBrowser-clqywoufjsuyrtaownclvbrmxizr/Build/Intermediates.noindex/ArchiveIntermediates/WebBrowser/IntermediateBuildFilesPath/Pods.build/Release-iphoneos/SVProgressHUD.build/Objects-normal/arm64/e6072d4f65d7061329687fe24e3d63a7-common-args.resp -include /Users/runner/work/Web_Browser/Web_Browser/Pods/Target\ Support\ Files/SVProgressHUD/SVProgressHUD-prefix.pch -MMD -MT dependencies -MF /Users/runner/Library/Developer/Xcode/DerivedData/WebBrowser-clqywoufjsuyrtaownclvbrmxizr/Build/Intermediates.noindex/ArchiveIntermediates/WebBrowser/IntermediateBuildFilesPath/Pods.build/Release-iphoneos/SVProgressHUD.build/Objects-normal/arm64/SVProgressHUD.d --serialize-diagnostics /Users/runner/Library/Developer/Xcode/DerivedData/WebBrowser-clqywoufjsuyrtaownclvbrmxizr/Build/Intermediates.noindex/ArchiveIntermediates/WebBrowser/IntermediateBuildFilesPath/Pods.build/Release-iphoneos/SVProgressHUD.build/Objects-normal/arm64/SVProgressHUD.dia -c /Users/runner/work/Web_Browser/Web_Browser/Pods/SVProgressHUD/SVProgressHUD/SVProgressHUD.m -o /Users/runner/Library/Developer/Xcode/DerivedData/WebBrowser-clqywoufjsuyrtaownclvbrmxizr/Build/Intermediates.noindex/ArchiveIntermediates/WebBrowser/IntermediateBuildFilesPath/Pods.build/Release-iphoneos/SVProgressHUD.build/Objects-normal/arm64/SVProgressHUD.o

CompileC /Users/runner/Library/Developer/Xcode/DerivedData/WebBrowser-clqywoufjsuyrtaownclvbrmxizr/Build/Intermediates.noindex/ArchiveIntermediates/WebBrowser/IntermediateBuildFilesPath/Pods.build/Release-iphoneos/SVProgressHUD.build/Objects-normal/arm64/SVProgressHUD_vers.o /Users/runner/Library/Developer/Xcode/DerivedData/WebBrowser-clqywoufjsuyrtaownclvbrmxizr/Build/Intermediates.noindex/ArchiveIntermediates/WebBrowser/IntermediateBuildFilesPath/Pods.build/Release-iphoneos/SVProgressHUD.build/DerivedSources/SVProgressHUD_vers.c normal arm64 c com.apple.compilers.llvm.clang.1_0.compiler (in target 'SVProgressHUD' from project 'Pods')
    cd /Users/runner/work/Web_Browser/Web_Browser/Pods
    
    Using response file: /Users/runner/Library/Developer/Xcode/DerivedData/WebBrowser-clqywoufjsuyrtaownclvbrmxizr/Build/Intermediates.noindex/ArchiveIntermediates/WebBrowser/IntermediateBuildFilesPath/Pods.build/Release-iphoneos/SVProgressHUD.build/Objects-normal/arm64/7187679823f38a2a940e0043cdf9d637-common-args.resp
    
    /Applications/Xcode_26.3.app/Contents/Developer/Toolchains/XcodeDefault.xctoolchain/usr/bin/clang -x c -ivfsstatcache /Users/runner/Library/Developer/Xcode/DerivedData/SDKStatCaches.noindex/iphoneos26.2-23C57-dc75598d0054f22ec865fa860f139d722dd23b4ebda140f7210d155ff1243552.sdkstatcache -fmessage-length\=0 -fdiagnostics-show-note-include-stack -fmacro-backtrace-limit\=0 -fno-color-diagnostics -fmodules-prune-interval\=86400 -fmodules-prune-after\=345600 -fbuild-session-file\=/Users/runner/Library/Developer/Xcode/DerivedData/ModuleCache.noindex/Session.modulevalidation -fmodules-validate-once-per-build-session -Wnon-modular-include-in-framework-module -Werror\=non-modular-include-in-framework-module -Wno-trigraphs -Wno-missing-field-initializers -Wno-missing-prototypes -Werror\=return-type -Wdocumentation -Wunreachable-code -Werror\=deprecated-objc-isa-usage -Werror\=objc-root-class -Wno-missing-braces -Wparentheses -Wswitch -Wunused-function -Wno-unused-label -Wno-unused-parameter -Wunused-variable -Wunused-value -Wempty-body -Wuninitialized -Wconditional-uninitialized -Wno-unknown-pragmas -Wno-shadow -Wno-four-char-constants -Wno-conversion -Wconstant-conversion -Wint-conversion -Wbool-conversion -Wenum-conversion -Wno-float-conversion -Wnon-literal-null-conversion -Wobjc-literal-conversion -Wshorten-64-to-32 -Wpointer-sign -Wno-newline-eof -Wno-implicit-fallthrough -fstrict-aliasing -Wdeprecated-declarations -Wno-sign-conversion -Winfinite-recursion -Wcomma -Wblock-capture-autoreleasing -Wstrict-prototypes -Wno-semicolon-before-method-body -Wunguarded-availability @/Users/runner/Library/Developer/Xcode/DerivedData/WebBrowser-clqywoufjsuyrtaownclvbrmxizr/Build/Intermediates.noindex/ArchiveIntermediates/WebBrowser/IntermediateBuildFilesPath/Pods.build/Release-iphoneos/SVProgressHUD.build/Objects-normal/arm64/7187679823f38a2a940e0043cdf9d637-common-args.resp -MMD -MT dependencies -MF /Users/runner/Library/Developer/Xcode/DerivedData/WebBrowser-clqywoufjsuyrtaownclvbrmxizr/Build/Intermediates.noindex/ArchiveIntermediates/WebBrowser/IntermediateBuildFilesPath/Pods.build/Release-iphoneos/SVProgressHUD.build/Objects-normal/arm64/SVProgressHUD_vers.d --serialize-diagnostics /Users/runner/Library/Developer/Xcode/DerivedData/WebBrowser-clqywoufjsuyrtaownclvbrmxizr/Build/Intermediates.noindex/ArchiveIntermediates/WebBrowser/IntermediateBuildFilesPath/Pods.build/Release-iphoneos/SVProgressHUD.build/Objects-normal/arm64/SVProgressHUD_vers.dia -c /Users/runner/Library/Developer/Xcode/DerivedData/WebBrowser-clqywoufjsuyrtaownclvbrmxizr/Build/Intermediates.noindex/ArchiveIntermediates/WebBrowser/IntermediateBuildFilesPath/Pods.build/Release-iphoneos/SVProgressHUD.build/DerivedSources/SVProgressHUD_vers.c -o /Users/runner/Library/Developer/Xcode/DerivedData/WebBrowser-clqywoufjsuyrtaownclvbrmxizr/Build/Intermediates.noindex/ArchiveIntermediates/WebBrowser/IntermediateBuildFilesPath/Pods.build/Release-iphoneos/SVProgressHUD.build/Objects-normal/arm64/SVProgressHUD_vers.o

ScanDependencies /Users/runner/Library/Developer/Xcode/DerivedData/WebBrowser-clqywoufjsuyrtaownclvbrmxizr/Build/Intermediates.noindex/ArchiveIntermediates/WebBrowser/IntermediateBuildFilesPath/Pods.build/Release-iphoneos/SVProgressHUD.build/Objects-normal/arm64/SVProgressHUD-dummy.o /Users/runner/work/Web_Browser/Web_Browser/Pods/Target\ Support\ Files/SVProgressHUD/SVProgressHUD-dummy.m normal arm64 objective-c com.apple.compilers.llvm.clang.1_0.compiler (in target 'SVProgressHUD' from project 'Pods')
    cd /Users/runner/work/Web_Browser/Web_Browser/Pods
    
    Using response file: /Users/runner/Library/Developer/Xcode/DerivedData/WebBrowser-clqywoufjsuyrtaownclvbrmxizr/Build/Intermediates.noindex/ArchiveIntermediates/WebBrowser/IntermediateBuildFilesPath/Pods.build/Release-iphoneos/SVProgressHUD.build/Objects-normal/arm64/e6072d4f65d7061329687fe24e3d63a7-common-args.resp
    
    builtin-ScanDependencies -o /Users/runner/Library/Developer/Xcode/DerivedData/WebBrowser-clqywoufjsuyrtaownclvbrmxizr/Build/Intermediates.noindex/ArchiveIntermediates/WebBrowser/IntermediateBuildFilesPath/Pods.build/Release-iphoneos/SVProgressHUD.build/Objects-normal/arm64/SVProgressHUD-dummy.o.scan -- /Applications/Xcode_26.3.app/Contents/Developer/Toolchains/XcodeDefault.xctoolchain/usr/bin/clang -x objective-c -ivfsstatcache /Users/runner/Library/Developer/Xcode/DerivedData/SDKStatCaches.noindex/iphoneos26.2-23C57-dc75598d0054f22ec865fa860f139d722dd23b4ebda140f7210d155ff1243552.sdkstatcache -fmessage-length\=0 -fdiagnostics-show-note-include-stack -fmacro-backtrace-limit\=0 -fno-color-diagnostics -fmodules-prune-interval\=86400 -fmodules-prune-after\=345600 -fbuild-session-file\=/Users/runner/Library/Developer/Xcode/DerivedData/ModuleCache.noindex/Session.modulevalidation -fmodules-validate-once-per-build-session -Wnon-modular-include-in-framework-module -Werror\=non-modular-include-in-framework-module -Wno-trigraphs -Wno-missing-field-initializers -Wno-missing-prototypes -Werror\=return-type -Wdocumentation -Wunreachable-code -Wno-implicit-atomic-properties -Werror\=deprecated-objc-isa-usage -Wno-objc-interface-ivars -Werror\=objc-root-class -Wno-arc-repeated-use-of-weak -Wimplicit-retain-self -Wduplicate-method-match -Wno-missing-braces -Wparentheses -Wswitch -Wunused-function -Wno-unused-label -Wno-unused-parameter -Wunused-variable -Wunused-value -Wempty-body -Wuninitialized -Wconditional-uninitialized -Wno-unknown-pragmas -Wno-shadow -Wno-four-char-constants -Wno-conversion -Wconstant-conversion -Wint-conversion -Wbool-conversion -Wenum-conversion -Wno-float-conversion -Wnon-literal-null-conversion -Wobjc-literal-conversion -Wshorten-64-to-32 -Wpointer-sign -Wno-newline-eof -Wno-selector -Wno-strict-selector-match -Wundeclared-selector -Wdeprecated-implementations -Wno-implicit-fallthrough -fstrict-aliasing -Wprotocol -Wdeprecated-declarations -Wno-sign-conversion -Winfinite-recursion -Wcomma -Wblock-capture-autoreleasing -Wstrict-prototypes -Wno-semicolon-before-method-body -Wunguarded-availability @/Users/runner/Library/Developer/Xcode/DerivedData/WebBrowser-clqywoufjsuyrtaownclvbrmxizr/Build/Intermediates.noindex/ArchiveIntermediates/WebBrowser/IntermediateBuildFilesPath/Pods.build/Release-iphoneos/SVProgressHUD.build/Objects-normal/arm64/e6072d4f65d7061329687fe24e3d63a7-common-args.resp -include /Users/runner/work/Web_Browser/Web_Browser/Pods/Target\ Support\ Files/SVProgressHUD/SVProgressHUD-prefix.pch -MMD -MT dependencies -MF /Users/runner/Library/Developer/Xcode/DerivedData/WebBrowser-clqywoufjsuyrtaownclvbrmxizr/Build/Intermediates.noindex/ArchiveIntermediates/WebBrowser/IntermediateBuildFilesPath/Pods.build/Release-iphoneos/SVProgressHUD.build/Objects-normal/arm64/SVProgressHUD-dummy.d --serialize-diagnostics /Users/runner/Library/Developer/Xcode/DerivedData/WebBrowser-clqywoufjsuyrtaownclvbrmxizr/Build/Intermediates.noindex/ArchiveIntermediates/WebBrowser/IntermediateBuildFilesPath/Pods.build/Release-iphoneos/SVProgressHUD.build/Objects-normal/arm64/SVProgressHUD-dummy.dia -c /Users/runner/work/Web_Browser/Web_Browser/Pods/Target\ Support\ Files/SVProgressHUD/SVProgressHUD-dummy.m -o /Users/runner/Library/Developer/Xcode/DerivedData/WebBrowser-clqywoufjsuyrtaownclvbrmxizr/Build/Intermediates.noindex/ArchiveIntermediates/WebBrowser/IntermediateBuildFilesPath/Pods.build/Release-iphoneos/SVProgressHUD.build/Objects-normal/arm64/SVProgressHUD-dummy.o

PrecompileModule /Users/runner/Library/Developer/Xcode/DerivedData/WebBrowser-clqywoufjsuyrtaownclvbrmxizr/Build/Intermediates.noindex/ArchiveIntermediates/WebBrowser/IntermediateBuildFilesPath/ExplicitPrecompiledModules/_Builtin_stdbool-7CFS2T6AHBUY0S9IB8E4TUV2Z.scan
    cd /
    builtin-precompileModule /Users/runner/Library/Developer/Xcode/DerivedData/WebBrowser-clqywoufjsuyrtaownclvbrmxizr/Build/Intermediates.noindex/ArchiveIntermediates/WebBrowser/IntermediateBuildFilesPath/ExplicitPrecompiledModules/_Builtin_stdbool-7CFS2T6AHBUY0S9IB8E4TUV2Z.scan

PrecompileModule /Users/runner/Library/Developer/Xcode/DerivedData/WebBrowser-clqywoufjsuyrtaownclvbrmxizr/Build/Intermediates.noindex/ArchiveIntermediates/WebBrowser/IntermediateBuildFilesPath/ExplicitPrecompiledModules/ptrcheck-8LYT85V82KBSNWUWF1GCDFK13.scan
    cd /
    builtin-precompileModule /Users/runner/Library/Developer/Xcode/DerivedData/WebBrowser-clqywoufjsuyrtaownclvbrmxizr/Build/Intermediates.noindex/ArchiveIntermediates/WebBrowser/IntermediateBuildFilesPath/ExplicitPrecompiledModules/ptrcheck-8LYT85V82KBSNWUWF1GCDFK13.scan

PrecompileModule /Users/runner/Library/Developer/Xcode/DerivedData/WebBrowser-clqywoufjsuyrtaownclvbrmxizr/Build/Intermediates.noindex/ArchiveIntermediates/WebBrowser/IntermediateBuildFilesPath/ExplicitPrecompiledModules/_Builtin_stdarg-7X16U7MQ5OV3IIN4MQIBAFOBX.scan
    cd /
    builtin-precompileModule /Users/runner/Library/Developer/Xcode/DerivedData/WebBrowser-clqywoufjsuyrtaownclvbrmxizr/Build/Intermediates.noindex/ArchiveIntermediates/WebBrowser/IntermediateBuildFilesPath/ExplicitPrecompiledModules/_Builtin_stdarg-7X16U7MQ5OV3IIN4MQIBAFOBX.scan

PrecompileModule /Users/runner/Library/Developer/Xcode/DerivedData/WebBrowser-clqywoufjsuyrtaownclvbrmxizr/Build/Intermediates.noindex/ArchiveIntermediates/WebBrowser/IntermediateBuildFilesPath/ExplicitPrecompiledModules/_AvailabilityInternal-2XCXSXY00GQ4V61KREXNYTETT.scan
    cd /
    builtin-precompileModule /Users/runner/Library/Developer/Xcode/DerivedData/WebBrowser-clqywoufjsuyrtaownclvbrmxizr/Build/Intermediates.noindex/ArchiveIntermediates/WebBrowser/IntermediateBuildFilesPath/ExplicitPrecompiledModules/_AvailabilityInternal-2XCXSXY00GQ4V61KREXNYTETT.scan

PrecompileModule /Users/runner/Library/Developer/Xcode/DerivedData/WebBrowser-clqywoufjsuyrtaownclvbrmxizr/Build/Intermediates.noindex/ArchiveIntermediates/WebBrowser/IntermediateBuildFilesPath/ExplicitPrecompiledModules/ptrauth-CWXPAOK9L2TY74QRQM73AA5F2.scan
    cd /
    builtin-precompileModule /Users/runner/Library/Developer/Xcode/DerivedData/WebBrowser-clqywoufjsuyrtaownclvbrmxizr/Build/Intermediates.noindex/ArchiveIntermediates/WebBrowser/IntermediateBuildFilesPath/ExplicitPrecompiledModules/ptrauth-CWXPAOK9L2TY74QRQM73AA5F2.scan

PrecompileModule /Users/runner/Library/Developer/Xcode/DerivedData/WebBrowser-clqywoufjsuyrtaownclvbrmxizr/Build/Intermediates.noindex/ArchiveIntermediates/WebBrowser/IntermediateBuildFilesPath/ExplicitPrecompiledModules/_Builtin_stddef-AYR0NQ8EI9C9PBOLQPODAZB3P.scan
    cd /
    builtin-precompileModule /Users/runner/Library/Developer/Xcode/DerivedData/WebBrowser-clqywoufjsuyrtaownclvbrmxizr/Build/Intermediates.noindex/ArchiveIntermediates/WebBrowser/IntermediateBuildFilesPath/ExplicitPrecompiledModules/_Builtin_stddef-AYR0NQ8EI9C9PBOLQPODAZB3P.scan

PrecompileModule /Users/runner/Library/Developer/Xcode/DerivedData/WebBrowser-clqywoufjsuyrtaownclvbrmxizr/Build/Intermediates.noindex/ArchiveIntermediates/WebBrowser/IntermediateBuildFilesPath/ExplicitPrecompiledModules/_Builtin_float-1FW716MAN8D8UAYG9NI59N566.scan
    cd /
    builtin-precompileModule /Users/runner/Library/Developer/Xcode/DerivedData/WebBrowser-clqywoufjsuyrtaownclvbrmxizr/Build/Intermediates.noindex/ArchiveIntermediates/WebBrowser/IntermediateBuildFilesPath/ExplicitPrecompiledModules/_Builtin_float-1FW716MAN8D8UAYG9NI59N566.scan

PrecompileModule /Users/runner/Library/Developer/Xcode/DerivedData/WebBrowser-clqywoufjsuyrtaownclvbrmxizr/Build/Intermediates.noindex/ArchiveIntermediates/WebBrowser/IntermediateBuildFilesPath/ExplicitPrecompiledModules/_DarwinFoundation1-2UWL3R293GNKPGDF3QU68QC4I.scan
    cd /
    builtin-precompileModule /Users/runner/Library/Developer/Xcode/DerivedData/WebBrowser-clqywoufjsuyrtaownclvbrmxizr/Build/Intermediates.noindex/ArchiveIntermediates/WebBrowser/IntermediateBuildFilesPath/ExplicitPrecompiledModules/_DarwinFoundation1-2UWL3R293GNKPGDF3QU68QC4I.scan

ScanDependencies /Users/runner/Library/Developer/Xcode/DerivedData/WebBrowser-clqywoufjsuyrtaownclvbrmxizr/Build/Intermediates.noindex/ArchiveIntermediates/WebBrowser/IntermediateBuildFilesPath/Pods.build/Release-iphoneos/SVProgressHUD.build/Objects-normal/arm64/SVProgressAnimatedView.o /Users/runner/work/Web_Browser/Web_Browser/Pods/SVProgressHUD/SVProgressHUD/SVProgressAnimatedView.m normal arm64 objective-c com.apple.compilers.llvm.clang.1_0.compiler (in target 'SVProgressHUD' from project 'Pods')
    cd /Users/runner/work/Web_Browser/Web_Browser/Pods
    
    Using response file: /Users/runner/Library/Developer/Xcode/DerivedData/WebBrowser-clqywoufjsuyrtaownclvbrmxizr/Build/Intermediates.noindex/ArchiveIntermediates/WebBrowser/IntermediateBuildFilesPath/Pods.build/Release-iphoneos/SVProgressHUD.build/Objects-normal/arm64/e6072d4f65d7061329687fe24e3d63a7-common-args.resp
    
    builtin-ScanDependencies -o /Users/runner/Library/Developer/Xcode/DerivedData/WebBrowser-clqywoufjsuyrtaownclvbrmxizr/Build/Intermediates.noindex/ArchiveIntermediates/WebBrowser/IntermediateBuildFilesPath/Pods.build/Release-iphoneos/SVProgressHUD.build/Objects-normal/arm64/SVProgressAnimatedView.o.scan -- /Applications/Xcode_26.3.app/Contents/Developer/Toolchains/XcodeDefault.xctoolchain/usr/bin/clang -x objective-c -ivfsstatcache /Users/runner/Library/Developer/Xcode/DerivedData/SDKStatCaches.noindex/iphoneos26.2-23C57-dc75598d0054f22ec865fa860f139d722dd23b4ebda140f7210d155ff1243552.sdkstatcache -fmessage-length\=0 -fdiagnostics-show-note-include-stack -fmacro-backtrace-limit\=0 -fno-color-diagnostics -fmodules-prune-interval\=86400 -fmodules-prune-after\=345600 -fbuild-session-file\=/Users/runner/Library/Developer/Xcode/DerivedData/ModuleCache.noindex/Session.modulevalidation -fmodules-validate-once-per-build-session -Wnon-modular-include-in-framework-module -Werror\=non-modular-include-in-framework-module -Wno-trigraphs -Wno-missing-field-initializers -Wno-missing-prototypes -Werror\=return-type -Wdocumentation -Wunreachable-code -Wno-implicit-atomic-properties -Werror\=deprecated-objc-isa-usage -Wno-objc-interface-ivars -Werror\=objc-root-class -Wno-arc-repeated-use-of-weak -Wimplicit-retain-self -Wduplicate-method-match -Wno-missing-braces -Wparentheses -Wswitch -Wunused-function -Wno-unused-label -Wno-unused-parameter -Wunused-variable -Wunused-value -Wempty-body -Wuninitialized -Wconditional-uninitialized -Wno-unknown-pragmas -Wno-shadow -Wno-four-char-constants -Wno-conversion -Wconstant-conversion -Wint-conversion -Wbool-conversion -Wenum-conversion -Wno-float-conversion -Wnon-literal-null-conversion -Wobjc-literal-conversion -Wshorten-64-to-32 -Wpointer-sign -Wno-newline-eof -Wno-selector -Wno-strict-selector-match -Wundeclared-selector -Wdeprecated-implementations -Wno-implicit-fallthrough -fstrict-aliasing -Wprotocol -Wdeprecated-declarations -Wno-sign-conversion -Winfinite-recursion -Wcomma -Wblock-capture-autoreleasing -Wstrict-prototypes -Wno-semicolon-before-method-body -Wunguarded-availability @/Users/runner/Library/Developer/Xcode/DerivedData/WebBrowser-clqywoufjsuyrtaownclvbrmxizr/Build/Intermediates.noindex/ArchiveIntermediates/WebBrowser/IntermediateBuildFilesPath/Pods.build/Release-iphoneos/SVProgressHUD.build/Objects-normal/arm64/e6072d4f65d7061329687fe24e3d63a7-common-args.resp -include /Users/runner/work/Web_Browser/Web_Browser/Pods/Target\ Support\ Files/SVProgressHUD/SVProgressHUD-prefix.pch -MMD -MT dependencies -MF /Users/runner/Library/Developer/Xcode/DerivedData/WebBrowser-clqywoufjsuyrtaownclvbrmxizr/Build/Intermediates.noindex/ArchiveIntermediates/WebBrowser/IntermediateBuildFilesPath/Pods.build/Release-iphoneos/SVProgressHUD.build/Objects-normal/arm64/SVProgressAnimatedView.d --serialize-diagnostics /Users/runner/Library/Developer/Xcode/DerivedData/WebBrowser-clqywoufjsuyrtaownclvbrmxizr/Build/Intermediates.noindex/ArchiveIntermediates/WebBrowser/IntermediateBuildFilesPath/Pods.build/Release-iphoneos/SVProgressHUD.build/Objects-normal/arm64/SVProgressAnimatedView.dia -c /Users/runner/work/Web_Browser/Web_Browser/Pods/SVProgressHUD/SVProgressHUD/SVProgressAnimatedView.m -o /Users/runner/Library/Developer/Xcode/DerivedData/WebBrowser-clqywoufjsuyrtaownclvbrmxizr/Build/Intermediates.noindex/ArchiveIntermediates/WebBrowser/IntermediateBuildFilesPath/Pods.build/Release-iphoneos/SVProgressHUD.build/Objects-normal/arm64/SVProgressAnimatedView.o

ScanDependencies /Users/runner/Library/Developer/Xcode/DerivedData/WebBrowser-clqywoufjsuyrtaownclvbrmxizr/Build/Intermediates.noindex/ArchiveIntermediates/WebBrowser/IntermediateBuildFilesPath/Pods.build/Release-iphoneos/SVProgressHUD.build/Objects-normal/arm64/SVIndefiniteAnimatedView.o /Users/runner/work/Web_Browser/Web_Browser/Pods/SVProgressHUD/SVProgressHUD/SVIndefiniteAnimatedView.m normal arm64 objective-c com.apple.compilers.llvm.clang.1_0.compiler (in target 'SVProgressHUD' from project 'Pods')
    cd /Users/runner/work/Web_Browser/Web_Browser/Pods
    
    Using response file: /Users/runner/Library/Developer/Xcode/DerivedData/WebBrowser-clqywoufjsuyrtaownclvbrmxizr/Build/Intermediates.noindex/ArchiveIntermediates/WebBrowser/IntermediateBuildFilesPath/Pods.build/Release-iphoneos/SVProgressHUD.build/Objects-normal/arm64/e6072d4f65d7061329687fe24e3d63a7-common-args.resp
    
    builtin-ScanDependencies -o /Users/runner/Library/Developer/Xcode/DerivedData/WebBrowser-clqywoufjsuyrtaownclvbrmxizr/Build/Intermediates.noindex/ArchiveIntermediates/WebBrowser/IntermediateBuildFilesPath/Pods.build/Release-iphoneos/SVProgressHUD.build/Objects-normal/arm64/SVIndefiniteAnimatedView.o.scan -- /Applications/Xcode_26.3.app/Contents/Developer/Toolchains/XcodeDefault.xctoolchain/usr/bin/clang -x objective-c -ivfsstatcache /Users/runner/Library/Developer/Xcode/DerivedData/SDKStatCaches.noindex/iphoneos26.2-23C57-dc75598d0054f22ec865fa860f139d722dd23b4ebda140f7210d155ff1243552.sdkstatcache -fmessage-length\=0 -fdiagnostics-show-note-include-stack -fmacro-backtrace-limit\=0 -fno-color-diagnostics -fmodules-prune-interval\=86400 -fmodules-prune-after\=345600 -fbuild-session-file\=/Users/runner/Library/Developer/Xcode/DerivedData/ModuleCache.noindex/Session.modulevalidation -fmodules-validate-once-per-build-session -Wnon-modular-include-in-framework-module -Werror\=non-modular-include-in-framework-module -Wno-trigraphs -Wno-missing-field-initializers -Wno-missing-prototypes -Werror\=return-type -Wdocumentation -Wunreachable-code -Wno-implicit-atomic-properties -Werror\=deprecated-objc-isa-usage -Wno-objc-interface-ivars -Werror\=objc-root-class -Wno-arc-repeated-use-of-weak -Wimplicit-retain-self -Wduplicate-method-match -Wno-missing-braces -Wparentheses -Wswitch -Wunused-function -Wno-unused-label -Wno-unused-parameter -Wunused-variable -Wunused-value -Wempty-body -Wuninitialized -Wconditional-uninitialized -Wno-unknown-pragmas -Wno-shadow -Wno-four-char-constants -Wno-conversion -Wconstant-conversion -Wint-conversion -Wbool-conversion -Wenum-conversion -Wno-float-conversion -Wnon-literal-null-conversion -Wobjc-literal-conversion -Wshorten-64-to-32 -Wpointer-sign -Wno-newline-eof -Wno-selector -Wno-strict-selector-match -Wundeclared-selector -Wdeprecated-implementations -Wno-implicit-fallthrough -fstrict-aliasing -Wprotocol -Wdeprecated-declarations -Wno-sign-conversion -Winfinite-recursion -Wcomma -Wblock-capture-autoreleasing -Wstrict-prototypes -Wno-semicolon-before-method-body -Wunguarded-availability @/Users/runner/Library/Developer/Xcode/DerivedData/WebBrowser-clqywoufjsuyrtaownclvbrmxizr/Build/Intermediates.noindex/ArchiveIntermediates/WebBrowser/IntermediateBuildFilesPath/Pods.build/Release-iphoneos/SVProgressHUD.build/Objects-normal/arm64/e6072d4f65d7061329687fe24e3d63a7-common-args.resp -include /Users/runner/work/Web_Browser/Web_Browser/Pods/Target\ Support\ Files/SVProgressHUD/SVProgressHUD-prefix.pch -MMD -MT dependencies -MF /Users/runner/Library/Developer/Xcode/DerivedData/WebBrowser-clqywoufjsuyrtaownclvbrmxizr/Build/Intermediates.noindex/ArchiveIntermediates/WebBrowser/IntermediateBuildFilesPath/Pods.build/Release-iphoneos/SVProgressHUD.build/Objects-normal/arm64/SVIndefiniteAnimatedView.d --serialize-diagnostics /Users/runner/Library/Developer/Xcode/DerivedData/WebBrowser-clqywoufjsuyrtaownclvbrmxizr/Build/Intermediates.noindex/ArchiveIntermediates/WebBrowser/IntermediateBuildFilesPath/Pods.build/Release-iphoneos/SVProgressHUD.build/Objects-normal/arm64/SVIndefiniteAnimatedView.dia -c /Users/runner/work/Web_Browser/Web_Browser/Pods/SVProgressHUD/SVProgressHUD/SVIndefiniteAnimatedView.m -o /Users/runner/Library/Developer/Xcode/DerivedData/WebBrowser-clqywoufjsuyrtaownclvbrmxizr/Build/Intermediates.noindex/ArchiveIntermediates/WebBrowser/IntermediateBuildFilesPath/Pods.build/Release-iphoneos/SVProgressHUD.build/Objects-normal/arm64/SVIndefiniteAnimatedView.o

SwiftDriver\ Compilation KeychainAccess normal arm64 com.apple.xcode.tools.swift.compiler (in target 'KeychainAccess' from project 'Pods')
    cd /Users/runner/work/Web_Browser/Web_Browser/Pods
    builtin-Swift-Compilation -- /Applications/Xcode_26.3.app/Contents/Developer/Toolchains/XcodeDefault.xctoolchain/usr/bin/swiftc -module-name KeychainAccess -O -whole-module-optimization -enforce-exclusivity\=checked @/Users/runner/Library/Developer/Xcode/DerivedData/WebBrowser-clqywoufjsuyrtaownclvbrmxizr/Build/Intermediates.noindex/ArchiveIntermediates/WebBrowser/IntermediateBuildFilesPath/Pods.build/Release-iphoneos/KeychainAccess.build/Objects-normal/arm64/KeychainAccess.SwiftFileList -D COCOAPODS -enable-bare-slash-regex -enable-experimental-feature DebugDescriptionMacro -sdk /Applications/Xcode_26.3.app/Contents/Developer/Platforms/iPhoneOS.platform/Developer/SDKs/iPhoneOS26.2.sdk -target arm64-apple-ios16.0 -g -module-cache-path /Users/runner/Library/Developer/Xcode/DerivedData/ModuleCache.noindex -Xfrontend -serialize-debugging-options -swift-version 5 -I /Users/runner/Library/Developer/Xcode/DerivedData/WebBrowser-clqywoufjsuyrtaownclvbrmxizr/Build/Intermediates.noindex/ArchiveIntermediates/WebBrowser/BuildProductsPath/Release-iphoneos/KeychainAccess -F /Users/runner/Library/Developer/Xcode/DerivedData/WebBrowser-clqywoufjsuyrtaownclvbrmxizr/Build/Intermediates.noindex/ArchiveIntermediates/WebBrowser/BuildProductsPath/Release-iphoneos/KeychainAccess -parse-as-library -c -num-threads 3 -Xcc -ivfsstatcache -Xcc /Users/runner/Library/Developer/Xcode/DerivedData/SDKStatCaches.noindex/iphoneos26.2-23C57-dc75598d0054f22ec865fa860f139d722dd23b4ebda140f7210d155ff1243552.sdkstatcache -output-file-map /Users/runner/Library/Developer/Xcode/DerivedData/WebBrowser-clqywoufjsuyrtaownclvbrmxizr/Build/Intermediates.noindex/ArchiveIntermediates/WebBrowser/IntermediateBuildFilesPath/Pods.build/Release-iphoneos/KeychainAccess.build/Objects-normal/arm64/KeychainAccess-OutputFileMap.json -use-frontend-parseable-output -save-temps -no-color-diagnostics -explicit-module-build -module-cache-path /Users/runner/Library/Developer/Xcode/DerivedData/WebBrowser-clqywoufjsuyrtaownclvbrmxizr/Build/Intermediates.noindex/ArchiveIntermediates/WebBrowser/IntermediateBuildFilesPath/SwiftExplicitPrecompiledModules -clang-scanner-module-cache-path /Users/runner/Library/Developer/Xcode/DerivedData/ModuleCache.noindex -sdk-module-cache-path /Users/runner/Library/Developer/Xcode/DerivedData/ModuleCache.noindex -serialize-diagnostics -emit-dependencies -emit-module -emit-module-path /Users/runner/Library/Developer/Xcode/DerivedData/WebBrowser-clqywoufjsuyrtaownclvbrmxizr/Build/Intermediates.noindex/ArchiveIntermediates/WebBrowser/IntermediateBuildFilesPath/Pods.build/Release-iphoneos/KeychainAccess.build/Objects-normal/arm64/KeychainAccess.swiftmodule -validate-clang-modules-once -clang-build-session-file /Users/runner/Library/Developer/Xcode/DerivedData/ModuleCache.noindex/Session.modulevalidation -Xcc -I/Users/runner/Library/Developer/Xcode/DerivedData/WebBrowser-clqywoufjsuyrtaownclvbrmxizr/Build/Intermediates.noindex/ArchiveIntermediates/WebBrowser/IntermediateBuildFilesPath/Pods.build/Release-iphoneos/KeychainAccess.build/swift-overrides.hmap -emit-const-values -Xfrontend -const-gather-protocols-file -Xfrontend /Users/runner/Library/Developer/Xcode/DerivedData/WebBrowser-clqywoufjsuyrtaownclvbrmxizr/Build/Intermediates.noindex/ArchiveIntermediates/WebBrowser/IntermediateBuildFilesPath/Pods.build/Release-iphoneos/KeychainAccess.build/Objects-normal/arm64/KeychainAccess_const_extract_protocols.json -Xcc -iquote -Xcc /Users/runner/Library/Developer/Xcode/DerivedData/WebBrowser-clqywoufjsuyrtaownclvbrmxizr/Build/Intermediates.noindex/ArchiveIntermediates/WebBrowser/IntermediateBuildFilesPath/Pods.build/Release-iphoneos/KeychainAccess.build/KeychainAccess-generated-files.hmap -Xcc -I/Users/runner/Library/Developer/Xcode/DerivedData/WebBrowser-clqywoufjsuyrtaownclvbrmxizr/Build/Intermediates.noindex/ArchiveIntermediates/WebBrowser/IntermediateBuildFilesPath/Pods.build/Release-iphoneos/KeychainAccess.build/KeychainAccess-own-target-headers.hmap -Xcc -I/Users/runner/Library/Developer/Xcode/DerivedData/WebBrowser-clqywoufjsuyrtaownclvbrmxizr/Build/Intermediates.noindex/ArchiveIntermediates/WebBrowser/IntermediateBuildFilesPath/Pods.build/Release-iphoneos/KeychainAccess.build/KeychainAccess-all-non-framework-target-headers.hmap -Xcc -ivfsoverlay -Xcc /Users/runner/Library/Developer/Xcode/DerivedData/WebBrowser-clqywoufjsuyrtaownclvbrmxizr/Build/Intermediates.noindex/ArchiveIntermediates/WebBrowser/IntermediateBuildFilesPath/Pods.build/Release-iphoneos/Pods-8699adb1dd336b26511df848a716bd42-VFS-iphoneos/all-product-headers.yaml -Xcc -iquote -Xcc /Users/runner/Library/Developer/Xcode/DerivedData/WebBrowser-clqywoufjsuyrtaownclvbrmxizr/Build/Intermediates.noindex/ArchiveIntermediates/WebBrowser/IntermediateBuildFilesPath/Pods.build/Release-iphoneos/KeychainAccess.build/KeychainAccess-project-headers.hmap -Xcc -I/Users/runner/Library/Developer/Xcode/DerivedData/WebBrowser-clqywoufjsuyrtaownclvbrmxizr/Build/Intermediates.noindex/ArchiveIntermediates/WebBrowser/BuildProductsPath/Release-iphoneos/KeychainAccess/include -Xcc -I/Users/runner/Library/Developer/Xcode/DerivedData/WebBrowser-clqywoufjsuyrtaownclvbrmxizr/Build/Intermediates.noindex/ArchiveIntermediates/WebBrowser/IntermediateBuildFilesPath/Pods.build/Release-iphoneos/KeychainAccess.build/DerivedSources-normal/arm64 -Xcc -I/Users/runner/Library/Developer/Xcode/DerivedData/WebBrowser-clqywoufjsuyrtaownclvbrmxizr/Build/Intermediates.noindex/ArchiveIntermediates/WebBrowser/IntermediateBuildFilesPath/Pods.build/Release-iphoneos/KeychainAccess.build/DerivedSources/arm64 -Xcc -I/Users/runner/Library/Developer/Xcode/DerivedData/WebBrowser-clqywoufjsuyrtaownclvbrmxizr/Build/Intermediates.noindex/ArchiveIntermediates/WebBrowser/IntermediateBuildFilesPath/Pods.build/Release-iphoneos/KeychainAccess.build/DerivedSources -Xcc -DPOD_CONFIGURATION_RELEASE\=1 -Xcc -DCOCOAPODS\=1 -emit-objc-header -emit-objc-header-path /Users/runner/Library/Developer/Xcode/DerivedData/WebBrowser-clqywoufjsuyrtaownclvbrmxizr/Build/Intermediates.noindex/ArchiveIntermediates/WebBrowser/IntermediateBuildFilesPath/Pods.build/Release-iphoneos/KeychainAccess.build/Objects-normal/arm64/KeychainAccess-Swift.h -import-underlying-module -Xcc -ivfsoverlay -Xcc /Users/runner/Library/Developer/Xcode/DerivedData/WebBrowser-clqywoufjsuyrtaownclvbrmxizr/Build/Intermediates.noindex/ArchiveIntermediates/WebBrowser/IntermediateBuildFilesPath/Pods.build/Release-iphoneos/KeychainAccess.build/unextended-module-overlay.yaml -working-directory /Users/runner/work/Web_Browser/Web_Browser/Pods -no-emit-module-separately-wmo

SwiftExplicitDependencyGeneratePcm arm64 /Users/runner/Library/Developer/Xcode/DerivedData/ModuleCache.noindex/ptrauth-86XI3RI4Y6OV8TLD3O1D9X956.pcm

SwiftExplicitDependencyGeneratePcm arm64 /Users/runner/Library/Developer/Xcode/DerivedData/ModuleCache.noindex/SwiftShims-20449Z80VJ81TEPUGCZ2BPK28.pcm

SwiftExplicitDependencyGeneratePcm arm64 /Users/runner/Library/Developer/Xcode/DerivedData/ModuleCache.noindex/_Builtin_stddef-8UE7IOOQG7TV7H43ZUUD8GK8A.pcm

SwiftExplicitDependencyGeneratePcm arm64 /Users/runner/Library/Developer/Xcode/DerivedData/ModuleCache.noindex/_SwiftConcurrencyShims-39H4MYIONVMNULZUDLIS42DCD.pcm

SwiftExplicitDependencyGeneratePcm arm64 /Users/runner/Library/Developer/Xcode/DerivedData/ModuleCache.noindex/_Builtin_stdarg-EDLOZHOX1KIFA7V1RM8XK31ZD.pcm

SwiftExplicitDependencyGeneratePcm arm64 /Users/runner/Library/Developer/Xcode/DerivedData/ModuleCache.noindex/_Builtin_float-2AJTXFLH7UIA5W4QO5PEZJ067.pcm

SwiftExplicitDependencyGeneratePcm arm64 /Users/runner/Library/Developer/Xcode/DerivedData/ModuleCache.noindex/_Builtin_stdbool-BGMEK4M079WK80BJQAM92RKI5.pcm

SwiftExplicitDependencyGeneratePcm arm64 /Users/runner/Library/Developer/Xcode/DerivedData/ModuleCache.noindex/ptrcheck-33FG5PDOCYRR3L736CNG6XQW9.pcm

SwiftExplicitDependencyGeneratePcm arm64 /Users/runner/Library/Developer/Xcode/DerivedData/ModuleCache.noindex/DeveloperToolsSupport-ED9Z3FLSATL8Q5V0PU1K6IANB.pcm

SwiftExplicitDependencyGeneratePcm arm64 /Users/runner/Library/Developer/Xcode/DerivedData/ModuleCache.noindex/_AvailabilityInternal-4ZSQ3YOKJ8FIZ9DE3N2N2155Z.pcm

PrecompileModule /Users/runner/Library/Developer/Xcode/DerivedData/WebBrowser-clqywoufjsuyrtaownclvbrmxizr/Build/Intermediates.noindex/ArchiveIntermediates/WebBrowser/IntermediateBuildFilesPath/ExplicitPrecompiledModules/_Builtin_limits-KD3V5WS5QSRB5EH160227DFS.scan
    cd /
    builtin-precompileModule /Users/runner/Library/Developer/Xcode/DerivedData/WebBrowser-clqywoufjsuyrtaownclvbrmxizr/Build/Intermediates.noindex/ArchiveIntermediates/WebBrowser/IntermediateBuildFilesPath/ExplicitPrecompiledModules/_Builtin_limits-KD3V5WS5QSRB5EH160227DFS.scan

PrecompileModule /Users/runner/Library/Developer/Xcode/DerivedData/WebBrowser-clqywoufjsuyrtaownclvbrmxizr/Build/Intermediates.noindex/ArchiveIntermediates/WebBrowser/IntermediateBuildFilesPath/ExplicitPrecompiledModules/_DarwinFoundation2-ARRXLLB8ZVLK5E2DG3X5K59AJ.scan
    cd /
    builtin-precompileModule /Users/runner/Library/Developer/Xcode/DerivedData/WebBrowser-clqywoufjsuyrtaownclvbrmxizr/Build/Intermediates.noindex/ArchiveIntermediates/WebBrowser/IntermediateBuildFilesPath/ExplicitPrecompiledModules/_DarwinFoundation2-ARRXLLB8ZVLK5E2DG3X5K59AJ.scan

SwiftExplicitDependencyGeneratePcm arm64 /Users/runner/Library/Developer/Xcode/DerivedData/ModuleCache.noindex/_DarwinFoundation1-AMJ7P60XIICL2VTFWIYGS8CF9.pcm

PrecompileModule /Users/runner/Library/Developer/Xcode/DerivedData/WebBrowser-clqywoufjsuyrtaownclvbrmxizr/Build/Intermediates.noindex/ArchiveIntermediates/WebBrowser/IntermediateBuildFilesPath/ExplicitPrecompiledModules/_Builtin_stdint-7Z28CATQK0BXW94HCA71HS2CE.scan
    cd /
    builtin-precompileModule /Users/runner/Library/Developer/Xcode/DerivedData/WebBrowser-clqywoufjsuyrtaownclvbrmxizr/Build/Intermediates.noindex/ArchiveIntermediates/WebBrowser/IntermediateBuildFilesPath/ExplicitPrecompiledModules/_Builtin_stdint-7Z28CATQK0BXW94HCA71HS2CE.scan

PrecompileModule /Users/runner/Library/Developer/Xcode/DerivedData/WebBrowser-clqywoufjsuyrtaownclvbrmxizr/Build/Intermediates.noindex/ArchiveIntermediates/WebBrowser/IntermediateBuildFilesPath/ExplicitPrecompiledModules/_DarwinFoundation3-D5YLAXMR4IS70BPAUS3B0HX55.scan
    cd /
    builtin-precompileModule /Users/runner/Library/Developer/Xcode/DerivedData/WebBrowser-clqywoufjsuyrtaownclvbrmxizr/Build/Intermediates.noindex/ArchiveIntermediates/WebBrowser/IntermediateBuildFilesPath/ExplicitPrecompiledModules/_DarwinFoundation3-D5YLAXMR4IS70BPAUS3B0HX55.scan

SwiftExplicitDependencyGeneratePcm arm64 /Users/runner/Library/Developer/Xcode/DerivedData/ModuleCache.noindex/_DarwinFoundation2-EDY9TGJJ7VQW6W3MZ6ZHJSDEA.pcm

SwiftExplicitDependencyGeneratePcm arm64 /Users/runner/Library/Developer/Xcode/DerivedData/ModuleCache.noindex/_Builtin_limits-BJTWRD4AU42QKMKA01HY9L3TT.pcm

PrecompileModule /Users/runner/Library/Developer/Xcode/DerivedData/WebBrowser-clqywoufjsuyrtaownclvbrmxizr/Build/Intermediates.noindex/ArchiveIntermediates/WebBrowser/IntermediateBuildFilesPath/ExplicitPrecompiledModules/_Builtin_inttypes-BQJ84G40CALSUQJJB0SDZN2RK.scan
    cd /
    builtin-precompileModule /Users/runner/Library/Developer/Xcode/DerivedData/WebBrowser-clqywoufjsuyrtaownclvbrmxizr/Build/Intermediates.noindex/ArchiveIntermediates/WebBrowser/IntermediateBuildFilesPath/ExplicitPrecompiledModules/_Builtin_inttypes-BQJ84G40CALSUQJJB0SDZN2RK.scan

PrecompileModule /Users/runner/Library/Developer/Xcode/DerivedData/WebBrowser-clqywoufjsuyrtaownclvbrmxizr/Build/Intermediates.noindex/ArchiveIntermediates/WebBrowser/IntermediateBuildFilesPath/ExplicitPrecompiledModules/Darwin-2PQBA43KPY73PNYOHPBDB7HVM.scan
    cd /
    builtin-precompileModule /Users/runner/Library/Developer/Xcode/DerivedData/WebBrowser-clqywoufjsuyrtaownclvbrmxizr/Build/Intermediates.noindex/ArchiveIntermediates/WebBrowser/IntermediateBuildFilesPath/ExplicitPrecompiledModules/Darwin-2PQBA43KPY73PNYOHPBDB7HVM.scan

SwiftExplicitDependencyGeneratePcm arm64 /Users/runner/Library/Developer/Xcode/DerivedData/ModuleCache.noindex/sys_types-4PRH99LU2I59L83OSQHIOT0F4.pcm

SwiftExplicitDependencyGeneratePcm arm64 /Users/runner/Library/Developer/Xcode/DerivedData/ModuleCache.noindex/_Builtin_stdint-BE3PMKOR44C24VD6AB0E9PT2Y.pcm

SwiftExplicitDependencyGeneratePcm arm64 /Users/runner/Library/Developer/Xcode/DerivedData/ModuleCache.noindex/_DarwinFoundation3-5TXVJP44ZNRCILXS0UUPBK4DD.pcm

SwiftExplicitDependencyGeneratePcm arm64 /Users/runner/Library/Developer/Xcode/DerivedData/ModuleCache.noindex/_Builtin_stdatomic-CAG3T5E54X9AQRZBTS0FH97YQ.pcm

SwiftExplicitDependencyGeneratePcm arm64 /Users/runner/Library/Developer/Xcode/DerivedData/ModuleCache.noindex/_Builtin_inttypes-2VJE3Q7LACMOFWR8DFDHES3LO.pcm

PrecompileModule /Users/runner/Library/Developer/Xcode/DerivedData/WebBrowser-clqywoufjsuyrtaownclvbrmxizr/Build/Intermediates.noindex/ArchiveIntermediates/WebBrowser/IntermediateBuildFilesPath/ExplicitPrecompiledModules/ObjectiveC-E3R4YVDJ72683LISWKZ3GWWAP.scan
    cd /
    builtin-precompileModule /Users/runner/Library/Developer/Xcode/DerivedData/WebBrowser-clqywoufjsuyrtaownclvbrmxizr/Build/Intermediates.noindex/ArchiveIntermediates/WebBrowser/IntermediateBuildFilesPath/ExplicitPrecompiledModules/ObjectiveC-E3R4YVDJ72683LISWKZ3GWWAP.scan

SwiftExplicitDependencyGeneratePcm arm64 /Users/runner/Library/Developer/Xcode/DerivedData/ModuleCache.noindex/Darwin-7J9VQ7MSQL9D8T4I20DHTTXMN.pcm

PrecompileModule /Users/runner/Library/Developer/Xcode/DerivedData/WebBrowser-clqywoufjsuyrtaownclvbrmxizr/Build/Intermediates.noindex/ArchiveIntermediates/WebBrowser/IntermediateBuildFilesPath/ExplicitPrecompiledModules/os_object-7T3HZA8DIOC644L05NT7O0NQV.scan
    cd /
    builtin-precompileModule /Users/runner/Library/Developer/Xcode/DerivedData/WebBrowser-clqywoufjsuyrtaownclvbrmxizr/Build/Intermediates.noindex/ArchiveIntermediates/WebBrowser/IntermediateBuildFilesPath/ExplicitPrecompiledModules/os_object-7T3HZA8DIOC644L05NT7O0NQV.scan

PrecompileModule /Users/runner/Library/Developer/Xcode/DerivedData/WebBrowser-clqywoufjsuyrtaownclvbrmxizr/Build/Intermediates.noindex/ArchiveIntermediates/WebBrowser/IntermediateBuildFilesPath/ExplicitPrecompiledModules/os_workgroup-ACNUWDID7BEVGEEL8GJFYI5NI.scan
    cd /
    builtin-precompileModule /Users/runner/Library/Developer/Xcode/DerivedData/WebBrowser-clqywoufjsuyrtaownclvbrmxizr/Build/Intermediates.noindex/ArchiveIntermediates/WebBrowser/IntermediateBuildFilesPath/ExplicitPrecompiledModules/os_workgroup-ACNUWDID7BEVGEEL8GJFYI5NI.scan

PrecompileModule /Users/runner/Library/Developer/Xcode/DerivedData/WebBrowser-clqywoufjsuyrtaownclvbrmxizr/Build/Intermediates.noindex/ArchiveIntermediates/WebBrowser/IntermediateBuildFilesPath/ExplicitPrecompiledModules/Dispatch-D255RFW4B6UZOEVDZC4C3LS6K.scan
    cd /
    builtin-precompileModule /Users/runner/Library/Developer/Xcode/DerivedData/WebBrowser-clqywoufjsuyrtaownclvbrmxizr/Build/Intermediates.noindex/ArchiveIntermediates/WebBrowser/IntermediateBuildFilesPath/ExplicitPrecompiledModules/Dispatch-D255RFW4B6UZOEVDZC4C3LS6K.scan

PrecompileModule /Users/runner/Library/Developer/Xcode/DerivedData/WebBrowser-clqywoufjsuyrtaownclvbrmxizr/Build/Intermediates.noindex/ArchiveIntermediates/WebBrowser/IntermediateBuildFilesPath/ExplicitPrecompiledModules/CoreFoundation-D9ZM7C2AT42XZLDF58RJ00VAG.scan
    cd /
    builtin-precompileModule /Users/runner/Library/Developer/Xcode/DerivedData/WebBrowser-clqywoufjsuyrtaownclvbrmxizr/Build/Intermediates.noindex/ArchiveIntermediates/WebBrowser/IntermediateBuildFilesPath/ExplicitPrecompiledModules/CoreFoundation-D9ZM7C2AT42XZLDF58RJ00VAG.scan

PrecompileModule /Users/runner/Library/Developer/Xcode/DerivedData/WebBrowser-clqywoufjsuyrtaownclvbrmxizr/Build/Intermediates.noindex/ArchiveIntermediates/WebBrowser/IntermediateBuildFilesPath/ExplicitPrecompiledModules/XPC-DTX3077N6M6NJICPCHARLDUK9.scan
    cd /
    builtin-precompileModule /Users/runner/Library/Developer/Xcode/DerivedData/WebBrowser-clqywoufjsuyrtaownclvbrmxizr/Build/Intermediates.noindex/ArchiveIntermediates/WebBrowser/IntermediateBuildFilesPath/ExplicitPrecompiledModules/XPC-DTX3077N6M6NJICPCHARLDUK9.scan

PrecompileModule /Users/runner/Library/Developer/Xcode/DerivedData/WebBrowser-clqywoufjsuyrtaownclvbrmxizr/Build/Intermediates.noindex/ArchiveIntermediates/WebBrowser/IntermediateBuildFilesPath/ExplicitPrecompiledModules/CoreGraphics-72TUB6DDMIGQUFGIQBM4C8LYH.scan
    cd /
    builtin-precompileModule /Users/runner/Library/Developer/Xcode/DerivedData/WebBrowser-clqywoufjsuyrtaownclvbrmxizr/Build/Intermediates.noindex/ArchiveIntermediates/WebBrowser/IntermediateBuildFilesPath/ExplicitPrecompiledModules/CoreGraphics-72TUB6DDMIGQUFGIQBM4C8LYH.scan

PrecompileModule /Users/runner/Library/Developer/Xcode/DerivedData/WebBrowser-clqywoufjsuyrtaownclvbrmxizr/Build/Intermediates.noindex/ArchiveIntermediates/WebBrowser/IntermediateBuildFilesPath/ExplicitPrecompiledModules/Security-7PZGD4L4LQTEHGV1FWDCDXPD9.scan
    cd /
    builtin-precompileModule /Users/runner/Library/Developer/Xcode/DerivedData/WebBrowser-clqywoufjsuyrtaownclvbrmxizr/Build/Intermediates.noindex/ArchiveIntermediates/WebBrowser/IntermediateBuildFilesPath/ExplicitPrecompiledModules/Security-7PZGD4L4LQTEHGV1FWDCDXPD9.scan

PrecompileModule /Users/runner/Library/Developer/Xcode/DerivedData/WebBrowser-clqywoufjsuyrtaownclvbrmxizr/Build/Intermediates.noindex/ArchiveIntermediates/WebBrowser/IntermediateBuildFilesPath/ExplicitPrecompiledModules/CFNetwork-109M24LDBHU2ML8L0IN3HVMLX.scan
    cd /
    builtin-precompileModule /Users/runner/Library/Developer/Xcode/DerivedData/WebBrowser-clqywoufjsuyrtaownclvbrmxizr/Build/Intermediates.noindex/ArchiveIntermediates/WebBrowser/IntermediateBuildFilesPath/ExplicitPrecompiledModules/CFNetwork-109M24LDBHU2ML8L0IN3HVMLX.scan

PrecompileModule /Users/runner/Library/Developer/Xcode/DerivedData/WebBrowser-clqywoufjsuyrtaownclvbrmxizr/Build/Intermediates.noindex/ArchiveIntermediates/WebBrowser/IntermediateBuildFilesPath/ExplicitPrecompiledModules/ImageIO-QXLL1UJDQT3IUXKJ32LBS4GA.scan
    cd /
    builtin-precompileModule /Users/runner/Library/Developer/Xcode/DerivedData/WebBrowser-clqywoufjsuyrtaownclvbrmxizr/Build/Intermediates.noindex/ArchiveIntermediates/WebBrowser/IntermediateBuildFilesPath/ExplicitPrecompiledModules/ImageIO-QXLL1UJDQT3IUXKJ32LBS4GA.scan

PrecompileModule /Users/runner/Library/Developer/Xcode/DerivedData/WebBrowser-clqywoufjsuyrtaownclvbrmxizr/Build/Intermediates.noindex/ArchiveIntermediates/WebBrowser/IntermediateBuildFilesPath/ExplicitPrecompiledModules/CoreText-DN2Q9SCKOES4MQ4ZLNSVUKAKD.scan
    cd /
    builtin-precompileModule /Users/runner/Library/Developer/Xcode/DerivedData/WebBrowser-clqywoufjsuyrtaownclvbrmxizr/Build/Intermediates.noindex/ArchiveIntermediates/WebBrowser/IntermediateBuildFilesPath/ExplicitPrecompiledModules/CoreText-DN2Q9SCKOES4MQ4ZLNSVUKAKD.scan

PrecompileModule /Users/runner/Library/Developer/Xcode/DerivedData/WebBrowser-clqywoufjsuyrtaownclvbrmxizr/Build/Intermediates.noindex/ArchiveIntermediates/WebBrowser/IntermediateBuildFilesPath/ExplicitPrecompiledModules/Foundation-3BWJYPWK191MI511T7F32K0JI.scan
    cd /
    builtin-precompileModule /Users/runner/Library/Developer/Xcode/DerivedData/WebBrowser-clqywoufjsuyrtaownclvbrmxizr/Build/Intermediates.noindex/ArchiveIntermediates/WebBrowser/IntermediateBuildFilesPath/ExplicitPrecompiledModules/Foundation-3BWJYPWK191MI511T7F32K0JI.scan

SwiftExplicitDependencyGeneratePcm arm64 /Users/runner/Library/Developer/Xcode/DerivedData/ModuleCache.noindex/ObjectiveC-5VSVEYOBD2W8ODIR62UXGHN1A.pcm

SwiftExplicitDependencyGeneratePcm arm64 /Users/runner/Library/Developer/Xcode/DerivedData/ModuleCache.noindex/MachO-54DTBJPYX9C6511T08NSLUZL9.pcm

SwiftExplicitDependencyGeneratePcm arm64 /Users/runner/Library/Developer/Xcode/DerivedData/ModuleCache.noindex/os_object-33Y7Q77K15NGPIUTH04U0YZZ0.pcm

SwiftExplicitDependencyGeneratePcm arm64 /Users/runner/Library/Developer/Xcode/DerivedData/ModuleCache.noindex/os_workgroup-ENDJ0LY6OCCSKSAFTNL3OFKV8.pcm

SwiftExplicitDependencyGeneratePcm arm64 /Users/runner/Library/Developer/Xcode/DerivedData/ModuleCache.noindex/Dispatch-EKE822JWOQ61ZVGWM0IBBM9AW.pcm

PrecompileModule /Users/runner/Library/Developer/Xcode/DerivedData/WebBrowser-clqywoufjsuyrtaownclvbrmxizr/Build/Intermediates.noindex/ArchiveIntermediates/WebBrowser/IntermediateBuildFilesPath/ExplicitPrecompiledModules/Symbols-5KXL1389XLPHZ94KDLI9FXNCX.scan
    cd /
    builtin-precompileModule /Users/runner/Library/Developer/Xcode/DerivedData/WebBrowser-clqywoufjsuyrtaownclvbrmxizr/Build/Intermediates.noindex/ArchiveIntermediates/WebBrowser/IntermediateBuildFilesPath/ExplicitPrecompiledModules/Symbols-5KXL1389XLPHZ94KDLI9FXNCX.scan

PrecompileModule /Users/runner/Library/Developer/Xcode/DerivedData/WebBrowser-clqywoufjsuyrtaownclvbrmxizr/Build/Intermediates.noindex/ArchiveIntermediates/WebBrowser/IntermediateBuildFilesPath/ExplicitPrecompiledModules/FileProvider-7R8B2CYRWZ623ZNFC1POC62QI.scan
    cd /
    builtin-precompileModule /Users/runner/Library/Developer/Xcode/DerivedData/WebBrowser-clqywoufjsuyrtaownclvbrmxizr/Build/Intermediates.noindex/ArchiveIntermediates/WebBrowser/IntermediateBuildFilesPath/ExplicitPrecompiledModules/FileProvider-7R8B2CYRWZ623ZNFC1POC62QI.scan

PrecompileModule /Users/runner/Library/Developer/Xcode/DerivedData/WebBrowser-clqywoufjsuyrtaownclvbrmxizr/Build/Intermediates.noindex/ArchiveIntermediates/WebBrowser/IntermediateBuildFilesPath/ExplicitPrecompiledModules/IOSurface-5WC6FXFWYN1UGNHVYOAENNPH9.scan
    cd /
    builtin-precompileModule /Users/runner/Library/Developer/Xcode/DerivedData/WebBrowser-clqywoufjsuyrtaownclvbrmxizr/Build/Intermediates.noindex/ArchiveIntermediates/WebBrowser/IntermediateBuildFilesPath/ExplicitPrecompiledModules/IOSurface-5WC6FXFWYN1UGNHVYOAENNPH9.scan

PrecompileModule /Users/runner/Library/Developer/Xcode/DerivedData/WebBrowser-clqywoufjsuyrtaownclvbrmxizr/Build/Intermediates.noindex/ArchiveIntermediates/WebBrowser/IntermediateBuildFilesPath/ExplicitPrecompiledModules/UIUtilities-7Z245IM1GVGXQF8SOZTQLL9UK.scan
    cd /
    builtin-precompileModule /Users/runner/Library/Developer/Xcode/DerivedData/WebBrowser-clqywoufjsuyrtaownclvbrmxizr/Build/Intermediates.noindex/ArchiveIntermediates/WebBrowser/IntermediateBuildFilesPath/ExplicitPrecompiledModules/UIUtilities-7Z245IM1GVGXQF8SOZTQLL9UK.scan

SwiftExplicitDependencyGeneratePcm arm64 /Users/runner/Library/Developer/Xcode/DerivedData/ModuleCache.noindex/XPC-AHIPVKHNAFTNRZR9O59ACQZQI.pcm

SwiftExplicitDependencyGeneratePcm arm64 /Users/runner/Library/Developer/Xcode/DerivedData/ModuleCache.noindex/CoreFoundation-655HAZYSA9T1LJUAJYYW431AP.pcm

PrecompileModule /Users/runner/Library/Developer/Xcode/DerivedData/WebBrowser-clqywoufjsuyrtaownclvbrmxizr/Build/Intermediates.noindex/ArchiveIntermediates/WebBrowser/IntermediateBuildFilesPath/ExplicitPrecompiledModules/UserNotifications-AB64AD3P6MHKYXLB4ZT3SZTGZ.scan
    cd /
    builtin-precompileModule /Users/runner/Library/Developer/Xcode/DerivedData/WebBrowser-clqywoufjsuyrtaownclvbrmxizr/Build/Intermediates.noindex/ArchiveIntermediates/WebBrowser/IntermediateBuildFilesPath/ExplicitPrecompiledModules/UserNotifications-AB64AD3P6MHKYXLB4ZT3SZTGZ.scan

PrecompileModule /Users/runner/Library/Developer/Xcode/DerivedData/WebBrowser-clqywoufjsuyrtaownclvbrmxizr/Build/Intermediates.noindex/ArchiveIntermediates/WebBrowser/IntermediateBuildFilesPath/ExplicitPrecompiledModules/Metal-3WG7B7TFUX3LF4E38P8OGTGHK.scan
    cd /
    builtin-precompileModule /Users/runner/Library/Developer/Xcode/DerivedData/WebBrowser-clqywoufjsuyrtaownclvbrmxizr/Build/Intermediates.noindex/ArchiveIntermediates/WebBrowser/IntermediateBuildFilesPath/ExplicitPrecompiledModules/Metal-3WG7B7TFUX3LF4E38P8OGTGHK.scan

PrecompileModule /Users/runner/Library/Developer/Xcode/DerivedData/WebBrowser-clqywoufjsuyrtaownclvbrmxizr/Build/Intermediates.noindex/ArchiveIntermediates/WebBrowser/IntermediateBuildFilesPath/ExplicitPrecompiledModules/OpenGLES-31KL3OYG8TH1O0HB9STVD1FXC.scan
    cd /
    builtin-precompileModule /Users/runner/Library/Developer/Xcode/DerivedData/WebBrowser-clqywoufjsuyrtaownclvbrmxizr/Build/Intermediates.noindex/ArchiveIntermediates/WebBrowser/IntermediateBuildFilesPath/ExplicitPrecompiledModules/OpenGLES-31KL3OYG8TH1O0HB9STVD1FXC.scan

SwiftExplicitDependencyGeneratePcm arm64 /Users/runner/Library/Developer/Xcode/DerivedData/ModuleCache.noindex/os-EV24YG5FY27973ZK7SM8YU7FZ.pcm

SwiftExplicitDependencyGeneratePcm arm64 /Users/runner/Library/Developer/Xcode/DerivedData/ModuleCache.noindex/Security-CV68WSEGGPB4VRQV4DSVPANZY.pcm

SwiftExplicitDependencyGeneratePcm arm64 /Users/runner/Library/Developer/Xcode/DerivedData/ModuleCache.noindex/CoreGraphics-42SZ1ILNNZ2PLSGDVOPVG6NCN.pcm

SwiftExplicitDependencyGeneratePcm arm64 /Users/runner/Library/Developer/Xcode/DerivedData/ModuleCache.noindex/CFNetwork-9VFO7YNB1UAE6OJU4OH3Y3N4M.pcm

PrecompileModule /Users/runner/Library/Developer/Xcode/DerivedData/WebBrowser-clqywoufjsuyrtaownclvbrmxizr/Build/Intermediates.noindex/ArchiveIntermediates/WebBrowser/IntermediateBuildFilesPath/ExplicitPrecompiledModules/CoreVideo-PJLJRA6U9YU9SJWS6UZR6KXS.scan
    cd /
    builtin-precompileModule /Users/runner/Library/Developer/Xcode/DerivedData/WebBrowser-clqywoufjsuyrtaownclvbrmxizr/Build/Intermediates.noindex/ArchiveIntermediates/WebBrowser/IntermediateBuildFilesPath/ExplicitPrecompiledModules/CoreVideo-PJLJRA6U9YU9SJWS6UZR6KXS.scan

SwiftExplicitDependencyGeneratePcm arm64 /Users/runner/Library/Developer/Xcode/DerivedData/ModuleCache.noindex/Foundation-F1FSWFXQ3WZAR9C2KUR7EGZ9.pcm

SwiftExplicitDependencyGeneratePcm arm64 /Users/runner/Library/Developer/Xcode/DerivedData/ModuleCache.noindex/CoreText-6HUASY4J7Q93SZ9X4WAD5QGZE.pcm

SwiftExplicitDependencyGeneratePcm arm64 /Users/runner/Library/Developer/Xcode/DerivedData/ModuleCache.noindex/ImageIO-2BTXUUYDR7JHDLXMTAWUEW9BW.pcm

PrecompileModule /Users/runner/Library/Developer/Xcode/DerivedData/WebBrowser-clqywoufjsuyrtaownclvbrmxizr/Build/Intermediates.noindex/ArchiveIntermediates/WebBrowser/IntermediateBuildFilesPath/ExplicitPrecompiledModules/QuartzCore-D1NB3AEK2FMM6P8B6Y0HCTJB8.scan
    cd /
    builtin-precompileModule /Users/runner/Library/Developer/Xcode/DerivedData/WebBrowser-clqywoufjsuyrtaownclvbrmxizr/Build/Intermediates.noindex/ArchiveIntermediates/WebBrowser/IntermediateBuildFilesPath/ExplicitPrecompiledModules/QuartzCore-D1NB3AEK2FMM6P8B6Y0HCTJB8.scan

PrecompileModule /Users/runner/Library/Developer/Xcode/DerivedData/WebBrowser-clqywoufjsuyrtaownclvbrmxizr/Build/Intermediates.noindex/ArchiveIntermediates/WebBrowser/IntermediateBuildFilesPath/ExplicitPrecompiledModules/CoreImage-B4HNY5IG5NP8GEK2J018BO6QK.scan
    cd /
    builtin-precompileModule /Users/runner/Library/Developer/Xcode/DerivedData/WebBrowser-clqywoufjsuyrtaownclvbrmxizr/Build/Intermediates.noindex/ArchiveIntermediates/WebBrowser/IntermediateBuildFilesPath/ExplicitPrecompiledModules/CoreImage-B4HNY5IG5NP8GEK2J018BO6QK.scan

PrecompileModule /Users/runner/Library/Developer/Xcode/DerivedData/WebBrowser-clqywoufjsuyrtaownclvbrmxizr/Build/Intermediates.noindex/ArchiveIntermediates/WebBrowser/IntermediateBuildFilesPath/ExplicitPrecompiledModules/UIKit-53LR7HF7AUCH0PEKL787IRUFG.scan
    cd /
    builtin-precompileModule /Users/runner/Library/Developer/Xcode/DerivedData/WebBrowser-clqywoufjsuyrtaownclvbrmxizr/Build/Intermediates.noindex/ArchiveIntermediates/WebBrowser/IntermediateBuildFilesPath/ExplicitPrecompiledModules/UIKit-53LR7HF7AUCH0PEKL787IRUFG.scan

SwiftExplicitDependencyGeneratePcm arm64 /Users/runner/Library/Developer/Xcode/DerivedData/ModuleCache.noindex/UIUtilities-5RL6N96PLZXFENO9XPW9DG9PM.pcm

SwiftExplicitDependencyGeneratePcm arm64 /Users/runner/Library/Developer/Xcode/DerivedData/ModuleCache.noindex/UserNotifications-2EJ0L2SK4ZB214G7FHGY0UEJU.pcm

SwiftExplicitDependencyGeneratePcm arm64 /Users/runner/Library/Developer/Xcode/DerivedData/ModuleCache.noindex/IOSurface-42LOCQ6YK9Z2RY7LEQEYDYPTL.pcm

SwiftExplicitDependencyGeneratePcm arm64 /Users/runner/Library/Developer/Xcode/DerivedData/ModuleCache.noindex/LocalAuthentication-5OKPR53NJAI493S06HV24JFSL.pcm

SwiftExplicitDependencyGeneratePcm arm64 /Users/runner/Library/Developer/Xcode/DerivedData/ModuleCache.noindex/UniformTypeIdentifiers-16JDBFDZV4YZRYFWVH0SK6J17.pcm

SwiftExplicitDependencyGeneratePcm arm64 /Users/runner/Library/Developer/Xcode/DerivedData/ModuleCache.noindex/Metal-EQUDLEB9SYH1KJJVXW3L92YFE.pcm

SwiftExplicitDependencyGeneratePcm arm64 /Users/runner/Library/Developer/Xcode/DerivedData/ModuleCache.noindex/OpenGLES-8K8ZW3I1X6P1LY2HMS49J6N1M.pcm

SwiftExplicitDependencyGeneratePcm arm64 /Users/runner/Library/Developer/Xcode/DerivedData/ModuleCache.noindex/FileProvider-4S55M9T9YYZGJSTIC2QFKHFH7.pcm

SwiftExplicitDependencyGeneratePcm arm64 /Users/runner/Library/Developer/Xcode/DerivedData/ModuleCache.noindex/Accessibility-5ZQ5X8GFWH492SYUTDLOYNJ96.pcm

SwiftExplicitDependencyGeneratePcm arm64 /Users/runner/Library/Developer/Xcode/DerivedData/ModuleCache.noindex/CoreVideo-3PP4DAYYRE5J9M9ZJO2UP5XPD.pcm

SwiftExplicitDependencyGeneratePcm arm64 /Users/runner/Library/Developer/Xcode/DerivedData/ModuleCache.noindex/DataDetection-E68UNNJECIFQTVEJ70VW2TUS0.pcm

SwiftExplicitDependencyGeneratePcm arm64 /Users/runner/Library/Developer/Xcode/DerivedData/ModuleCache.noindex/Symbols-14NDBPYF6FEX6BNXSKQ2FAK5M.pcm

SwiftExplicitDependencyGeneratePcm arm64 /Users/runner/Library/Developer/Xcode/DerivedData/ModuleCache.noindex/CoreImage-1F72TU0ILEHPLXXRC45YN3QLS.pcm

SwiftExplicitDependencyGeneratePcm arm64 /Users/runner/Library/Developer/Xcode/DerivedData/ModuleCache.noindex/QuartzCore-7ZAYI1YBVWAI3FNHDB05AJX6N.pcm

SwiftExplicitDependencyGeneratePcm arm64 /Users/runner/Library/Developer/Xcode/DerivedData/ModuleCache.noindex/OSLog-2JJBBPRZN86WMXZTNLJ6GMQYR.pcm

SwiftExplicitDependencyGeneratePcm arm64 /Users/runner/Library/Developer/Xcode/DerivedData/ModuleCache.noindex/CoreTransferable-4SLIGFHDCFZUBMFD63OYCHKS7.pcm

CompileC /Users/runner/Library/Developer/Xcode/DerivedData/WebBrowser-clqywoufjsuyrtaownclvbrmxizr/Build/Intermediates.noindex/ArchiveIntermediates/WebBrowser/IntermediateBuildFilesPath/Pods.build/Release-iphoneos/SVProgressHUD.build/Objects-normal/arm64/SVRadialGradientLayer.o /Users/runner/work/Web_Browser/Web_Browser/Pods/SVProgressHUD/SVProgressHUD/SVRadialGradientLayer.m normal arm64 objective-c com.apple.compilers.llvm.clang.1_0.compiler (in target 'SVProgressHUD' from project 'Pods')
    cd /Users/runner/work/Web_Browser/Web_Browser/Pods
    
    Using response file: /Users/runner/Library/Developer/Xcode/DerivedData/WebBrowser-clqywoufjsuyrtaownclvbrmxizr/Build/Intermediates.noindex/ArchiveIntermediates/WebBrowser/IntermediateBuildFilesPath/Pods.build/Release-iphoneos/SVProgressHUD.build/Objects-normal/arm64/e6072d4f65d7061329687fe24e3d63a7-common-args.resp
    
    /Applications/Xcode_26.3.app/Contents/Developer/Toolchains/XcodeDefault.xctoolchain/usr/bin/clang -x objective-c -ivfsstatcache /Users/runner/Library/Developer/Xcode/DerivedData/SDKStatCaches.noindex/iphoneos26.2-23C57-dc75598d0054f22ec865fa860f139d722dd23b4ebda140f7210d155ff1243552.sdkstatcache -fmessage-length\=0 -fdiagnostics-show-note-include-stack -fmacro-backtrace-limit\=0 -fno-color-diagnostics -fmodules-prune-interval\=86400 -fmodules-prune-after\=345600 -fbuild-session-file\=/Users/runner/Library/Developer/Xcode/DerivedData/ModuleCache.noindex/Session.modulevalidation -fmodules-validate-once-per-build-session -Wnon-modular-include-in-framework-module -Werror\=non-modular-include-in-framework-module -Wno-trigraphs -Wno-missing-field-initializers -Wno-missing-prototypes -Werror\=return-type -Wdocumentation -Wunreachable-code -Wno-implicit-atomic-properties -Werror\=deprecated-objc-isa-usage -Wno-objc-interface-ivars -Werror\=objc-root-class -Wno-arc-repeated-use-of-weak -Wimplicit-retain-self -Wduplicate-method-match -Wno-missing-braces -Wparentheses -Wswitch -Wunused-function -Wno-unused-label -Wno-unused-parameter -Wunused-variable -Wunused-value -Wempty-body -Wuninitialized -Wconditional-uninitialized -Wno-unknown-pragmas -Wno-shadow -Wno-four-char-constants -Wno-conversion -Wconstant-conversion -Wint-conversion -Wbool-conversion -Wenum-conversion -Wno-float-conversion -Wnon-literal-null-conversion -Wobjc-literal-conversion -Wshorten-64-to-32 -Wpointer-sign -Wno-newline-eof -Wno-selector -Wno-strict-selector-match -Wundeclared-selector -Wdeprecated-implementations -Wno-implicit-fallthrough -fstrict-aliasing -Wprotocol -Wdeprecated-declarations -Wno-sign-conversion -Winfinite-recursion -Wcomma -Wblock-capture-autoreleasing -Wstrict-prototypes -Wno-semicolon-before-method-body -Wunguarded-availability @/Users/runner/Library/Developer/Xcode/DerivedData/WebBrowser-clqywoufjsuyrtaownclvbrmxizr/Build/Intermediates.noindex/ArchiveIntermediates/WebBrowser/IntermediateBuildFilesPath/Pods.build/Release-iphoneos/SVProgressHUD.build/Objects-normal/arm64/e6072d4f65d7061329687fe24e3d63a7-common-args.resp -include /Users/runner/work/Web_Browser/Web_Browser/Pods/Target\ Support\ Files/SVProgressHUD/SVProgressHUD-prefix.pch -MMD -MT dependencies -MF /Users/runner/Library/Developer/Xcode/DerivedData/WebBrowser-clqywoufjsuyrtaownclvbrmxizr/Build/Intermediates.noindex/ArchiveIntermediates/WebBrowser/IntermediateBuildFilesPath/Pods.build/Release-iphoneos/SVProgressHUD.build/Objects-normal/arm64/SVRadialGradientLayer.d --serialize-diagnostics /Users/runner/Library/Developer/Xcode/DerivedData/WebBrowser-clqywoufjsuyrtaownclvbrmxizr/Build/Intermediates.noindex/ArchiveIntermediates/WebBrowser/IntermediateBuildFilesPath/Pods.build/Release-iphoneos/SVProgressHUD.build/Objects-normal/arm64/SVRadialGradientLayer.dia -c /Users/runner/work/Web_Browser/Web_Browser/Pods/SVProgressHUD/SVProgressHUD/SVRadialGradientLayer.m -o /Users/runner/Library/Developer/Xcode/DerivedData/WebBrowser-clqywoufjsuyrtaownclvbrmxizr/Build/Intermediates.noindex/ArchiveIntermediates/WebBrowser/IntermediateBuildFilesPath/Pods.build/Release-iphoneos/SVProgressHUD.build/Objects-normal/arm64/SVRadialGradientLayer.o

SwiftExplicitDependencyGeneratePcm arm64 /Users/runner/Library/Developer/Xcode/DerivedData/ModuleCache.noindex/SwiftUICore-CRXAAHF0IYYLG2HLQENV3IY41.pcm

SwiftExplicitDependencyGeneratePcm arm64 /Users/runner/Library/Developer/Xcode/DerivedData/ModuleCache.noindex/UIKit-1A9X26E7Y1O09G6QWHNU6DFSS.pcm

CompileC /Users/runner/Library/Developer/Xcode/DerivedData/WebBrowser-clqywoufjsuyrtaownclvbrmxizr/Build/Intermediates.noindex/ArchiveIntermediates/WebBrowser/IntermediateBuildFilesPath/Pods.build/Release-iphoneos/SVProgressHUD.build/Objects-normal/arm64/SVProgressHUD.o /Users/runner/work/Web_Browser/Web_Browser/Pods/SVProgressHUD/SVProgressHUD/SVProgressHUD.m normal arm64 objective-c com.apple.compilers.llvm.clang.1_0.compiler (in target 'SVProgressHUD' from project 'Pods')
    cd /Users/runner/work/Web_Browser/Web_Browser/Pods
    
    Using response file: /Users/runner/Library/Developer/Xcode/DerivedData/WebBrowser-clqywoufjsuyrtaownclvbrmxizr/Build/Intermediates.noindex/ArchiveIntermediates/WebBrowser/IntermediateBuildFilesPath/Pods.build/Release-iphoneos/SVProgressHUD.build/Objects-normal/arm64/e6072d4f65d7061329687fe24e3d63a7-common-args.resp
    
    /Applications/Xcode_26.3.app/Contents/Developer/Toolchains/XcodeDefault.xctoolchain/usr/bin/clang -x objective-c -ivfsstatcache /Users/runner/Library/Developer/Xcode/DerivedData/SDKStatCaches.noindex/iphoneos26.2-23C57-dc75598d0054f22ec865fa860f139d722dd23b4ebda140f7210d155ff1243552.sdkstatcache -fmessage-length\=0 -fdiagnostics-show-note-include-stack -fmacro-backtrace-limit\=0 -fno-color-diagnostics -fmodules-prune-interval\=86400 -fmodules-prune-after\=345600 -fbuild-session-file\=/Users/runner/Library/Developer/Xcode/DerivedData/ModuleCache.noindex/Session.modulevalidation -fmodules-validate-once-per-build-session -Wnon-modular-include-in-framework-module -Werror\=non-modular-include-in-framework-module -Wno-trigraphs -Wno-missing-field-initializers -Wno-missing-prototypes -Werror\=return-type -Wdocumentation -Wunreachable-code -Wno-implicit-atomic-properties -Werror\=deprecated-objc-isa-usage -Wno-objc-interface-ivars -Werror\=objc-root-class -Wno-arc-repeated-use-of-weak -Wimplicit-retain-self -Wduplicate-method-match -Wno-missing-braces -Wparentheses -Wswitch -Wunused-function -Wno-unused-label -Wno-unused-parameter -Wunused-variable -Wunused-value -Wempty-body -Wuninitialized -Wconditional-uninitialized -Wno-unknown-pragmas -Wno-shadow -Wno-four-char-constants -Wno-conversion -Wconstant-conversion -Wint-conversion -Wbool-conversion -Wenum-conversion -Wno-float-conversion -Wnon-literal-null-conversion -Wobjc-literal-conversion -Wshorten-64-to-32 -Wpointer-sign -Wno-newline-eof -Wno-selector -Wno-strict-selector-match -Wundeclared-selector -Wdeprecated-implementations -Wno-implicit-fallthrough -fstrict-aliasing -Wprotocol -Wdeprecated-declarations -Wno-sign-conversion -Winfinite-recursion -Wcomma -Wblock-capture-autoreleasing -Wstrict-prototypes -Wno-semicolon-before-method-body -Wunguarded-availability @/Users/runner/Library/Developer/Xcode/DerivedData/WebBrowser-clqywoufjsuyrtaownclvbrmxizr/Build/Intermediates.noindex/ArchiveIntermediates/WebBrowser/IntermediateBuildFilesPath/Pods.build/Release-iphoneos/SVProgressHUD.build/Objects-normal/arm64/e6072d4f65d7061329687fe24e3d63a7-common-args.resp -include /Users/runner/work/Web_Browser/Web_Browser/Pods/Target\ Support\ Files/SVProgressHUD/SVProgressHUD-prefix.pch -MMD -MT dependencies -MF /Users/runner/Library/Developer/Xcode/DerivedData/WebBrowser-clqywoufjsuyrtaownclvbrmxizr/Build/Intermediates.noindex/ArchiveIntermediates/WebBrowser/IntermediateBuildFilesPath/Pods.build/Release-iphoneos/SVProgressHUD.build/Objects-normal/arm64/SVProgressHUD.d --serialize-diagnostics /Users/runner/Library/Developer/Xcode/DerivedData/WebBrowser-clqywoufjsuyrtaownclvbrmxizr/Build/Intermediates.noindex/ArchiveIntermediates/WebBrowser/IntermediateBuildFilesPath/Pods.build/Release-iphoneos/SVProgressHUD.build/Objects-normal/arm64/SVProgressHUD.dia -c /Users/runner/work/Web_Browser/Web_Browser/Pods/SVProgressHUD/SVProgressHUD/SVProgressHUD.m -o /Users/runner/Library/Developer/Xcode/DerivedData/WebBrowser-clqywoufjsuyrtaownclvbrmxizr/Build/Intermediates.noindex/ArchiveIntermediates/WebBrowser/IntermediateBuildFilesPath/Pods.build/Release-iphoneos/SVProgressHUD.build/Objects-normal/arm64/SVProgressHUD.o
/Users/runner/work/Web_Browser/Web_Browser/Pods/SVProgressHUD/SVProgressHUD/SVProgressHUD.m:571:55: warning: 'UIApplicationDidChangeStatusBarOrientationNotification' is deprecated: first deprecated in iOS 13.0 - Use viewWillTransitionToSize:withTransitionCoordinator: instead. [-Wdeprecated-declarations]
  571 |                                                  name:UIApplicationDidChangeStatusBarOrientationNotification
      |                                                       ^
In module 'UIKit' imported from /Users/runner/work/Web_Browser/Web_Browser/Pods/Target Support Files/SVProgressHUD/SVProgressHUD-prefix.pch:2:
/Applications/Xcode_26.3.app/Contents/Developer/Platforms/iPhoneOS.platform/Developer/SDKs/iPhoneOS26.2.sdk/System/Library/Frameworks/UIKit.framework/Headers/UIApplication.h:560:39: note: 'UIApplicationDidChangeStatusBarOrientationNotification' has been explicitly marked deprecated here
  560 | UIKIT_EXTERN NSNotificationName const UIApplicationDidChangeStatusBarOrientationNotification API_DEPRECATED("Use viewWillTransitionToSize:withTransitionCoordinator: instead.", ios(2.0, 13.0)) API_UNAVAILABLE(tvos) API_UNAVAILABLE(visionos, watchos) NS_SWIFT_NONISOLATED;  // userInfo contains NSNumber with old orientation
      |                                       ^
/Users/runner/work/Web_Browser/Web_Browser/Pods/SVProgressHUD/SVProgressHUD/SVProgressHUD.m:610:74: warning: 'statusBarOrientation' is deprecated: first deprecated in iOS 13.0 - Use the interfaceOrientation property of the window scene instead. [-Wdeprecated-declarations]
  610 |     UIInterfaceOrientation orientation = UIApplication.sharedApplication.statusBarOrientation;
      |                                                                          ^
In module 'UIKit' imported from /Users/runner/work/Web_Browser/Web_Browser/Pods/Target Support Files/SVProgressHUD/SVProgressHUD-prefix.pch:2:
/Applications/Xcode_26.3.app/Contents/Developer/Platforms/iPhoneOS.platform/Developer/SDKs/iPhoneOS26.2.sdk/System/Library/Frameworks/UIKit.framework/Headers/UIApplication.h:119:55: note: 'statusBarOrientation' has been explicitly marked deprecated here
  119 | @property(readonly, nonatomic) UIInterfaceOrientation statusBarOrientation API_UNAVAILABLE(tvos) API_DEPRECATED("Use the interfaceOrientation property of the window scene instead.", ios(2.0, 13.0)) API_UNAVAILABLE(visionos);
      |                                                       ^
/Users/runner/work/Web_Browser/Web_Browser/Pods/SVProgressHUD/SVProgressHUD/SVProgressHUD.m:647:61: warning: 'statusBarFrame' is deprecated: first deprecated in iOS 13.0 - Use the statusBarManager property of the window scene instead. [-Wdeprecated-declarations]
  647 |     CGRect statusBarFrame = UIApplication.sharedApplication.statusBarFrame;
      |                                                             ^
In module 'UIKit' imported from /Users/runner/work/Web_Browser/Web_Browser/Pods/Target Support Files/SVProgressHUD/SVProgressHUD-prefix.pch:2:
/Applications/Xcode_26.3.app/Contents/Developer/Platforms/iPhoneOS.platform/Developer/SDKs/iPhoneOS26.2.sdk/System/Library/Frameworks/UIKit.framework/Headers/UIApplication.h:131:38: note: 'statusBarFrame' has been explicitly marked deprecated here
  131 | @property(nonatomic,readonly) CGRect statusBarFrame API_DEPRECATED("Use the statusBarManager property of the window scene instead.", ios(2.0, 13.0)) API_UNAVAILABLE(tvos) API_UNAVAILABLE(visionos, watchos); // returns CGRectZero if the status bar is hidden
      |                                      ^
/Users/runner/work/Web_Browser/Web_Browser/Pods/SVProgressHUD/SVProgressHUD/SVProgressHUD.m:1065:103: warning: 'UIActivityIndicatorViewStyleWhiteLarge' is deprecated: first deprecated in iOS 13.0 [-Wdeprecated-declarations]
 1065 |             _indefiniteAnimatedView = [[UIActivityIndicatorView alloc] initWithActivityIndicatorStyle:UIActivityIndicatorViewStyleWhiteLarge];
      |                                                                                                       ^~~~~~~~~~~~~~~~~~~~~~~~~~~~~~~~~~~~~~
      |                                                                                                       UIActivityIndicatorViewStyleLarge
In module 'UIKit' imported from /Users/runner/work/Web_Browser/Web_Browser/Pods/Target Support Files/SVProgressHUD/SVProgressHUD-prefix.pch:2:
/Applications/Xcode_26.3.app/Contents/Developer/Platforms/iPhoneOS.platform/Developer/SDKs/iPhoneOS26.2.sdk/System/Library/Frameworks/UIKit.framework/Headers/UIActivityIndicatorView.h:18:5: note: 'UIActivityIndicatorViewStyleWhiteLarge' has been explicitly marked deprecated here
   18 |     UIActivityIndicatorViewStyleWhiteLarge API_DEPRECATED_WITH_REPLACEMENT("UIActivityIndicatorViewStyleLarge", ios(2.0, 13.0), tvos(9.0, 13.0)) API_UNAVAILABLE(visionos, watchos) = 0,
      |     ^
/Users/runner/work/Web_Browser/Web_Browser/Pods/SVProgressHUD/SVProgressHUD/SVProgressHUD.m:1309:66: warning: 'windows' is deprecated: first deprecated in iOS 15.0 - Use UIWindowScene.windows on a relevant window scene instead [-Wdeprecated-declarations]
 1309 |     for (UIWindow *testWindow in UIApplication.sharedApplication.windows) {
      |                                                                  ^
In module 'UIKit' imported from /Users/runner/work/Web_Browser/Web_Browser/Pods/Target Support Files/SVProgressHUD/SVProgressHUD-prefix.pch:2:
/Applications/Xcode_26.3.app/Contents/Developer/Platforms/iPhoneOS.platform/Developer/SDKs/iPhoneOS26.2.sdk/System/Library/Frameworks/UIKit.framework/Headers/UIApplication.h:109:62: note: 'windows' has been explicitly marked deprecated here
  109 | @property(nonatomic,readonly) NSArray<__kindof UIWindow *>  *windows API_DEPRECATED("Use UIWindowScene.windows on a relevant window scene instead", ios(2.0, 15.0), visionos(1.0, 1.0)) API_UNAVAILABLE(watchos);
      |                                                              ^
/Users/runner/work/Web_Browser/Web_Browser/Pods/SVProgressHUD/SVProgressHUD/SVProgressHUD.m:1341:73: warning: 'windows' is deprecated: first deprecated in iOS 15.0 - Use UIWindowScene.windows on a relevant window scene instead [-Wdeprecated-declarations]
 1341 |     NSEnumerator *frontToBackWindows = [UIApplication.sharedApplication.windows reverseObjectEnumerator];
      |                                                                         ^
In module 'UIKit' imported from /Users/runner/work/Web_Browser/Web_Browser/Pods/Target Support Files/SVProgressHUD/SVProgressHUD-prefix.pch:2:
/Applications/Xcode_26.3.app/Contents/Developer/Platforms/iPhoneOS.platform/Developer/SDKs/iPhoneOS26.2.sdk/System/Library/Frameworks/UIKit.framework/Headers/UIApplication.h:109:62: note: 'windows' has been explicitly marked deprecated here
  109 | @property(nonatomic,readonly) NSArray<__kindof UIWindow *>  *windows API_DEPRECATED("Use UIWindowScene.windows on a relevant window scene instead", ios(2.0, 15.0), visionos(1.0, 1.0)) API_UNAVAILABLE(watchos);
      |                                                              ^
6 warnings generated.

CompileC /Users/runner/Library/Developer/Xcode/DerivedData/WebBrowser-clqywoufjsuyrtaownclvbrmxizr/Build/Intermediates.noindex/ArchiveIntermediates/WebBrowser/IntermediateBuildFilesPath/Pods.build/Release-iphoneos/SVProgressHUD.build/Objects-normal/arm64/SVProgressHUD-dummy.o /Users/runner/work/Web_Browser/Web_Browser/Pods/Target\ Support\ Files/SVProgressHUD/SVProgressHUD-dummy.m normal arm64 objective-c com.apple.compilers.llvm.clang.1_0.compiler (in target 'SVProgressHUD' from project 'Pods')
    cd /Users/runner/work/Web_Browser/Web_Browser/Pods
    
    Using response file: /Users/runner/Library/Developer/Xcode/DerivedData/WebBrowser-clqywoufjsuyrtaownclvbrmxizr/Build/Intermediates.noindex/ArchiveIntermediates/WebBrowser/IntermediateBuildFilesPath/Pods.build/Release-iphoneos/SVProgressHUD.build/Objects-normal/arm64/e6072d4f65d7061329687fe24e3d63a7-common-args.resp
    
    /Applications/Xcode_26.3.app/Contents/Developer/Toolchains/XcodeDefault.xctoolchain/usr/bin/clang -x objective-c -ivfsstatcache /Users/runner/Library/Developer/Xcode/DerivedData/SDKStatCaches.noindex/iphoneos26.2-23C57-dc75598d0054f22ec865fa860f139d722dd23b4ebda140f7210d155ff1243552.sdkstatcache -fmessage-length\=0 -fdiagnostics-show-note-include-stack -fmacro-backtrace-limit\=0 -fno-color-diagnostics -fmodules-prune-interval\=86400 -fmodules-prune-after\=345600 -fbuild-session-file\=/Users/runner/Library/Developer/Xcode/DerivedData/ModuleCache.noindex/Session.modulevalidation -fmodules-validate-once-per-build-session -Wnon-modular-include-in-framework-module -Werror\=non-modular-include-in-framework-module -Wno-trigraphs -Wno-missing-field-initializers -Wno-missing-prototypes -Werror\=return-type -Wdocumentation -Wunreachable-code -Wno-implicit-atomic-properties -Werror\=deprecated-objc-isa-usage -Wno-objc-interface-ivars -Werror\=objc-root-class -Wno-arc-repeated-use-of-weak -Wimplicit-retain-self -Wduplicate-method-match -Wno-missing-braces -Wparentheses -Wswitch -Wunused-function -Wno-unused-label -Wno-unused-parameter -Wunused-variable -Wunused-value -Wempty-body -Wuninitialized -Wconditional-uninitialized -Wno-unknown-pragmas -Wno-shadow -Wno-four-char-constants -Wno-conversion -Wconstant-conversion -Wint-conversion -Wbool-conversion -Wenum-conversion -Wno-float-conversion -Wnon-literal-null-conversion -Wobjc-literal-conversion -Wshorten-64-to-32 -Wpointer-sign -Wno-newline-eof -Wno-selector -Wno-strict-selector-match -Wundeclared-selector -Wdeprecated-implementations -Wno-implicit-fallthrough -fstrict-aliasing -Wprotocol -Wdeprecated-declarations -Wno-sign-conversion -Winfinite-recursion -Wcomma -Wblock-capture-autoreleasing -Wstrict-prototypes -Wno-semicolon-before-method-body -Wunguarded-availability @/Users/runner/Library/Developer/Xcode/DerivedData/WebBrowser-clqywoufjsuyrtaownclvbrmxizr/Build/Intermediates.noindex/ArchiveIntermediates/WebBrowser/IntermediateBuildFilesPath/Pods.build/Release-iphoneos/SVProgressHUD.build/Objects-normal/arm64/e6072d4f65d7061329687fe24e3d63a7-common-args.resp -include /Users/runner/work/Web_Browser/Web_Browser/Pods/Target\ Support\ Files/SVProgressHUD/SVProgressHUD-prefix.pch -MMD -MT dependencies -MF /Users/runner/Library/Developer/Xcode/DerivedData/WebBrowser-clqywoufjsuyrtaownclvbrmxizr/Build/Intermediates.noindex/ArchiveIntermediates/WebBrowser/IntermediateBuildFilesPath/Pods.build/Release-iphoneos/SVProgressHUD.build/Objects-normal/arm64/SVProgressHUD-dummy.d --serialize-diagnostics /Users/runner/Library/Developer/Xcode/DerivedData/WebBrowser-clqywoufjsuyrtaownclvbrmxizr/Build/Intermediates.noindex/ArchiveIntermediates/WebBrowser/IntermediateBuildFilesPath/Pods.build/Release-iphoneos/SVProgressHUD.build/Objects-normal/arm64/SVProgressHUD-dummy.dia -c /Users/runner/work/Web_Browser/Web_Browser/Pods/Target\ Support\ Files/SVProgressHUD/SVProgressHUD-dummy.m -o /Users/runner/Library/Developer/Xcode/DerivedData/WebBrowser-clqywoufjsuyrtaownclvbrmxizr/Build/Intermediates.noindex/ArchiveIntermediates/WebBrowser/IntermediateBuildFilesPath/Pods.build/Release-iphoneos/SVProgressHUD.build/Objects-normal/arm64/SVProgressHUD-dummy.o

CompileC /Users/runner/Library/Developer/Xcode/DerivedData/WebBrowser-clqywoufjsuyrtaownclvbrmxizr/Build/Intermediates.noindex/ArchiveIntermediates/WebBrowser/IntermediateBuildFilesPath/Pods.build/Release-iphoneos/SVProgressHUD.build/Objects-normal/arm64/SVProgressAnimatedView.o /Users/runner/work/Web_Browser/Web_Browser/Pods/SVProgressHUD/SVProgressHUD/SVProgressAnimatedView.m normal arm64 objective-c com.apple.compilers.llvm.clang.1_0.compiler (in target 'SVProgressHUD' from project 'Pods')
    cd /Users/runner/work/Web_Browser/Web_Browser/Pods
    
    Using response file: /Users/runner/Library/Developer/Xcode/DerivedData/WebBrowser-clqywoufjsuyrtaownclvbrmxizr/Build/Intermediates.noindex/ArchiveIntermediates/WebBrowser/IntermediateBuildFilesPath/Pods.build/Release-iphoneos/SVProgressHUD.build/Objects-normal/arm64/e6072d4f65d7061329687fe24e3d63a7-common-args.resp
    
    /Applications/Xcode_26.3.app/Contents/Developer/Toolchains/XcodeDefault.xctoolchain/usr/bin/clang -x objective-c -ivfsstatcache /Users/runner/Library/Developer/Xcode/DerivedData/SDKStatCaches.noindex/iphoneos26.2-23C57-dc75598d0054f22ec865fa860f139d722dd23b4ebda140f7210d155ff1243552.sdkstatcache -fmessage-length\=0 -fdiagnostics-show-note-include-stack -fmacro-backtrace-limit\=0 -fno-color-diagnostics -fmodules-prune-interval\=86400 -fmodules-prune-after\=345600 -fbuild-session-file\=/Users/runner/Library/Developer/Xcode/DerivedData/ModuleCache.noindex/Session.modulevalidation -fmodules-validate-once-per-build-session -Wnon-modular-include-in-framework-module -Werror\=non-modular-include-in-framework-module -Wno-trigraphs -Wno-missing-field-initializers -Wno-missing-prototypes -Werror\=return-type -Wdocumentation -Wunreachable-code -Wno-implicit-atomic-properties -Werror\=deprecated-objc-isa-usage -Wno-objc-interface-ivars -Werror\=objc-root-class -Wno-arc-repeated-use-of-weak -Wimplicit-retain-self -Wduplicate-method-match -Wno-missing-braces -Wparentheses -Wswitch -Wunused-function -Wno-unused-label -Wno-unused-parameter -Wunused-variable -Wunused-value -Wempty-body -Wuninitialized -Wconditional-uninitialized -Wno-unknown-pragmas -Wno-shadow -Wno-four-char-constants -Wno-conversion -Wconstant-conversion -Wint-conversion -Wbool-conversion -Wenum-conversion -Wno-float-conversion -Wnon-literal-null-conversion -Wobjc-literal-conversion -Wshorten-64-to-32 -Wpointer-sign -Wno-newline-eof -Wno-selector -Wno-strict-selector-match -Wundeclared-selector -Wdeprecated-implementations -Wno-implicit-fallthrough -fstrict-aliasing -Wprotocol -Wdeprecated-declarations -Wno-sign-conversion -Winfinite-recursion -Wcomma -Wblock-capture-autoreleasing -Wstrict-prototypes -Wno-semicolon-before-method-body -Wunguarded-availability @/Users/runner/Library/Developer/Xcode/DerivedData/WebBrowser-clqywoufjsuyrtaownclvbrmxizr/Build/Intermediates.noindex/ArchiveIntermediates/WebBrowser/IntermediateBuildFilesPath/Pods.build/Release-iphoneos/SVProgressHUD.build/Objects-normal/arm64/e6072d4f65d7061329687fe24e3d63a7-common-args.resp -include /Users/runner/work/Web_Browser/Web_Browser/Pods/Target\ Support\ Files/SVProgressHUD/SVProgressHUD-prefix.pch -MMD -MT dependencies -MF /Users/runner/Library/Developer/Xcode/DerivedData/WebBrowser-clqywoufjsuyrtaownclvbrmxizr/Build/Intermediates.noindex/ArchiveIntermediates/WebBrowser/IntermediateBuildFilesPath/Pods.build/Release-iphoneos/SVProgressHUD.build/Objects-normal/arm64/SVProgressAnimatedView.d --serialize-diagnostics /Users/runner/Library/Developer/Xcode/DerivedData/WebBrowser-clqywoufjsuyrtaownclvbrmxizr/Build/Intermediates.noindex/ArchiveIntermediates/WebBrowser/IntermediateBuildFilesPath/Pods.build/Release-iphoneos/SVProgressHUD.build/Objects-normal/arm64/SVProgressAnimatedView.dia -c /Users/runner/work/Web_Browser/Web_Browser/Pods/SVProgressHUD/SVProgressHUD/SVProgressAnimatedView.m -o /Users/runner/Library/Developer/Xcode/DerivedData/WebBrowser-clqywoufjsuyrtaownclvbrmxizr/Build/Intermediates.noindex/ArchiveIntermediates/WebBrowser/IntermediateBuildFilesPath/Pods.build/Release-iphoneos/SVProgressHUD.build/Objects-normal/arm64/SVProgressAnimatedView.o

CompileC /Users/runner/Library/Developer/Xcode/DerivedData/WebBrowser-clqywoufjsuyrtaownclvbrmxizr/Build/Intermediates.noindex/ArchiveIntermediates/WebBrowser/IntermediateBuildFilesPath/Pods.build/Release-iphoneos/SVProgressHUD.build/Objects-normal/arm64/SVIndefiniteAnimatedView.o /Users/runner/work/Web_Browser/Web_Browser/Pods/SVProgressHUD/SVProgressHUD/SVIndefiniteAnimatedView.m normal arm64 objective-c com.apple.compilers.llvm.clang.1_0.compiler (in target 'SVProgressHUD' from project 'Pods')
    cd /Users/runner/work/Web_Browser/Web_Browser/Pods
    
    Using response file: /Users/runner/Library/Developer/Xcode/DerivedData/WebBrowser-clqywoufjsuyrtaownclvbrmxizr/Build/Intermediates.noindex/ArchiveIntermediates/WebBrowser/IntermediateBuildFilesPath/Pods.build/Release-iphoneos/SVProgressHUD.build/Objects-normal/arm64/e6072d4f65d7061329687fe24e3d63a7-common-args.resp
    
    /Applications/Xcode_26.3.app/Contents/Developer/Toolchains/XcodeDefault.xctoolchain/usr/bin/clang -x objective-c -ivfsstatcache /Users/runner/Library/Developer/Xcode/DerivedData/SDKStatCaches.noindex/iphoneos26.2-23C57-dc75598d0054f22ec865fa860f139d722dd23b4ebda140f7210d155ff1243552.sdkstatcache -fmessage-length\=0 -fdiagnostics-show-note-include-stack -fmacro-backtrace-limit\=0 -fno-color-diagnostics -fmodules-prune-interval\=86400 -fmodules-prune-after\=345600 -fbuild-session-file\=/Users/runner/Library/Developer/Xcode/DerivedData/ModuleCache.noindex/Session.modulevalidation -fmodules-validate-once-per-build-session -Wnon-modular-include-in-framework-module -Werror\=non-modular-include-in-framework-module -Wno-trigraphs -Wno-missing-field-initializers -Wno-missing-prototypes -Werror\=return-type -Wdocumentation -Wunreachable-code -Wno-implicit-atomic-properties -Werror\=deprecated-objc-isa-usage -Wno-objc-interface-ivars -Werror\=objc-root-class -Wno-arc-repeated-use-of-weak -Wimplicit-retain-self -Wduplicate-method-match -Wno-missing-braces -Wparentheses -Wswitch -Wunused-function -Wno-unused-label -Wno-unused-parameter -Wunused-variable -Wunused-value -Wempty-body -Wuninitialized -Wconditional-uninitialized -Wno-unknown-pragmas -Wno-shadow -Wno-four-char-constants -Wno-conversion -Wconstant-conversion -Wint-conversion -Wbool-conversion -Wenum-conversion -Wno-float-conversion -Wnon-literal-null-conversion -Wobjc-literal-conversion -Wshorten-64-to-32 -Wpointer-sign -Wno-newline-eof -Wno-selector -Wno-strict-selector-match -Wundeclared-selector -Wdeprecated-implementations -Wno-implicit-fallthrough -fstrict-aliasing -Wprotocol -Wdeprecated-declarations -Wno-sign-conversion -Winfinite-recursion -Wcomma -Wblock-capture-autoreleasing -Wstrict-prototypes -Wno-semicolon-before-method-body -Wunguarded-availability @/Users/runner/Library/Developer/Xcode/DerivedData/WebBrowser-clqywoufjsuyrtaownclvbrmxizr/Build/Intermediates.noindex/ArchiveIntermediates/WebBrowser/IntermediateBuildFilesPath/Pods.build/Release-iphoneos/SVProgressHUD.build/Objects-normal/arm64/e6072d4f65d7061329687fe24e3d63a7-common-args.resp -include /Users/runner/work/Web_Browser/Web_Browser/Pods/Target\ Support\ Files/SVProgressHUD/SVProgressHUD-prefix.pch -MMD -MT dependencies -MF /Users/runner/Library/Developer/Xcode/DerivedData/WebBrowser-clqywoufjsuyrtaownclvbrmxizr/Build/Intermediates.noindex/ArchiveIntermediates/WebBrowser/IntermediateBuildFilesPath/Pods.build/Release-iphoneos/SVProgressHUD.build/Objects-normal/arm64/SVIndefiniteAnimatedView.d --serialize-diagnostics /Users/runner/Library/Developer/Xcode/DerivedData/WebBrowser-clqywoufjsuyrtaownclvbrmxizr/Build/Intermediates.noindex/ArchiveIntermediates/WebBrowser/IntermediateBuildFilesPath/Pods.build/Release-iphoneos/SVProgressHUD.build/Objects-normal/arm64/SVIndefiniteAnimatedView.dia -c /Users/runner/work/Web_Browser/Web_Browser/Pods/SVProgressHUD/SVProgressHUD/SVIndefiniteAnimatedView.m -o /Users/runner/Library/Developer/Xcode/DerivedData/WebBrowser-clqywoufjsuyrtaownclvbrmxizr/Build/Intermediates.noindex/ArchiveIntermediates/WebBrowser/IntermediateBuildFilesPath/Pods.build/Release-iphoneos/SVProgressHUD.build/Objects-normal/arm64/SVIndefiniteAnimatedView.o

Ld /Users/runner/Library/Developer/Xcode/DerivedData/WebBrowser-clqywoufjsuyrtaownclvbrmxizr/Build/Intermediates.noindex/ArchiveIntermediates/WebBrowser/IntermediateBuildFilesPath/UninstalledProducts/iphoneos/SVProgressHUD.framework/SVProgressHUD normal (in target 'SVProgressHUD' from project 'Pods')
    cd /Users/runner/work/Web_Browser/Web_Browser/Pods
    /Applications/Xcode_26.3.app/Contents/Developer/Toolchains/XcodeDefault.xctoolchain/usr/bin/clang -Xlinker -reproducible -target arm64-apple-ios16.0 -dynamiclib -isysroot /Applications/Xcode_26.3.app/Contents/Developer/Platforms/iPhoneOS.platform/Developer/SDKs/iPhoneOS26.2.sdk -Os -L/Users/runner/Library/Developer/Xcode/DerivedData/WebBrowser-clqywoufjsuyrtaownclvbrmxizr/Build/Intermediates.noindex/ArchiveIntermediates/WebBrowser/IntermediateBuildFilesPath/EagerLinkingTBDs/Release-iphoneos -L/Users/runner/Library/Developer/Xcode/DerivedData/WebBrowser-clqywoufjsuyrtaownclvbrmxizr/Build/Intermediates.noindex/ArchiveIntermediates/WebBrowser/BuildProductsPath/Release-iphoneos/SVProgressHUD -F/Users/runner/Library/Developer/Xcode/DerivedData/WebBrowser-clqywoufjsuyrtaownclvbrmxizr/Build/Intermediates.noindex/ArchiveIntermediates/WebBrowser/IntermediateBuildFilesPath/EagerLinkingTBDs/Release-iphoneos -F/Users/runner/Library/Developer/Xcode/DerivedData/WebBrowser-clqywoufjsuyrtaownclvbrmxizr/Build/Intermediates.noindex/ArchiveIntermediates/WebBrowser/BuildProductsPath/Release-iphoneos/SVProgressHUD -filelist /Users/runner/Library/Developer/Xcode/DerivedData/WebBrowser-clqywoufjsuyrtaownclvbrmxizr/Build/Intermediates.noindex/ArchiveIntermediates/WebBrowser/IntermediateBuildFilesPath/Pods.build/Release-iphoneos/SVProgressHUD.build/Objects-normal/arm64/SVProgressHUD.LinkFileList -install_name @rpath/SVProgressHUD.framework/SVProgressHUD -Xlinker -rpath -Xlinker @executable_path/Frameworks -Xlinker -rpath -Xlinker @loader_path/Frameworks -dead_strip -Xlinker -object_path_lto -Xlinker /Users/runner/Library/Developer/Xcode/DerivedData/WebBrowser-clqywoufjsuyrtaownclvbrmxizr/Build/Intermediates.noindex/ArchiveIntermediates/WebBrowser/IntermediateBuildFilesPath/Pods.build/Release-iphoneos/SVProgressHUD.build/Objects-normal/arm64/SVProgressHUD_lto.o -Xlinker -dependency_info -Xlinker /Users/runner/Library/Developer/Xcode/DerivedData/WebBrowser-clqywoufjsuyrtaownclvbrmxizr/Build/Intermediates.noindex/ArchiveIntermediates/WebBrowser/IntermediateBuildFilesPath/Pods.build/Release-iphoneos/SVProgressHUD.build/Objects-normal/arm64/SVProgressHUD_dependency_info.dat -fobjc-arc -fobjc-link-runtime -framework QuartzCore -framework Foundation -framework QuartzCore -compatibility_version 1 -current_version 1 -o /Users/runner/Library/Developer/Xcode/DerivedData/WebBrowser-clqywoufjsuyrtaownclvbrmxizr/Build/Intermediates.noindex/ArchiveIntermediates/WebBrowser/IntermediateBuildFilesPath/UninstalledProducts/iphoneos/SVProgressHUD.framework/SVProgressHUD

GenerateDSYMFile /Users/runner/Library/Developer/Xcode/DerivedData/WebBrowser-clqywoufjsuyrtaownclvbrmxizr/Build/Intermediates.noindex/ArchiveIntermediates/WebBrowser/BuildProductsPath/Release-iphoneos/SVProgressHUD/SVProgressHUD.framework.dSYM /Users/runner/Library/Developer/Xcode/DerivedData/WebBrowser-clqywoufjsuyrtaownclvbrmxizr/Build/Intermediates.noindex/ArchiveIntermediates/WebBrowser/IntermediateBuildFilesPath/UninstalledProducts/iphoneos/SVProgressHUD.framework/SVProgressHUD (in target 'SVProgressHUD' from project 'Pods')
    cd /Users/runner/work/Web_Browser/Web_Browser/Pods
    /Applications/Xcode_26.3.app/Contents/Developer/Toolchains/XcodeDefault.xctoolchain/usr/bin/dsymutil /Users/runner/Library/Developer/Xcode/DerivedData/WebBrowser-clqywoufjsuyrtaownclvbrmxizr/Build/Intermediates.noindex/ArchiveIntermediates/WebBrowser/IntermediateBuildFilesPath/UninstalledProducts/iphoneos/SVProgressHUD.framework/SVProgressHUD -o /Users/runner/Library/Developer/Xcode/DerivedData/WebBrowser-clqywoufjsuyrtaownclvbrmxizr/Build/Intermediates.noindex/ArchiveIntermediates/WebBrowser/BuildProductsPath/Release-iphoneos/SVProgressHUD/SVProgressHUD.framework.dSYM

GenerateTAPI /Users/runner/Library/Developer/Xcode/DerivedData/WebBrowser-clqywoufjsuyrtaownclvbrmxizr/Build/Intermediates.noindex/ArchiveIntermediates/WebBrowser/IntermediateBuildFilesPath/EagerLinkingTBDs/Release-iphoneos/SVProgressHUD.framework/SVProgressHUD.tbd (in target 'SVProgressHUD' from project 'Pods')
    cd /Users/runner/work/Web_Browser/Web_Browser/Pods
    /Applications/Xcode_26.3.app/Contents/Developer/Toolchains/XcodeDefault.xctoolchain/usr/bin/tapi stubify -isysroot /Applications/Xcode_26.3.app/Contents/Developer/Platforms/iPhoneOS.platform/Developer/SDKs/iPhoneOS26.2.sdk -F/Users/runner/Library/Developer/Xcode/DerivedData/WebBrowser-clqywoufjsuyrtaownclvbrmxizr/Build/Intermediates.noindex/ArchiveIntermediates/WebBrowser/BuildProductsPath/Release-iphoneos/SVProgressHUD -L/Users/runner/Library/Developer/Xcode/DerivedData/WebBrowser-clqywoufjsuyrtaownclvbrmxizr/Build/Intermediates.noindex/ArchiveIntermediates/WebBrowser/BuildProductsPath/Release-iphoneos/SVProgressHUD /Users/runner/Library/Developer/Xcode/DerivedData/WebBrowser-clqywoufjsuyrtaownclvbrmxizr/Build/Intermediates.noindex/ArchiveIntermediates/WebBrowser/IntermediateBuildFilesPath/UninstalledProducts/iphoneos/SVProgressHUD.framework/SVProgressHUD -o /Users/runner/Library/Developer/Xcode/DerivedData/WebBrowser-clqywoufjsuyrtaownclvbrmxizr/Build/Intermediates.noindex/ArchiveIntermediates/WebBrowser/IntermediateBuildFilesPath/EagerLinkingTBDs/Release-iphoneos/SVProgressHUD.framework/SVProgressHUD.tbd

SwiftExplicitDependencyGeneratePcm arm64 /Users/runner/Library/Developer/Xcode/DerivedData/WebBrowser-clqywoufjsuyrtaownclvbrmxizr/Build/Intermediates.noindex/ArchiveIntermediates/WebBrowser/IntermediateBuildFilesPath/SwiftExplicitPrecompiledModules/KeychainAccess-6VQ2YVZJP4RRUFFPZUDRXMHCO.pcm

SwiftCompile normal arm64 Compiling\ Keychain.swift /Users/runner/work/Web_Browser/Web_Browser/Pods/KeychainAccess/Lib/KeychainAccess/Keychain.swift /Applications/Xcode_26.3.app/Contents/Developer/Toolchains/XcodeDefault.xctoolchain/usr/lib/swift/iphoneos/prebuilt-modules/26.2/Accessibility.swiftmodule/arm64e-apple-ios.swiftmodule /Applications/Xcode_26.3.app/Contents/Developer/Toolchains/XcodeDefault.xctoolchain/usr/lib/swift/iphoneos/prebuilt-modules/26.2/CoreGraphics.swiftmodule/arm64e-apple-ios.swiftmodule /Applications/Xcode_26.3.app/Contents/Developer/Toolchains/XcodeDefault.xctoolchain/usr/lib/swift/iphoneos/prebuilt-modules/26.2/CoreText.swiftmodule/arm64e-apple-ios.swiftmodule /Applications/Xcode_26.3.app/Contents/Developer/Toolchains/XcodeDefault.xctoolchain/usr/lib/swift/iphoneos/prebuilt-modules/26.2/Metal.swiftmodule/arm64e-apple-ios.swiftmodule /Applications/Xcode_26.3.app/Contents/Developer/Toolchains/XcodeDefault.xctoolchain/usr/lib/swift/iphoneos/prebuilt-modules/26.2/CoreTransferable.swiftmodule/arm64e-apple-ios.swiftmodule /Applications/Xcode_26.3.app/Contents/Developer/Toolchains/XcodeDefault.xctoolchain/usr/lib/swift/iphoneos/prebuilt-modules/26.2/_DarwinFoundation3.swiftmodule/arm64e-apple-ios.swiftmodule /Applications/Xcode_26.3.app/Contents/Developer/Toolchains/XcodeDefault.xctoolchain/usr/lib/swift/iphoneos/prebuilt-modules/26.2/_DarwinFoundation1.swiftmodule/arm64e-apple-ios.swiftmodule /Applications/Xcode_26.3.app/Contents/Developer/Toolchains/XcodeDefault.xctoolchain/usr/lib/swift/iphoneos/prebuilt-modules/26.2/Darwin.swiftmodule/arm64e-apple-ios.swiftmodule /Applications/Xcode_26.3.app/Contents/Developer/Toolchains/XcodeDefault.xctoolchain/usr/lib/swift/iphoneos/prebuilt-modules/26.2/CoreImage.swiftmodule/arm64e-apple-ios.swiftmodule /Applications/Xcode_26.3.app/Contents/Developer/Toolchains/XcodeDefault.xctoolchain/usr/lib/swift/iphoneos/prebuilt-modules/26.2/DataDetection.swiftmodule/arm64e-apple-ios.swiftmodule /Applications/Xcode_26.3.app/Contents/Developer/Toolchains/XcodeDefault.xctoolchain/usr/lib/swift/iphoneos/prebuilt-modules/26.2/SwiftUICore.swiftmodule/arm64e-apple-ios.swiftmodule /Applications/Xcode_26.3.app/Contents/Developer/Toolchains/XcodeDefault.xctoolchain/usr/lib/swift/iphoneos/prebuilt-modules/26.2/FileProvider.swiftmodule/arm64e-apple-ios.swiftmodule /Applications/Xcode_26.3.app/Contents/Developer/Toolchains/XcodeDefault.xctoolchain/usr/lib/swift/iphoneos/prebuilt-modules/26.2/CoreVideo.swiftmodule/arm64e-apple-ios.swiftmodule /Applications/Xcode_26.3.app/Contents/Developer/Toolchains/XcodeDefault.xctoolchain/usr/lib/swift/iphoneos/prebuilt-modules/26.2/Combine.swiftmodule/arm64e-apple-ios.swiftmodule /Applications/Xcode_26.3.app/Contents/Developer/Toolchains/XcodeDefault.xctoolchain/usr/lib/swift/iphoneos/prebuilt-modules/26.2/LocalAuthentication.swiftmodule/arm64e-apple-ios.swiftmodule /Applications/Xcode_26.3.app/Contents/Developer/Toolchains/XcodeDefault.xctoolchain/usr/lib/swift/iphoneos/prebuilt-modules/26.2/UniformTypeIdentifiers.swiftmodule/arm64e-apple-ios.swiftmodule /Applications/Xcode_26.3.app/Contents/Developer/Toolchains/XcodeDefault.xctoolchain/usr/lib/swift/iphoneos/prebuilt-modules/26.2/OSLog.swiftmodule/arm64e-apple-ios.swiftmodule /Applications/Xcode_26.3.app/Contents/Developer/Toolchains/XcodeDefault.xctoolchain/usr/lib/swift/iphoneos/prebuilt-modules/26.2/Swift.swiftmodule/arm64e-apple-ios.swiftmodule /Applications/Xcode_26.3.app/Contents/Developer/Toolchains/XcodeDefault.xctoolchain/usr/lib/swift/iphoneos/prebuilt-modules/26.2/_StringProcessing.swiftmodule/arm64e-apple-ios.swiftmodule /Applications/Xcode_26.3.app/Contents/Developer/Toolchains/XcodeDefault.xctoolchain/usr/lib/swift/iphoneos/prebuilt-modules/26.2/Symbols.swiftmodule/arm64e-apple-ios.swiftmodule /Applications/Xcode_26.3.app/Contents/Developer/Toolchains/XcodeDefault.xctoolchain/usr/lib/swift/iphoneos/prebuilt-modules/26.2/_Concurrency.swiftmodule/arm64e-apple-ios.swiftmodule /Applications/Xcode_26.3.app/Contents/Developer/Toolchains/XcodeDefault.xctoolchain/usr/lib/swift/iphoneos/prebuilt-modules/26.2/System.swiftmodule/arm64e-apple-ios.swiftmodule /Applications/Xcode_26.3.app/Contents/Developer/Toolchains/XcodeDefault.xctoolchain/usr/lib/swift/iphoneos/prebuilt-modules/26.2/QuartzCore.swiftmodule/arm64e-apple-ios.swiftmodule /Applications/Xcode_26.3.app/Contents/Developer/Toolchains/XcodeDefault.xctoolchain/usr/lib/swift/iphoneos/prebuilt-modules/26.2/DeveloperToolsSupport.swiftmodule/arm64e-apple-ios.swiftmodule /Applications/Xcode_26.3.app/Contents/Developer/Toolchains/XcodeDefault.xctoolchain/usr/lib/swift/iphoneos/prebuilt-modules/26.2/XPC.swiftmodule/arm64e-apple-ios.swiftmodule /Applications/Xcode_26.3.app/Contents/Developer/Toolchains/XcodeDefault.xctoolchain/usr/lib/swift/iphoneos/prebuilt-modules/26.2/UIKit.swiftmodule/arm64e-apple-ios.swiftmodule /Applications/Xcode_26.3.app/Contents/Developer/Toolchains/XcodeDefault.xctoolchain/usr/lib/swift/iphoneos/prebuilt-modules/26.2/os.swiftmodule/arm64e-apple-ios.swiftmodule /Applications/Xcode_26.3.app/Contents/Developer/Toolchains/XcodeDefault.xctoolchain/usr/lib/swift/iphoneos/prebuilt-modules/26.2/Foundation.swiftmodule/arm64e-apple-ios.swiftmodule /Applications/Xcode_26.3.app/Contents/Developer/Toolchains/XcodeDefault.xctoolchain/usr/lib/swift/iphoneos/prebuilt-modules/26.2/_DarwinFoundation2.swiftmodule/arm64e-apple-ios.swiftmodule /Applications/Xcode_26.3.app/Contents/Developer/Toolchains/XcodeDefault.xctoolchain/usr/lib/swift/iphoneos/prebuilt-modules/26.2/ObjectiveC.swiftmodule/arm64e-apple-ios.swiftmodule /Applications/Xcode_26.3.app/Contents/Developer/Toolchains/XcodeDefault.xctoolchain/usr/lib/swift/iphoneos/prebuilt-modules/26.2/_Builtin_float.swiftmodule/arm64e-apple-ios.swiftmodule /Applications/Xcode_26.3.app/Contents/Developer/Toolchains/XcodeDefault.xctoolchain/usr/lib/swift/iphoneos/prebuilt-modules/26.2/CoreFoundation.swiftmodule/arm64e-apple-ios.swiftmodule /Applications/Xcode_26.3.app/Contents/Developer/Toolchains/XcodeDefault.xctoolchain/usr/lib/swift/iphoneos/prebuilt-modules/26.2/Dispatch.swiftmodule/arm64e-apple-ios.swiftmodule /Applications/Xcode_26.3.app/Contents/Developer/Toolchains/XcodeDefault.xctoolchain/usr/lib/swift/iphoneos/prebuilt-modules/26.2/Observation.swiftmodule/arm64e-apple-ios.swiftmodule /Users/runner/Library/Developer/Xcode/DerivedData/ModuleCache.noindex/_Builtin_stdint-BE3PMKOR44C24VD6AB0E9PT2Y.pcm /Users/runner/Library/Developer/Xcode/DerivedData/ModuleCache.noindex/SwiftUICore-CRXAAHF0IYYLG2HLQENV3IY41.pcm /Users/runner/Library/Developer/Xcode/DerivedData/ModuleCache.noindex/DataDetection-E68UNNJECIFQTVEJ70VW2TUS0.pcm /Users/runner/Library/Developer/Xcode/DerivedData/ModuleCache.noindex/_Builtin_stdatomic-CAG3T5E54X9AQRZBTS0FH97YQ.pcm /Users/runner/Library/Developer/Xcode/DerivedData/ModuleCache.noindex/ImageIO-2BTXUUYDR7JHDLXMTAWUEW9BW.pcm /Users/runner/Library/Developer/Xcode/DerivedData/ModuleCache.noindex/_DarwinFoundation1-AMJ7P60XIICL2VTFWIYGS8CF9.pcm /Users/runner/Library/Developer/Xcode/DerivedData/ModuleCache.noindex/OSLog-2JJBBPRZN86WMXZTNLJ6GMQYR.pcm /Users/runner/Library/Developer/Xcode/DerivedData/ModuleCache.noindex/LocalAuthentication-5OKPR53NJAI493S06HV24JFSL.pcm /Users/runner/Library/Developer/Xcode/DerivedData/ModuleCache.noindex/_AvailabilityInternal-4ZSQ3YOKJ8FIZ9DE3N2N2155Z.pcm /Users/runner/Library/Developer/Xcode/DerivedData/ModuleCache.noindex/_Builtin_stdarg-EDLOZHOX1KIFA7V1RM8XK31ZD.pcm /Users/runner/Library/Developer/Xcode/DerivedData/ModuleCache.noindex/Dispatch-EKE822JWOQ61ZVGWM0IBBM9AW.pcm /Users/runner/Library/Developer/Xcode/DerivedData/ModuleCache.noindex/os-EV24YG5FY27973ZK7SM8YU7FZ.pcm /Users/runner/Library/Developer/Xcode/DerivedData/ModuleCache.noindex/OpenGLES-8K8ZW3I1X6P1LY2HMS49J6N1M.pcm /Users/runner/Library/Developer/Xcode/DerivedData/ModuleCache.noindex/os_object-33Y7Q77K15NGPIUTH04U0YZZ0.pcm /Users/runner/Library/Developer/Xcode/DerivedData/ModuleCache.noindex/DeveloperToolsSupport-ED9Z3FLSATL8Q5V0PU1K6IANB.pcm /Users/runner/Library/Developer/Xcode/DerivedData/ModuleCache.noindex/Darwin-7J9VQ7MSQL9D8T4I20DHTTXMN.pcm /Users/runner/Library/Developer/Xcode/DerivedData/ModuleCache.noindex/CoreFoundation-655HAZYSA9T1LJUAJYYW431AP.pcm /Users/runner/Library/Developer/Xcode/DerivedData/ModuleCache.noindex/_Builtin_stddef-8UE7IOOQG7TV7H43ZUUD8GK8A.pcm /Users/runner/Library/Developer/Xcode/DerivedData/ModuleCache.noindex/CoreImage-1F72TU0ILEHPLXXRC45YN3QLS.pcm /Users/runner/Library/Developer/Xcode/DerivedData/ModuleCache.noindex/_DarwinFoundation2-EDY9TGJJ7VQW6W3MZ6ZHJSDEA.pcm /Users/runner/Library/Developer/Xcode/DerivedData/ModuleCache.noindex/IOSurface-42LOCQ6YK9Z2RY7LEQEYDYPTL.pcm /Users/runner/Library/Developer/Xcode/DerivedData/ModuleCache.noindex/UIUtilities-5RL6N96PLZXFENO9XPW9DG9PM.pcm /Users/runner/Library/Developer/Xcode/DerivedData/ModuleCache.noindex/_Builtin_limits-BJTWRD4AU42QKMKA01HY9L3TT.pcm /Users/runner/Library/Developer/Xcode/DerivedData/ModuleCache.noindex/CFNetwork-9VFO7YNB1UAE6OJU4OH3Y3N4M.pcm /Users/runner/Library/Developer/Xcode/DerivedData/ModuleCache.noindex/_Builtin_float-2AJTXFLH7UIA5W4QO5PEZJ067.pcm /Users/runner/Library/Developer/Xcode/DerivedData/ModuleCache.noindex/QuartzCore-7ZAYI1YBVWAI3FNHDB05AJX6N.pcm /Users/runner/Library/Developer/Xcode/DerivedData/ModuleCache.noindex/_SwiftConcurrencyShims-39H4MYIONVMNULZUDLIS42DCD.pcm /Users/runner/Library/Developer/Xcode/DerivedData/ModuleCache.noindex/Symbols-14NDBPYF6FEX6BNXSKQ2FAK5M.pcm /Users/runner/Library/Developer/Xcode/DerivedData/ModuleCache.noindex/Foundation-F1FSWFXQ3WZAR9C2KUR7EGZ9.pcm /Users/runner/Library/Developer/Xcode/DerivedData/ModuleCache.noindex/SwiftShims-20449Z80VJ81TEPUGCZ2BPK28.pcm /Users/runner/Library/Developer/Xcode/DerivedData/ModuleCache.noindex/CoreTransferable-4SLIGFHDCFZUBMFD63OYCHKS7.pcm /Users/runner/Library/Developer/Xcode/DerivedData/ModuleCache.noindex/Accessibility-5ZQ5X8GFWH492SYUTDLOYNJ96.pcm /Users/runner/Library/Developer/Xcode/DerivedData/ModuleCache.noindex/_Builtin_stdbool-BGMEK4M079WK80BJQAM92RKI5.pcm /Users/runner/Library/Developer/Xcode/DerivedData/ModuleCache.noindex/_Builtin_inttypes-2VJE3Q7LACMOFWR8DFDHES3LO.pcm /Users/runner/Library/Developer/Xcode/DerivedData/ModuleCache.noindex/CoreText-6HUASY4J7Q93SZ9X4WAD5QGZE.pcm /Users/runner/Library/Developer/Xcode/DerivedData/ModuleCache.noindex/ptrcheck-33FG5PDOCYRR3L736CNG6XQW9.pcm /Users/runner/Library/Developer/Xcode/DerivedData/ModuleCache.noindex/ptrauth-86XI3RI4Y6OV8TLD3O1D9X956.pcm /Users/runner/Library/Developer/Xcode/DerivedData/ModuleCache.noindex/Security-CV68WSEGGPB4VRQV4DSVPANZY.pcm /Users/runner/Library/Developer/Xcode/DerivedData/ModuleCache.noindex/ObjectiveC-5VSVEYOBD2W8ODIR62UXGHN1A.pcm /Users/runner/Library/Developer/Xcode/DerivedData/ModuleCache.noindex/UIKit-1A9X26E7Y1O09G6QWHNU6DFSS.pcm /Users/runner/Library/Developer/Xcode/DerivedData/ModuleCache.noindex/sys_types-4PRH99LU2I59L83OSQHIOT0F4.pcm /Users/runner/Library/Developer/Xcode/DerivedData/ModuleCache.noindex/Metal-EQUDLEB9SYH1KJJVXW3L92YFE.pcm /Users/runner/Library/Developer/Xcode/DerivedData/ModuleCache.noindex/UserNotifications-2EJ0L2SK4ZB214G7FHGY0UEJU.pcm /Users/runner/Library/Developer/Xcode/DerivedData/ModuleCache.noindex/FileProvider-4S55M9T9YYZGJSTIC2QFKHFH7.pcm /Users/runner/Library/Developer/Xcode/DerivedData/ModuleCache.noindex/CoreGraphics-42SZ1ILNNZ2PLSGDVOPVG6NCN.pcm /Users/runner/Library/Developer/Xcode/DerivedData/ModuleCache.noindex/CoreVideo-3PP4DAYYRE5J9M9ZJO2UP5XPD.pcm /Users/runner/Library/Developer/Xcode/DerivedData/ModuleCache.noindex/UniformTypeIdentifiers-16JDBFDZV4YZRYFWVH0SK6J17.pcm /Users/runner/Library/Developer/Xcode/DerivedData/ModuleCache.noindex/_DarwinFoundation3-5TXVJP44ZNRCILXS0UUPBK4DD.pcm /Users/runner/Library/Developer/Xcode/DerivedData/WebBrowser-clqywoufjsuyrtaownclvbrmxizr/Build/Intermediates.noindex/ArchiveIntermediates/WebBrowser/IntermediateBuildFilesPath/SwiftExplicitPrecompiledModules/KeychainAccess-6VQ2YVZJP4RRUFFPZUDRXMHCO.pcm /Users/runner/Library/Developer/Xcode/DerivedData/ModuleCache.noindex/MachO-54DTBJPYX9C6511T08NSLUZL9.pcm /Users/runner/Library/Developer/Xcode/DerivedData/ModuleCache.noindex/XPC-AHIPVKHNAFTNRZR9O59ACQZQI.pcm /Users/runner/Library/Developer/Xcode/DerivedData/ModuleCache.noindex/os_workgroup-ENDJ0LY6OCCSKSAFTNL3OFKV8.pcm /Users/runner/Library/Developer/Xcode/DerivedData/WebBrowser-clqywoufjsuyrtaownclvbrmxizr/Build/Intermediates.noindex/ArchiveIntermediates/WebBrowser/IntermediateBuildFilesPath/Pods.build/Release-iphoneos/KeychainAccess.build/Objects-normal/arm64/KeychainAccess-dependencies-1.json (in target 'KeychainAccess' from project 'Pods')
SwiftCompile normal arm64 /Users/runner/work/Web_Browser/Web_Browser/Pods/KeychainAccess/Lib/KeychainAccess/Keychain.swift (in target 'KeychainAccess' from project 'Pods')
    cd /Users/runner/work/Web_Browser/Web_Browser/Pods
    
/Users/runner/work/Web_Browser/Web_Browser/Pods/KeychainAccess/Lib/KeychainAccess/Keychain.swift:1279:41: warning: 'kSecUseOperationPrompt' was deprecated in iOS 14.0: Use kSecUseAuthenticationContext and set LAContext.localizedReason property
private let UseOperationPrompt = String(kSecUseOperationPrompt)
                                        ^
/Users/runner/work/Web_Browser/Web_Browser/Pods/KeychainAccess/Lib/KeychainAccess/Keychain.swift:1294:47: warning: 'kSecUseAuthenticationUIAllow' was deprecated in iOS 14.0: Instead of kSecUseAuthenticationUI, use kSecUseAuthenticationContext and set LAContext.interactionNotAllowed property
private let UseAuthenticationUIAllow = String(kSecUseAuthenticationUIAllow)
                                              ^
/Users/runner/work/Web_Browser/Web_Browser/Pods/KeychainAccess/Lib/KeychainAccess/Keychain.swift:1297:46: warning: 'kSecUseAuthenticationUIFail' was deprecated in iOS 14.0: Instead of kSecUseAuthenticationUI, use kSecUseAuthenticationContext and set LAContext.interactionNotAllowed property
private let UseAuthenticationUIFail = String(kSecUseAuthenticationUIFail)
                                             ^
/Users/runner/work/Web_Browser/Web_Browser/Pods/KeychainAccess/Lib/KeychainAccess/Keychain.swift:1060:9: warning: 'SecRequestSharedWebCredential' was deprecated in iOS 14.0: Use ASAuthorizationController to make an ASAuthorizationPasswordRequest (AuthenticationServices framework)
        SecRequestSharedWebCredential(domain as CFString?, account as CFString?) { (credentials, error) -> () in
        ^
/Users/runner/work/Web_Browser/Web_Browser/Pods/KeychainAccess/Lib/KeychainAccess/Keychain.swift:1735:25: warning: 'kSecAttrAccessibleAlways' was deprecated in iOS 12.0: Use an accessibility level that provides some user protection, such as kSecAttrAccessibleAfterFirstUnlock
            case String(kSecAttrAccessibleAlways):
                        ^
/Users/runner/work/Web_Browser/Web_Browser/Pods/KeychainAccess/Lib/KeychainAccess/Keychain.swift:1745:25: warning: 'kSecAttrAccessibleAlwaysThisDeviceOnly' was deprecated in iOS 12.0: Use an accessibility level that provides some user protection, such as kSecAttrAccessibleAfterFirstUnlockThisDeviceOnly
            case String(kSecAttrAccessibleAlwaysThisDeviceOnly):
                        ^
/Users/runner/work/Web_Browser/Web_Browser/Pods/KeychainAccess/Lib/KeychainAccess/Keychain.swift:1783:27: warning: 'kSecAttrAccessibleAlways' was deprecated in iOS 12.0: Use an accessibility level that provides some user protection, such as kSecAttrAccessibleAfterFirstUnlock
            return String(kSecAttrAccessibleAlways)
                          ^
/Users/runner/work/Web_Browser/Web_Browser/Pods/KeychainAccess/Lib/KeychainAccess/Keychain.swift:1797:27: warning: 'kSecAttrAccessibleAlwaysThisDeviceOnly' was deprecated in iOS 12.0: Use an accessibility level that provides some user protection, such as kSecAttrAccessibleAfterFirstUnlockThisDeviceOnly
            return String(kSecAttrAccessibleAlwaysThisDeviceOnly)
                          ^

SetOwnerAndGroup runner:staff /Users/runner/Library/Developer/Xcode/DerivedData/WebBrowser-clqywoufjsuyrtaownclvbrmxizr/Build/Intermediates.noindex/ArchiveIntermediates/WebBrowser/IntermediateBuildFilesPath/UninstalledProducts/iphoneos/SVProgressHUD.framework (in target 'SVProgressHUD' from project 'Pods')
    cd /Users/runner/work/Web_Browser/Web_Browser/Pods
    /usr/sbin/chown -RH runner:staff /Users/runner/Library/Developer/Xcode/DerivedData/WebBrowser-clqywoufjsuyrtaownclvbrmxizr/Build/Intermediates.noindex/ArchiveIntermediates/WebBrowser/IntermediateBuildFilesPath/UninstalledProducts/iphoneos/SVProgressHUD.framework

SetMode u+w,go-w,a+rX /Users/runner/Library/Developer/Xcode/DerivedData/WebBrowser-clqywoufjsuyrtaownclvbrmxizr/Build/Intermediates.noindex/ArchiveIntermediates/WebBrowser/IntermediateBuildFilesPath/UninstalledProducts/iphoneos/SVProgressHUD.framework (in target 'SVProgressHUD' from project 'Pods')
    cd /Users/runner/work/Web_Browser/Web_Browser/Pods
    /bin/chmod -RH u+w,go-w,a+rX /Users/runner/Library/Developer/Xcode/DerivedData/WebBrowser-clqywoufjsuyrtaownclvbrmxizr/Build/Intermediates.noindex/ArchiveIntermediates/WebBrowser/IntermediateBuildFilesPath/UninstalledProducts/iphoneos/SVProgressHUD.framework

RegisterExecutionPolicyException /Users/runner/Library/Developer/Xcode/DerivedData/WebBrowser-clqywoufjsuyrtaownclvbrmxizr/Build/Intermediates.noindex/ArchiveIntermediates/WebBrowser/IntermediateBuildFilesPath/UninstalledProducts/iphoneos/SVProgressHUD.framework (in target 'SVProgressHUD' from project 'Pods')
    cd /Users/runner/work/Web_Browser/Web_Browser/Pods
    builtin-RegisterExecutionPolicyException /Users/runner/Library/Developer/Xcode/DerivedData/WebBrowser-clqywoufjsuyrtaownclvbrmxizr/Build/Intermediates.noindex/ArchiveIntermediates/WebBrowser/IntermediateBuildFilesPath/UninstalledProducts/iphoneos/SVProgressHUD.framework

Touch /Users/runner/Library/Developer/Xcode/DerivedData/WebBrowser-clqywoufjsuyrtaownclvbrmxizr/Build/Intermediates.noindex/ArchiveIntermediates/WebBrowser/IntermediateBuildFilesPath/UninstalledProducts/iphoneos/SVProgressHUD.framework (in target 'SVProgressHUD' from project 'Pods')
    cd /Users/runner/work/Web_Browser/Web_Browser/Pods
    /usr/bin/touch -c /Users/runner/Library/Developer/Xcode/DerivedData/WebBrowser-clqywoufjsuyrtaownclvbrmxizr/Build/Intermediates.noindex/ArchiveIntermediates/WebBrowser/IntermediateBuildFilesPath/UninstalledProducts/iphoneos/SVProgressHUD.framework

SwiftDriverJobDiscovery normal arm64 Compiling Keychain.swift (in target 'KeychainAccess' from project 'Pods')

SwiftDriver\ Compilation\ Requirements KeychainAccess normal arm64 com.apple.xcode.tools.swift.compiler (in target 'KeychainAccess' from project 'Pods')
    cd /Users/runner/work/Web_Browser/Web_Browser/Pods
    builtin-Swift-Compilation-Requirements -- /Applications/Xcode_26.3.app/Contents/Developer/Toolchains/XcodeDefault.xctoolchain/usr/bin/swiftc -module-name KeychainAccess -O -whole-module-optimization -enforce-exclusivity\=checked @/Users/runner/Library/Developer/Xcode/DerivedData/WebBrowser-clqywoufjsuyrtaownclvbrmxizr/Build/Intermediates.noindex/ArchiveIntermediates/WebBrowser/IntermediateBuildFilesPath/Pods.build/Release-iphoneos/KeychainAccess.build/Objects-normal/arm64/KeychainAccess.SwiftFileList -D COCOAPODS -enable-bare-slash-regex -enable-experimental-feature DebugDescriptionMacro -sdk /Applications/Xcode_26.3.app/Contents/Developer/Platforms/iPhoneOS.platform/Developer/SDKs/iPhoneOS26.2.sdk -target arm64-apple-ios16.0 -g -module-cache-path /Users/runner/Library/Developer/Xcode/DerivedData/ModuleCache.noindex -Xfrontend -serialize-debugging-options -swift-version 5 -I /Users/runner/Library/Developer/Xcode/DerivedData/WebBrowser-clqywoufjsuyrtaownclvbrmxizr/Build/Intermediates.noindex/ArchiveIntermediates/WebBrowser/BuildProductsPath/Release-iphoneos/KeychainAccess -F /Users/runner/Library/Developer/Xcode/DerivedData/WebBrowser-clqywoufjsuyrtaownclvbrmxizr/Build/Intermediates.noindex/ArchiveIntermediates/WebBrowser/BuildProductsPath/Release-iphoneos/KeychainAccess -parse-as-library -c -num-threads 3 -Xcc -ivfsstatcache -Xcc /Users/runner/Library/Developer/Xcode/DerivedData/SDKStatCaches.noindex/iphoneos26.2-23C57-dc75598d0054f22ec865fa860f139d722dd23b4ebda140f7210d155ff1243552.sdkstatcache -output-file-map /Users/runner/Library/Developer/Xcode/DerivedData/WebBrowser-clqywoufjsuyrtaownclvbrmxizr/Build/Intermediates.noindex/ArchiveIntermediates/WebBrowser/IntermediateBuildFilesPath/Pods.build/Release-iphoneos/KeychainAccess.build/Objects-normal/arm64/KeychainAccess-OutputFileMap.json -use-frontend-parseable-output -save-temps -no-color-diagnostics -explicit-module-build -module-cache-path /Users/runner/Library/Developer/Xcode/DerivedData/WebBrowser-clqywoufjsuyrtaownclvbrmxizr/Build/Intermediates.noindex/ArchiveIntermediates/WebBrowser/IntermediateBuildFilesPath/SwiftExplicitPrecompiledModules -clang-scanner-module-cache-path /Users/runner/Library/Developer/Xcode/DerivedData/ModuleCache.noindex -sdk-module-cache-path /Users/runner/Library/Developer/Xcode/DerivedData/ModuleCache.noindex -serialize-diagnostics -emit-dependencies -emit-module -emit-module-path /Users/runner/Library/Developer/Xcode/DerivedData/WebBrowser-clqywoufjsuyrtaownclvbrmxizr/Build/Intermediates.noindex/ArchiveIntermediates/WebBrowser/IntermediateBuildFilesPath/Pods.build/Release-iphoneos/KeychainAccess.build/Objects-normal/arm64/KeychainAccess.swiftmodule -validate-clang-modules-once -clang-build-session-file /Users/runner/Library/Developer/Xcode/DerivedData/ModuleCache.noindex/Session.modulevalidation -Xcc -I/Users/runner/Library/Developer/Xcode/DerivedData/WebBrowser-clqywoufjsuyrtaownclvbrmxizr/Build/Intermediates.noindex/ArchiveIntermediates/WebBrowser/IntermediateBuildFilesPath/Pods.build/Release-iphoneos/KeychainAccess.build/swift-overrides.hmap -emit-const-values -Xfrontend -const-gather-protocols-file -Xfrontend /Users/runner/Library/Developer/Xcode/DerivedData/WebBrowser-clqywoufjsuyrtaownclvbrmxizr/Build/Intermediates.noindex/ArchiveIntermediates/WebBrowser/IntermediateBuildFilesPath/Pods.build/Release-iphoneos/KeychainAccess.build/Objects-normal/arm64/KeychainAccess_const_extract_protocols.json -Xcc -iquote -Xcc /Users/runner/Library/Developer/Xcode/DerivedData/WebBrowser-clqywoufjsuyrtaownclvbrmxizr/Build/Intermediates.noindex/ArchiveIntermediates/WebBrowser/IntermediateBuildFilesPath/Pods.build/Release-iphoneos/KeychainAccess.build/KeychainAccess-generated-files.hmap -Xcc -I/Users/runner/Library/Developer/Xcode/DerivedData/WebBrowser-clqywoufjsuyrtaownclvbrmxizr/Build/Intermediates.noindex/ArchiveIntermediates/WebBrowser/IntermediateBuildFilesPath/Pods.build/Release-iphoneos/KeychainAccess.build/KeychainAccess-own-target-headers.hmap -Xcc -I/Users/runner/Library/Developer/Xcode/DerivedData/WebBrowser-clqywoufjsuyrtaownclvbrmxizr/Build/Intermediates.noindex/ArchiveIntermediates/WebBrowser/IntermediateBuildFilesPath/Pods.build/Release-iphoneos/KeychainAccess.build/KeychainAccess-all-non-framework-target-headers.hmap -Xcc -ivfsoverlay -Xcc /Users/runner/Library/Developer/Xcode/DerivedData/WebBrowser-clqywoufjsuyrtaownclvbrmxizr/Build/Intermediates.noindex/ArchiveIntermediates/WebBrowser/IntermediateBuildFilesPath/Pods.build/Release-iphoneos/Pods-8699adb1dd336b26511df848a716bd42-VFS-iphoneos/all-product-headers.yaml -Xcc -iquote -Xcc /Users/runner/Library/Developer/Xcode/DerivedData/WebBrowser-clqywoufjsuyrtaownclvbrmxizr/Build/Intermediates.noindex/ArchiveIntermediates/WebBrowser/IntermediateBuildFilesPath/Pods.build/Release-iphoneos/KeychainAccess.build/KeychainAccess-project-headers.hmap -Xcc -I/Users/runner/Library/Developer/Xcode/DerivedData/WebBrowser-clqywoufjsuyrtaownclvbrmxizr/Build/Intermediates.noindex/ArchiveIntermediates/WebBrowser/BuildProductsPath/Release-iphoneos/KeychainAccess/include -Xcc -I/Users/runner/Library/Developer/Xcode/DerivedData/WebBrowser-clqywoufjsuyrtaownclvbrmxizr/Build/Intermediates.noindex/ArchiveIntermediates/WebBrowser/IntermediateBuildFilesPath/Pods.build/Release-iphoneos/KeychainAccess.build/DerivedSources-normal/arm64 -Xcc -I/Users/runner/Library/Developer/Xcode/DerivedData/WebBrowser-clqywoufjsuyrtaownclvbrmxizr/Build/Intermediates.noindex/ArchiveIntermediates/WebBrowser/IntermediateBuildFilesPath/Pods.build/Release-iphoneos/KeychainAccess.build/DerivedSources/arm64 -Xcc -I/Users/runner/Library/Developer/Xcode/DerivedData/WebBrowser-clqywoufjsuyrtaownclvbrmxizr/Build/Intermediates.noindex/ArchiveIntermediates/WebBrowser/IntermediateBuildFilesPath/Pods.build/Release-iphoneos/KeychainAccess.build/DerivedSources -Xcc -DPOD_CONFIGURATION_RELEASE\=1 -Xcc -DCOCOAPODS\=1 -emit-objc-header -emit-objc-header-path /Users/runner/Library/Developer/Xcode/DerivedData/WebBrowser-clqywoufjsuyrtaownclvbrmxizr/Build/Intermediates.noindex/ArchiveIntermediates/WebBrowser/IntermediateBuildFilesPath/Pods.build/Release-iphoneos/KeychainAccess.build/Objects-normal/arm64/KeychainAccess-Swift.h -import-underlying-module -Xcc -ivfsoverlay -Xcc /Users/runner/Library/Developer/Xcode/DerivedData/WebBrowser-clqywoufjsuyrtaownclvbrmxizr/Build/Intermediates.noindex/ArchiveIntermediates/WebBrowser/IntermediateBuildFilesPath/Pods.build/Release-iphoneos/KeychainAccess.build/unextended-module-overlay.yaml -working-directory /Users/runner/work/Web_Browser/Web_Browser/Pods -no-emit-module-separately-wmo

SwiftMergeGeneratedHeaders /Users/runner/Library/Developer/Xcode/DerivedData/WebBrowser-clqywoufjsuyrtaownclvbrmxizr/Build/Intermediates.noindex/ArchiveIntermediates/WebBrowser/IntermediateBuildFilesPath/UninstalledProducts/iphoneos/KeychainAccess.framework/Headers/KeychainAccess-Swift.h /Users/runner/Library/Developer/Xcode/DerivedData/WebBrowser-clqywoufjsuyrtaownclvbrmxizr/Build/Intermediates.noindex/ArchiveIntermediates/WebBrowser/IntermediateBuildFilesPath/Pods.build/Release-iphoneos/KeychainAccess.build/Objects-normal/arm64/KeychainAccess-Swift.h (in target 'KeychainAccess' from project 'Pods')
    cd /Users/runner/work/Web_Browser/Web_Browser/Pods
    builtin-swiftHeaderTool -arch arm64 /Users/runner/Library/Developer/Xcode/DerivedData/WebBrowser-clqywoufjsuyrtaownclvbrmxizr/Build/Intermediates.noindex/ArchiveIntermediates/WebBrowser/IntermediateBuildFilesPath/Pods.build/Release-iphoneos/KeychainAccess.build/Objects-normal/arm64/KeychainAccess-Swift.h -o /Users/runner/Library/Developer/Xcode/DerivedData/WebBrowser-clqywoufjsuyrtaownclvbrmxizr/Build/Intermediates.noindex/ArchiveIntermediates/WebBrowser/IntermediateBuildFilesPath/UninstalledProducts/iphoneos/KeychainAccess.framework/Headers/KeychainAccess-Swift.h

Copy /Users/runner/Library/Developer/Xcode/DerivedData/WebBrowser-clqywoufjsuyrtaownclvbrmxizr/Build/Intermediates.noindex/ArchiveIntermediates/WebBrowser/IntermediateBuildFilesPath/UninstalledProducts/iphoneos/KeychainAccess.framework/Modules/KeychainAccess.swiftmodule/arm64-apple-ios.swiftmodule /Users/runner/Library/Developer/Xcode/DerivedData/WebBrowser-clqywoufjsuyrtaownclvbrmxizr/Build/Intermediates.noindex/ArchiveIntermediates/WebBrowser/IntermediateBuildFilesPath/Pods.build/Release-iphoneos/KeychainAccess.build/Objects-normal/arm64/KeychainAccess.swiftmodule (in target 'KeychainAccess' from project 'Pods')
    cd /Users/runner/work/Web_Browser/Web_Browser/Pods
    builtin-copy -exclude .DS_Store -exclude CVS -exclude .svn -exclude .git -exclude .hg -resolve-src-symlinks -rename /Users/runner/Library/Developer/Xcode/DerivedData/WebBrowser-clqywoufjsuyrtaownclvbrmxizr/Build/Intermediates.noindex/ArchiveIntermediates/WebBrowser/IntermediateBuildFilesPath/Pods.build/Release-iphoneos/KeychainAccess.build/Objects-normal/arm64/KeychainAccess.swiftmodule /Users/runner/Library/Developer/Xcode/DerivedData/WebBrowser-clqywoufjsuyrtaownclvbrmxizr/Build/Intermediates.noindex/ArchiveIntermediates/WebBrowser/IntermediateBuildFilesPath/UninstalledProducts/iphoneos/KeychainAccess.framework/Modules/KeychainAccess.swiftmodule/arm64-apple-ios.swiftmodule

Copy /Users/runner/Library/Developer/Xcode/DerivedData/WebBrowser-clqywoufjsuyrtaownclvbrmxizr/Build/Intermediates.noindex/ArchiveIntermediates/WebBrowser/IntermediateBuildFilesPath/UninstalledProducts/iphoneos/KeychainAccess.framework/Modules/KeychainAccess.swiftmodule/arm64-apple-ios.swiftdoc /Users/runner/Library/Developer/Xcode/DerivedData/WebBrowser-clqywoufjsuyrtaownclvbrmxizr/Build/Intermediates.noindex/ArchiveIntermediates/WebBrowser/IntermediateBuildFilesPath/Pods.build/Release-iphoneos/KeychainAccess.build/Objects-normal/arm64/KeychainAccess.swiftdoc (in target 'KeychainAccess' from project 'Pods')
    cd /Users/runner/work/Web_Browser/Web_Browser/Pods
    builtin-copy -exclude .DS_Store -exclude CVS -exclude .svn -exclude .git -exclude .hg -resolve-src-symlinks -rename /Users/runner/Library/Developer/Xcode/DerivedData/WebBrowser-clqywoufjsuyrtaownclvbrmxizr/Build/Intermediates.noindex/ArchiveIntermediates/WebBrowser/IntermediateBuildFilesPath/Pods.build/Release-iphoneos/KeychainAccess.build/Objects-normal/arm64/KeychainAccess.swiftdoc /Users/runner/Library/Developer/Xcode/DerivedData/WebBrowser-clqywoufjsuyrtaownclvbrmxizr/Build/Intermediates.noindex/ArchiveIntermediates/WebBrowser/IntermediateBuildFilesPath/UninstalledProducts/iphoneos/KeychainAccess.framework/Modules/KeychainAccess.swiftmodule/arm64-apple-ios.swiftdoc

Copy /Users/runner/Library/Developer/Xcode/DerivedData/WebBrowser-clqywoufjsuyrtaownclvbrmxizr/Build/Intermediates.noindex/ArchiveIntermediates/WebBrowser/IntermediateBuildFilesPath/UninstalledProducts/iphoneos/KeychainAccess.framework/Modules/KeychainAccess.swiftmodule/arm64-apple-ios.abi.json /Users/runner/Library/Developer/Xcode/DerivedData/WebBrowser-clqywoufjsuyrtaownclvbrmxizr/Build/Intermediates.noindex/ArchiveIntermediates/WebBrowser/IntermediateBuildFilesPath/Pods.build/Release-iphoneos/KeychainAccess.build/Objects-normal/arm64/KeychainAccess.abi.json (in target 'KeychainAccess' from project 'Pods')
    cd /Users/runner/work/Web_Browser/Web_Browser/Pods
    builtin-copy -exclude .DS_Store -exclude CVS -exclude .svn -exclude .git -exclude .hg -resolve-src-symlinks -rename /Users/runner/Library/Developer/Xcode/DerivedData/WebBrowser-clqywoufjsuyrtaownclvbrmxizr/Build/Intermediates.noindex/ArchiveIntermediates/WebBrowser/IntermediateBuildFilesPath/Pods.build/Release-iphoneos/KeychainAccess.build/Objects-normal/arm64/KeychainAccess.abi.json /Users/runner/Library/Developer/Xcode/DerivedData/WebBrowser-clqywoufjsuyrtaownclvbrmxizr/Build/Intermediates.noindex/ArchiveIntermediates/WebBrowser/IntermediateBuildFilesPath/UninstalledProducts/iphoneos/KeychainAccess.framework/Modules/KeychainAccess.swiftmodule/arm64-apple-ios.abi.json

ScanDependencies /Users/runner/Library/Developer/Xcode/DerivedData/WebBrowser-clqywoufjsuyrtaownclvbrmxizr/Build/Intermediates.noindex/ArchiveIntermediates/WebBrowser/IntermediateBuildFilesPath/Pods.build/Release-iphoneos/KeychainAccess.build/Objects-normal/arm64/KeychainAccess-dummy.o /Users/runner/work/Web_Browser/Web_Browser/Pods/Target\ Support\ Files/KeychainAccess/KeychainAccess-dummy.m normal arm64 objective-c com.apple.compilers.llvm.clang.1_0.compiler (in target 'KeychainAccess' from project 'Pods')
    cd /Users/runner/work/Web_Browser/Web_Browser/Pods
    
    Using response file: /Users/runner/Library/Developer/Xcode/DerivedData/WebBrowser-clqywoufjsuyrtaownclvbrmxizr/Build/Intermediates.noindex/ArchiveIntermediates/WebBrowser/IntermediateBuildFilesPath/Pods.build/Release-iphoneos/KeychainAccess.build/Objects-normal/arm64/e6072d4f65d7061329687fe24e3d63a7-common-args.resp
    
    builtin-ScanDependencies -o /Users/runner/Library/Developer/Xcode/DerivedData/WebBrowser-clqywoufjsuyrtaownclvbrmxizr/Build/Intermediates.noindex/ArchiveIntermediates/WebBrowser/IntermediateBuildFilesPath/Pods.build/Release-iphoneos/KeychainAccess.build/Objects-normal/arm64/KeychainAccess-dummy.o.scan -- /Applications/Xcode_26.3.app/Contents/Developer/Toolchains/XcodeDefault.xctoolchain/usr/bin/clang -x objective-c -ivfsstatcache /Users/runner/Library/Developer/Xcode/DerivedData/SDKStatCaches.noindex/iphoneos26.2-23C57-dc75598d0054f22ec865fa860f139d722dd23b4ebda140f7210d155ff1243552.sdkstatcache -fmessage-length\=0 -fdiagnostics-show-note-include-stack -fmacro-backtrace-limit\=0 -fno-color-diagnostics -fmodules-prune-interval\=86400 -fmodules-prune-after\=345600 -fbuild-session-file\=/Users/runner/Library/Developer/Xcode/DerivedData/ModuleCache.noindex/Session.modulevalidation -fmodules-validate-once-per-build-session -Wnon-modular-include-in-framework-module -Werror\=non-modular-include-in-framework-module -Wno-trigraphs -Wno-missing-field-initializers -Wno-missing-prototypes -Werror\=return-type -Wdocumentation -Wunreachable-code -Wno-implicit-atomic-properties -Werror\=deprecated-objc-isa-usage -Wno-objc-interface-ivars -Werror\=objc-root-class -Wno-arc-repeated-use-of-weak -Wimplicit-retain-self -Wduplicate-method-match -Wno-missing-braces -Wparentheses -Wswitch -Wunused-function -Wno-unused-label -Wno-unused-parameter -Wunused-variable -Wunused-value -Wempty-body -Wuninitialized -Wconditional-uninitialized -Wno-unknown-pragmas -Wno-shadow -Wno-four-char-constants -Wno-conversion -Wconstant-conversion -Wint-conversion -Wbool-conversion -Wenum-conversion -Wno-float-conversion -Wnon-literal-null-conversion -Wobjc-literal-conversion -Wshorten-64-to-32 -Wpointer-sign -Wno-newline-eof -Wno-selector -Wno-strict-selector-match -Wundeclared-selector -Wdeprecated-implementations -Wno-implicit-fallthrough -fstrict-aliasing -Wprotocol -Wdeprecated-declarations -Wno-sign-conversion -Winfinite-recursion -Wcomma -Wblock-capture-autoreleasing -Wstrict-prototypes -Wno-semicolon-before-method-body -Wunguarded-availability @/Users/runner/Library/Developer/Xcode/DerivedData/WebBrowser-clqywoufjsuyrtaownclvbrmxizr/Build/Intermediates.noindex/ArchiveIntermediates/WebBrowser/IntermediateBuildFilesPath/Pods.build/Release-iphoneos/KeychainAccess.build/Objects-normal/arm64/e6072d4f65d7061329687fe24e3d63a7-common-args.resp -include /Users/runner/work/Web_Browser/Web_Browser/Pods/Target\ Support\ Files/KeychainAccess/KeychainAccess-prefix.pch -MMD -MT dependencies -MF /Users/runner/Library/Developer/Xcode/DerivedData/WebBrowser-clqywoufjsuyrtaownclvbrmxizr/Build/Intermediates.noindex/ArchiveIntermediates/WebBrowser/IntermediateBuildFilesPath/Pods.build/Release-iphoneos/KeychainAccess.build/Objects-normal/arm64/KeychainAccess-dummy.d --serialize-diagnostics /Users/runner/Library/Developer/Xcode/DerivedData/WebBrowser-clqywoufjsuyrtaownclvbrmxizr/Build/Intermediates.noindex/ArchiveIntermediates/WebBrowser/IntermediateBuildFilesPath/Pods.build/Release-iphoneos/KeychainAccess.build/Objects-normal/arm64/KeychainAccess-dummy.dia -c /Users/runner/work/Web_Browser/Web_Browser/Pods/Target\ Support\ Files/KeychainAccess/KeychainAccess-dummy.m -o /Users/runner/Library/Developer/Xcode/DerivedData/WebBrowser-clqywoufjsuyrtaownclvbrmxizr/Build/Intermediates.noindex/ArchiveIntermediates/WebBrowser/IntermediateBuildFilesPath/Pods.build/Release-iphoneos/KeychainAccess.build/Objects-normal/arm64/KeychainAccess-dummy.o

ScanDependencies /Users/runner/Library/Developer/Xcode/DerivedData/WebBrowser-clqywoufjsuyrtaownclvbrmxizr/Build/Intermediates.noindex/ArchiveIntermediates/WebBrowser/IntermediateBuildFilesPath/Pods.build/Release-iphoneos/KeychainAccess.build/Objects-normal/arm64/KeychainAccess_vers.o /Users/runner/Library/Developer/Xcode/DerivedData/WebBrowser-clqywoufjsuyrtaownclvbrmxizr/Build/Intermediates.noindex/ArchiveIntermediates/WebBrowser/IntermediateBuildFilesPath/Pods.build/Release-iphoneos/KeychainAccess.build/DerivedSources/KeychainAccess_vers.c normal arm64 c com.apple.compilers.llvm.clang.1_0.compiler (in target 'KeychainAccess' from project 'Pods')
    cd /Users/runner/work/Web_Browser/Web_Browser/Pods
    
    Using response file: /Users/runner/Library/Developer/Xcode/DerivedData/WebBrowser-clqywoufjsuyrtaownclvbrmxizr/Build/Intermediates.noindex/ArchiveIntermediates/WebBrowser/IntermediateBuildFilesPath/Pods.build/Release-iphoneos/KeychainAccess.build/Objects-normal/arm64/7187679823f38a2a940e0043cdf9d637-common-args.resp
    
    builtin-ScanDependencies -o /Users/runner/Library/Developer/Xcode/DerivedData/WebBrowser-clqywoufjsuyrtaownclvbrmxizr/Build/Intermediates.noindex/ArchiveIntermediates/WebBrowser/IntermediateBuildFilesPath/Pods.build/Release-iphoneos/KeychainAccess.build/Objects-normal/arm64/KeychainAccess_vers.o.scan -- /Applications/Xcode_26.3.app/Contents/Developer/Toolchains/XcodeDefault.xctoolchain/usr/bin/clang -x c -ivfsstatcache /Users/runner/Library/Developer/Xcode/DerivedData/SDKStatCaches.noindex/iphoneos26.2-23C57-dc75598d0054f22ec865fa860f139d722dd23b4ebda140f7210d155ff1243552.sdkstatcache -fmessage-length\=0 -fdiagnostics-show-note-include-stack -fmacro-backtrace-limit\=0 -fno-color-diagnostics -fmodules-prune-interval\=86400 -fmodules-prune-after\=345600 -fbuild-session-file\=/Users/runner/Library/Developer/Xcode/DerivedData/ModuleCache.noindex/Session.modulevalidation -fmodules-validate-once-per-build-session -Wnon-modular-include-in-framework-module -Werror\=non-modular-include-in-framework-module -Wno-trigraphs -Wno-missing-field-initializers -Wno-missing-prototypes -Werror\=return-type -Wdocumentation -Wunreachable-code -Werror\=deprecated-objc-isa-usage -Werror\=objc-root-class -Wno-missing-braces -Wparentheses -Wswitch -Wunused-function -Wno-unused-label -Wno-unused-parameter -Wunused-variable -Wunused-value -Wempty-body -Wuninitialized -Wconditional-uninitialized -Wno-unknown-pragmas -Wno-shadow -Wno-four-char-constants -Wno-conversion -Wconstant-conversion -Wint-conversion -Wbool-conversion -Wenum-conversion -Wno-float-conversion -Wnon-literal-null-conversion -Wobjc-literal-conversion -Wshorten-64-to-32 -Wpointer-sign -Wno-newline-eof -Wno-implicit-fallthrough -fstrict-aliasing -Wdeprecated-declarations -Wno-sign-conversion -Winfinite-recursion -Wcomma -Wblock-capture-autoreleasing -Wstrict-prototypes -Wno-semicolon-before-method-body -Wunguarded-availability @/Users/runner/Library/Developer/Xcode/DerivedData/WebBrowser-clqywoufjsuyrtaownclvbrmxizr/Build/Intermediates.noindex/ArchiveIntermediates/WebBrowser/IntermediateBuildFilesPath/Pods.build/Release-iphoneos/KeychainAccess.build/Objects-normal/arm64/7187679823f38a2a940e0043cdf9d637-common-args.resp -MMD -MT dependencies -MF /Users/runner/Library/Developer/Xcode/DerivedData/WebBrowser-clqywoufjsuyrtaownclvbrmxizr/Build/Intermediates.noindex/ArchiveIntermediates/WebBrowser/IntermediateBuildFilesPath/Pods.build/Release-iphoneos/KeychainAccess.build/Objects-normal/arm64/KeychainAccess_vers.d --serialize-diagnostics /Users/runner/Library/Developer/Xcode/DerivedData/WebBrowser-clqywoufjsuyrtaownclvbrmxizr/Build/Intermediates.noindex/ArchiveIntermediates/WebBrowser/IntermediateBuildFilesPath/Pods.build/Release-iphoneos/KeychainAccess.build/Objects-normal/arm64/KeychainAccess_vers.dia -c /Users/runner/Library/Developer/Xcode/DerivedData/WebBrowser-clqywoufjsuyrtaownclvbrmxizr/Build/Intermediates.noindex/ArchiveIntermediates/WebBrowser/IntermediateBuildFilesPath/Pods.build/Release-iphoneos/KeychainAccess.build/DerivedSources/KeychainAccess_vers.c -o /Users/runner/Library/Developer/Xcode/DerivedData/WebBrowser-clqywoufjsuyrtaownclvbrmxizr/Build/Intermediates.noindex/ArchiveIntermediates/WebBrowser/IntermediateBuildFilesPath/Pods.build/Release-iphoneos/KeychainAccess.build/Objects-normal/arm64/KeychainAccess_vers.o

CompileC /Users/runner/Library/Developer/Xcode/DerivedData/WebBrowser-clqywoufjsuyrtaownclvbrmxizr/Build/Intermediates.noindex/ArchiveIntermediates/WebBrowser/IntermediateBuildFilesPath/Pods.build/Release-iphoneos/KeychainAccess.build/Objects-normal/arm64/KeychainAccess_vers.o /Users/runner/Library/Developer/Xcode/DerivedData/WebBrowser-clqywoufjsuyrtaownclvbrmxizr/Build/Intermediates.noindex/ArchiveIntermediates/WebBrowser/IntermediateBuildFilesPath/Pods.build/Release-iphoneos/KeychainAccess.build/DerivedSources/KeychainAccess_vers.c normal arm64 c com.apple.compilers.llvm.clang.1_0.compiler (in target 'KeychainAccess' from project 'Pods')
    cd /Users/runner/work/Web_Browser/Web_Browser/Pods
    
    Using response file: /Users/runner/Library/Developer/Xcode/DerivedData/WebBrowser-clqywoufjsuyrtaownclvbrmxizr/Build/Intermediates.noindex/ArchiveIntermediates/WebBrowser/IntermediateBuildFilesPath/Pods.build/Release-iphoneos/KeychainAccess.build/Objects-normal/arm64/7187679823f38a2a940e0043cdf9d637-common-args.resp
    
    /Applications/Xcode_26.3.app/Contents/Developer/Toolchains/XcodeDefault.xctoolchain/usr/bin/clang -x c -ivfsstatcache /Users/runner/Library/Developer/Xcode/DerivedData/SDKStatCaches.noindex/iphoneos26.2-23C57-dc75598d0054f22ec865fa860f139d722dd23b4ebda140f7210d155ff1243552.sdkstatcache -fmessage-length\=0 -fdiagnostics-show-note-include-stack -fmacro-backtrace-limit\=0 -fno-color-diagnostics -fmodules-prune-interval\=86400 -fmodules-prune-after\=345600 -fbuild-session-file\=/Users/runner/Library/Developer/Xcode/DerivedData/ModuleCache.noindex/Session.modulevalidation -fmodules-validate-once-per-build-session -Wnon-modular-include-in-framework-module -Werror\=non-modular-include-in-framework-module -Wno-trigraphs -Wno-missing-field-initializers -Wno-missing-prototypes -Werror\=return-type -Wdocumentation -Wunreachable-code -Werror\=deprecated-objc-isa-usage -Werror\=objc-root-class -Wno-missing-braces -Wparentheses -Wswitch -Wunused-function -Wno-unused-label -Wno-unused-parameter -Wunused-variable -Wunused-value -Wempty-body -Wuninitialized -Wconditional-uninitialized -Wno-unknown-pragmas -Wno-shadow -Wno-four-char-constants -Wno-conversion -Wconstant-conversion -Wint-conversion -Wbool-conversion -Wenum-conversion -Wno-float-conversion -Wnon-literal-null-conversion -Wobjc-literal-conversion -Wshorten-64-to-32 -Wpointer-sign -Wno-newline-eof -Wno-implicit-fallthrough -fstrict-aliasing -Wdeprecated-declarations -Wno-sign-conversion -Winfinite-recursion -Wcomma -Wblock-capture-autoreleasing -Wstrict-prototypes -Wno-semicolon-before-method-body -Wunguarded-availability @/Users/runner/Library/Developer/Xcode/DerivedData/WebBrowser-clqywoufjsuyrtaownclvbrmxizr/Build/Intermediates.noindex/ArchiveIntermediates/WebBrowser/IntermediateBuildFilesPath/Pods.build/Release-iphoneos/KeychainAccess.build/Objects-normal/arm64/7187679823f38a2a940e0043cdf9d637-common-args.resp -MMD -MT dependencies -MF /Users/runner/Library/Developer/Xcode/DerivedData/WebBrowser-clqywoufjsuyrtaownclvbrmxizr/Build/Intermediates.noindex/ArchiveIntermediates/WebBrowser/IntermediateBuildFilesPath/Pods.build/Release-iphoneos/KeychainAccess.build/Objects-normal/arm64/KeychainAccess_vers.d --serialize-diagnostics /Users/runner/Library/Developer/Xcode/DerivedData/WebBrowser-clqywoufjsuyrtaownclvbrmxizr/Build/Intermediates.noindex/ArchiveIntermediates/WebBrowser/IntermediateBuildFilesPath/Pods.build/Release-iphoneos/KeychainAccess.build/Objects-normal/arm64/KeychainAccess_vers.dia -c /Users/runner/Library/Developer/Xcode/DerivedData/WebBrowser-clqywoufjsuyrtaownclvbrmxizr/Build/Intermediates.noindex/ArchiveIntermediates/WebBrowser/IntermediateBuildFilesPath/Pods.build/Release-iphoneos/KeychainAccess.build/DerivedSources/KeychainAccess_vers.c -o /Users/runner/Library/Developer/Xcode/DerivedData/WebBrowser-clqywoufjsuyrtaownclvbrmxizr/Build/Intermediates.noindex/ArchiveIntermediates/WebBrowser/IntermediateBuildFilesPath/Pods.build/Release-iphoneos/KeychainAccess.build/Objects-normal/arm64/KeychainAccess_vers.o

SwiftDriver ApplePurchaseKit normal arm64 com.apple.xcode.tools.swift.compiler (in target 'ApplePurchaseKit' from project 'Pods')
    cd /Users/runner/work/Web_Browser/Web_Browser/Pods
    builtin-SwiftDriver -- /Applications/Xcode_26.3.app/Contents/Developer/Toolchains/XcodeDefault.xctoolchain/usr/bin/swiftc -module-name ApplePurchaseKit -O -whole-module-optimization -enforce-exclusivity\=checked @/Users/runner/Library/Developer/Xcode/DerivedData/WebBrowser-clqywoufjsuyrtaownclvbrmxizr/Build/Intermediates.noindex/ArchiveIntermediates/WebBrowser/IntermediateBuildFilesPath/Pods.build/Release-iphoneos/ApplePurchaseKit.build/Objects-normal/arm64/ApplePurchaseKit.SwiftFileList -D COCOAPODS -enable-bare-slash-regex -enable-experimental-feature DebugDescriptionMacro -sdk /Applications/Xcode_26.3.app/Contents/Developer/Platforms/iPhoneOS.platform/Developer/SDKs/iPhoneOS26.2.sdk -target arm64-apple-ios16.0 -g -module-cache-path /Users/runner/Library/Developer/Xcode/DerivedData/ModuleCache.noindex -Xfrontend -serialize-debugging-options -swift-version 5 -I /Users/runner/Library/Developer/Xcode/DerivedData/WebBrowser-clqywoufjsuyrtaownclvbrmxizr/Build/Intermediates.noindex/ArchiveIntermediates/WebBrowser/BuildProductsPath/Release-iphoneos/ApplePurchaseKit -F /Users/runner/Library/Developer/Xcode/DerivedData/WebBrowser-clqywoufjsuyrtaownclvbrmxizr/Build/Intermediates.noindex/ArchiveIntermediates/WebBrowser/BuildProductsPath/Release-iphoneos/ApplePurchaseKit -F /Users/runner/Library/Developer/Xcode/DerivedData/WebBrowser-clqywoufjsuyrtaownclvbrmxizr/Build/Intermediates.noindex/ArchiveIntermediates/WebBrowser/BuildProductsPath/Release-iphoneos/KeychainAccess -F /Users/runner/work/Web_Browser/Web_Browser/Pods/UMCommon/UMCommon_7.6.4 -F /Users/runner/work/Web_Browser/Web_Browser/Pods/UMDevice/UMDevice_3.6.0 -F /Users/runner/Library/Developer/Xcode/DerivedData/WebBrowser-clqywoufjsuyrtaownclvbrmxizr/Build/Intermediates.noindex/ArchiveIntermediates/WebBrowser/BuildProductsPath/Release-iphoneos/XCFrameworkIntermediates/UMCommon -F /Users/runner/Library/Developer/Xcode/DerivedData/WebBrowser-clqywoufjsuyrtaownclvbrmxizr/Build/Intermediates.noindex/ArchiveIntermediates/WebBrowser/BuildProductsPath/Release-iphoneos/XCFrameworkIntermediates/UMDevice -c -num-threads 3 -Xcc -ivfsstatcache -Xcc /Users/runner/Library/Developer/Xcode/DerivedData/SDKStatCaches.noindex/iphoneos26.2-23C57-dc75598d0054f22ec865fa860f139d722dd23b4ebda140f7210d155ff1243552.sdkstatcache -output-file-map /Users/runner/Library/Developer/Xcode/DerivedData/WebBrowser-clqywoufjsuyrtaownclvbrmxizr/Build/Intermediates.noindex/ArchiveIntermediates/WebBrowser/IntermediateBuildFilesPath/Pods.build/Release-iphoneos/ApplePurchaseKit.build/Objects-normal/arm64/ApplePurchaseKit-OutputFileMap.json -use-frontend-parseable-output -save-temps -no-color-diagnostics -explicit-module-build -module-cache-path /Users/runner/Library/Developer/Xcode/DerivedData/WebBrowser-clqywoufjsuyrtaownclvbrmxizr/Build/Intermediates.noindex/ArchiveIntermediates/WebBrowser/IntermediateBuildFilesPath/SwiftExplicitPrecompiledModules -clang-scanner-module-cache-path /Users/runner/Library/Developer/Xcode/DerivedData/ModuleCache.noindex -sdk-module-cache-path /Users/runner/Library/Developer/Xcode/DerivedData/ModuleCache.noindex -serialize-diagnostics -emit-dependencies -emit-module -emit-module-path /Users/runner/Library/Developer/Xcode/DerivedData/WebBrowser-clqywoufjsuyrtaownclvbrmxizr/Build/Intermediates.noindex/ArchiveIntermediates/WebBrowser/IntermediateBuildFilesPath/Pods.build/Release-iphoneos/ApplePurchaseKit.build/Objects-normal/arm64/ApplePurchaseKit.swiftmodule -validate-clang-modules-once -clang-build-session-file /Users/runner/Library/Developer/Xcode/DerivedData/ModuleCache.noindex/Session.modulevalidation -Xcc -I/Users/runner/Library/Developer/Xcode/DerivedData/WebBrowser-clqywoufjsuyrtaownclvbrmxizr/Build/Intermediates.noindex/ArchiveIntermediates/WebBrowser/IntermediateBuildFilesPath/Pods.build/Release-iphoneos/ApplePurchaseKit.build/swift-overrides.hmap -emit-const-values -Xfrontend -const-gather-protocols-file -Xfrontend /Users/runner/Library/Developer/Xcode/DerivedData/WebBrowser-clqywoufjsuyrtaownclvbrmxizr/Build/Intermediates.noindex/ArchiveIntermediates/WebBrowser/IntermediateBuildFilesPath/Pods.build/Release-iphoneos/ApplePurchaseKit.build/Objects-normal/arm64/ApplePurchaseKit_const_extract_protocols.json -Xcc -iquote -Xcc /Users/runner/Library/Developer/Xcode/DerivedData/WebBrowser-clqywoufjsuyrtaownclvbrmxizr/Build/Intermediates.noindex/ArchiveIntermediates/WebBrowser/IntermediateBuildFilesPath/Pods.build/Release-iphoneos/ApplePurchaseKit.build/ApplePurchaseKit-generated-files.hmap -Xcc -I/Users/runner/Library/Developer/Xcode/DerivedData/WebBrowser-clqywoufjsuyrtaownclvbrmxizr/Build/Intermediates.noindex/ArchiveIntermediates/WebBrowser/IntermediateBuildFilesPath/Pods.build/Release-iphoneos/ApplePurchaseKit.build/ApplePurchaseKit-own-target-headers.hmap -Xcc -I/Users/runner/Library/Developer/Xcode/DerivedData/WebBrowser-clqywoufjsuyrtaownclvbrmxizr/Build/Intermediates.noindex/ArchiveIntermediates/WebBrowser/IntermediateBuildFilesPath/Pods.build/Release-iphoneos/ApplePurchaseKit.build/ApplePurchaseKit-all-non-framework-target-headers.hmap -Xcc -ivfsoverlay -Xcc /Users/runner/Library/Developer/Xcode/DerivedData/WebBrowser-clqywoufjsuyrtaownclvbrmxizr/Build/Intermediates.noindex/ArchiveIntermediates/WebBrowser/IntermediateBuildFilesPath/Pods.build/Release-iphoneos/Pods-8699adb1dd336b26511df848a716bd42-VFS-iphoneos/all-product-headers.yaml -Xcc -iquote -Xcc /Users/runner/Library/Developer/Xcode/DerivedData/WebBrowser-clqywoufjsuyrtaownclvbrmxizr/Build/Intermediates.noindex/ArchiveIntermediates/WebBrowser/IntermediateBuildFilesPath/Pods.build/Release-iphoneos/ApplePurchaseKit.build/ApplePurchaseKit-project-headers.hmap -Xcc -I/Users/runner/Library/Developer/Xcode/DerivedData/WebBrowser-clqywoufjsuyrtaownclvbrmxizr/Build/Intermediates.noindex/ArchiveIntermediates/WebBrowser/BuildProductsPath/Release-iphoneos/ApplePurchaseKit/include -Xcc -I/Users/runner/Library/Developer/Xcode/DerivedData/WebBrowser-clqywoufjsuyrtaownclvbrmxizr/Build/Intermediates.noindex/ArchiveIntermediates/WebBrowser/IntermediateBuildFilesPath/Pods.build/Release-iphoneos/ApplePurchaseKit.build/DerivedSources-normal/arm64 -Xcc -I/Users/runner/Library/Developer/Xcode/DerivedData/WebBrowser-clqywoufjsuyrtaownclvbrmxizr/Build/Intermediates.noindex/ArchiveIntermediates/WebBrowser/IntermediateBuildFilesPath/Pods.build/Release-iphoneos/ApplePurchaseKit.build/DerivedSources/arm64 -Xcc -I/Users/runner/Library/Developer/Xcode/DerivedData/WebBrowser-clqywoufjsuyrtaownclvbrmxizr/Build/Intermediates.noindex/ArchiveIntermediates/WebBrowser/IntermediateBuildFilesPath/Pods.build/Release-iphoneos/ApplePurchaseKit.build/DerivedSources -Xcc -DPOD_CONFIGURATION_RELEASE\=1 -Xcc -DCOCOAPODS\=1 -emit-objc-header -emit-objc-header-path /Users/runner/Library/Developer/Xcode/DerivedData/WebBrowser-clqywoufjsuyrtaownclvbrmxizr/Build/Intermediates.noindex/ArchiveIntermediates/WebBrowser/IntermediateBuildFilesPath/Pods.build/Release-iphoneos/ApplePurchaseKit.build/Objects-normal/arm64/ApplePurchaseKit-Swift.h -import-underlying-module -Xcc -ivfsoverlay -Xcc /Users/runner/Library/Developer/Xcode/DerivedData/WebBrowser-clqywoufjsuyrtaownclvbrmxizr/Build/Intermediates.noindex/ArchiveIntermediates/WebBrowser/IntermediateBuildFilesPath/Pods.build/Release-iphoneos/ApplePurchaseKit.build/unextended-module-overlay.yaml -working-directory /Users/runner/work/Web_Browser/Web_Browser/Pods -no-emit-module-separately-wmo
/Users/runner/work/Web_Browser/Web_Browser/ApplePurchaseKit/ApplePurchaseKit/Classes/WKPurchaseServices.swift:10:8: warning: file 'WKPurchaseServices.swift' is part of module 'ApplePurchaseKit'; ignoring import
import ApplePurchaseKit
       ^
/Users/runner/work/Web_Browser/Web_Browser/ApplePurchaseKit/ApplePurchaseKit/Classes/WKPurchaseServices.swift:10:8: warning: File 'WKPurchaseServices.swift' is part of module 'ApplePurchaseKit'; ignoring import
import ApplePurchaseKit
       ^ (in target 'ApplePurchaseKit' from project 'Pods')

CompileC /Users/runner/Library/Developer/Xcode/DerivedData/WebBrowser-clqywoufjsuyrtaownclvbrmxizr/Build/Intermediates.noindex/ArchiveIntermediates/WebBrowser/IntermediateBuildFilesPath/Pods.build/Release-iphoneos/KeychainAccess.build/Objects-normal/arm64/KeychainAccess-dummy.o /Users/runner/work/Web_Browser/Web_Browser/Pods/Target\ Support\ Files/KeychainAccess/KeychainAccess-dummy.m normal arm64 objective-c com.apple.compilers.llvm.clang.1_0.compiler (in target 'KeychainAccess' from project 'Pods')
    cd /Users/runner/work/Web_Browser/Web_Browser/Pods
    
    Using response file: /Users/runner/Library/Developer/Xcode/DerivedData/WebBrowser-clqywoufjsuyrtaownclvbrmxizr/Build/Intermediates.noindex/ArchiveIntermediates/WebBrowser/IntermediateBuildFilesPath/Pods.build/Release-iphoneos/KeychainAccess.build/Objects-normal/arm64/e6072d4f65d7061329687fe24e3d63a7-common-args.resp
    
    /Applications/Xcode_26.3.app/Contents/Developer/Toolchains/XcodeDefault.xctoolchain/usr/bin/clang -x objective-c -ivfsstatcache /Users/runner/Library/Developer/Xcode/DerivedData/SDKStatCaches.noindex/iphoneos26.2-23C57-dc75598d0054f22ec865fa860f139d722dd23b4ebda140f7210d155ff1243552.sdkstatcache -fmessage-length\=0 -fdiagnostics-show-note-include-stack -fmacro-backtrace-limit\=0 -fno-color-diagnostics -fmodules-prune-interval\=86400 -fmodules-prune-after\=345600 -fbuild-session-file\=/Users/runner/Library/Developer/Xcode/DerivedData/ModuleCache.noindex/Session.modulevalidation -fmodules-validate-once-per-build-session -Wnon-modular-include-in-framework-module -Werror\=non-modular-include-in-framework-module -Wno-trigraphs -Wno-missing-field-initializers -Wno-missing-prototypes -Werror\=return-type -Wdocumentation -Wunreachable-code -Wno-implicit-atomic-properties -Werror\=deprecated-objc-isa-usage -Wno-objc-interface-ivars -Werror\=objc-root-class -Wno-arc-repeated-use-of-weak -Wimplicit-retain-self -Wduplicate-method-match -Wno-missing-braces -Wparentheses -Wswitch -Wunused-function -Wno-unused-label -Wno-unused-parameter -Wunused-variable -Wunused-value -Wempty-body -Wuninitialized -Wconditional-uninitialized -Wno-unknown-pragmas -Wno-shadow -Wno-four-char-constants -Wno-conversion -Wconstant-conversion -Wint-conversion -Wbool-conversion -Wenum-conversion -Wno-float-conversion -Wnon-literal-null-conversion -Wobjc-literal-conversion -Wshorten-64-to-32 -Wpointer-sign -Wno-newline-eof -Wno-selector -Wno-strict-selector-match -Wundeclared-selector -Wdeprecated-implementations -Wno-implicit-fallthrough -fstrict-aliasing -Wprotocol -Wdeprecated-declarations -Wno-sign-conversion -Winfinite-recursion -Wcomma -Wblock-capture-autoreleasing -Wstrict-prototypes -Wno-semicolon-before-method-body -Wunguarded-availability @/Users/runner/Library/Developer/Xcode/DerivedData/WebBrowser-clqywoufjsuyrtaownclvbrmxizr/Build/Intermediates.noindex/ArchiveIntermediates/WebBrowser/IntermediateBuildFilesPath/Pods.build/Release-iphoneos/KeychainAccess.build/Objects-normal/arm64/e6072d4f65d7061329687fe24e3d63a7-common-args.resp -include /Users/runner/work/Web_Browser/Web_Browser/Pods/Target\ Support\ Files/KeychainAccess/KeychainAccess-prefix.pch -MMD -MT dependencies -MF /Users/runner/Library/Developer/Xcode/DerivedData/WebBrowser-clqywoufjsuyrtaownclvbrmxizr/Build/Intermediates.noindex/ArchiveIntermediates/WebBrowser/IntermediateBuildFilesPath/Pods.build/Release-iphoneos/KeychainAccess.build/Objects-normal/arm64/KeychainAccess-dummy.d --serialize-diagnostics /Users/runner/Library/Developer/Xcode/DerivedData/WebBrowser-clqywoufjsuyrtaownclvbrmxizr/Build/Intermediates.noindex/ArchiveIntermediates/WebBrowser/IntermediateBuildFilesPath/Pods.build/Release-iphoneos/KeychainAccess.build/Objects-normal/arm64/KeychainAccess-dummy.dia -c /Users/runner/work/Web_Browser/Web_Browser/Pods/Target\ Support\ Files/KeychainAccess/KeychainAccess-dummy.m -o /Users/runner/Library/Developer/Xcode/DerivedData/WebBrowser-clqywoufjsuyrtaownclvbrmxizr/Build/Intermediates.noindex/ArchiveIntermediates/WebBrowser/IntermediateBuildFilesPath/Pods.build/Release-iphoneos/KeychainAccess.build/Objects-normal/arm64/KeychainAccess-dummy.o

Ld /Users/runner/Library/Developer/Xcode/DerivedData/WebBrowser-clqywoufjsuyrtaownclvbrmxizr/Build/Intermediates.noindex/ArchiveIntermediates/WebBrowser/IntermediateBuildFilesPath/UninstalledProducts/iphoneos/KeychainAccess.framework/KeychainAccess normal (in target 'KeychainAccess' from project 'Pods')
    cd /Users/runner/work/Web_Browser/Web_Browser/Pods
    /Applications/Xcode_26.3.app/Contents/Developer/Toolchains/XcodeDefault.xctoolchain/usr/bin/clang -Xlinker -reproducible -target arm64-apple-ios16.0 -dynamiclib -isysroot /Applications/Xcode_26.3.app/Contents/Developer/Platforms/iPhoneOS.platform/Developer/SDKs/iPhoneOS26.2.sdk -Os -L/Users/runner/Library/Developer/Xcode/DerivedData/WebBrowser-clqywoufjsuyrtaownclvbrmxizr/Build/Intermediates.noindex/ArchiveIntermediates/WebBrowser/IntermediateBuildFilesPath/EagerLinkingTBDs/Release-iphoneos -L/Users/runner/Library/Developer/Xcode/DerivedData/WebBrowser-clqywoufjsuyrtaownclvbrmxizr/Build/Intermediates.noindex/ArchiveIntermediates/WebBrowser/BuildProductsPath/Release-iphoneos/KeychainAccess -L/var/run/com.apple.security.cryptexd/mnt/com.apple.MobileAsset.MetalToolchain-v17.3.7003.10.78kteD/Metal.xctoolchain/usr/lib/swift/iphoneos -L/Applications/Xcode_26.3.app/Contents/Developer/Platforms/iPhoneOS.platform/Developer/SDKs/iPhoneOS26.2.sdk/usr/lib/swift -F/Users/runner/Library/Developer/Xcode/DerivedData/WebBrowser-clqywoufjsuyrtaownclvbrmxizr/Build/Intermediates.noindex/ArchiveIntermediates/WebBrowser/IntermediateBuildFilesPath/EagerLinkingTBDs/Release-iphoneos -F/Users/runner/Library/Developer/Xcode/DerivedData/WebBrowser-clqywoufjsuyrtaownclvbrmxizr/Build/Intermediates.noindex/ArchiveIntermediates/WebBrowser/BuildProductsPath/Release-iphoneos/KeychainAccess -filelist /Users/runner/Library/Developer/Xcode/DerivedData/WebBrowser-clqywoufjsuyrtaownclvbrmxizr/Build/Intermediates.noindex/ArchiveIntermediates/WebBrowser/IntermediateBuildFilesPath/Pods.build/Release-iphoneos/KeychainAccess.build/Objects-normal/arm64/KeychainAccess.LinkFileList -install_name @rpath/KeychainAccess.framework/KeychainAccess -Xlinker -rpath -Xlinker /usr/lib/swift -Xlinker -rpath -Xlinker @executable_path/Frameworks -Xlinker -rpath -Xlinker @loader_path/Frameworks -dead_strip -Xlinker -object_path_lto -Xlinker /Users/runner/Library/Developer/Xcode/DerivedData/WebBrowser-clqywoufjsuyrtaownclvbrmxizr/Build/Intermediates.noindex/ArchiveIntermediates/WebBrowser/IntermediateBuildFilesPath/Pods.build/Release-iphoneos/KeychainAccess.build/Objects-normal/arm64/KeychainAccess_lto.o -Xlinker -dependency_info -Xlinker /Users/runner/Library/Developer/Xcode/DerivedData/WebBrowser-clqywoufjsuyrtaownclvbrmxizr/Build/Intermediates.noindex/ArchiveIntermediates/WebBrowser/IntermediateBuildFilesPath/Pods.build/Release-iphoneos/KeychainAccess.build/Objects-normal/arm64/KeychainAccess_dependency_info.dat -fobjc-arc -fobjc-link-runtime -L/Applications/Xcode_26.3.app/Contents/Developer/Toolchains/XcodeDefault.xctoolchain/usr/lib/swift/iphoneos -L/usr/lib/swift -Xlinker -add_ast_path -Xlinker /Users/runner/Library/Developer/Xcode/DerivedData/WebBrowser-clqywoufjsuyrtaownclvbrmxizr/Build/Intermediates.noindex/ArchiveIntermediates/WebBrowser/IntermediateBuildFilesPath/Pods.build/Release-iphoneos/KeychainAccess.build/Objects-normal/arm64/KeychainAccess.swiftmodule @/Users/runner/Library/Developer/Xcode/DerivedData/WebBrowser-clqywoufjsuyrtaownclvbrmxizr/Build/Intermediates.noindex/ArchiveIntermediates/WebBrowser/IntermediateBuildFilesPath/Pods.build/Release-iphoneos/KeychainAccess.build/Objects-normal/arm64/KeychainAccess-linker-args.resp -framework Foundation -compatibility_version 1 -current_version 1 -o /Users/runner/Library/Developer/Xcode/DerivedData/WebBrowser-clqywoufjsuyrtaownclvbrmxizr/Build/Intermediates.noindex/ArchiveIntermediates/WebBrowser/IntermediateBuildFilesPath/UninstalledProducts/iphoneos/KeychainAccess.framework/KeychainAccess
ld: warning: search path '/var/run/com.apple.security.cryptexd/mnt/com.apple.MobileAsset.MetalToolchain-v17.3.7003.10.78kteD/Metal.xctoolchain/usr/lib/swift/iphoneos' not found

ExtractAppIntentsMetadata (in target 'KeychainAccess' from project 'Pods')
    cd /Users/runner/work/Web_Browser/Web_Browser/Pods
    /Applications/Xcode_26.3.app/Contents/Developer/Toolchains/XcodeDefault.xctoolchain/usr/bin/appintentsmetadataprocessor --toolchain-dir /var/run/com.apple.security.cryptexd/mnt/com.apple.MobileAsset.MetalToolchain-v17.3.7003.10.78kteD/Metal.xctoolchain --module-name KeychainAccess --sdk-root /Applications/Xcode_26.3.app/Contents/Developer/Platforms/iPhoneOS.platform/Developer/SDKs/iPhoneOS26.2.sdk --xcode-version 17C529 --platform-family iOS --deployment-target 16.0 --bundle-identifier org.cocoapods.KeychainAccess --output /Users/runner/Library/Developer/Xcode/DerivedData/WebBrowser-clqywoufjsuyrtaownclvbrmxizr/Build/Intermediates.noindex/ArchiveIntermediates/WebBrowser/IntermediateBuildFilesPath/UninstalledProducts/iphoneos/KeychainAccess.framework --target-triple arm64-apple-ios16.0 --binary-file /Users/runner/Library/Developer/Xcode/DerivedData/WebBrowser-clqywoufjsuyrtaownclvbrmxizr/Build/Intermediates.noindex/ArchiveIntermediates/WebBrowser/IntermediateBuildFilesPath/UninstalledProducts/iphoneos/KeychainAccess.framework/KeychainAccess --dependency-file /Users/runner/Library/Developer/Xcode/DerivedData/WebBrowser-clqywoufjsuyrtaownclvbrmxizr/Build/Intermediates.noindex/ArchiveIntermediates/WebBrowser/IntermediateBuildFilesPath/Pods.build/Release-iphoneos/KeychainAccess.build/Objects-normal/arm64/KeychainAccess_dependency_info.dat --stringsdata-file /Users/runner/Library/Developer/Xcode/DerivedData/WebBrowser-clqywoufjsuyrtaownclvbrmxizr/Build/Intermediates.noindex/ArchiveIntermediates/WebBrowser/IntermediateBuildFilesPath/Pods.build/Release-iphoneos/KeychainAccess.build/Objects-normal/arm64/ExtractedAppShortcutsMetadata.stringsdata --source-file-list /Users/runner/Library/Developer/Xcode/DerivedData/WebBrowser-clqywoufjsuyrtaownclvbrmxizr/Build/Intermediates.noindex/ArchiveIntermediates/WebBrowser/IntermediateBuildFilesPath/Pods.build/Release-iphoneos/KeychainAccess.build/Objects-normal/arm64/KeychainAccess.SwiftFileList --metadata-file-list /Users/runner/Library/Developer/Xcode/DerivedData/WebBrowser-clqywoufjsuyrtaownclvbrmxizr/Build/Intermediates.noindex/ArchiveIntermediates/WebBrowser/IntermediateBuildFilesPath/Pods.build/Release-iphoneos/KeychainAccess.build/KeychainAccess.DependencyMetadataFileList --static-metadata-file-list /Users/runner/Library/Developer/Xcode/DerivedData/WebBrowser-clqywoufjsuyrtaownclvbrmxizr/Build/Intermediates.noindex/ArchiveIntermediates/WebBrowser/IntermediateBuildFilesPath/Pods.build/Release-iphoneos/KeychainAccess.build/KeychainAccess.DependencyStaticMetadataFileList --swift-const-vals-list /Users/runner/Library/Developer/Xcode/DerivedData/WebBrowser-clqywoufjsuyrtaownclvbrmxizr/Build/Intermediates.noindex/ArchiveIntermediates/WebBrowser/IntermediateBuildFilesPath/Pods.build/Release-iphoneos/KeychainAccess.build/Objects-normal/arm64/KeychainAccess.SwiftConstValuesFileList --compile-time-extraction --deployment-aware-processing --validate-assistant-intents --no-app-shortcuts-localization
2026-08-18 03:04:04.910 appintentsmetadataprocessor[6889:23739] Starting appintentsmetadataprocessor export
2026-08-18 03:04:04.914 appintentsmetadataprocessor[6889:23739] warning: Metadata extraction skipped. No AppIntents.framework dependency found.

GenerateDSYMFile /Users/runner/Library/Developer/Xcode/DerivedData/WebBrowser-clqywoufjsuyrtaownclvbrmxizr/Build/Intermediates.noindex/ArchiveIntermediates/WebBrowser/BuildProductsPath/Release-iphoneos/KeychainAccess/KeychainAccess.framework.dSYM /Users/runner/Library/Developer/Xcode/DerivedData/WebBrowser-clqywoufjsuyrtaownclvbrmxizr/Build/Intermediates.noindex/ArchiveIntermediates/WebBrowser/IntermediateBuildFilesPath/UninstalledProducts/iphoneos/KeychainAccess.framework/KeychainAccess (in target 'KeychainAccess' from project 'Pods')
    cd /Users/runner/work/Web_Browser/Web_Browser/Pods
    /Applications/Xcode_26.3.app/Contents/Developer/Toolchains/XcodeDefault.xctoolchain/usr/bin/dsymutil /Users/runner/Library/Developer/Xcode/DerivedData/WebBrowser-clqywoufjsuyrtaownclvbrmxizr/Build/Intermediates.noindex/ArchiveIntermediates/WebBrowser/IntermediateBuildFilesPath/UninstalledProducts/iphoneos/KeychainAccess.framework/KeychainAccess -o /Users/runner/Library/Developer/Xcode/DerivedData/WebBrowser-clqywoufjsuyrtaownclvbrmxizr/Build/Intermediates.noindex/ArchiveIntermediates/WebBrowser/BuildProductsPath/Release-iphoneos/KeychainAccess/KeychainAccess.framework.dSYM

AppIntentsSSUTraining (in target 'KeychainAccess' from project 'Pods')
    cd /Users/runner/work/Web_Browser/Web_Browser/Pods
    /Applications/Xcode_26.3.app/Contents/Developer/Toolchains/XcodeDefault.xctoolchain/usr/bin/appintentsnltrainingprocessor --infoplist-path /Users/runner/Library/Developer/Xcode/DerivedData/WebBrowser-clqywoufjsuyrtaownclvbrmxizr/Build/Intermediates.noindex/ArchiveIntermediates/WebBrowser/IntermediateBuildFilesPath/UninstalledProducts/iphoneos/KeychainAccess.framework/Info.plist --temp-dir-path /Users/runner/Library/Developer/Xcode/DerivedData/WebBrowser-clqywoufjsuyrtaownclvbrmxizr/Build/Intermediates.noindex/ArchiveIntermediates/WebBrowser/IntermediateBuildFilesPath/Pods.build/Release-iphoneos/KeychainAccess.build/ssu --bundle-id org.cocoapods.KeychainAccess --product-path /Users/runner/Library/Developer/Xcode/DerivedData/WebBrowser-clqywoufjsuyrtaownclvbrmxizr/Build/Intermediates.noindex/ArchiveIntermediates/WebBrowser/IntermediateBuildFilesPath/UninstalledProducts/iphoneos/KeychainAccess.framework --extracted-metadata-path /Users/runner/Library/Developer/Xcode/DerivedData/WebBrowser-clqywoufjsuyrtaownclvbrmxizr/Build/Intermediates.noindex/ArchiveIntermediates/WebBrowser/IntermediateBuildFilesPath/UninstalledProducts/iphoneos/KeychainAccess.framework/Metadata.appintents --deployment-postprocessing --metadata-file-list /Users/runner/Library/Developer/Xcode/DerivedData/WebBrowser-clqywoufjsuyrtaownclvbrmxizr/Build/Intermediates.noindex/ArchiveIntermediates/WebBrowser/IntermediateBuildFilesPath/Pods.build/Release-iphoneos/KeychainAccess.build/KeychainAccess.DependencyMetadataFileList --archive-ssu-assets
2026-08-18 03:04:04.959 appintentsnltrainingprocessor[6893:23750] Parsing options for appintentsnltrainingprocessor
2026-08-18 03:04:04.960 appintentsnltrainingprocessor[6893:23750] No AppShortcuts found - Skipping.

GenerateTAPI /Users/runner/Library/Developer/Xcode/DerivedData/WebBrowser-clqywoufjsuyrtaownclvbrmxizr/Build/Intermediates.noindex/ArchiveIntermediates/WebBrowser/IntermediateBuildFilesPath/EagerLinkingTBDs/Release-iphoneos/KeychainAccess.framework/KeychainAccess.tbd (in target 'KeychainAccess' from project 'Pods')
    cd /Users/runner/work/Web_Browser/Web_Browser/Pods
    /Applications/Xcode_26.3.app/Contents/Developer/Toolchains/XcodeDefault.xctoolchain/usr/bin/tapi stubify -isysroot /Applications/Xcode_26.3.app/Contents/Developer/Platforms/iPhoneOS.platform/Developer/SDKs/iPhoneOS26.2.sdk -F/Users/runner/Library/Developer/Xcode/DerivedData/WebBrowser-clqywoufjsuyrtaownclvbrmxizr/Build/Intermediates.noindex/ArchiveIntermediates/WebBrowser/BuildProductsPath/Release-iphoneos/KeychainAccess -L/Users/runner/Library/Developer/Xcode/DerivedData/WebBrowser-clqywoufjsuyrtaownclvbrmxizr/Build/Intermediates.noindex/ArchiveIntermediates/WebBrowser/BuildProductsPath/Release-iphoneos/KeychainAccess -L/var/run/com.apple.security.cryptexd/mnt/com.apple.MobileAsset.MetalToolchain-v17.3.7003.10.78kteD/Metal.xctoolchain/usr/lib/swift/iphoneos -L/Applications/Xcode_26.3.app/Contents/Developer/Platforms/iPhoneOS.platform/Developer/SDKs/iPhoneOS26.2.sdk/usr/lib/swift /Users/runner/Library/Developer/Xcode/DerivedData/WebBrowser-clqywoufjsuyrtaownclvbrmxizr/Build/Intermediates.noindex/ArchiveIntermediates/WebBrowser/IntermediateBuildFilesPath/UninstalledProducts/iphoneos/KeychainAccess.framework/KeychainAccess -o /Users/runner/Library/Developer/Xcode/DerivedData/WebBrowser-clqywoufjsuyrtaownclvbrmxizr/Build/Intermediates.noindex/ArchiveIntermediates/WebBrowser/IntermediateBuildFilesPath/EagerLinkingTBDs/Release-iphoneos/KeychainAccess.framework/KeychainAccess.tbd

SetOwnerAndGroup runner:staff /Users/runner/Library/Developer/Xcode/DerivedData/WebBrowser-clqywoufjsuyrtaownclvbrmxizr/Build/Intermediates.noindex/ArchiveIntermediates/WebBrowser/IntermediateBuildFilesPath/UninstalledProducts/iphoneos/KeychainAccess.framework (in target 'KeychainAccess' from project 'Pods')
    cd /Users/runner/work/Web_Browser/Web_Browser/Pods
    /usr/sbin/chown -RH runner:staff /Users/runner/Library/Developer/Xcode/DerivedData/WebBrowser-clqywoufjsuyrtaownclvbrmxizr/Build/Intermediates.noindex/ArchiveIntermediates/WebBrowser/IntermediateBuildFilesPath/UninstalledProducts/iphoneos/KeychainAccess.framework

SetMode u+w,go-w,a+rX /Users/runner/Library/Developer/Xcode/DerivedData/WebBrowser-clqywoufjsuyrtaownclvbrmxizr/Build/Intermediates.noindex/ArchiveIntermediates/WebBrowser/IntermediateBuildFilesPath/UninstalledProducts/iphoneos/KeychainAccess.framework (in target 'KeychainAccess' from project 'Pods')
    cd /Users/runner/work/Web_Browser/Web_Browser/Pods
    /bin/chmod -RH u+w,go-w,a+rX /Users/runner/Library/Developer/Xcode/DerivedData/WebBrowser-clqywoufjsuyrtaownclvbrmxizr/Build/Intermediates.noindex/ArchiveIntermediates/WebBrowser/IntermediateBuildFilesPath/UninstalledProducts/iphoneos/KeychainAccess.framework

RegisterExecutionPolicyException /Users/runner/Library/Developer/Xcode/DerivedData/WebBrowser-clqywoufjsuyrtaownclvbrmxizr/Build/Intermediates.noindex/ArchiveIntermediates/WebBrowser/IntermediateBuildFilesPath/UninstalledProducts/iphoneos/KeychainAccess.framework (in target 'KeychainAccess' from project 'Pods')
    cd /Users/runner/work/Web_Browser/Web_Browser/Pods
    builtin-RegisterExecutionPolicyException /Users/runner/Library/Developer/Xcode/DerivedData/WebBrowser-clqywoufjsuyrtaownclvbrmxizr/Build/Intermediates.noindex/ArchiveIntermediates/WebBrowser/IntermediateBuildFilesPath/UninstalledProducts/iphoneos/KeychainAccess.framework

Touch /Users/runner/Library/Developer/Xcode/DerivedData/WebBrowser-clqywoufjsuyrtaownclvbrmxizr/Build/Intermediates.noindex/ArchiveIntermediates/WebBrowser/IntermediateBuildFilesPath/UninstalledProducts/iphoneos/KeychainAccess.framework (in target 'KeychainAccess' from project 'Pods')
    cd /Users/runner/work/Web_Browser/Web_Browser/Pods
    /usr/bin/touch -c /Users/runner/Library/Developer/Xcode/DerivedData/WebBrowser-clqywoufjsuyrtaownclvbrmxizr/Build/Intermediates.noindex/ArchiveIntermediates/WebBrowser/IntermediateBuildFilesPath/UninstalledProducts/iphoneos/KeychainAccess.framework

ProcessInfoPlistFile /Users/runner/Library/Developer/Xcode/DerivedData/WebBrowser-clqywoufjsuyrtaownclvbrmxizr/Build/Intermediates.noindex/ArchiveIntermediates/WebBrowser/IntermediateBuildFilesPath/UninstalledProducts/iphoneos/ApplePurchaseKit.framework/Info.plist /Users/runner/work/Web_Browser/Web_Browser/Pods/Target\ Support\ Files/ApplePurchaseKit/ApplePurchaseKit-Info.plist (in target 'ApplePurchaseKit' from project 'Pods')
    cd /Users/runner/work/Web_Browser/Web_Browser/Pods
    builtin-infoPlistUtility /Users/runner/work/Web_Browser/Web_Browser/Pods/Target\ Support\ Files/ApplePurchaseKit/ApplePurchaseKit-Info.plist -producttype com.apple.product-type.framework -expandbuildsettings -format binary -platform iphoneos -requiredArchitecture arm64 -o /Users/runner/Library/Developer/Xcode/DerivedData/WebBrowser-clqywoufjsuyrtaownclvbrmxizr/Build/Intermediates.noindex/ArchiveIntermediates/WebBrowser/IntermediateBuildFilesPath/UninstalledProducts/iphoneos/ApplePurchaseKit.framework/Info.plist

SwiftDriver\ Compilation ApplePurchaseKit normal arm64 com.apple.xcode.tools.swift.compiler (in target 'ApplePurchaseKit' from project 'Pods')
    cd /Users/runner/work/Web_Browser/Web_Browser/Pods
    builtin-Swift-Compilation -- /Applications/Xcode_26.3.app/Contents/Developer/Toolchains/XcodeDefault.xctoolchain/usr/bin/swiftc -module-name ApplePurchaseKit -O -whole-module-optimization -enforce-exclusivity\=checked @/Users/runner/Library/Developer/Xcode/DerivedData/WebBrowser-clqywoufjsuyrtaownclvbrmxizr/Build/Intermediates.noindex/ArchiveIntermediates/WebBrowser/IntermediateBuildFilesPath/Pods.build/Release-iphoneos/ApplePurchaseKit.build/Objects-normal/arm64/ApplePurchaseKit.SwiftFileList -D COCOAPODS -enable-bare-slash-regex -enable-experimental-feature DebugDescriptionMacro -sdk /Applications/Xcode_26.3.app/Contents/Developer/Platforms/iPhoneOS.platform/Developer/SDKs/iPhoneOS26.2.sdk -target arm64-apple-ios16.0 -g -module-cache-path /Users/runner/Library/Developer/Xcode/DerivedData/ModuleCache.noindex -Xfrontend -serialize-debugging-options -swift-version 5 -I /Users/runner/Library/Developer/Xcode/DerivedData/WebBrowser-clqywoufjsuyrtaownclvbrmxizr/Build/Intermediates.noindex/ArchiveIntermediates/WebBrowser/BuildProductsPath/Release-iphoneos/ApplePurchaseKit -F /Users/runner/Library/Developer/Xcode/DerivedData/WebBrowser-clqywoufjsuyrtaownclvbrmxizr/Build/Intermediates.noindex/ArchiveIntermediates/WebBrowser/BuildProductsPath/Release-iphoneos/ApplePurchaseKit -F /Users/runner/Library/Developer/Xcode/DerivedData/WebBrowser-clqywoufjsuyrtaownclvbrmxizr/Build/Intermediates.noindex/ArchiveIntermediates/WebBrowser/BuildProductsPath/Release-iphoneos/KeychainAccess -F /Users/runner/work/Web_Browser/Web_Browser/Pods/UMCommon/UMCommon_7.6.4 -F /Users/runner/work/Web_Browser/Web_Browser/Pods/UMDevice/UMDevice_3.6.0 -F /Users/runner/Library/Developer/Xcode/DerivedData/WebBrowser-clqywoufjsuyrtaownclvbrmxizr/Build/Intermediates.noindex/ArchiveIntermediates/WebBrowser/BuildProductsPath/Release-iphoneos/XCFrameworkIntermediates/UMCommon -F /Users/runner/Library/Developer/Xcode/DerivedData/WebBrowser-clqywoufjsuyrtaownclvbrmxizr/Build/Intermediates.noindex/ArchiveIntermediates/WebBrowser/BuildProductsPath/Release-iphoneos/XCFrameworkIntermediates/UMDevice -c -num-threads 3 -Xcc -ivfsstatcache -Xcc /Users/runner/Library/Developer/Xcode/DerivedData/SDKStatCaches.noindex/iphoneos26.2-23C57-dc75598d0054f22ec865fa860f139d722dd23b4ebda140f7210d155ff1243552.sdkstatcache -output-file-map /Users/runner/Library/Developer/Xcode/DerivedData/WebBrowser-clqywoufjsuyrtaownclvbrmxizr/Build/Intermediates.noindex/ArchiveIntermediates/WebBrowser/IntermediateBuildFilesPath/Pods.build/Release-iphoneos/ApplePurchaseKit.build/Objects-normal/arm64/ApplePurchaseKit-OutputFileMap.json -use-frontend-parseable-output -save-temps -no-color-diagnostics -explicit-module-build -module-cache-path /Users/runner/Library/Developer/Xcode/DerivedData/WebBrowser-clqywoufjsuyrtaownclvbrmxizr/Build/Intermediates.noindex/ArchiveIntermediates/WebBrowser/IntermediateBuildFilesPath/SwiftExplicitPrecompiledModules -clang-scanner-module-cache-path /Users/runner/Library/Developer/Xcode/DerivedData/ModuleCache.noindex -sdk-module-cache-path /Users/runner/Library/Developer/Xcode/DerivedData/ModuleCache.noindex -serialize-diagnostics -emit-dependencies -emit-module -emit-module-path /Users/runner/Library/Developer/Xcode/DerivedData/WebBrowser-clqywoufjsuyrtaownclvbrmxizr/Build/Intermediates.noindex/ArchiveIntermediates/WebBrowser/IntermediateBuildFilesPath/Pods.build/Release-iphoneos/ApplePurchaseKit.build/Objects-normal/arm64/ApplePurchaseKit.swiftmodule -validate-clang-modules-once -clang-build-session-file /Users/runner/Library/Developer/Xcode/DerivedData/ModuleCache.noindex/Session.modulevalidation -Xcc -I/Users/runner/Library/Developer/Xcode/DerivedData/WebBrowser-clqywoufjsuyrtaownclvbrmxizr/Build/Intermediates.noindex/ArchiveIntermediates/WebBrowser/IntermediateBuildFilesPath/Pods.build/Release-iphoneos/ApplePurchaseKit.build/swift-overrides.hmap -emit-const-values -Xfrontend -const-gather-protocols-file -Xfrontend /Users/runner/Library/Developer/Xcode/DerivedData/WebBrowser-clqywoufjsuyrtaownclvbrmxizr/Build/Intermediates.noindex/ArchiveIntermediates/WebBrowser/IntermediateBuildFilesPath/Pods.build/Release-iphoneos/ApplePurchaseKit.build/Objects-normal/arm64/ApplePurchaseKit_const_extract_protocols.json -Xcc -iquote -Xcc /Users/runner/Library/Developer/Xcode/DerivedData/WebBrowser-clqywoufjsuyrtaownclvbrmxizr/Build/Intermediates.noindex/ArchiveIntermediates/WebBrowser/IntermediateBuildFilesPath/Pods.build/Release-iphoneos/ApplePurchaseKit.build/ApplePurchaseKit-generated-files.hmap -Xcc -I/Users/runner/Library/Developer/Xcode/DerivedData/WebBrowser-clqywoufjsuyrtaownclvbrmxizr/Build/Intermediates.noindex/ArchiveIntermediates/WebBrowser/IntermediateBuildFilesPath/Pods.build/Release-iphoneos/ApplePurchaseKit.build/ApplePurchaseKit-own-target-headers.hmap -Xcc -I/Users/runner/Library/Developer/Xcode/DerivedData/WebBrowser-clqywoufjsuyrtaownclvbrmxizr/Build/Intermediates.noindex/ArchiveIntermediates/WebBrowser/IntermediateBuildFilesPath/Pods.build/Release-iphoneos/ApplePurchaseKit.build/ApplePurchaseKit-all-non-framework-target-headers.hmap -Xcc -ivfsoverlay -Xcc /Users/runner/Library/Developer/Xcode/DerivedData/WebBrowser-clqywoufjsuyrtaownclvbrmxizr/Build/Intermediates.noindex/ArchiveIntermediates/WebBrowser/IntermediateBuildFilesPath/Pods.build/Release-iphoneos/Pods-8699adb1dd336b26511df848a716bd42-VFS-iphoneos/all-product-headers.yaml -Xcc -iquote -Xcc /Users/runner/Library/Developer/Xcode/DerivedData/WebBrowser-clqywoufjsuyrtaownclvbrmxizr/Build/Intermediates.noindex/ArchiveIntermediates/WebBrowser/IntermediateBuildFilesPath/Pods.build/Release-iphoneos/ApplePurchaseKit.build/ApplePurchaseKit-project-headers.hmap -Xcc -I/Users/runner/Library/Developer/Xcode/DerivedData/WebBrowser-clqywoufjsuyrtaownclvbrmxizr/Build/Intermediates.noindex/ArchiveIntermediates/WebBrowser/BuildProductsPath/Release-iphoneos/ApplePurchaseKit/include -Xcc -I/Users/runner/Library/Developer/Xcode/DerivedData/WebBrowser-clqywoufjsuyrtaownclvbrmxizr/Build/Intermediates.noindex/ArchiveIntermediates/WebBrowser/IntermediateBuildFilesPath/Pods.build/Release-iphoneos/ApplePurchaseKit.build/DerivedSources-normal/arm64 -Xcc -I/Users/runner/Library/Developer/Xcode/DerivedData/WebBrowser-clqywoufjsuyrtaownclvbrmxizr/Build/Intermediates.noindex/ArchiveIntermediates/WebBrowser/IntermediateBuildFilesPath/Pods.build/Release-iphoneos/ApplePurchaseKit.build/DerivedSources/arm64 -Xcc -I/Users/runner/Library/Developer/Xcode/DerivedData/WebBrowser-clqywoufjsuyrtaownclvbrmxizr/Build/Intermediates.noindex/ArchiveIntermediates/WebBrowser/IntermediateBuildFilesPath/Pods.build/Release-iphoneos/ApplePurchaseKit.build/DerivedSources -Xcc -DPOD_CONFIGURATION_RELEASE\=1 -Xcc -DCOCOAPODS\=1 -emit-objc-header -emit-objc-header-path /Users/runner/Library/Developer/Xcode/DerivedData/WebBrowser-clqywoufjsuyrtaownclvbrmxizr/Build/Intermediates.noindex/ArchiveIntermediates/WebBrowser/IntermediateBuildFilesPath/Pods.build/Release-iphoneos/ApplePurchaseKit.build/Objects-normal/arm64/ApplePurchaseKit-Swift.h -import-underlying-module -Xcc -ivfsoverlay -Xcc /Users/runner/Library/Developer/Xcode/DerivedData/WebBrowser-clqywoufjsuyrtaownclvbrmxizr/Build/Intermediates.noindex/ArchiveIntermediates/WebBrowser/IntermediateBuildFilesPath/Pods.build/Release-iphoneos/ApplePurchaseKit.build/unextended-module-overlay.yaml -working-directory /Users/runner/work/Web_Browser/Web_Browser/Pods -no-emit-module-separately-wmo

SwiftExplicitDependencyGeneratePcm arm64 /Users/runner/Library/Developer/Xcode/DerivedData/ModuleCache.noindex/CoreData-CBUELIPGAK30TC28LOM7XGJ4J.pcm

SwiftExplicitDependencyGeneratePcm arm64 /Users/runner/Library/Developer/Xcode/DerivedData/ModuleCache.noindex/ExtensionFoundation-A0S3OPW198NGUDFO95T120PT8.pcm

SwiftExplicitDependencyGeneratePcm arm64 /Users/runner/Library/Developer/Xcode/DerivedData/ModuleCache.noindex/SwiftUI-482ETYXHPMV8O0VC703M3EFSE.pcm

SwiftExplicitDependencyGeneratePcm arm64 /Users/runner/Library/Developer/Xcode/DerivedData/ModuleCache.noindex/_Builtin_intrinsics-93WZHIX5LTJ27LNRZBT3YYLOY.pcm

SwiftExplicitDependencyGeneratePcm arm64 /Users/runner/Library/Developer/Xcode/DerivedData/ModuleCache.noindex/dnssd-5AE24C09XOQC906HTC7CK2ZO1.pcm

SwiftExplicitDependencyGeneratePcm arm64 /Users/runner/Library/Developer/Xcode/DerivedData/ModuleCache.noindex/AdServices-C3SA45A0D0L8LOHUH3MHPKIAL.pcm

SwiftExplicitDependencyGeneratePcm arm64 /Users/runner/Library/Developer/Xcode/DerivedData/WebBrowser-clqywoufjsuyrtaownclvbrmxizr/Build/Intermediates.noindex/ArchiveIntermediates/WebBrowser/IntermediateBuildFilesPath/SwiftExplicitPrecompiledModules/KeychainAccess-90N130RR7N5SCACT2B8UKCJCA.pcm

SwiftExplicitDependencyGeneratePcm arm64 /Users/runner/Library/Developer/Xcode/DerivedData/ModuleCache.noindex/Network-53PZMGETEP502BR80I876WZ4L.pcm

SwiftExplicitDependencyGeneratePcm arm64 /Users/runner/Library/Developer/Xcode/DerivedData/ModuleCache.noindex/_Builtin_tgmath-36PCZ8Q7BQHVIYC6NJI55XTTD.pcm

SwiftExplicitDependencyGeneratePcm arm64 /Users/runner/Library/Developer/Xcode/DerivedData/WebBrowser-clqywoufjsuyrtaownclvbrmxizr/Build/Intermediates.noindex/ArchiveIntermediates/WebBrowser/IntermediateBuildFilesPath/SwiftExplicitPrecompiledModules/ApplePurchaseKit-3MHSEA7JEB2EPVERVW2F8WM4K.pcm

SwiftExplicitDependencyGeneratePcm arm64 /Users/runner/Library/Developer/Xcode/DerivedData/WebBrowser-clqywoufjsuyrtaownclvbrmxizr/Build/Intermediates.noindex/ArchiveIntermediates/WebBrowser/IntermediateBuildFilesPath/SwiftExplicitPrecompiledModules/UMCommon-5RIB4QLFLQVVYT81KR0S3PO4B.pcm
<module-includes>:1:9: note: in file included from <module-includes>:1:
1 | #import "Headers/UMCommon.h"
  |         `- note: in file included from <module-includes>:1:
2 | 

/Users/runner/Library/Developer/Xcode/DerivedData/WebBrowser-clqywoufjsuyrtaownclvbrmxizr/Build/Intermediates.noindex/ArchiveIntermediates/WebBrowser/BuildProductsPath/Release-iphoneos/XCFrameworkIntermediates/UMCommon/UMCommon.framework/Headers/UMCommon.h:19:9: note: in file included from /Users/runner/Library/Developer/Xcode/DerivedData/WebBrowser-clqywoufjsuyrtaownclvbrmxizr/Build/Intermediates.noindex/ArchiveIntermediates/WebBrowser/BuildProductsPath/Release-iphoneos/XCFrameworkIntermediates/UMCommon/UMCommon.framework/Headers/UMCommon.h:19:
17 | // In this header, you should import all the public headers of your framework using statements like #import <UMCommon/PublicHeader.h>
18 | 
19 | #import <UMCommon/UMConfigure.h>
   |         `- note: in file included from /Users/runner/Library/Developer/Xcode/DerivedData/WebBrowser-clqywoufjsuyrtaownclvbrmxizr/Build/Intermediates.noindex/ArchiveIntermediates/WebBrowser/BuildProductsPath/Release-iphoneos/XCFrameworkIntermediates/UMCommon/UMCommon.framework/Headers/UMCommon.h:19:
20 | #import <UMCommon/MobClick.h>
21 | #import <UMCommon/UMCommonDeepLink.h>

/Users/runner/Library/Developer/Xcode/DerivedData/WebBrowser-clqywoufjsuyrtaownclvbrmxizr/Build/Intermediates.noindex/ArchiveIntermediates/WebBrowser/BuildProductsPath/Release-iphoneos/XCFrameworkIntermediates/UMCommon/UMCommon.framework/Headers/UMConfigure.h:22:34: warning: pointer is missing a nullability type specifier (_Nonnull, _Nullable, or _Null_unspecified)
20 |  @param channel 渠道标识，可设置nil表示"App Store".
21 |  */
22 | + (void)initWithAppkey:(NSString *)appKey channel:(NSString *)channel;
   |                                  |- warning: pointer is missing a nullability type specifier (_Nonnull, _Nullable, or _Null_unspecified)
   |                                  |- note: insert '_Nullable' if the pointer may be null
   |                                  `- note: insert '_Nonnull' if the pointer should never be null
23 | 
24 | /** 设置是否在console输出sdk的log信息.

<module-includes>:1:9: note: in file included from <module-includes>:1:
1 | #import "Headers/UMCommon.h"
  |         `- note: in file included from <module-includes>:1:
2 | 

/Users/runner/Library/Developer/Xcode/DerivedData/WebBrowser-clqywoufjsuyrtaownclvbrmxizr/Build/Intermediates.noindex/ArchiveIntermediates/WebBrowser/BuildProductsPath/Release-iphoneos/XCFrameworkIntermediates/UMCommon/UMCommon.framework/Headers/UMCommon.h:19:9: note: in file included from /Users/runner/Library/Developer/Xcode/DerivedData/WebBrowser-clqywoufjsuyrtaownclvbrmxizr/Build/Intermediates.noindex/ArchiveIntermediates/WebBrowser/BuildProductsPath/Release-iphoneos/XCFrameworkIntermediates/UMCommon/UMCommon.framework/Headers/UMCommon.h:19:
17 | // In this header, you should import all the public headers of your framework using statements like #import <UMCommon/PublicHeader.h>
18 | 
19 | #import <UMCommon/UMConfigure.h>
   |         `- note: in file included from /Users/runner/Library/Developer/Xcode/DerivedData/WebBrowser-clqywoufjsuyrtaownclvbrmxizr/Build/Intermediates.noindex/ArchiveIntermediates/WebBrowser/BuildProductsPath/Release-iphoneos/XCFrameworkIntermediates/UMCommon/UMCommon.framework/Headers/UMCommon.h:19:
20 | #import <UMCommon/MobClick.h>
21 | #import <UMCommon/UMCommonDeepLink.h>

/Users/runner/Library/Developer/Xcode/DerivedData/WebBrowser-clqywoufjsuyrtaownclvbrmxizr/Build/Intermediates.noindex/ArchiveIntermediates/WebBrowser/BuildProductsPath/Release-iphoneos/XCFrameworkIntermediates/UMCommon/UMCommon.framework/Headers/UMConfigure.h:22:61: warning: pointer is missing a nullability type specifier (_Nonnull, _Nullable, or _Null_unspecified)
20 |  @param channel 渠道标识，可设置nil表示"App Store".
21 |  */
22 | + (void)initWithAppkey:(NSString *)appKey channel:(NSString *)channel;
   |                                                             |- warning: pointer is missing a nullability type specifier (_Nonnull, _Nullable, or _Null_unspecified)
   |                                                             |- note: insert '_Nullable' if the pointer may be null
   |                                                             `- note: insert '_Nonnull' if the pointer should never be null
23 | 
24 | /** 设置是否在console输出sdk的log信息.

<module-includes>:1:9: note: in file included from <module-includes>:1:
1 | #import "Headers/UMCommon.h"
  |         `- note: in file included from <module-includes>:1:
2 | 

/Users/runner/Library/Developer/Xcode/DerivedData/WebBrowser-clqywoufjsuyrtaownclvbrmxizr/Build/Intermediates.noindex/ArchiveIntermediates/WebBrowser/BuildProductsPath/Release-iphoneos/XCFrameworkIntermediates/UMCommon/UMCommon.framework/Headers/UMCommon.h:19:9: note: in file included from /Users/runner/Library/Developer/Xcode/DerivedData/WebBrowser-clqywoufjsuyrtaownclvbrmxizr/Build/Intermediates.noindex/ArchiveIntermediates/WebBrowser/BuildProductsPath/Release-iphoneos/XCFrameworkIntermediates/UMCommon/UMCommon.framework/Headers/UMCommon.h:19:
17 | // In this header, you should import all the public headers of your framework using statements like #import <UMCommon/PublicHeader.h>
18 | 
19 | #import <UMCommon/UMConfigure.h>
   |         `- note: in file included from /Users/runner/Library/Developer/Xcode/DerivedData/WebBrowser-clqywoufjsuyrtaownclvbrmxizr/Build/Intermediates.noindex/ArchiveIntermediates/WebBrowser/BuildProductsPath/Release-iphoneos/XCFrameworkIntermediates/UMCommon/UMCommon.framework/Headers/UMCommon.h:19:
20 | #import <UMCommon/MobClick.h>
21 | #import <UMCommon/UMCommonDeepLink.h>

/Users/runner/Library/Developer/Xcode/DerivedData/WebBrowser-clqywoufjsuyrtaownclvbrmxizr/Build/Intermediates.noindex/ArchiveIntermediates/WebBrowser/BuildProductsPath/Release-iphoneos/XCFrameworkIntermediates/UMCommon/UMCommon.framework/Headers/UMConfigure.h:34:13: warning: pointer is missing a nullability type specifier (_Nonnull, _Nullable, or _Null_unspecified)
32 | + (void)setEncryptEnabled:(BOOL)value;
33 | 
34 | + (NSString *)umidString;
   |             |- warning: pointer is missing a nullability type specifier (_Nonnull, _Nullable, or _Null_unspecified)
   |             |- note: insert '_Nullable' if the pointer may be null
   |             `- note: insert '_Nonnull' if the pointer should never be null
35 | 
36 | /**

<module-includes>:1:9: note: in file included from <module-includes>:1:
1 | #import "Headers/UMCommon.h"
  |         `- note: in file included from <module-includes>:1:
2 | 

/Users/runner/Library/Developer/Xcode/DerivedData/WebBrowser-clqywoufjsuyrtaownclvbrmxizr/Build/Intermediates.noindex/ArchiveIntermediates/WebBrowser/BuildProductsPath/Release-iphoneos/XCFrameworkIntermediates/UMCommon/UMCommon.framework/Headers/UMCommon.h:19:9: note: in file included from /Users/runner/Library/Developer/Xcode/DerivedData/WebBrowser-clqywoufjsuyrtaownclvbrmxizr/Build/Intermediates.noindex/ArchiveIntermediates/WebBrowser/BuildProductsPath/Release-iphoneos/XCFrameworkIntermediates/UMCommon/UMCommon.framework/Headers/UMCommon.h:19:
17 | // In this header, you should import all the public headers of your framework using statements like #import <UMCommon/PublicHeader.h>
18 | 
19 | #import <UMCommon/UMConfigure.h>
   |         `- note: in file included from /Users/runner/Library/Developer/Xcode/DerivedData/WebBrowser-clqywoufjsuyrtaownclvbrmxizr/Build/Intermediates.noindex/ArchiveIntermediates/WebBrowser/BuildProductsPath/Release-iphoneos/XCFrameworkIntermediates/UMCommon/UMCommon.framework/Headers/UMCommon.h:19:
20 | #import <UMCommon/MobClick.h>
21 | #import <UMCommon/UMCommonDeepLink.h>

/Users/runner/Library/Developer/Xcode/DerivedData/WebBrowser-clqywoufjsuyrtaownclvbrmxizr/Build/Intermediates.noindex/ArchiveIntermediates/WebBrowser/BuildProductsPath/Release-iphoneos/XCFrameworkIntermediates/UMCommon/UMCommon.framework/Headers/UMConfigure.h:39:12: warning: pointer is missing a nullability type specifier (_Nonnull, _Nullable, or _Null_unspecified)
37 |  集成测试需要device_id
38 |  */
39 | + (NSString*)deviceIDForIntegration;
   |            |- warning: pointer is missing a nullability type specifier (_Nonnull, _Nullable, or _Null_unspecified)
   |            |- note: insert '_Nullable' if the pointer may be null
   |            `- note: insert '_Nonnull' if the pointer should never be null
40 | 
41 | /** 是否开启统计，默认为YES(开启状态)

<module-includes>:1:9: note: in file included from <module-includes>:1:
1 | #import "Headers/UMCommon.h"
  |         `- note: in file included from <module-includes>:1:
2 | 

/Users/runner/Library/Developer/Xcode/DerivedData/WebBrowser-clqywoufjsuyrtaownclvbrmxizr/Build/Intermediates.noindex/ArchiveIntermediates/WebBrowser/BuildProductsPath/Release-iphoneos/XCFrameworkIntermediates/UMCommon/UMCommon.framework/Headers/UMCommon.h:19:9: note: in file included from /Users/runner/Library/Developer/Xcode/DerivedData/WebBrowser-clqywoufjsuyrtaownclvbrmxizr/Build/Intermediates.noindex/ArchiveIntermediates/WebBrowser/BuildProductsPath/Release-iphoneos/XCFrameworkIntermediates/UMCommon/UMCommon.framework/Headers/UMCommon.h:19:
17 | // In this header, you should import all the public headers of your framework using statements like #import <UMCommon/PublicHeader.h>
18 | 
19 | #import <UMCommon/UMConfigure.h>
   |         `- note: in file included from /Users/runner/Library/Developer/Xcode/DerivedData/WebBrowser-clqywoufjsuyrtaownclvbrmxizr/Build/Intermediates.noindex/ArchiveIntermediates/WebBrowser/BuildProductsPath/Release-iphoneos/XCFrameworkIntermediates/UMCommon/UMCommon.framework/Headers/UMCommon.h:19:
20 | #import <UMCommon/MobClick.h>
21 | #import <UMCommon/UMCommonDeepLink.h>

/Users/runner/Library/Developer/Xcode/DerivedData/WebBrowser-clqywoufjsuyrtaownclvbrmxizr/Build/Intermediates.noindex/ArchiveIntermediates/WebBrowser/BuildProductsPath/Release-iphoneos/XCFrameworkIntermediates/UMCommon/UMCommon.framework/Headers/UMConfigure.h:47:13: warning: pointer is missing a nullability type specifier (_Nonnull, _Nullable, or _Null_unspecified)
45 | 
46 | //获取zid
47 | + (NSString *)getUmengZID;
   |             |- warning: pointer is missing a nullability type specifier (_Nonnull, _Nullable, or _Null_unspecified)
   |             |- note: insert '_Nullable' if the pointer may be null
   |             `- note: insert '_Nonnull' if the pointer should never be null
48 | 
49 | //是否发送海外域名，默认为YES发送海外域名

<module-includes>:1:9: note: in file included from <module-includes>:1:
1 | #import "Headers/UMCommon.h"
  |         `- note: in file included from <module-includes>:1:
2 | 

/Users/runner/Library/Developer/Xcode/DerivedData/WebBrowser-clqywoufjsuyrtaownclvbrmxizr/Build/Intermediates.noindex/ArchiveIntermediates/WebBrowser/BuildProductsPath/Release-iphoneos/XCFrameworkIntermediates/UMCommon/UMCommon.framework/Headers/UMCommon.h:19:9: note: in file included from /Users/runner/Library/Developer/Xcode/DerivedData/WebBrowser-clqywoufjsuyrtaownclvbrmxizr/Build/Intermediates.noindex/ArchiveIntermediates/WebBrowser/BuildProductsPath/Release-iphoneos/XCFrameworkIntermediates/UMCommon/UMCommon.framework/Headers/UMCommon.h:19:
17 | // In this header, you should import all the public headers of your framework using statements like #import <UMCommon/PublicHeader.h>
18 | 
19 | #import <UMCommon/UMConfigure.h>
   |         `- note: in file included from /Users/runner/Library/Developer/Xcode/DerivedData/WebBrowser-clqywoufjsuyrtaownclvbrmxizr/Build/Intermediates.noindex/ArchiveIntermediates/WebBrowser/BuildProductsPath/Release-iphoneos/XCFrameworkIntermediates/UMCommon/UMCommon.framework/Headers/UMCommon.h:19:
20 | #import <UMCommon/MobClick.h>
21 | #import <UMCommon/UMCommonDeepLink.h>

/Users/runner/Library/Developer/Xcode/DerivedData/WebBrowser-clqywoufjsuyrtaownclvbrmxizr/Build/Intermediates.noindex/ArchiveIntermediates/WebBrowser/BuildProductsPath/Release-iphoneos/XCFrameworkIntermediates/UMCommon/UMCommon.framework/Headers/UMConfigure.h:53:13: warning: pointer is missing a nullability type specifier (_Nonnull, _Nullable, or _Null_unspecified)
51 | 
52 | //获取本次SessionID
53 | + (NSString *)getSessionID;
   |             |- warning: pointer is missing a nullability type specifier (_Nonnull, _Nullable, or _Null_unspecified)
   |             |- note: insert '_Nullable' if the pointer may be null
   |             `- note: insert '_Nonnull' if the pointer should never be null
54 | 
55 | + (void)resetStorePrefix:(NSString *)prefix;

<module-includes>:1:9: note: in file included from <module-includes>:1:
1 | #import "Headers/UMCommon.h"
  |         `- note: in file included from <module-includes>:1:
2 | 

/Users/runner/Library/Developer/Xcode/DerivedData/WebBrowser-clqywoufjsuyrtaownclvbrmxizr/Build/Intermediates.noindex/ArchiveIntermediates/WebBrowser/BuildProductsPath/Release-iphoneos/XCFrameworkIntermediates/UMCommon/UMCommon.framework/Headers/UMCommon.h:19:9: note: in file included from /Users/runner/Library/Developer/Xcode/DerivedData/WebBrowser-clqywoufjsuyrtaownclvbrmxizr/Build/Intermediates.noindex/ArchiveIntermediates/WebBrowser/BuildProductsPath/Release-iphoneos/XCFrameworkIntermediates/UMCommon/UMCommon.framework/Headers/UMCommon.h:19:
17 | // In this header, you should import all the public headers of your framework using statements like #import <UMCommon/PublicHeader.h>
18 | 
19 | #import <UMCommon/UMConfigure.h>
   |         `- note: in file included from /Users/runner/Library/Developer/Xcode/DerivedData/WebBrowser-clqywoufjsuyrtaownclvbrmxizr/Build/Intermediates.noindex/ArchiveIntermediates/WebBrowser/BuildProductsPath/Release-iphoneos/XCFrameworkIntermediates/UMCommon/UMCommon.framework/Headers/UMCommon.h:19:
20 | #import <UMCommon/MobClick.h>
21 | #import <UMCommon/UMCommonDeepLink.h>

/Users/runner/Library/Developer/Xcode/DerivedData/WebBrowser-clqywoufjsuyrtaownclvbrmxizr/Build/Intermediates.noindex/ArchiveIntermediates/WebBrowser/BuildProductsPath/Release-iphoneos/XCFrameworkIntermediates/UMCommon/UMCommon.framework/Headers/UMConfigure.h:55:36: warning: pointer is missing a nullability type specifier (_Nonnull, _Nullable, or _Null_unspecified)
53 | + (NSString *)getSessionID;
54 | 
55 | + (void)resetStorePrefix:(NSString *)prefix;
   |                                    |- warning: pointer is missing a nullability type specifier (_Nonnull, _Nullable, or _Null_unspecified)
   |                                    |- note: insert '_Nullable' if the pointer may be null
   |                                    `- note: insert '_Nonnull' if the pointer should never be null
56 | + (void)resetStorePath;
57 | 

<module-includes>:1:9: note: in file included from <module-includes>:1:
1 | #import "Headers/UMCommon.h"
  |         `- note: in file included from <module-includes>:1:
2 | 

/Users/runner/Library/Developer/Xcode/DerivedData/WebBrowser-clqywoufjsuyrtaownclvbrmxizr/Build/Intermediates.noindex/ArchiveIntermediates/WebBrowser/BuildProductsPath/Release-iphoneos/XCFrameworkIntermediates/UMCommon/UMCommon.framework/Headers/UMCommon.h:19:9: note: in file included from /Users/runner/Library/Developer/Xcode/DerivedData/WebBrowser-clqywoufjsuyrtaownclvbrmxizr/Build/Intermediates.noindex/ArchiveIntermediates/WebBrowser/BuildProductsPath/Release-iphoneos/XCFrameworkIntermediates/UMCommon/UMCommon.framework/Headers/UMCommon.h:19:
17 | // In this header, you should import all the public headers of your framework using statements like #import <UMCommon/PublicHeader.h>
18 | 
19 | #import <UMCommon/UMConfigure.h>
   |         `- note: in file included from /Users/runner/Library/Developer/Xcode/DerivedData/WebBrowser-clqywoufjsuyrtaownclvbrmxizr/Build/Intermediates.noindex/ArchiveIntermediates/WebBrowser/BuildProductsPath/Release-iphoneos/XCFrameworkIntermediates/UMCommon/UMCommon.framework/Headers/UMCommon.h:19:
20 | #import <UMCommon/MobClick.h>
21 | #import <UMCommon/UMCommonDeepLink.h>

/Users/runner/Library/Developer/Xcode/DerivedData/WebBrowser-clqywoufjsuyrtaownclvbrmxizr/Build/Intermediates.noindex/ArchiveIntermediates/WebBrowser/BuildProductsPath/Release-iphoneos/XCFrameworkIntermediates/UMCommon/UMCommon.framework/Headers/UMConfigure.h:61:29: warning: pointer is missing a nullability type specifier (_Nonnull, _Nullable, or _Null_unspecified)
59 |  @param primaryDomain 传日志的主域名收数地址,参数不能为null或者空串。例如：https://www.umeng.com
60 | */
61 | + (void)setDomain:(NSString *)primaryDomain;
   |                             |- warning: pointer is missing a nullability type specifier (_Nonnull, _Nullable, or _Null_unspecified)
   |                             |- note: insert '_Nullable' if the pointer may be null
   |                             `- note: insert '_Nonnull' if the pointer should never be null
62 | 
63 | /** 进端采集开关

<module-includes>:1:9: note: in file included from <module-includes>:1:
1 | #import "Headers/UMCommon.h"
  |         `- note: in file included from <module-includes>:1:
2 | 

/Users/runner/Library/Developer/Xcode/DerivedData/WebBrowser-clqywoufjsuyrtaownclvbrmxizr/Build/Intermediates.noindex/ArchiveIntermediates/WebBrowser/BuildProductsPath/Release-iphoneos/XCFrameworkIntermediates/UMCommon/UMCommon.framework/Headers/UMCommon.h:19:9: note: in file included from /Users/runner/Library/Developer/Xcode/DerivedData/WebBrowser-clqywoufjsuyrtaownclvbrmxizr/Build/Intermediates.noindex/ArchiveIntermediates/WebBrowser/BuildProductsPath/Release-iphoneos/XCFrameworkIntermediates/UMCommon/UMCommon.framework/Headers/UMCommon.h:19:
17 | // In this header, you should import all the public headers of your framework using statements like #import <UMCommon/PublicHeader.h>
18 | 
19 | #import <UMCommon/UMConfigure.h>
   |         `- note: in file included from /Users/runner/Library/Developer/Xcode/DerivedData/WebBrowser-clqywoufjsuyrtaownclvbrmxizr/Build/Intermediates.noindex/ArchiveIntermediates/WebBrowser/BuildProductsPath/Release-iphoneos/XCFrameworkIntermediates/UMCommon/UMCommon.framework/Headers/UMCommon.h:19:
20 | #import <UMCommon/MobClick.h>
21 | #import <UMCommon/UMCommonDeepLink.h>

9 warnings generated.
/Users/runner/Library/Developer/Xcode/DerivedData/WebBrowser-clqywoufjsuyrtaownclvbrmxizr/Build/Intermediates.noindex/ArchiveIntermediates/WebBrowser/BuildProductsPath/Release-iphoneos/XCFrameworkIntermediates/UMCommon/UMCommon.framework/Headers/UMConfigure.h:71:44: warning: pointer is missing a nullability type specifier (_Nonnull, _Nullable, or _Null_unspecified)
69 |  @param connectionOptions: UIScene模式下的启动参数
70 | */
71 | + (void)handleSceneWillConnectWithOptions:(id)connectionOptions;
   |                                            |- warning: pointer is missing a nullability type specifier (_Nonnull, _Nullable, or _Null_unspecified)
   |                                            |- note: insert '_Nullable' if the pointer may be null
   |                                            `- note: insert '_Nonnull' if the pointer should never be null
72 | 
73 | /** ASA归因采集开关，默认为YES(开启)。

SwiftExplicitDependencyGeneratePcm arm64 /Users/runner/Library/Developer/Xcode/DerivedData/ModuleCache.noindex/simd-EKDSHS7PDC46UFCMUDSH45MOM.pcm

SwiftExplicitDependencyGeneratePcm arm64 /Users/runner/Library/Developer/Xcode/DerivedData/ModuleCache.noindex/BackgroundAssets-4G9EZDB00O8450KIEJW7ZSDXZ.pcm

SwiftExplicitDependencyGeneratePcm arm64 /Users/runner/Library/Developer/Xcode/DerivedData/ModuleCache.noindex/StoreKit-96MYEN0F86X598M93Q4XK1KC4.pcm

SwiftExplicitDependencyGeneratePcm arm64 /Users/runner/Library/Developer/Xcode/DerivedData/ModuleCache.noindex/Spatial-T1KOLPD36GONG50BZS42I4BU.pcm

SwiftCompile normal arm64 Compiling\ APKASAManager.swift,\ APKNetLog.swift,\ APKNetLogDetailVC.swift,\ APKNetLogger.swift,\ APKNetLogListVC.swift,\ APKNetworkTools.swift,\ APKOneAppsManager.swift,\ APKOneAppsRecord.swift,\ APKOneRecommendApp.swift,\ APKProduct.swift,\ APKPurchaseManager.swift,\ APKRecordDetailViewController.swift,\ APKRecordsOverViewTableViewController.swift,\ APKRecordsViewController.swift,\ APKReportManager.swift,\ APKSwiftUINetLogListVC.swift,\ APKSwiftUIRecordsOverViewTableViewController.swift,\ APKTools.swift,\ APKTransaction.swift,\ ApplePurchaseManager.swift,\ WKAppRootView.swift,\ WKPurchaseServices.swift,\ WKUserDefaultManager.swift,\ WKUserInfo.swift /Users/runner/work/Web_Browser/Web_Browser/ApplePurchaseKit/ApplePurchaseKit/Classes/APKASAManager.swift /Users/runner/work/Web_Browser/Web_Browser/ApplePurchaseKit/ApplePurchaseKit/Classes/Network/APKNetLog.swift /Users/runner/work/Web_Browser/Web_Browser/ApplePurchaseKit/ApplePurchaseKit/Classes/Network/APKNetLogDetailVC.swift /Users/runner/work/Web_Browser/Web_Browser/ApplePurchaseKit/ApplePurchaseKit/Classes/Network/APKNetLogger.swift /Users/runner/work/Web_Browser/Web_Browser/ApplePurchaseKit/ApplePurchaseKit/Classes/Network/APKNetLogListVC.swift /Users/runner/work/Web_Browser/Web_Browser/ApplePurchaseKit/ApplePurchaseKit/Classes/Network/APKNetworkTools.swift /Users/runner/work/Web_Browser/Web_Browser/ApplePurchaseKit/ApplePurchaseKit/Classes/OneApps/APKOneAppsManager.swift /Users/runner/work/Web_Browser/Web_Browser/ApplePurchaseKit/ApplePurchaseKit/Classes/OneApps/APKOneAppsRecord.swift /Users/runner/work/Web_Browser/Web_Browser/ApplePurchaseKit/ApplePurchaseKit/Classes/OneApps/APKOneRecommendApp.swift /Users/runner/work/Web_Browser/Web_Browser/ApplePurchaseKit/ApplePurchaseKit/Classes/Records/APKProduct.swift /Users/runner/work/Web_Browser/Web_Browser/ApplePurchaseKit/ApplePurchaseKit/Classes/Records/APKPurchaseManager.swift /Users/runner/work/Web_Browser/Web_Browser/ApplePurchaseKit/ApplePurchaseKit/Classes/Records/APKRecordDetailViewController.swift /Users/runner/work/Web_Browser/Web_Browser/ApplePurchaseKit/ApplePurchaseKit/Classes/Records/APKRecordsOverViewTableViewController.swift /Users/runner/work/Web_Browser/Web_Browser/ApplePurchaseKit/ApplePurchaseKit/Classes/Records/APKRecordsViewController.swift /Users/runner/work/Web_Browser/Web_Browser/ApplePurchaseKit/ApplePurchaseKit/Classes/APKReportManager.swift /Users/runner/work/Web_Browser/Web_Browser/ApplePurchaseKit/ApplePurchaseKit/Classes/Network/APKSwiftUINetLogListVC.swift /Users/runner/work/Web_Browser/Web_Browser/ApplePurchaseKit/ApplePurchaseKit/Classes/Records/APKSwiftUIRecordsOverViewTableViewController.swift /Users/runner/work/Web_Browser/Web_Browser/ApplePurchaseKit/ApplePurchaseKit/Classes/APKTools.swift /Users/runner/work/Web_Browser/Web_Browser/ApplePurchaseKit/ApplePurchaseKit/Classes/Records/APKTransaction.swift /Users/runner/work/Web_Browser/Web_Browser/ApplePurchaseKit/ApplePurchaseKit/Classes/ApplePurchaseManager.swift /Users/runner/work/Web_Browser/Web_Browser/ApplePurchaseKit/ApplePurchaseKit/Classes/WKAppRootView.swift /Users/runner/work/Web_Browser/Web_Browser/ApplePurchaseKit/ApplePurchaseKit/Classes/WKPurchaseServices.swift /Users/runner/work/Web_Browser/Web_Browser/ApplePurchaseKit/ApplePurchaseKit/Classes/WKUserDefaultManager.swift /Users/runner/work/Web_Browser/Web_Browser/ApplePurchaseKit/ApplePurchaseKit/Classes/WKUserInfo.swift /Applications/Xcode_26.3.app/Contents/Developer/Toolchains/XcodeDefault.xctoolchain/usr/lib/swift/iphoneos/prebuilt-modules/26.2/Metal.swiftmodule/arm64e-apple-ios.swiftmodule /Users/runner/Library/Developer/Xcode/DerivedData/WebBrowser-clqywoufjsuyrtaownclvbrmxizr/Build/Intermediates.noindex/ArchiveIntermediates/WebBrowser/BuildProductsPath/Release-iphoneos/KeychainAccess/KeychainAccess.framework/Modules/KeychainAccess.swiftmodule/arm64-apple-ios.swiftmodule /Applications/Xcode_26.3.app/Contents/Developer/Toolchains/XcodeDefault.xctoolchain/usr/lib/swift/iphoneos/prebuilt-modules/26.2/_DarwinFoundation2.swiftmodule/arm64e-apple-ios.swiftmodule /Applications/Xcode_26.3.app/Contents/Developer/Toolchains/XcodeDefault.xctoolchain/usr/lib/swift/iphoneos/prebuilt-modules/26.2/Spatial.swiftmodule/arm64e-apple-ios.swiftmodule /Applications/Xcode_26.3.app/Contents/Developer/Toolchains/XcodeDefault.xctoolchain/usr/lib/swift/iphoneos/prebuilt-modules/26.2/_Builtin_float.swiftmodule/arm64e-apple-ios.swiftmodule /Applications/Xcode_26.3.app/Contents/Developer/Toolchains/XcodeDefault.xctoolchain/usr/lib/swift/iphoneos/prebuilt-modules/26.2/CoreTransferable.swiftmodule/arm64e-apple-ios.swiftmodule /Applications/Xcode_26.3.app/Contents/Developer/Toolchains/XcodeDefault.xctoolchain/usr/lib/swift/iphoneos/prebuilt-modules/26.2/LocalAuthentication.swiftmodule/arm64e-apple-ios.swiftmodule /Applications/Xcode_26.3.app/Contents/Developer/Toolchains/XcodeDefault.xctoolchain/usr/lib/swift/iphoneos/prebuilt-modules/26.2/Dispatch.swiftmodule/arm64e-apple-ios.swiftmodule /Applications/Xcode_26.3.app/Contents/Developer/Toolchains/XcodeDefault.xctoolchain/usr/lib/swift/iphoneos/prebuilt-modules/26.2/System.swiftmodule/arm64e-apple-ios.swiftmodule /Applications/Xcode_26.3.app/Contents/Developer/Toolchains/XcodeDefault.xctoolchain/usr/lib/swift/iphoneos/prebuilt-modules/26.2/_StringProcessing.swiftmodule/arm64e-apple-ios.swiftmodule /Applications/Xcode_26.3.app/Contents/Developer/Toolchains/XcodeDefault.xctoolchain/usr/lib/swift/iphoneos/prebuilt-modules/26.2/UniformTypeIdentifiers.swiftmodule/arm64e-apple-ios.swiftmodule /Applications/Xcode_26.3.app/Contents/Developer/Toolchains/XcodeDefault.xctoolchain/usr/lib/swift/iphoneos/prebuilt-modules/26.2/QuartzCore.swiftmodule/arm64e-apple-ios.swiftmodule /Applications/Xcode_26.3.app/Contents/Developer/Toolchains/XcodeDefault.xctoolchain/usr/lib/swift/iphoneos/prebuilt-modules/26.2/Combine.swiftmodule/arm64e-apple-ios.swiftmodule /Applications/Xcode_26.3.app/Contents/Developer/Toolchains/XcodeDefault.xctoolchain/usr/lib/swift/iphoneos/prebuilt-modules/26.2/_DarwinFoundation3.swiftmodule/arm64e-apple-ios.swiftmodule /Applications/Xcode_26.3.app/Contents/Developer/Toolchains/XcodeDefault.xctoolchain/usr/lib/swift/iphoneos/prebuilt-modules/26.2/os.swiftmodule/arm64e-apple-ios.swiftmodule /Applications/Xcode_26.3.app/Contents/Developer/Toolchains/XcodeDefault.xctoolchain/usr/lib/swift/iphoneos/prebuilt-modules/26.2/Symbols.swiftmodule/arm64e-apple-ios.swiftmodule /Applications/Xcode_26.3.app/Contents/Developer/Toolchains/XcodeDefault.xctoolchain/usr/lib/swift/iphoneos/prebuilt-modules/26.2/FileProvider.swiftmodule/arm64e-apple-ios.swiftmodule /Applications/Xcode_26.3.app/Contents/Developer/Toolchains/XcodeDefault.xctoolchain/usr/lib/swift/iphoneos/prebuilt-modules/26.2/OSLog.swiftmodule/arm64e-apple-ios.swiftmodule /Applications/Xcode_26.3.app/Contents/Developer/Toolchains/XcodeDefault.xctoolchain/usr/lib/swift/iphoneos/prebuilt-modules/26.2/SwiftUICore.swiftmodule/arm64e-apple-ios.swiftmodule /Applications/Xcode_26.3.app/Contents/Developer/Toolchains/XcodeDefault.xctoolchain/usr/lib/swift/iphoneos/prebuilt-modules/26.2/simd.swiftmodule/arm64e-apple-ios.swiftmodule /Applications/Xcode_26.3.app/Contents/Developer/Toolchains/XcodeDefault.xctoolchain/usr/lib/swift/iphoneos/prebuilt-modules/26.2/CryptoKit.swiftmodule/arm64e-apple-ios.swiftmodule /Applications/Xcode_26.3.app/Contents/Developer/Toolchains/XcodeDefault.xctoolchain/usr/lib/swift/iphoneos/prebuilt-modules/26.2/DeveloperToolsSupport.swiftmodule/arm64e-apple-ios.swiftmodule /Applications/Xcode_26.3.app/Contents/Developer/Toolchains/XcodeDefault.xctoolchain/usr/lib/swift/iphoneos/prebuilt-modules/26.2/Accessibility.swiftmodule/arm64e-apple-ios.swiftmodule /Applications/Xcode_26.3.app/Contents/Developer/Toolchains/XcodeDefault.xctoolchain/usr/lib/swift/iphoneos/prebuilt-modules/26.2/Distributed.swiftmodule/arm64e-apple-ios.swiftmodule /Applications/Xcode_26.3.app/Contents/Developer/Toolchains/XcodeDefault.xctoolchain/usr/lib/swift/iphoneos/prebuilt-modules/26.2/UIKit.swiftmodule/arm64e-apple-ios.swiftmodule /Applications/Xcode_26.3.app/Contents/Developer/Toolchains/XcodeDefault.xctoolchain/usr/lib/swift/iphoneos/prebuilt-modules/26.2/Foundation.swiftmodule/arm64e-apple-ios.swiftmodule /Applications/Xcode_26.3.app/Contents/Developer/Toolchains/XcodeDefault.xctoolchain/usr/lib/swift/iphoneos/prebuilt-modules/26.2/StoreKit.swiftmodule/arm64e-apple-ios.swiftmodule /Applications/Xcode_26.3.app/Contents/Developer/Toolchains/XcodeDefault.xctoolchain/usr/lib/swift/iphoneos/prebuilt-modules/26.2/_Concurrency.swiftmodule/arm64e-apple-ios.swiftmodule /Applications/Xcode_26.3.app/Contents/Developer/Toolchains/XcodeDefault.xctoolchain/usr/lib/swift/iphoneos/prebuilt-modules/26.2/CoreVideo.swiftmodule/arm64e-apple-ios.swiftmodule /Applications/Xcode_26.3.app/Contents/Developer/Toolchains/XcodeDefault.xctoolchain/usr/lib/swift/iphoneos/prebuilt-modules/26.2/CoreGraphics.swiftmodule/arm64e-apple-ios.swiftmodule /Applications/Xcode_26.3.app/Contents/Developer/Toolchains/XcodeDefault.xctoolchain/usr/lib/swift/iphoneos/prebuilt-modules/26.2/XPC.swiftmodule/arm64e-apple-ios.swiftmodule /Applications/Xcode_26.3.app/Contents/Developer/Toolchains/XcodeDefault.xctoolchain/usr/lib/swift/iphoneos/prebuilt-modules/26.2/DataDetection.swiftmodule/arm64e-apple-ios.swiftmodule /Applications/Xcode_26.3.app/Contents/Developer/Toolchains/XcodeDefault.xctoolchain/usr/lib/swift/iphoneos/prebuilt-modules/26.2/ExtensionFoundation.swiftmodule/arm64e-apple-ios.swiftmodule /Applications/Xcode_26.3.app/Contents/Developer/Toolchains/XcodeDefault.xctoolchain/usr/lib/swift/iphoneos/prebuilt-modules/26.2/BackgroundAssets.swiftmodule/arm64e-apple-ios.swiftmodule /Applications/Xcode_26.3.app/Contents/Developer/Toolchains/XcodeDefault.xctoolchain/usr/lib/swift/iphoneos/prebuilt-modules/26.2/Network.swiftmodule/arm64e-apple-ios.swiftmodule /Applications/Xcode_26.3.app/Contents/Developer/Toolchains/XcodeDefault.xctoolchain/usr/lib/swift/iphoneos/prebuilt-modules/26.2/SwiftUI.swiftmodule/arm64e-apple-ios.swiftmodule /Applications/Xcode_26.3.app/Contents/Developer/Toolchains/XcodeDefault.xctoolchain/usr/lib/swift/iphoneos/prebuilt-modules/26.2/CoreText.swiftmodule/arm64e-apple-ios.swiftmodule /Applications/Xcode_26.3.app/Contents/Developer/Toolchains/XcodeDefault.xctoolchain/usr/lib/swift/iphoneos/prebuilt-modules/26.2/Observation.swiftmodule/arm64e-apple-ios.swiftmodule /Applications/Xcode_26.3.app/Contents/Developer/Toolchains/XcodeDefault.xctoolchain/usr/lib/swift/iphoneos/prebuilt-modules/26.2/Darwin.swiftmodule/arm64e-apple-ios.swiftmodule /Applications/Xcode_26.3.app/Contents/Developer/Toolchains/XcodeDefault.xctoolchain/usr/lib/swift/iphoneos/prebuilt-modules/26.2/CoreImage.swiftmodule/arm64e-apple-ios.swiftmodule /Applications/Xcode_26.3.app/Contents/Developer/Toolchains/XcodeDefault.xctoolchain/usr/lib/swift/iphoneos/prebuilt-modules/26.2/CoreFoundation.swiftmodule/arm64e-apple-ios.swiftmodule /Applications/Xcode_26.3.app/Contents/Developer/Toolchains/XcodeDefault.xctoolchain/usr/lib/swift/iphoneos/prebuilt-modules/26.2/_DarwinFoundation1.swiftmodule/arm64e-apple-ios.swiftmodule /Applications/Xcode_26.3.app/Contents/Developer/Toolchains/XcodeDefault.xctoolchain/usr/lib/swift/iphoneos/prebuilt-modules/26.2/CoreData.swiftmodule/arm64e-apple-ios.swiftmodule /Applications/Xcode_26.3.app/Contents/Developer/Toolchains/XcodeDefault.xctoolchain/usr/lib/swift/iphoneos/prebuilt-modules/26.2/Swift.swiftmodule/arm64e-apple-ios.swiftmodule /Applications/Xcode_26.3.app/Contents/Developer/Toolchains/XcodeDefault.xctoolchain/usr/lib/swift/iphoneos/prebuilt-modules/26.2/ObjectiveC.swiftmodule/arm64e-apple-ios.swiftmodule /Users/runner/Library/Developer/Xcode/DerivedData/WebBrowser-clqywoufjsuyrtaownclvbrmxizr/Build/Intermediates.noindex/ArchiveIntermediates/WebBrowser/IntermediateBuildFilesPath/SwiftExplicitPrecompiledModules/UMCommon-5RIB4QLFLQVVYT81KR0S3PO4B.pcm /Users/runner/Library/Developer/Xcode/DerivedData/ModuleCache.noindex/IOSurface-42LOCQ6YK9Z2RY7LEQEYDYPTL.pcm /Users/runner/Library/Developer/Xcode/DerivedData/ModuleCache.noindex/_DarwinFoundation3-5TXVJP44ZNRCILXS0UUPBK4DD.pcm /Users/runner/Library/Developer/Xcode/DerivedData/ModuleCache.noindex/dnssd-5AE24C09XOQC906HTC7CK2ZO1.pcm /Users/runner/Library/Developer/Xcode/DerivedData/ModuleCache.noindex/_DarwinFoundation2-EDY9TGJJ7VQW6W3MZ6ZHJSDEA.pcm /Users/runner/Library/Developer/Xcode/DerivedData/ModuleCache.noindex/DataDetection-E68UNNJECIFQTVEJ70VW2TUS0.pcm /Users/runner/Library/Developer/Xcode/DerivedData/ModuleCache.noindex/_DarwinFoundation1-AMJ7P60XIICL2VTFWIYGS8CF9.pcm /Users/runner/Library/Developer/Xcode/DerivedData/ModuleCache.noindex/_Builtin_stdint-BE3PMKOR44C24VD6AB0E9PT2Y.pcm /Users/runner/Library/Developer/Xcode/DerivedData/ModuleCache.noindex/Network-53PZMGETEP502BR80I876WZ4L.pcm /Users/runner/Library/Developer/Xcode/DerivedData/WebBrowser-clqywoufjsuyrtaownclvbrmxizr/Build/Intermediates.noindex/ArchiveIntermediates/WebBrowser/IntermediateBuildFilesPath/SwiftExplicitPrecompiledModules/KeychainAccess-90N130RR7N5SCACT2B8UKCJCA.pcm /Users/runner/Library/Developer/Xcode/DerivedData/ModuleCache.noindex/Symbols-14NDBPYF6FEX6BNXSKQ2FAK5M.pcm /Users/runner/Library/Developer/Xcode/DerivedData/ModuleCache.noindex/Dispatch-EKE822JWOQ61ZVGWM0IBBM9AW.pcm /Users/runner/Library/Developer/Xcode/DerivedData/ModuleCache.noindex/QuartzCore-7ZAYI1YBVWAI3FNHDB05AJX6N.pcm /Users/runner/Library/Developer/Xcode/DerivedData/ModuleCache.noindex/CoreTransferable-4SLIGFHDCFZUBMFD63OYCHKS7.pcm /Users/runner/Library/Developer/Xcode/DerivedData/ModuleCache.noindex/CoreImage-1F72TU0ILEHPLXXRC45YN3QLS.pcm /Users/runner/Library/Developer/Xcode/DerivedData/ModuleCache.noindex/sys_types-4PRH99LU2I59L83OSQHIOT0F4.pcm /Users/runner/Library/Developer/Xcode/DerivedData/ModuleCache.noindex/FileProvider-4S55M9T9YYZGJSTIC2QFKHFH7.pcm /Users/runner/Library/Developer/Xcode/DerivedData/ModuleCache.noindex/Foundation-F1FSWFXQ3WZAR9C2KUR7EGZ9.pcm /Users/runner/Library/Developer/Xcode/DerivedData/ModuleCache.noindex/UIKit-1A9X26E7Y1O09G6QWHNU6DFSS.pcm /Users/runner/Library/Developer/Xcode/DerivedData/ModuleCache.noindex/_Builtin_stdatomic-CAG3T5E54X9AQRZBTS0FH97YQ.pcm /Users/runner/Library/Developer/Xcode/DerivedData/ModuleCache.noindex/_Builtin_stdbool-BGMEK4M079WK80BJQAM92RKI5.pcm /Users/runner/Library/Developer/Xcode/DerivedData/ModuleCache.noindex/LocalAuthentication-5OKPR53NJAI493S06HV24JFSL.pcm /Users/runner/Library/Developer/Xcode/DerivedData/ModuleCache.noindex/_Builtin_intrinsics-93WZHIX5LTJ27LNRZBT3YYLOY.pcm /Users/runner/Library/Developer/Xcode/DerivedData/ModuleCache.noindex/CoreFoundation-655HAZYSA9T1LJUAJYYW431AP.pcm /Users/runner/Library/Developer/Xcode/DerivedData/ModuleCache.noindex/AdServices-C3SA45A0D0L8LOHUH3MHPKIAL.pcm /Users/runner/Library/Developer/Xcode/DerivedData/ModuleCache.noindex/ptrcheck-33FG5PDOCYRR3L736CNG6XQW9.pcm /Users/runner/Library/Developer/Xcode/DerivedData/ModuleCache.noindex/SwiftShims-20449Z80VJ81TEPUGCZ2BPK28.pcm /Users/runner/Library/Developer/Xcode/DerivedData/ModuleCache.noindex/Metal-EQUDLEB9SYH1KJJVXW3L92YFE.pcm /Users/runner/Library/Developer/Xcode/DerivedData/ModuleCache.noindex/_Builtin_tgmath-36PCZ8Q7BQHVIYC6NJI55XTTD.pcm /Users/runner/Library/Developer/Xcode/DerivedData/ModuleCache.noindex/MachO-54DTBJPYX9C6511T08NSLUZL9.pcm /Users/runner/Library/Developer/Xcode/DerivedData/ModuleCache.noindex/UserNotifications-2EJ0L2SK4ZB214G7FHGY0UEJU.pcm /Users/runner/Library/Developer/Xcode/DerivedData/ModuleCache.noindex/os_workgroup-ENDJ0LY6OCCSKSAFTNL3OFKV8.pcm /Users/runner/Library/Developer/Xcode/DerivedData/ModuleCache.noindex/_Builtin_float-2AJTXFLH7UIA5W4QO5PEZJ067.pcm /Users/runner/Library/Developer/Xcode/DerivedData/ModuleCache.noindex/_Builtin_limits-BJTWRD4AU42QKMKA01HY9L3TT.pcm /Users/runner/Library/Developer/Xcode/DerivedData/ModuleCache.noindex/StoreKit-96MYEN0F86X598M93Q4XK1KC4.pcm /Users/runner/Library/Developer/Xcode/DerivedData/WebBrowser-clqywoufjsuyrtaownclvbrmxizr/Build/Intermediates.noindex/ArchiveIntermediates/WebBrowser/IntermediateBuildFilesPath/SwiftExplicitPrecompiledModules/ApplePurchaseKit-3MHSEA7JEB2EPVERVW2F8WM4K.pcm /Users/runner/Library/Developer/Xcode/DerivedData/ModuleCache.noindex/CFNetwork-9VFO7YNB1UAE6OJU4OH3Y3N4M.pcm /Users/runner/Library/Developer/Xcode/DerivedData/ModuleCache.noindex/_SwiftConcurrencyShims-39H4MYIONVMNULZUDLIS42DCD.pcm /Users/runner/Library/Developer/Xcode/DerivedData/ModuleCache.noindex/ObjectiveC-5VSVEYOBD2W8ODIR62UXGHN1A.pcm /Users/runner/Library/Developer/Xcode/DerivedData/ModuleCache.noindex/OpenGLES-8K8ZW3I1X6P1LY2HMS49J6N1M.pcm /Users/runner/Library/Developer/Xcode/DerivedData/ModuleCache.noindex/_AvailabilityInternal-4ZSQ3YOKJ8FIZ9DE3N2N2155Z.pcm /Users/runner/Library/Developer/Xcode/DerivedData/ModuleCache.noindex/UniformTypeIdentifiers-16JDBFDZV4YZRYFWVH0SK6J17.pcm /Users/runner/Library/Developer/Xcode/DerivedData/ModuleCache.noindex/simd-EKDSHS7PDC46UFCMUDSH45MOM.pcm /Users/runner/Library/Developer/Xcode/DerivedData/ModuleCache.noindex/ptrauth-86XI3RI4Y6OV8TLD3O1D9X956.pcm /Users/runner/Library/Developer/Xcode/DerivedData/ModuleCache.noindex/_Builtin_stddef-8UE7IOOQG7TV7H43ZUUD8GK8A.pcm /Users/runner/Library/Developer/Xcode/DerivedData/ModuleCache.noindex/_Builtin_stdarg-EDLOZHOX1KIFA7V1RM8XK31ZD.pcm /Users/runner/Library/Developer/Xcode/DerivedData/ModuleCache.noindex/Darwin-7J9VQ7MSQL9D8T4I20DHTTXMN.pcm /Users/runner/Library/Developer/Xcode/DerivedData/ModuleCache.noindex/BackgroundAssets-4G9EZDB00O8450KIEJW7ZSDXZ.pcm /Users/runner/Library/Developer/Xcode/DerivedData/ModuleCache.noindex/OSLog-2JJBBPRZN86WMXZTNLJ6GMQYR.pcm /Users/runner/Library/Developer/Xcode/DerivedData/ModuleCache.noindex/Accessibility-5ZQ5X8GFWH492SYUTDLOYNJ96.pcm /Users/runner/Library/Developer/Xcode/DerivedData/ModuleCache.noindex/_Builtin_inttypes-2VJE3Q7LACMOFWR8DFDHES3LO.pcm /Users/runner/Library/Developer/Xcode/DerivedData/ModuleCache.noindex/UIUtilities-5RL6N96PLZXFENO9XPW9DG9PM.pcm /Users/runner/Library/Developer/Xcode/DerivedData/ModuleCache.noindex/CoreText-6HUASY4J7Q93SZ9X4WAD5QGZE.pcm /Users/runner/Library/Developer/Xcode/DerivedData/ModuleCache.noindex/CoreData-CBUELIPGAK30TC28LOM7XGJ4J.pcm /Users/runner/Library/Developer/Xcode/DerivedData/ModuleCache.noindex/ImageIO-2BTXUUYDR7JHDLXMTAWUEW9BW.pcm /Users/runner/Library/Developer/Xcode/DerivedData/ModuleCache.noindex/DeveloperToolsSupport-ED9Z3FLSATL8Q5V0PU1K6IANB.pcm /Users/runner/Library/Developer/Xcode/DerivedData/ModuleCache.noindex/os-EV24YG5FY27973ZK7SM8YU7FZ.pcm /Users/runner/Library/Developer/Xcode/DerivedData/ModuleCache.noindex/SwiftUICore-CRXAAHF0IYYLG2HLQENV3IY41.pcm /Users/runner/Library/Developer/Xcode/DerivedData/ModuleCache.noindex/Security-CV68WSEGGPB4VRQV4DSVPANZY.pcm /Users/runner/Library/Developer/Xcode/DerivedData/ModuleCache.noindex/SwiftUI-482ETYXHPMV8O0VC703M3EFSE.pcm /Users/runner/Library/Developer/Xcode/DerivedData/ModuleCache.noindex/CoreVideo-3PP4DAYYRE5J9M9ZJO2UP5XPD.pcm /Users/runner/Library/Developer/Xcode/DerivedData/ModuleCache.noindex/os_object-33Y7Q77K15NGPIUTH04U0YZZ0.pcm /Users/runner/Library/Developer/Xcode/DerivedData/ModuleCache.noindex/CoreGraphics-42SZ1ILNNZ2PLSGDVOPVG6NCN.pcm /Users/runner/Library/Developer/Xcode/DerivedData/ModuleCache.noindex/Spatial-T1KOLPD36GONG50BZS42I4BU.pcm /Users/runner/Library/Developer/Xcode/DerivedData/ModuleCache.noindex/XPC-AHIPVKHNAFTNRZR9O59ACQZQI.pcm /Users/runner/Library/Developer/Xcode/DerivedData/ModuleCache.noindex/ExtensionFoundation-A0S3OPW198NGUDFO95T120PT8.pcm /Users/runner/Library/Developer/Xcode/DerivedData/WebBrowser-clqywoufjsuyrtaownclvbrmxizr/Build/Intermediates.noindex/ArchiveIntermediates/WebBrowser/IntermediateBuildFilesPath/Pods.build/Release-iphoneos/ApplePurchaseKit.build/Objects-normal/arm64/ApplePurchaseKit-dependencies-1.json (in target 'ApplePurchaseKit' from project 'Pods')

CompileSwift normal arm64 (in target 'ApplePurchaseKit' from project 'Pods')
    cd /Users/runner/work/Web_Browser/Web_Browser/Pods
    
/Users/runner/work/Web_Browser/Web_Browser/ApplePurchaseKit/ApplePurchaseKit/Classes/WKPurchaseServices.swift:10:8: warning: file 'WKPurchaseServices.swift' is part of module 'ApplePurchaseKit'; ignoring import
import ApplePurchaseKit
       ^
/Users/runner/work/Web_Browser/Web_Browser/ApplePurchaseKit/ApplePurchaseKit/Classes/Records/APKPurchaseManager.swift:66:21: warning: switch covers known cases, but 'Product.PurchaseResult' may have additional unknown values, possibly added in future versions; this is an error in the Swift 6 language mode
                    switch result {
                    ^
/Users/runner/work/Web_Browser/Web_Browser/ApplePurchaseKit/ApplePurchaseKit/Classes/Records/APKPurchaseManager.swift:66:21: note: handle unknown values using "@unknown default"
                    switch result {
                    ^
/Users/runner/work/Web_Browser/Web_Browser/ApplePurchaseKit/ApplePurchaseKit/Classes/APKReportManager.swift:170:51: warning: 'regionCode' was deprecated in iOS 16: renamed to 'region.identifier'
            "source": source + ",\(Locale.current.regionCode ?? "Unknown")",
                                                  ^
/Users/runner/work/Web_Browser/Web_Browser/ApplePurchaseKit/ApplePurchaseKit/Classes/APKReportManager.swift:170:51: note: use 'region.identifier' instead
            "source": source + ",\(Locale.current.regionCode ?? "Unknown")",
                                                  ^~~~~~~~~~
                                                  region.identifier

SwiftDriverJobDiscovery normal arm64 Compiling APKASAManager.swift, APKNetLog.swift, APKNetLogDetailVC.swift, APKNetLogger.swift, APKNetLogListVC.swift, APKNetworkTools.swift, APKOneAppsManager.swift, APKOneAppsRecord.swift, APKOneRecommendApp.swift, APKProduct.swift, APKPurchaseManager.swift, APKRecordDetailViewController.swift, APKRecordsOverViewTableViewController.swift, APKRecordsViewController.swift, APKReportManager.swift, APKSwiftUINetLogListVC.swift, APKSwiftUIRecordsOverViewTableViewController.swift, APKTools.swift, APKTransaction.swift, ApplePurchaseManager.swift, WKAppRootView.swift, WKPurchaseServices.swift, WKUserDefaultManager.swift, WKUserInfo.swift (in target 'ApplePurchaseKit' from project 'Pods')

SwiftDriver\ Compilation\ Requirements ApplePurchaseKit normal arm64 com.apple.xcode.tools.swift.compiler (in target 'ApplePurchaseKit' from project 'Pods')
    cd /Users/runner/work/Web_Browser/Web_Browser/Pods
    builtin-Swift-Compilation-Requirements -- /Applications/Xcode_26.3.app/Contents/Developer/Toolchains/XcodeDefault.xctoolchain/usr/bin/swiftc -module-name ApplePurchaseKit -O -whole-module-optimization -enforce-exclusivity\=checked @/Users/runner/Library/Developer/Xcode/DerivedData/WebBrowser-clqywoufjsuyrtaownclvbrmxizr/Build/Intermediates.noindex/ArchiveIntermediates/WebBrowser/IntermediateBuildFilesPath/Pods.build/Release-iphoneos/ApplePurchaseKit.build/Objects-normal/arm64/ApplePurchaseKit.SwiftFileList -D COCOAPODS -enable-bare-slash-regex -enable-experimental-feature DebugDescriptionMacro -sdk /Applications/Xcode_26.3.app/Contents/Developer/Platforms/iPhoneOS.platform/Developer/SDKs/iPhoneOS26.2.sdk -target arm64-apple-ios16.0 -g -module-cache-path /Users/runner/Library/Developer/Xcode/DerivedData/ModuleCache.noindex -Xfrontend -serialize-debugging-options -swift-version 5 -I /Users/runner/Library/Developer/Xcode/DerivedData/WebBrowser-clqywoufjsuyrtaownclvbrmxizr/Build/Intermediates.noindex/ArchiveIntermediates/WebBrowser/BuildProductsPath/Release-iphoneos/ApplePurchaseKit -F /Users/runner/Library/Developer/Xcode/DerivedData/WebBrowser-clqywoufjsuyrtaownclvbrmxizr/Build/Intermediates.noindex/ArchiveIntermediates/WebBrowser/BuildProductsPath/Release-iphoneos/ApplePurchaseKit -F /Users/runner/Library/Developer/Xcode/DerivedData/WebBrowser-clqywoufjsuyrtaownclvbrmxizr/Build/Intermediates.noindex/ArchiveIntermediates/WebBrowser/BuildProductsPath/Release-iphoneos/KeychainAccess -F /Users/runner/work/Web_Browser/Web_Browser/Pods/UMCommon/UMCommon_7.6.4 -F /Users/runner/work/Web_Browser/Web_Browser/Pods/UMDevice/UMDevice_3.6.0 -F /Users/runner/Library/Developer/Xcode/DerivedData/WebBrowser-clqywoufjsuyrtaownclvbrmxizr/Build/Intermediates.noindex/ArchiveIntermediates/WebBrowser/BuildProductsPath/Release-iphoneos/XCFrameworkIntermediates/UMCommon -F /Users/runner/Library/Developer/Xcode/DerivedData/WebBrowser-clqywoufjsuyrtaownclvbrmxizr/Build/Intermediates.noindex/ArchiveIntermediates/WebBrowser/BuildProductsPath/Release-iphoneos/XCFrameworkIntermediates/UMDevice -c -num-threads 3 -Xcc -ivfsstatcache -Xcc /Users/runner/Library/Developer/Xcode/DerivedData/SDKStatCaches.noindex/iphoneos26.2-23C57-dc75598d0054f22ec865fa860f139d722dd23b4ebda140f7210d155ff1243552.sdkstatcache -output-file-map /Users/runner/Library/Developer/Xcode/DerivedData/WebBrowser-clqywoufjsuyrtaownclvbrmxizr/Build/Intermediates.noindex/ArchiveIntermediates/WebBrowser/IntermediateBuildFilesPath/Pods.build/Release-iphoneos/ApplePurchaseKit.build/Objects-normal/arm64/ApplePurchaseKit-OutputFileMap.json -use-frontend-parseable-output -save-temps -no-color-diagnostics -explicit-module-build -module-cache-path /Users/runner/Library/Developer/Xcode/DerivedData/WebBrowser-clqywoufjsuyrtaownclvbrmxizr/Build/Intermediates.noindex/ArchiveIntermediates/WebBrowser/IntermediateBuildFilesPath/SwiftExplicitPrecompiledModules -clang-scanner-module-cache-path /Users/runner/Library/Developer/Xcode/DerivedData/ModuleCache.noindex -sdk-module-cache-path /Users/runner/Library/Developer/Xcode/DerivedData/ModuleCache.noindex -serialize-diagnostics -emit-dependencies -emit-module -emit-module-path /Users/runner/Library/Developer/Xcode/DerivedData/WebBrowser-clqywoufjsuyrtaownclvbrmxizr/Build/Intermediates.noindex/ArchiveIntermediates/WebBrowser/IntermediateBuildFilesPath/Pods.build/Release-iphoneos/ApplePurchaseKit.build/Objects-normal/arm64/ApplePurchaseKit.swiftmodule -validate-clang-modules-once -clang-build-session-file /Users/runner/Library/Developer/Xcode/DerivedData/ModuleCache.noindex/Session.modulevalidation -Xcc -I/Users/runner/Library/Developer/Xcode/DerivedData/WebBrowser-clqywoufjsuyrtaownclvbrmxizr/Build/Intermediates.noindex/ArchiveIntermediates/WebBrowser/IntermediateBuildFilesPath/Pods.build/Release-iphoneos/ApplePurchaseKit.build/swift-overrides.hmap -emit-const-values -Xfrontend -const-gather-protocols-file -Xfrontend /Users/runner/Library/Developer/Xcode/DerivedData/WebBrowser-clqywoufjsuyrtaownclvbrmxizr/Build/Intermediates.noindex/ArchiveIntermediates/WebBrowser/IntermediateBuildFilesPath/Pods.build/Release-iphoneos/ApplePurchaseKit.build/Objects-normal/arm64/ApplePurchaseKit_const_extract_protocols.json -Xcc -iquote -Xcc /Users/runner/Library/Developer/Xcode/DerivedData/WebBrowser-clqywoufjsuyrtaownclvbrmxizr/Build/Intermediates.noindex/ArchiveIntermediates/WebBrowser/IntermediateBuildFilesPath/Pods.build/Release-iphoneos/ApplePurchaseKit.build/ApplePurchaseKit-generated-files.hmap -Xcc -I/Users/runner/Library/Developer/Xcode/DerivedData/WebBrowser-clqywoufjsuyrtaownclvbrmxizr/Build/Intermediates.noindex/ArchiveIntermediates/WebBrowser/IntermediateBuildFilesPath/Pods.build/Release-iphoneos/ApplePurchaseKit.build/ApplePurchaseKit-own-target-headers.hmap -Xcc -I/Users/runner/Library/Developer/Xcode/DerivedData/WebBrowser-clqywoufjsuyrtaownclvbrmxizr/Build/Intermediates.noindex/ArchiveIntermediates/WebBrowser/IntermediateBuildFilesPath/Pods.build/Release-iphoneos/ApplePurchaseKit.build/ApplePurchaseKit-all-non-framework-target-headers.hmap -Xcc -ivfsoverlay -Xcc /Users/runner/Library/Developer/Xcode/DerivedData/WebBrowser-clqywoufjsuyrtaownclvbrmxizr/Build/Intermediates.noindex/ArchiveIntermediates/WebBrowser/IntermediateBuildFilesPath/Pods.build/Release-iphoneos/Pods-8699adb1dd336b26511df848a716bd42-VFS-iphoneos/all-product-headers.yaml -Xcc -iquote -Xcc /Users/runner/Library/Developer/Xcode/DerivedData/WebBrowser-clqywoufjsuyrtaownclvbrmxizr/Build/Intermediates.noindex/ArchiveIntermediates/WebBrowser/IntermediateBuildFilesPath/Pods.build/Release-iphoneos/ApplePurchaseKit.build/ApplePurchaseKit-project-headers.hmap -Xcc -I/Users/runner/Library/Developer/Xcode/DerivedData/WebBrowser-clqywoufjsuyrtaownclvbrmxizr/Build/Intermediates.noindex/ArchiveIntermediates/WebBrowser/BuildProductsPath/Release-iphoneos/ApplePurchaseKit/include -Xcc -I/Users/runner/Library/Developer/Xcode/DerivedData/WebBrowser-clqywoufjsuyrtaownclvbrmxizr/Build/Intermediates.noindex/ArchiveIntermediates/WebBrowser/IntermediateBuildFilesPath/Pods.build/Release-iphoneos/ApplePurchaseKit.build/DerivedSources-normal/arm64 -Xcc -I/Users/runner/Library/Developer/Xcode/DerivedData/WebBrowser-clqywoufjsuyrtaownclvbrmxizr/Build/Intermediates.noindex/ArchiveIntermediates/WebBrowser/IntermediateBuildFilesPath/Pods.build/Release-iphoneos/ApplePurchaseKit.build/DerivedSources/arm64 -Xcc -I/Users/runner/Library/Developer/Xcode/DerivedData/WebBrowser-clqywoufjsuyrtaownclvbrmxizr/Build/Intermediates.noindex/ArchiveIntermediates/WebBrowser/IntermediateBuildFilesPath/Pods.build/Release-iphoneos/ApplePurchaseKit.build/DerivedSources -Xcc -DPOD_CONFIGURATION_RELEASE\=1 -Xcc -DCOCOAPODS\=1 -emit-objc-header -emit-objc-header-path /Users/runner/Library/Developer/Xcode/DerivedData/WebBrowser-clqywoufjsuyrtaownclvbrmxizr/Build/Intermediates.noindex/ArchiveIntermediates/WebBrowser/IntermediateBuildFilesPath/Pods.build/Release-iphoneos/ApplePurchaseKit.build/Objects-normal/arm64/ApplePurchaseKit-Swift.h -import-underlying-module -Xcc -ivfsoverlay -Xcc /Users/runner/Library/Developer/Xcode/DerivedData/WebBrowser-clqywoufjsuyrtaownclvbrmxizr/Build/Intermediates.noindex/ArchiveIntermediates/WebBrowser/IntermediateBuildFilesPath/Pods.build/Release-iphoneos/ApplePurchaseKit.build/unextended-module-overlay.yaml -working-directory /Users/runner/work/Web_Browser/Web_Browser/Pods -no-emit-module-separately-wmo

SwiftMergeGeneratedHeaders /Users/runner/Library/Developer/Xcode/DerivedData/WebBrowser-clqywoufjsuyrtaownclvbrmxizr/Build/Intermediates.noindex/ArchiveIntermediates/WebBrowser/IntermediateBuildFilesPath/UninstalledProducts/iphoneos/ApplePurchaseKit.framework/Headers/ApplePurchaseKit-Swift.h /Users/runner/Library/Developer/Xcode/DerivedData/WebBrowser-clqywoufjsuyrtaownclvbrmxizr/Build/Intermediates.noindex/ArchiveIntermediates/WebBrowser/IntermediateBuildFilesPath/Pods.build/Release-iphoneos/ApplePurchaseKit.build/Objects-normal/arm64/ApplePurchaseKit-Swift.h (in target 'ApplePurchaseKit' from project 'Pods')
    cd /Users/runner/work/Web_Browser/Web_Browser/Pods
    builtin-swiftHeaderTool -arch arm64 /Users/runner/Library/Developer/Xcode/DerivedData/WebBrowser-clqywoufjsuyrtaownclvbrmxizr/Build/Intermediates.noindex/ArchiveIntermediates/WebBrowser/IntermediateBuildFilesPath/Pods.build/Release-iphoneos/ApplePurchaseKit.build/Objects-normal/arm64/ApplePurchaseKit-Swift.h -o /Users/runner/Library/Developer/Xcode/DerivedData/WebBrowser-clqywoufjsuyrtaownclvbrmxizr/Build/Intermediates.noindex/ArchiveIntermediates/WebBrowser/IntermediateBuildFilesPath/UninstalledProducts/iphoneos/ApplePurchaseKit.framework/Headers/ApplePurchaseKit-Swift.h

Copy /Users/runner/Library/Developer/Xcode/DerivedData/WebBrowser-clqywoufjsuyrtaownclvbrmxizr/Build/Intermediates.noindex/ArchiveIntermediates/WebBrowser/IntermediateBuildFilesPath/UninstalledProducts/iphoneos/ApplePurchaseKit.framework/Modules/ApplePurchaseKit.swiftmodule/arm64-apple-ios.swiftmodule /Users/runner/Library/Developer/Xcode/DerivedData/WebBrowser-clqywoufjsuyrtaownclvbrmxizr/Build/Intermediates.noindex/ArchiveIntermediates/WebBrowser/IntermediateBuildFilesPath/Pods.build/Release-iphoneos/ApplePurchaseKit.build/Objects-normal/arm64/ApplePurchaseKit.swiftmodule (in target 'ApplePurchaseKit' from project 'Pods')
    cd /Users/runner/work/Web_Browser/Web_Browser/Pods
    builtin-copy -exclude .DS_Store -exclude CVS -exclude .svn -exclude .git -exclude .hg -resolve-src-symlinks -rename /Users/runner/Library/Developer/Xcode/DerivedData/WebBrowser-clqywoufjsuyrtaownclvbrmxizr/Build/Intermediates.noindex/ArchiveIntermediates/WebBrowser/IntermediateBuildFilesPath/Pods.build/Release-iphoneos/ApplePurchaseKit.build/Objects-normal/arm64/ApplePurchaseKit.swiftmodule /Users/runner/Library/Developer/Xcode/DerivedData/WebBrowser-clqywoufjsuyrtaownclvbrmxizr/Build/Intermediates.noindex/ArchiveIntermediates/WebBrowser/IntermediateBuildFilesPath/UninstalledProducts/iphoneos/ApplePurchaseKit.framework/Modules/ApplePurchaseKit.swiftmodule/arm64-apple-ios.swiftmodule

Copy /Users/runner/Library/Developer/Xcode/DerivedData/WebBrowser-clqywoufjsuyrtaownclvbrmxizr/Build/Intermediates.noindex/ArchiveIntermediates/WebBrowser/IntermediateBuildFilesPath/UninstalledProducts/iphoneos/ApplePurchaseKit.framework/Modules/ApplePurchaseKit.swiftmodule/arm64-apple-ios.swiftdoc /Users/runner/Library/Developer/Xcode/DerivedData/WebBrowser-clqywoufjsuyrtaownclvbrmxizr/Build/Intermediates.noindex/ArchiveIntermediates/WebBrowser/IntermediateBuildFilesPath/Pods.build/Release-iphoneos/ApplePurchaseKit.build/Objects-normal/arm64/ApplePurchaseKit.swiftdoc (in target 'ApplePurchaseKit' from project 'Pods')
    cd /Users/runner/work/Web_Browser/Web_Browser/Pods
    builtin-copy -exclude .DS_Store -exclude CVS -exclude .svn -exclude .git -exclude .hg -resolve-src-symlinks -rename /Users/runner/Library/Developer/Xcode/DerivedData/WebBrowser-clqywoufjsuyrtaownclvbrmxizr/Build/Intermediates.noindex/ArchiveIntermediates/WebBrowser/IntermediateBuildFilesPath/Pods.build/Release-iphoneos/ApplePurchaseKit.build/Objects-normal/arm64/ApplePurchaseKit.swiftdoc /Users/runner/Library/Developer/Xcode/DerivedData/WebBrowser-clqywoufjsuyrtaownclvbrmxizr/Build/Intermediates.noindex/ArchiveIntermediates/WebBrowser/IntermediateBuildFilesPath/UninstalledProducts/iphoneos/ApplePurchaseKit.framework/Modules/ApplePurchaseKit.swiftmodule/arm64-apple-ios.swiftdoc

Copy /Users/runner/Library/Developer/Xcode/DerivedData/WebBrowser-clqywoufjsuyrtaownclvbrmxizr/Build/Intermediates.noindex/ArchiveIntermediates/WebBrowser/IntermediateBuildFilesPath/UninstalledProducts/iphoneos/ApplePurchaseKit.framework/Modules/ApplePurchaseKit.swiftmodule/arm64-apple-ios.abi.json /Users/runner/Library/Developer/Xcode/DerivedData/WebBrowser-clqywoufjsuyrtaownclvbrmxizr/Build/Intermediates.noindex/ArchiveIntermediates/WebBrowser/IntermediateBuildFilesPath/Pods.build/Release-iphoneos/ApplePurchaseKit.build/Objects-normal/arm64/ApplePurchaseKit.abi.json (in target 'ApplePurchaseKit' from project 'Pods')
    cd /Users/runner/work/Web_Browser/Web_Browser/Pods
    builtin-copy -exclude .DS_Store -exclude CVS -exclude .svn -exclude .git -exclude .hg -resolve-src-symlinks -rename /Users/runner/Library/Developer/Xcode/DerivedData/WebBrowser-clqywoufjsuyrtaownclvbrmxizr/Build/Intermediates.noindex/ArchiveIntermediates/WebBrowser/IntermediateBuildFilesPath/Pods.build/Release-iphoneos/ApplePurchaseKit.build/Objects-normal/arm64/ApplePurchaseKit.abi.json /Users/runner/Library/Developer/Xcode/DerivedData/WebBrowser-clqywoufjsuyrtaownclvbrmxizr/Build/Intermediates.noindex/ArchiveIntermediates/WebBrowser/IntermediateBuildFilesPath/UninstalledProducts/iphoneos/ApplePurchaseKit.framework/Modules/ApplePurchaseKit.swiftmodule/arm64-apple-ios.abi.json

ScanDependencies /Users/runner/Library/Developer/Xcode/DerivedData/WebBrowser-clqywoufjsuyrtaownclvbrmxizr/Build/Intermediates.noindex/ArchiveIntermediates/WebBrowser/IntermediateBuildFilesPath/Pods.build/Release-iphoneos/ApplePurchaseKit.build/Objects-normal/arm64/ApplePurchaseKit_vers.o /Users/runner/Library/Developer/Xcode/DerivedData/WebBrowser-clqywoufjsuyrtaownclvbrmxizr/Build/Intermediates.noindex/ArchiveIntermediates/WebBrowser/IntermediateBuildFilesPath/Pods.build/Release-iphoneos/ApplePurchaseKit.build/DerivedSources/ApplePurchaseKit_vers.c normal arm64 c com.apple.compilers.llvm.clang.1_0.compiler (in target 'ApplePurchaseKit' from project 'Pods')
    cd /Users/runner/work/Web_Browser/Web_Browser/Pods
    
    Using response file: /Users/runner/Library/Developer/Xcode/DerivedData/WebBrowser-clqywoufjsuyrtaownclvbrmxizr/Build/Intermediates.noindex/ArchiveIntermediates/WebBrowser/IntermediateBuildFilesPath/Pods.build/Release-iphoneos/ApplePurchaseKit.build/Objects-normal/arm64/7187679823f38a2a940e0043cdf9d637-common-args.resp
    
    builtin-ScanDependencies -o /Users/runner/Library/Developer/Xcode/DerivedData/WebBrowser-clqywoufjsuyrtaownclvbrmxizr/Build/Intermediates.noindex/ArchiveIntermediates/WebBrowser/IntermediateBuildFilesPath/Pods.build/Release-iphoneos/ApplePurchaseKit.build/Objects-normal/arm64/ApplePurchaseKit_vers.o.scan -- /Applications/Xcode_26.3.app/Contents/Developer/Toolchains/XcodeDefault.xctoolchain/usr/bin/clang -x c -ivfsstatcache /Users/runner/Library/Developer/Xcode/DerivedData/SDKStatCaches.noindex/iphoneos26.2-23C57-dc75598d0054f22ec865fa860f139d722dd23b4ebda140f7210d155ff1243552.sdkstatcache -fmessage-length\=0 -fdiagnostics-show-note-include-stack -fmacro-backtrace-limit\=0 -fno-color-diagnostics -fmodules-prune-interval\=86400 -fmodules-prune-after\=345600 -fbuild-session-file\=/Users/runner/Library/Developer/Xcode/DerivedData/ModuleCache.noindex/Session.modulevalidation -fmodules-validate-once-per-build-session -Wnon-modular-include-in-framework-module -Werror\=non-modular-include-in-framework-module -Wno-trigraphs -Wno-missing-field-initializers -Wno-missing-prototypes -Werror\=return-type -Wdocumentation -Wunreachable-code -Werror\=deprecated-objc-isa-usage -Werror\=objc-root-class -Wno-missing-braces -Wparentheses -Wswitch -Wunused-function -Wno-unused-label -Wno-unused-parameter -Wunused-variable -Wunused-value -Wempty-body -Wuninitialized -Wconditional-uninitialized -Wno-unknown-pragmas -Wno-shadow -Wno-four-char-constants -Wno-conversion -Wconstant-conversion -Wint-conversion -Wbool-conversion -Wenum-conversion -Wno-float-conversion -Wnon-literal-null-conversion -Wobjc-literal-conversion -Wshorten-64-to-32 -Wpointer-sign -Wno-newline-eof -Wno-implicit-fallthrough -fstrict-aliasing -Wdeprecated-declarations -Wno-sign-conversion -Winfinite-recursion -Wcomma -Wblock-capture-autoreleasing -Wstrict-prototypes -Wno-semicolon-before-method-body -Wunguarded-availability @/Users/runner/Library/Developer/Xcode/DerivedData/WebBrowser-clqywoufjsuyrtaownclvbrmxizr/Build/Intermediates.noindex/ArchiveIntermediates/WebBrowser/IntermediateBuildFilesPath/Pods.build/Release-iphoneos/ApplePurchaseKit.build/Objects-normal/arm64/7187679823f38a2a940e0043cdf9d637-common-args.resp -MMD -MT dependencies -MF /Users/runner/Library/Developer/Xcode/DerivedData/WebBrowser-clqywoufjsuyrtaownclvbrmxizr/Build/Intermediates.noindex/ArchiveIntermediates/WebBrowser/IntermediateBuildFilesPath/Pods.build/Release-iphoneos/ApplePurchaseKit.build/Objects-normal/arm64/ApplePurchaseKit_vers.d --serialize-diagnostics /Users/runner/Library/Developer/Xcode/DerivedData/WebBrowser-clqywoufjsuyrtaownclvbrmxizr/Build/Intermediates.noindex/ArchiveIntermediates/WebBrowser/IntermediateBuildFilesPath/Pods.build/Release-iphoneos/ApplePurchaseKit.build/Objects-normal/arm64/ApplePurchaseKit_vers.dia -c /Users/runner/Library/Developer/Xcode/DerivedData/WebBrowser-clqywoufjsuyrtaownclvbrmxizr/Build/Intermediates.noindex/ArchiveIntermediates/WebBrowser/IntermediateBuildFilesPath/Pods.build/Release-iphoneos/ApplePurchaseKit.build/DerivedSources/ApplePurchaseKit_vers.c -o /Users/runner/Library/Developer/Xcode/DerivedData/WebBrowser-clqywoufjsuyrtaownclvbrmxizr/Build/Intermediates.noindex/ArchiveIntermediates/WebBrowser/IntermediateBuildFilesPath/Pods.build/Release-iphoneos/ApplePurchaseKit.build/Objects-normal/arm64/ApplePurchaseKit_vers.o

ScanDependencies /Users/runner/Library/Developer/Xcode/DerivedData/WebBrowser-clqywoufjsuyrtaownclvbrmxizr/Build/Intermediates.noindex/ArchiveIntermediates/WebBrowser/IntermediateBuildFilesPath/Pods.build/Release-iphoneos/ApplePurchaseKit.build/Objects-normal/arm64/ApplePurchaseKit-dummy.o /Users/runner/work/Web_Browser/Web_Browser/Pods/Target\ Support\ Files/ApplePurchaseKit/ApplePurchaseKit-dummy.m normal arm64 objective-c com.apple.compilers.llvm.clang.1_0.compiler (in target 'ApplePurchaseKit' from project 'Pods')
    cd /Users/runner/work/Web_Browser/Web_Browser/Pods
    
    Using response file: /Users/runner/Library/Developer/Xcode/DerivedData/WebBrowser-clqywoufjsuyrtaownclvbrmxizr/Build/Intermediates.noindex/ArchiveIntermediates/WebBrowser/IntermediateBuildFilesPath/Pods.build/Release-iphoneos/ApplePurchaseKit.build/Objects-normal/arm64/e6072d4f65d7061329687fe24e3d63a7-common-args.resp
    
    builtin-ScanDependencies -o /Users/runner/Library/Developer/Xcode/DerivedData/WebBrowser-clqywoufjsuyrtaownclvbrmxizr/Build/Intermediates.noindex/ArchiveIntermediates/WebBrowser/IntermediateBuildFilesPath/Pods.build/Release-iphoneos/ApplePurchaseKit.build/Objects-normal/arm64/ApplePurchaseKit-dummy.o.scan -- /Applications/Xcode_26.3.app/Contents/Developer/Toolchains/XcodeDefault.xctoolchain/usr/bin/clang -x objective-c -ivfsstatcache /Users/runner/Library/Developer/Xcode/DerivedData/SDKStatCaches.noindex/iphoneos26.2-23C57-dc75598d0054f22ec865fa860f139d722dd23b4ebda140f7210d155ff1243552.sdkstatcache -fmessage-length\=0 -fdiagnostics-show-note-include-stack -fmacro-backtrace-limit\=0 -fno-color-diagnostics -fmodules-prune-interval\=86400 -fmodules-prune-after\=345600 -fbuild-session-file\=/Users/runner/Library/Developer/Xcode/DerivedData/ModuleCache.noindex/Session.modulevalidation -fmodules-validate-once-per-build-session -Wnon-modular-include-in-framework-module -Werror\=non-modular-include-in-framework-module -Wno-trigraphs -Wno-missing-field-initializers -Wno-missing-prototypes -Werror\=return-type -Wdocumentation -Wunreachable-code -Wno-implicit-atomic-properties -Werror\=deprecated-objc-isa-usage -Wno-objc-interface-ivars -Werror\=objc-root-class -Wno-arc-repeated-use-of-weak -Wimplicit-retain-self -Wduplicate-method-match -Wno-missing-braces -Wparentheses -Wswitch -Wunused-function -Wno-unused-label -Wno-unused-parameter -Wunused-variable -Wunused-value -Wempty-body -Wuninitialized -Wconditional-uninitialized -Wno-unknown-pragmas -Wno-shadow -Wno-four-char-constants -Wno-conversion -Wconstant-conversion -Wint-conversion -Wbool-conversion -Wenum-conversion -Wno-float-conversion -Wnon-literal-null-conversion -Wobjc-literal-conversion -Wshorten-64-to-32 -Wpointer-sign -Wno-newline-eof -Wno-selector -Wno-strict-selector-match -Wundeclared-selector -Wdeprecated-implementations -Wno-implicit-fallthrough -fstrict-aliasing -Wprotocol -Wdeprecated-declarations -Wno-sign-conversion -Winfinite-recursion -Wcomma -Wblock-capture-autoreleasing -Wstrict-prototypes -Wno-semicolon-before-method-body -Wunguarded-availability @/Users/runner/Library/Developer/Xcode/DerivedData/WebBrowser-clqywoufjsuyrtaownclvbrmxizr/Build/Intermediates.noindex/ArchiveIntermediates/WebBrowser/IntermediateBuildFilesPath/Pods.build/Release-iphoneos/ApplePurchaseKit.build/Objects-normal/arm64/e6072d4f65d7061329687fe24e3d63a7-common-args.resp -include /Users/runner/work/Web_Browser/Web_Browser/Pods/Target\ Support\ Files/ApplePurchaseKit/ApplePurchaseKit-prefix.pch -MMD -MT dependencies -MF /Users/runner/Library/Developer/Xcode/DerivedData/WebBrowser-clqywoufjsuyrtaownclvbrmxizr/Build/Intermediates.noindex/ArchiveIntermediates/WebBrowser/IntermediateBuildFilesPath/Pods.build/Release-iphoneos/ApplePurchaseKit.build/Objects-normal/arm64/ApplePurchaseKit-dummy.d --serialize-diagnostics /Users/runner/Library/Developer/Xcode/DerivedData/WebBrowser-clqywoufjsuyrtaownclvbrmxizr/Build/Intermediates.noindex/ArchiveIntermediates/WebBrowser/IntermediateBuildFilesPath/Pods.build/Release-iphoneos/ApplePurchaseKit.build/Objects-normal/arm64/ApplePurchaseKit-dummy.dia -c /Users/runner/work/Web_Browser/Web_Browser/Pods/Target\ Support\ Files/ApplePurchaseKit/ApplePurchaseKit-dummy.m -o /Users/runner/Library/Developer/Xcode/DerivedData/WebBrowser-clqywoufjsuyrtaownclvbrmxizr/Build/Intermediates.noindex/ArchiveIntermediates/WebBrowser/IntermediateBuildFilesPath/Pods.build/Release-iphoneos/ApplePurchaseKit.build/Objects-normal/arm64/ApplePurchaseKit-dummy.o

ProcessProductPackaging /Users/runner/Library/MobileDevice/Provisioning\ Profiles/9ec4925e-7b82-40ae-b1f5-7e2a4370dddc.mobileprovision /Users/runner/Library/Developer/Xcode/DerivedData/WebBrowser-clqywoufjsuyrtaownclvbrmxizr/Build/Intermediates.noindex/ArchiveIntermediates/WebBrowser/InstallationBuildProductsLocation/Applications/WebBrowser.app/embedded.mobileprovision (in target 'WebBrowser' from project 'WebBrowser')
    cd /Users/runner/work/Web_Browser/Web_Browser
    builtin-productPackagingUtility /Users/runner/Library/MobileDevice/Provisioning\ Profiles/9ec4925e-7b82-40ae-b1f5-7e2a4370dddc.mobileprovision -o /Users/runner/Library/Developer/Xcode/DerivedData/WebBrowser-clqywoufjsuyrtaownclvbrmxizr/Build/Intermediates.noindex/ArchiveIntermediates/WebBrowser/InstallationBuildProductsLocation/Applications/WebBrowser.app/embedded.mobileprovision

ProcessProductPackaging "" /Users/runner/Library/Developer/Xcode/DerivedData/WebBrowser-clqywoufjsuyrtaownclvbrmxizr/Build/Intermediates.noindex/ArchiveIntermediates/WebBrowser/IntermediateBuildFilesPath/WebBrowser.build/Release-iphoneos/WebBrowser.build/WebBrowser.app.xcent (in target 'WebBrowser' from project 'WebBrowser')
    cd /Users/runner/work/Web_Browser/Web_Browser
    
    Entitlements:
    
    {
    "application-identifier" = "NB72MDN3HF.com.web.browser.abody";
    "beta-reports-active" = 1;
    "com.apple.developer.team-identifier" = NB72MDN3HF;
    "get-task-allow" = 0;
}
    
    builtin-productPackagingUtility -entitlements -format xml -o /Users/runner/Library/Developer/Xcode/DerivedData/WebBrowser-clqywoufjsuyrtaownclvbrmxizr/Build/Intermediates.noindex/ArchiveIntermediates/WebBrowser/IntermediateBuildFilesPath/WebBrowser.build/Release-iphoneos/WebBrowser.build/WebBrowser.app.xcent

ProcessProductPackagingDER /Users/runner/Library/Developer/Xcode/DerivedData/WebBrowser-clqywoufjsuyrtaownclvbrmxizr/Build/Intermediates.noindex/ArchiveIntermediates/WebBrowser/IntermediateBuildFilesPath/WebBrowser.build/Release-iphoneos/WebBrowser.build/WebBrowser.app.xcent /Users/runner/Library/Developer/Xcode/DerivedData/WebBrowser-clqywoufjsuyrtaownclvbrmxizr/Build/Intermediates.noindex/ArchiveIntermediates/WebBrowser/IntermediateBuildFilesPath/WebBrowser.build/Release-iphoneos/WebBrowser.build/WebBrowser.app.xcent.der (in target 'WebBrowser' from project 'WebBrowser')
    cd /Users/runner/work/Web_Browser/Web_Browser
    /usr/bin/derq query -f xml -i /Users/runner/Library/Developer/Xcode/DerivedData/WebBrowser-clqywoufjsuyrtaownclvbrmxizr/Build/Intermediates.noindex/ArchiveIntermediates/WebBrowser/IntermediateBuildFilesPath/WebBrowser.build/Release-iphoneos/WebBrowser.build/WebBrowser.app.xcent -o /Users/runner/Library/Developer/Xcode/DerivedData/WebBrowser-clqywoufjsuyrtaownclvbrmxizr/Build/Intermediates.noindex/ArchiveIntermediates/WebBrowser/IntermediateBuildFilesPath/WebBrowser.build/Release-iphoneos/WebBrowser.build/WebBrowser.app.xcent.der --raw

CompileC /Users/runner/Library/Developer/Xcode/DerivedData/WebBrowser-clqywoufjsuyrtaownclvbrmxizr/Build/Intermediates.noindex/ArchiveIntermediates/WebBrowser/IntermediateBuildFilesPath/Pods.build/Release-iphoneos/ApplePurchaseKit.build/Objects-normal/arm64/ApplePurchaseKit_vers.o /Users/runner/Library/Developer/Xcode/DerivedData/WebBrowser-clqywoufjsuyrtaownclvbrmxizr/Build/Intermediates.noindex/ArchiveIntermediates/WebBrowser/IntermediateBuildFilesPath/Pods.build/Release-iphoneos/ApplePurchaseKit.build/DerivedSources/ApplePurchaseKit_vers.c normal arm64 c com.apple.compilers.llvm.clang.1_0.compiler (in target 'ApplePurchaseKit' from project 'Pods')
    cd /Users/runner/work/Web_Browser/Web_Browser/Pods
    
    Using response file: /Users/runner/Library/Developer/Xcode/DerivedData/WebBrowser-clqywoufjsuyrtaownclvbrmxizr/Build/Intermediates.noindex/ArchiveIntermediates/WebBrowser/IntermediateBuildFilesPath/Pods.build/Release-iphoneos/ApplePurchaseKit.build/Objects-normal/arm64/7187679823f38a2a940e0043cdf9d637-common-args.resp
    
    /Applications/Xcode_26.3.app/Contents/Developer/Toolchains/XcodeDefault.xctoolchain/usr/bin/clang -x c -ivfsstatcache /Users/runner/Library/Developer/Xcode/DerivedData/SDKStatCaches.noindex/iphoneos26.2-23C57-dc75598d0054f22ec865fa860f139d722dd23b4ebda140f7210d155ff1243552.sdkstatcache -fmessage-length\=0 -fdiagnostics-show-note-include-stack -fmacro-backtrace-limit\=0 -fno-color-diagnostics -fmodules-prune-interval\=86400 -fmodules-prune-after\=345600 -fbuild-session-file\=/Users/runner/Library/Developer/Xcode/DerivedData/ModuleCache.noindex/Session.modulevalidation -fmodules-validate-once-per-build-session -Wnon-modular-include-in-framework-module -Werror\=non-modular-include-in-framework-module -Wno-trigraphs -Wno-missing-field-initializers -Wno-missing-prototypes -Werror\=return-type -Wdocumentation -Wunreachable-code -Werror\=deprecated-objc-isa-usage -Werror\=objc-root-class -Wno-missing-braces -Wparentheses -Wswitch -Wunused-function -Wno-unused-label -Wno-unused-parameter -Wunused-variable -Wunused-value -Wempty-body -Wuninitialized -Wconditional-uninitialized -Wno-unknown-pragmas -Wno-shadow -Wno-four-char-constants -Wno-conversion -Wconstant-conversion -Wint-conversion -Wbool-conversion -Wenum-conversion -Wno-float-conversion -Wnon-literal-null-conversion -Wobjc-literal-conversion -Wshorten-64-to-32 -Wpointer-sign -Wno-newline-eof -Wno-implicit-fallthrough -fstrict-aliasing -Wdeprecated-declarations -Wno-sign-conversion -Winfinite-recursion -Wcomma -Wblock-capture-autoreleasing -Wstrict-prototypes -Wno-semicolon-before-method-body -Wunguarded-availability @/Users/runner/Library/Developer/Xcode/DerivedData/WebBrowser-clqywoufjsuyrtaownclvbrmxizr/Build/Intermediates.noindex/ArchiveIntermediates/WebBrowser/IntermediateBuildFilesPath/Pods.build/Release-iphoneos/ApplePurchaseKit.build/Objects-normal/arm64/7187679823f38a2a940e0043cdf9d637-common-args.resp -MMD -MT dependencies -MF /Users/runner/Library/Developer/Xcode/DerivedData/WebBrowser-clqywoufjsuyrtaownclvbrmxizr/Build/Intermediates.noindex/ArchiveIntermediates/WebBrowser/IntermediateBuildFilesPath/Pods.build/Release-iphoneos/ApplePurchaseKit.build/Objects-normal/arm64/ApplePurchaseKit_vers.d --serialize-diagnostics /Users/runner/Library/Developer/Xcode/DerivedData/WebBrowser-clqywoufjsuyrtaownclvbrmxizr/Build/Intermediates.noindex/ArchiveIntermediates/WebBrowser/IntermediateBuildFilesPath/Pods.build/Release-iphoneos/ApplePurchaseKit.build/Objects-normal/arm64/ApplePurchaseKit_vers.dia -c /Users/runner/Library/Developer/Xcode/DerivedData/WebBrowser-clqywoufjsuyrtaownclvbrmxizr/Build/Intermediates.noindex/ArchiveIntermediates/WebBrowser/IntermediateBuildFilesPath/Pods.build/Release-iphoneos/ApplePurchaseKit.build/DerivedSources/ApplePurchaseKit_vers.c -o /Users/runner/Library/Developer/Xcode/DerivedData/WebBrowser-clqywoufjsuyrtaownclvbrmxizr/Build/Intermediates.noindex/ArchiveIntermediates/WebBrowser/IntermediateBuildFilesPath/Pods.build/Release-iphoneos/ApplePurchaseKit.build/Objects-normal/arm64/ApplePurchaseKit_vers.o

ScanDependencies /Users/runner/Library/Developer/Xcode/DerivedData/WebBrowser-clqywoufjsuyrtaownclvbrmxizr/Build/Intermediates.noindex/ArchiveIntermediates/WebBrowser/IntermediateBuildFilesPath/Pods.build/Release-iphoneos/Pods-WebBrowser.build/Objects-normal/arm64/Pods_WebBrowser_vers.o /Users/runner/Library/Developer/Xcode/DerivedData/WebBrowser-clqywoufjsuyrtaownclvbrmxizr/Build/Intermediates.noindex/ArchiveIntermediates/WebBrowser/IntermediateBuildFilesPath/Pods.build/Release-iphoneos/Pods-WebBrowser.build/DerivedSources/Pods_WebBrowser_vers.c normal arm64 c com.apple.compilers.llvm.clang.1_0.compiler (in target 'Pods-WebBrowser' from project 'Pods')
    cd /Users/runner/work/Web_Browser/Web_Browser/Pods
    
    Using response file: /Users/runner/Library/Developer/Xcode/DerivedData/WebBrowser-clqywoufjsuyrtaownclvbrmxizr/Build/Intermediates.noindex/ArchiveIntermediates/WebBrowser/IntermediateBuildFilesPath/Pods.build/Release-iphoneos/Pods-WebBrowser.build/Objects-normal/arm64/7187679823f38a2a940e0043cdf9d637-common-args.resp
    
    builtin-ScanDependencies -o /Users/runner/Library/Developer/Xcode/DerivedData/WebBrowser-clqywoufjsuyrtaownclvbrmxizr/Build/Intermediates.noindex/ArchiveIntermediates/WebBrowser/IntermediateBuildFilesPath/Pods.build/Release-iphoneos/Pods-WebBrowser.build/Objects-normal/arm64/Pods_WebBrowser_vers.o.scan -- /Applications/Xcode_26.3.app/Contents/Developer/Toolchains/XcodeDefault.xctoolchain/usr/bin/clang -x c -ivfsstatcache /Users/runner/Library/Developer/Xcode/DerivedData/SDKStatCaches.noindex/iphoneos26.2-23C57-dc75598d0054f22ec865fa860f139d722dd23b4ebda140f7210d155ff1243552.sdkstatcache -fmessage-length\=0 -fdiagnostics-show-note-include-stack -fmacro-backtrace-limit\=0 -fno-color-diagnostics -fmodules-prune-interval\=86400 -fmodules-prune-after\=345600 -fbuild-session-file\=/Users/runner/Library/Developer/Xcode/DerivedData/ModuleCache.noindex/Session.modulevalidation -fmodules-validate-once-per-build-session -Wnon-modular-include-in-framework-module -Werror\=non-modular-include-in-framework-module -Wno-trigraphs -Wno-missing-field-initializers -Wno-missing-prototypes -Werror\=return-type -Wdocumentation -Wunreachable-code -Werror\=deprecated-objc-isa-usage -Werror\=objc-root-class -Wno-missing-braces -Wparentheses -Wswitch -Wunused-function -Wno-unused-label -Wno-unused-parameter -Wunused-variable -Wunused-value -Wempty-body -Wuninitialized -Wconditional-uninitialized -Wno-unknown-pragmas -Wno-shadow -Wno-four-char-constants -Wno-conversion -Wconstant-conversion -Wint-conversion -Wbool-conversion -Wenum-conversion -Wno-float-conversion -Wnon-literal-null-conversion -Wobjc-literal-conversion -Wshorten-64-to-32 -Wpointer-sign -Wno-newline-eof -Wno-implicit-fallthrough -fstrict-aliasing -Wdeprecated-declarations -Wno-sign-conversion -Winfinite-recursion -Wcomma -Wblock-capture-autoreleasing -Wstrict-prototypes -Wno-semicolon-before-method-body -Wunguarded-availability @/Users/runner/Library/Developer/Xcode/DerivedData/WebBrowser-clqywoufjsuyrtaownclvbrmxizr/Build/Intermediates.noindex/ArchiveIntermediates/WebBrowser/IntermediateBuildFilesPath/Pods.build/Release-iphoneos/Pods-WebBrowser.build/Objects-normal/arm64/7187679823f38a2a940e0043cdf9d637-common-args.resp -MMD -MT dependencies -MF /Users/runner/Library/Developer/Xcode/DerivedData/WebBrowser-clqywoufjsuyrtaownclvbrmxizr/Build/Intermediates.noindex/ArchiveIntermediates/WebBrowser/IntermediateBuildFilesPath/Pods.build/Release-iphoneos/Pods-WebBrowser.build/Objects-normal/arm64/Pods_WebBrowser_vers.d --serialize-diagnostics /Users/runner/Library/Developer/Xcode/DerivedData/WebBrowser-clqywoufjsuyrtaownclvbrmxizr/Build/Intermediates.noindex/ArchiveIntermediates/WebBrowser/IntermediateBuildFilesPath/Pods.build/Release-iphoneos/Pods-WebBrowser.build/Objects-normal/arm64/Pods_WebBrowser_vers.dia -c /Users/runner/Library/Developer/Xcode/DerivedData/WebBrowser-clqywoufjsuyrtaownclvbrmxizr/Build/Intermediates.noindex/ArchiveIntermediates/WebBrowser/IntermediateBuildFilesPath/Pods.build/Release-iphoneos/Pods-WebBrowser.build/DerivedSources/Pods_WebBrowser_vers.c -o /Users/runner/Library/Developer/Xcode/DerivedData/WebBrowser-clqywoufjsuyrtaownclvbrmxizr/Build/Intermediates.noindex/ArchiveIntermediates/WebBrowser/IntermediateBuildFilesPath/Pods.build/Release-iphoneos/Pods-WebBrowser.build/Objects-normal/arm64/Pods_WebBrowser_vers.o

ScanDependencies /Users/runner/Library/Developer/Xcode/DerivedData/WebBrowser-clqywoufjsuyrtaownclvbrmxizr/Build/Intermediates.noindex/ArchiveIntermediates/WebBrowser/IntermediateBuildFilesPath/Pods.build/Release-iphoneos/Pods-WebBrowser.build/Objects-normal/arm64/Pods-WebBrowser-dummy.o /Users/runner/work/Web_Browser/Web_Browser/Pods/Target\ Support\ Files/Pods-WebBrowser/Pods-WebBrowser-dummy.m normal arm64 objective-c com.apple.compilers.llvm.clang.1_0.compiler (in target 'Pods-WebBrowser' from project 'Pods')
    cd /Users/runner/work/Web_Browser/Web_Browser/Pods
    
    Using response file: /Users/runner/Library/Developer/Xcode/DerivedData/WebBrowser-clqywoufjsuyrtaownclvbrmxizr/Build/Intermediates.noindex/ArchiveIntermediates/WebBrowser/IntermediateBuildFilesPath/Pods.build/Release-iphoneos/Pods-WebBrowser.build/Objects-normal/arm64/e6072d4f65d7061329687fe24e3d63a7-common-args.resp
    
    builtin-ScanDependencies -o /Users/runner/Library/Developer/Xcode/DerivedData/WebBrowser-clqywoufjsuyrtaownclvbrmxizr/Build/Intermediates.noindex/ArchiveIntermediates/WebBrowser/IntermediateBuildFilesPath/Pods.build/Release-iphoneos/Pods-WebBrowser.build/Objects-normal/arm64/Pods-WebBrowser-dummy.o.scan -- /Applications/Xcode_26.3.app/Contents/Developer/Toolchains/XcodeDefault.xctoolchain/usr/bin/clang -x objective-c -ivfsstatcache /Users/runner/Library/Developer/Xcode/DerivedData/SDKStatCaches.noindex/iphoneos26.2-23C57-dc75598d0054f22ec865fa860f139d722dd23b4ebda140f7210d155ff1243552.sdkstatcache -fmessage-length\=0 -fdiagnostics-show-note-include-stack -fmacro-backtrace-limit\=0 -fno-color-diagnostics -fmodules-prune-interval\=86400 -fmodules-prune-after\=345600 -fbuild-session-file\=/Users/runner/Library/Developer/Xcode/DerivedData/ModuleCache.noindex/Session.modulevalidation -fmodules-validate-once-per-build-session -Wnon-modular-include-in-framework-module -Werror\=non-modular-include-in-framework-module -Wno-trigraphs -Wno-missing-field-initializers -Wno-missing-prototypes -Werror\=return-type -Wdocumentation -Wunreachable-code -Wno-implicit-atomic-properties -Werror\=deprecated-objc-isa-usage -Wno-objc-interface-ivars -Werror\=objc-root-class -Wno-arc-repeated-use-of-weak -Wimplicit-retain-self -Wduplicate-method-match -Wno-missing-braces -Wparentheses -Wswitch -Wunused-function -Wno-unused-label -Wno-unused-parameter -Wunused-variable -Wunused-value -Wempty-body -Wuninitialized -Wconditional-uninitialized -Wno-unknown-pragmas -Wno-shadow -Wno-four-char-constants -Wno-conversion -Wconstant-conversion -Wint-conversion -Wbool-conversion -Wenum-conversion -Wno-float-conversion -Wnon-literal-null-conversion -Wobjc-literal-conversion -Wshorten-64-to-32 -Wpointer-sign -Wno-newline-eof -Wno-selector -Wno-strict-selector-match -Wundeclared-selector -Wdeprecated-implementations -Wno-implicit-fallthrough -fstrict-aliasing -Wprotocol -Wdeprecated-declarations -Wno-sign-conversion -Winfinite-recursion -Wcomma -Wblock-capture-autoreleasing -Wstrict-prototypes -Wno-semicolon-before-method-body -Wunguarded-availability @/Users/runner/Library/Developer/Xcode/DerivedData/WebBrowser-clqywoufjsuyrtaownclvbrmxizr/Build/Intermediates.noindex/ArchiveIntermediates/WebBrowser/IntermediateBuildFilesPath/Pods.build/Release-iphoneos/Pods-WebBrowser.build/Objects-normal/arm64/e6072d4f65d7061329687fe24e3d63a7-common-args.resp -MMD -MT dependencies -MF /Users/runner/Library/Developer/Xcode/DerivedData/WebBrowser-clqywoufjsuyrtaownclvbrmxizr/Build/Intermediates.noindex/ArchiveIntermediates/WebBrowser/IntermediateBuildFilesPath/Pods.build/Release-iphoneos/Pods-WebBrowser.build/Objects-normal/arm64/Pods-WebBrowser-dummy.d --serialize-diagnostics /Users/runner/Library/Developer/Xcode/DerivedData/WebBrowser-clqywoufjsuyrtaownclvbrmxizr/Build/Intermediates.noindex/ArchiveIntermediates/WebBrowser/IntermediateBuildFilesPath/Pods.build/Release-iphoneos/Pods-WebBrowser.build/Objects-normal/arm64/Pods-WebBrowser-dummy.dia -c /Users/runner/work/Web_Browser/Web_Browser/Pods/Target\ Support\ Files/Pods-WebBrowser/Pods-WebBrowser-dummy.m -o /Users/runner/Library/Developer/Xcode/DerivedData/WebBrowser-clqywoufjsuyrtaownclvbrmxizr/Build/Intermediates.noindex/ArchiveIntermediates/WebBrowser/IntermediateBuildFilesPath/Pods.build/Release-iphoneos/Pods-WebBrowser.build/Objects-normal/arm64/Pods-WebBrowser-dummy.o

CompileC /Users/runner/Library/Developer/Xcode/DerivedData/WebBrowser-clqywoufjsuyrtaownclvbrmxizr/Build/Intermediates.noindex/ArchiveIntermediates/WebBrowser/IntermediateBuildFilesPath/Pods.build/Release-iphoneos/Pods-WebBrowser.build/Objects-normal/arm64/Pods_WebBrowser_vers.o /Users/runner/Library/Developer/Xcode/DerivedData/WebBrowser-clqywoufjsuyrtaownclvbrmxizr/Build/Intermediates.noindex/ArchiveIntermediates/WebBrowser/IntermediateBuildFilesPath/Pods.build/Release-iphoneos/Pods-WebBrowser.build/DerivedSources/Pods_WebBrowser_vers.c normal arm64 c com.apple.compilers.llvm.clang.1_0.compiler (in target 'Pods-WebBrowser' from project 'Pods')
    cd /Users/runner/work/Web_Browser/Web_Browser/Pods
    
    Using response file: /Users/runner/Library/Developer/Xcode/DerivedData/WebBrowser-clqywoufjsuyrtaownclvbrmxizr/Build/Intermediates.noindex/ArchiveIntermediates/WebBrowser/IntermediateBuildFilesPath/Pods.build/Release-iphoneos/Pods-WebBrowser.build/Objects-normal/arm64/7187679823f38a2a940e0043cdf9d637-common-args.resp
    
    /Applications/Xcode_26.3.app/Contents/Developer/Toolchains/XcodeDefault.xctoolchain/usr/bin/clang -x c -ivfsstatcache /Users/runner/Library/Developer/Xcode/DerivedData/SDKStatCaches.noindex/iphoneos26.2-23C57-dc75598d0054f22ec865fa860f139d722dd23b4ebda140f7210d155ff1243552.sdkstatcache -fmessage-length\=0 -fdiagnostics-show-note-include-stack -fmacro-backtrace-limit\=0 -fno-color-diagnostics -fmodules-prune-interval\=86400 -fmodules-prune-after\=345600 -fbuild-session-file\=/Users/runner/Library/Developer/Xcode/DerivedData/ModuleCache.noindex/Session.modulevalidation -fmodules-validate-once-per-build-session -Wnon-modular-include-in-framework-module -Werror\=non-modular-include-in-framework-module -Wno-trigraphs -Wno-missing-field-initializers -Wno-missing-prototypes -Werror\=return-type -Wdocumentation -Wunreachable-code -Werror\=deprecated-objc-isa-usage -Werror\=objc-root-class -Wno-missing-braces -Wparentheses -Wswitch -Wunused-function -Wno-unused-label -Wno-unused-parameter -Wunused-variable -Wunused-value -Wempty-body -Wuninitialized -Wconditional-uninitialized -Wno-unknown-pragmas -Wno-shadow -Wno-four-char-constants -Wno-conversion -Wconstant-conversion -Wint-conversion -Wbool-conversion -Wenum-conversion -Wno-float-conversion -Wnon-literal-null-conversion -Wobjc-literal-conversion -Wshorten-64-to-32 -Wpointer-sign -Wno-newline-eof -Wno-implicit-fallthrough -fstrict-aliasing -Wdeprecated-declarations -Wno-sign-conversion -Winfinite-recursion -Wcomma -Wblock-capture-autoreleasing -Wstrict-prototypes -Wno-semicolon-before-method-body -Wunguarded-availability @/Users/runner/Library/Developer/Xcode/DerivedData/WebBrowser-clqywoufjsuyrtaownclvbrmxizr/Build/Intermediates.noindex/ArchiveIntermediates/WebBrowser/IntermediateBuildFilesPath/Pods.build/Release-iphoneos/Pods-WebBrowser.build/Objects-normal/arm64/7187679823f38a2a940e0043cdf9d637-common-args.resp -MMD -MT dependencies -MF /Users/runner/Library/Developer/Xcode/DerivedData/WebBrowser-clqywoufjsuyrtaownclvbrmxizr/Build/Intermediates.noindex/ArchiveIntermediates/WebBrowser/IntermediateBuildFilesPath/Pods.build/Release-iphoneos/Pods-WebBrowser.build/Objects-normal/arm64/Pods_WebBrowser_vers.d --serialize-diagnostics /Users/runner/Library/Developer/Xcode/DerivedData/WebBrowser-clqywoufjsuyrtaownclvbrmxizr/Build/Intermediates.noindex/ArchiveIntermediates/WebBrowser/IntermediateBuildFilesPath/Pods.build/Release-iphoneos/Pods-WebBrowser.build/Objects-normal/arm64/Pods_WebBrowser_vers.dia -c /Users/runner/Library/Developer/Xcode/DerivedData/WebBrowser-clqywoufjsuyrtaownclvbrmxizr/Build/Intermediates.noindex/ArchiveIntermediates/WebBrowser/IntermediateBuildFilesPath/Pods.build/Release-iphoneos/Pods-WebBrowser.build/DerivedSources/Pods_WebBrowser_vers.c -o /Users/runner/Library/Developer/Xcode/DerivedData/WebBrowser-clqywoufjsuyrtaownclvbrmxizr/Build/Intermediates.noindex/ArchiveIntermediates/WebBrowser/IntermediateBuildFilesPath/Pods.build/Release-iphoneos/Pods-WebBrowser.build/Objects-normal/arm64/Pods_WebBrowser_vers.o

CompileC /Users/runner/Library/Developer/Xcode/DerivedData/WebBrowser-clqywoufjsuyrtaownclvbrmxizr/Build/Intermediates.noindex/ArchiveIntermediates/WebBrowser/IntermediateBuildFilesPath/Pods.build/Release-iphoneos/Pods-WebBrowser.build/Objects-normal/arm64/Pods-WebBrowser-dummy.o /Users/runner/work/Web_Browser/Web_Browser/Pods/Target\ Support\ Files/Pods-WebBrowser/Pods-WebBrowser-dummy.m normal arm64 objective-c com.apple.compilers.llvm.clang.1_0.compiler (in target 'Pods-WebBrowser' from project 'Pods')
    cd /Users/runner/work/Web_Browser/Web_Browser/Pods
    
    Using response file: /Users/runner/Library/Developer/Xcode/DerivedData/WebBrowser-clqywoufjsuyrtaownclvbrmxizr/Build/Intermediates.noindex/ArchiveIntermediates/WebBrowser/IntermediateBuildFilesPath/Pods.build/Release-iphoneos/Pods-WebBrowser.build/Objects-normal/arm64/e6072d4f65d7061329687fe24e3d63a7-common-args.resp
    
    /Applications/Xcode_26.3.app/Contents/Developer/Toolchains/XcodeDefault.xctoolchain/usr/bin/clang -x objective-c -ivfsstatcache /Users/runner/Library/Developer/Xcode/DerivedData/SDKStatCaches.noindex/iphoneos26.2-23C57-dc75598d0054f22ec865fa860f139d722dd23b4ebda140f7210d155ff1243552.sdkstatcache -fmessage-length\=0 -fdiagnostics-show-note-include-stack -fmacro-backtrace-limit\=0 -fno-color-diagnostics -fmodules-prune-interval\=86400 -fmodules-prune-after\=345600 -fbuild-session-file\=/Users/runner/Library/Developer/Xcode/DerivedData/ModuleCache.noindex/Session.modulevalidation -fmodules-validate-once-per-build-session -Wnon-modular-include-in-framework-module -Werror\=non-modular-include-in-framework-module -Wno-trigraphs -Wno-missing-field-initializers -Wno-missing-prototypes -Werror\=return-type -Wdocumentation -Wunreachable-code -Wno-implicit-atomic-properties -Werror\=deprecated-objc-isa-usage -Wno-objc-interface-ivars -Werror\=objc-root-class -Wno-arc-repeated-use-of-weak -Wimplicit-retain-self -Wduplicate-method-match -Wno-missing-braces -Wparentheses -Wswitch -Wunused-function -Wno-unused-label -Wno-unused-parameter -Wunused-variable -Wunused-value -Wempty-body -Wuninitialized -Wconditional-uninitialized -Wno-unknown-pragmas -Wno-shadow -Wno-four-char-constants -Wno-conversion -Wconstant-conversion -Wint-conversion -Wbool-conversion -Wenum-conversion -Wno-float-conversion -Wnon-literal-null-conversion -Wobjc-literal-conversion -Wshorten-64-to-32 -Wpointer-sign -Wno-newline-eof -Wno-selector -Wno-strict-selector-match -Wundeclared-selector -Wdeprecated-implementations -Wno-implicit-fallthrough -fstrict-aliasing -Wprotocol -Wdeprecated-declarations -Wno-sign-conversion -Winfinite-recursion -Wcomma -Wblock-capture-autoreleasing -Wstrict-prototypes -Wno-semicolon-before-method-body -Wunguarded-availability @/Users/runner/Library/Developer/Xcode/DerivedData/WebBrowser-clqywoufjsuyrtaownclvbrmxizr/Build/Intermediates.noindex/ArchiveIntermediates/WebBrowser/IntermediateBuildFilesPath/Pods.build/Release-iphoneos/Pods-WebBrowser.build/Objects-normal/arm64/e6072d4f65d7061329687fe24e3d63a7-common-args.resp -MMD -MT dependencies -MF /Users/runner/Library/Developer/Xcode/DerivedData/WebBrowser-clqywoufjsuyrtaownclvbrmxizr/Build/Intermediates.noindex/ArchiveIntermediates/WebBrowser/IntermediateBuildFilesPath/Pods.build/Release-iphoneos/Pods-WebBrowser.build/Objects-normal/arm64/Pods-WebBrowser-dummy.d --serialize-diagnostics /Users/runner/Library/Developer/Xcode/DerivedData/WebBrowser-clqywoufjsuyrtaownclvbrmxizr/Build/Intermediates.noindex/ArchiveIntermediates/WebBrowser/IntermediateBuildFilesPath/Pods.build/Release-iphoneos/Pods-WebBrowser.build/Objects-normal/arm64/Pods-WebBrowser-dummy.dia -c /Users/runner/work/Web_Browser/Web_Browser/Pods/Target\ Support\ Files/Pods-WebBrowser/Pods-WebBrowser-dummy.m -o /Users/runner/Library/Developer/Xcode/DerivedData/WebBrowser-clqywoufjsuyrtaownclvbrmxizr/Build/Intermediates.noindex/ArchiveIntermediates/WebBrowser/IntermediateBuildFilesPath/Pods.build/Release-iphoneos/Pods-WebBrowser.build/Objects-normal/arm64/Pods-WebBrowser-dummy.o

CompileC /Users/runner/Library/Developer/Xcode/DerivedData/WebBrowser-clqywoufjsuyrtaownclvbrmxizr/Build/Intermediates.noindex/ArchiveIntermediates/WebBrowser/IntermediateBuildFilesPath/Pods.build/Release-iphoneos/ApplePurchaseKit.build/Objects-normal/arm64/ApplePurchaseKit-dummy.o /Users/runner/work/Web_Browser/Web_Browser/Pods/Target\ Support\ Files/ApplePurchaseKit/ApplePurchaseKit-dummy.m normal arm64 objective-c com.apple.compilers.llvm.clang.1_0.compiler (in target 'ApplePurchaseKit' from project 'Pods')
    cd /Users/runner/work/Web_Browser/Web_Browser/Pods
    
    Using response file: /Users/runner/Library/Developer/Xcode/DerivedData/WebBrowser-clqywoufjsuyrtaownclvbrmxizr/Build/Intermediates.noindex/ArchiveIntermediates/WebBrowser/IntermediateBuildFilesPath/Pods.build/Release-iphoneos/ApplePurchaseKit.build/Objects-normal/arm64/e6072d4f65d7061329687fe24e3d63a7-common-args.resp
    
    /Applications/Xcode_26.3.app/Contents/Developer/Toolchains/XcodeDefault.xctoolchain/usr/bin/clang -x objective-c -ivfsstatcache /Users/runner/Library/Developer/Xcode/DerivedData/SDKStatCaches.noindex/iphoneos26.2-23C57-dc75598d0054f22ec865fa860f139d722dd23b4ebda140f7210d155ff1243552.sdkstatcache -fmessage-length\=0 -fdiagnostics-show-note-include-stack -fmacro-backtrace-limit\=0 -fno-color-diagnostics -fmodules-prune-interval\=86400 -fmodules-prune-after\=345600 -fbuild-session-file\=/Users/runner/Library/Developer/Xcode/DerivedData/ModuleCache.noindex/Session.modulevalidation -fmodules-validate-once-per-build-session -Wnon-modular-include-in-framework-module -Werror\=non-modular-include-in-framework-module -Wno-trigraphs -Wno-missing-field-initializers -Wno-missing-prototypes -Werror\=return-type -Wdocumentation -Wunreachable-code -Wno-implicit-atomic-properties -Werror\=deprecated-objc-isa-usage -Wno-objc-interface-ivars -Werror\=objc-root-class -Wno-arc-repeated-use-of-weak -Wimplicit-retain-self -Wduplicate-method-match -Wno-missing-braces -Wparentheses -Wswitch -Wunused-function -Wno-unused-label -Wno-unused-parameter -Wunused-variable -Wunused-value -Wempty-body -Wuninitialized -Wconditional-uninitialized -Wno-unknown-pragmas -Wno-shadow -Wno-four-char-constants -Wno-conversion -Wconstant-conversion -Wint-conversion -Wbool-conversion -Wenum-conversion -Wno-float-conversion -Wnon-literal-null-conversion -Wobjc-literal-conversion -Wshorten-64-to-32 -Wpointer-sign -Wno-newline-eof -Wno-selector -Wno-strict-selector-match -Wundeclared-selector -Wdeprecated-implementations -Wno-implicit-fallthrough -fstrict-aliasing -Wprotocol -Wdeprecated-declarations -Wno-sign-conversion -Winfinite-recursion -Wcomma -Wblock-capture-autoreleasing -Wstrict-prototypes -Wno-semicolon-before-method-body -Wunguarded-availability @/Users/runner/Library/Developer/Xcode/DerivedData/WebBrowser-clqywoufjsuyrtaownclvbrmxizr/Build/Intermediates.noindex/ArchiveIntermediates/WebBrowser/IntermediateBuildFilesPath/Pods.build/Release-iphoneos/ApplePurchaseKit.build/Objects-normal/arm64/e6072d4f65d7061329687fe24e3d63a7-common-args.resp -include /Users/runner/work/Web_Browser/Web_Browser/Pods/Target\ Support\ Files/ApplePurchaseKit/ApplePurchaseKit-prefix.pch -MMD -MT dependencies -MF /Users/runner/Library/Developer/Xcode/DerivedData/WebBrowser-clqywoufjsuyrtaownclvbrmxizr/Build/Intermediates.noindex/ArchiveIntermediates/WebBrowser/IntermediateBuildFilesPath/Pods.build/Release-iphoneos/ApplePurchaseKit.build/Objects-normal/arm64/ApplePurchaseKit-dummy.d --serialize-diagnostics /Users/runner/Library/Developer/Xcode/DerivedData/WebBrowser-clqywoufjsuyrtaownclvbrmxizr/Build/Intermediates.noindex/ArchiveIntermediates/WebBrowser/IntermediateBuildFilesPath/Pods.build/Release-iphoneos/ApplePurchaseKit.build/Objects-normal/arm64/ApplePurchaseKit-dummy.dia -c /Users/runner/work/Web_Browser/Web_Browser/Pods/Target\ Support\ Files/ApplePurchaseKit/ApplePurchaseKit-dummy.m -o /Users/runner/Library/Developer/Xcode/DerivedData/WebBrowser-clqywoufjsuyrtaownclvbrmxizr/Build/Intermediates.noindex/ArchiveIntermediates/WebBrowser/IntermediateBuildFilesPath/Pods.build/Release-iphoneos/ApplePurchaseKit.build/Objects-normal/arm64/ApplePurchaseKit-dummy.o

Libtool /Users/runner/Library/Developer/Xcode/DerivedData/WebBrowser-clqywoufjsuyrtaownclvbrmxizr/Build/Intermediates.noindex/ArchiveIntermediates/WebBrowser/IntermediateBuildFilesPath/UninstalledProducts/iphoneos/ApplePurchaseKit.framework/ApplePurchaseKit normal (in target 'ApplePurchaseKit' from project 'Pods')
    cd /Users/runner/work/Web_Browser/Web_Browser/Pods
    /Applications/Xcode_26.3.app/Contents/Developer/Toolchains/XcodeDefault.xctoolchain/usr/bin/libtool -static -arch_only arm64 -D -syslibroot /Applications/Xcode_26.3.app/Contents/Developer/Platforms/iPhoneOS.platform/Developer/SDKs/iPhoneOS26.2.sdk -L/Users/runner/Library/Developer/Xcode/DerivedData/WebBrowser-clqywoufjsuyrtaownclvbrmxizr/Build/Intermediates.noindex/ArchiveIntermediates/WebBrowser/BuildProductsPath/Release-iphoneos/ApplePurchaseKit -filelist /Users/runner/Library/Developer/Xcode/DerivedData/WebBrowser-clqywoufjsuyrtaownclvbrmxizr/Build/Intermediates.noindex/ArchiveIntermediates/WebBrowser/IntermediateBuildFilesPath/Pods.build/Release-iphoneos/ApplePurchaseKit.build/Objects-normal/arm64/ApplePurchaseKit.LinkFileList -framework Foundation -dependency_info /Users/runner/Library/Developer/Xcode/DerivedData/WebBrowser-clqywoufjsuyrtaownclvbrmxizr/Build/Intermediates.noindex/ArchiveIntermediates/WebBrowser/IntermediateBuildFilesPath/Pods.build/Release-iphoneos/ApplePurchaseKit.build/Objects-normal/arm64/ApplePurchaseKit_libtool_dependency_info.dat -o /Users/runner/Library/Developer/Xcode/DerivedData/WebBrowser-clqywoufjsuyrtaownclvbrmxizr/Build/Intermediates.noindex/ArchiveIntermediates/WebBrowser/IntermediateBuildFilesPath/UninstalledProducts/iphoneos/ApplePurchaseKit.framework/ApplePurchaseKit

ExtractAppIntentsMetadata (in target 'ApplePurchaseKit' from project 'Pods')
    cd /Users/runner/work/Web_Browser/Web_Browser/Pods
    /Applications/Xcode_26.3.app/Contents/Developer/Toolchains/XcodeDefault.xctoolchain/usr/bin/appintentsmetadataprocessor --toolchain-dir /var/run/com.apple.security.cryptexd/mnt/com.apple.MobileAsset.MetalToolchain-v17.3.7003.10.78kteD/Metal.xctoolchain --module-name ApplePurchaseKit --sdk-root /Applications/Xcode_26.3.app/Contents/Developer/Platforms/iPhoneOS.platform/Developer/SDKs/iPhoneOS26.2.sdk --xcode-version 17C529 --platform-family iOS --deployment-target 16.0 --bundle-identifier com.yourcompany.ApplePurchaseKit --output /Users/runner/Library/Developer/Xcode/DerivedData/WebBrowser-clqywoufjsuyrtaownclvbrmxizr/Build/Intermediates.noindex/ArchiveIntermediates/WebBrowser/IntermediateBuildFilesPath/UninstalledProducts/iphoneos/ApplePurchaseKit.appintents --target-triple arm64-apple-ios16.0 --binary-file /Users/runner/Library/Developer/Xcode/DerivedData/WebBrowser-clqywoufjsuyrtaownclvbrmxizr/Build/Intermediates.noindex/ArchiveIntermediates/WebBrowser/IntermediateBuildFilesPath/UninstalledProducts/iphoneos/ApplePurchaseKit.framework/ApplePurchaseKit --dependency-file /Users/runner/Library/Developer/Xcode/DerivedData/WebBrowser-clqywoufjsuyrtaownclvbrmxizr/Build/Intermediates.noindex/ArchiveIntermediates/WebBrowser/IntermediateBuildFilesPath/Pods.build/Release-iphoneos/ApplePurchaseKit.build/Objects-normal/arm64/ApplePurchaseKit_libtool_dependency_info.dat --stringsdata-file /Users/runner/Library/Developer/Xcode/DerivedData/WebBrowser-clqywoufjsuyrtaownclvbrmxizr/Build/Intermediates.noindex/ArchiveIntermediates/WebBrowser/IntermediateBuildFilesPath/Pods.build/Release-iphoneos/ApplePurchaseKit.build/Objects-normal/arm64/ExtractedAppShortcutsMetadata.stringsdata --source-file-list /Users/runner/Library/Developer/Xcode/DerivedData/WebBrowser-clqywoufjsuyrtaownclvbrmxizr/Build/Intermediates.noindex/ArchiveIntermediates/WebBrowser/IntermediateBuildFilesPath/Pods.build/Release-iphoneos/ApplePurchaseKit.build/Objects-normal/arm64/ApplePurchaseKit.SwiftFileList --metadata-file-list /Users/runner/Library/Developer/Xcode/DerivedData/WebBrowser-clqywoufjsuyrtaownclvbrmxizr/Build/Intermediates.noindex/ArchiveIntermediates/WebBrowser/IntermediateBuildFilesPath/Pods.build/Release-iphoneos/ApplePurchaseKit.build/ApplePurchaseKit.DependencyMetadataFileList --static-metadata-file-list /Users/runner/Library/Developer/Xcode/DerivedData/WebBrowser-clqywoufjsuyrtaownclvbrmxizr/Build/Intermediates.noindex/ArchiveIntermediates/WebBrowser/IntermediateBuildFilesPath/Pods.build/Release-iphoneos/ApplePurchaseKit.build/ApplePurchaseKit.DependencyStaticMetadataFileList --swift-const-vals-list /Users/runner/Library/Developer/Xcode/DerivedData/WebBrowser-clqywoufjsuyrtaownclvbrmxizr/Build/Intermediates.noindex/ArchiveIntermediates/WebBrowser/IntermediateBuildFilesPath/Pods.build/Release-iphoneos/ApplePurchaseKit.build/Objects-normal/arm64/ApplePurchaseKit.SwiftConstValuesFileList --force --compile-time-extraction --deployment-aware-processing --validate-assistant-intents --no-app-shortcuts-localization
2026-08-18 03:04:11.229 appintentsmetadataprocessor[6943:23963] Starting appintentsmetadataprocessor export
2026-08-18 03:04:11.372 appintentsmetadataprocessor[6943:23963] Extracted no relevant App Intents symbols, skipping writing output

SetOwnerAndGroup runner:staff /Users/runner/Library/Developer/Xcode/DerivedData/WebBrowser-clqywoufjsuyrtaownclvbrmxizr/Build/Intermediates.noindex/ArchiveIntermediates/WebBrowser/IntermediateBuildFilesPath/UninstalledProducts/iphoneos/ApplePurchaseKit.framework (in target 'ApplePurchaseKit' from project 'Pods')
    cd /Users/runner/work/Web_Browser/Web_Browser/Pods
    /usr/sbin/chown -RH runner:staff /Users/runner/Library/Developer/Xcode/DerivedData/WebBrowser-clqywoufjsuyrtaownclvbrmxizr/Build/Intermediates.noindex/ArchiveIntermediates/WebBrowser/IntermediateBuildFilesPath/UninstalledProducts/iphoneos/ApplePurchaseKit.framework

SetMode u+w,go-w,a+rX /Users/runner/Library/Developer/Xcode/DerivedData/WebBrowser-clqywoufjsuyrtaownclvbrmxizr/Build/Intermediates.noindex/ArchiveIntermediates/WebBrowser/IntermediateBuildFilesPath/UninstalledProducts/iphoneos/ApplePurchaseKit.framework (in target 'ApplePurchaseKit' from project 'Pods')
    cd /Users/runner/work/Web_Browser/Web_Browser/Pods
    /bin/chmod -RH u+w,go-w,a+rX /Users/runner/Library/Developer/Xcode/DerivedData/WebBrowser-clqywoufjsuyrtaownclvbrmxizr/Build/Intermediates.noindex/ArchiveIntermediates/WebBrowser/IntermediateBuildFilesPath/UninstalledProducts/iphoneos/ApplePurchaseKit.framework

RegisterExecutionPolicyException /Users/runner/Library/Developer/Xcode/DerivedData/WebBrowser-clqywoufjsuyrtaownclvbrmxizr/Build/Intermediates.noindex/ArchiveIntermediates/WebBrowser/IntermediateBuildFilesPath/UninstalledProducts/iphoneos/ApplePurchaseKit.framework (in target 'ApplePurchaseKit' from project 'Pods')
    cd /Users/runner/work/Web_Browser/Web_Browser/Pods
    builtin-RegisterExecutionPolicyException /Users/runner/Library/Developer/Xcode/DerivedData/WebBrowser-clqywoufjsuyrtaownclvbrmxizr/Build/Intermediates.noindex/ArchiveIntermediates/WebBrowser/IntermediateBuildFilesPath/UninstalledProducts/iphoneos/ApplePurchaseKit.framework

Touch /Users/runner/Library/Developer/Xcode/DerivedData/WebBrowser-clqywoufjsuyrtaownclvbrmxizr/Build/Intermediates.noindex/ArchiveIntermediates/WebBrowser/IntermediateBuildFilesPath/UninstalledProducts/iphoneos/ApplePurchaseKit.framework (in target 'ApplePurchaseKit' from project 'Pods')
    cd /Users/runner/work/Web_Browser/Web_Browser/Pods
    /usr/bin/touch -c /Users/runner/Library/Developer/Xcode/DerivedData/WebBrowser-clqywoufjsuyrtaownclvbrmxizr/Build/Intermediates.noindex/ArchiveIntermediates/WebBrowser/IntermediateBuildFilesPath/UninstalledProducts/iphoneos/ApplePurchaseKit.framework

ProcessInfoPlistFile /Users/runner/Library/Developer/Xcode/DerivedData/WebBrowser-clqywoufjsuyrtaownclvbrmxizr/Build/Intermediates.noindex/ArchiveIntermediates/WebBrowser/IntermediateBuildFilesPath/UninstalledProducts/iphoneos/Pods_WebBrowser.framework/Info.plist /Users/runner/work/Web_Browser/Web_Browser/Pods/Target\ Support\ Files/Pods-WebBrowser/Pods-WebBrowser-Info.plist (in target 'Pods-WebBrowser' from project 'Pods')
    cd /Users/runner/work/Web_Browser/Web_Browser/Pods
    builtin-infoPlistUtility /Users/runner/work/Web_Browser/Web_Browser/Pods/Target\ Support\ Files/Pods-WebBrowser/Pods-WebBrowser-Info.plist -producttype com.apple.product-type.framework -expandbuildsettings -format binary -platform iphoneos -requiredArchitecture arm64 -o /Users/runner/Library/Developer/Xcode/DerivedData/WebBrowser-clqywoufjsuyrtaownclvbrmxizr/Build/Intermediates.noindex/ArchiveIntermediates/WebBrowser/IntermediateBuildFilesPath/UninstalledProducts/iphoneos/Pods_WebBrowser.framework/Info.plist

Libtool /Users/runner/Library/Developer/Xcode/DerivedData/WebBrowser-clqywoufjsuyrtaownclvbrmxizr/Build/Intermediates.noindex/ArchiveIntermediates/WebBrowser/IntermediateBuildFilesPath/UninstalledProducts/iphoneos/Pods_WebBrowser.framework/Pods_WebBrowser normal (in target 'Pods-WebBrowser' from project 'Pods')
    cd /Users/runner/work/Web_Browser/Web_Browser/Pods
    /Applications/Xcode_26.3.app/Contents/Developer/Toolchains/XcodeDefault.xctoolchain/usr/bin/libtool -static -arch_only arm64 -D -syslibroot /Applications/Xcode_26.3.app/Contents/Developer/Platforms/iPhoneOS.platform/Developer/SDKs/iPhoneOS26.2.sdk -L/Users/runner/Library/Developer/Xcode/DerivedData/WebBrowser-clqywoufjsuyrtaownclvbrmxizr/Build/Intermediates.noindex/ArchiveIntermediates/WebBrowser/BuildProductsPath/Release-iphoneos -L/var/run/com.apple.security.cryptexd/mnt/com.apple.MobileAsset.MetalToolchain-v17.3.7003.10.78kteD/Metal.xctoolchain/usr/lib/swift/iphoneos -L/Applications/Xcode_26.3.app/Contents/Developer/Platforms/iPhoneOS.platform/Developer/SDKs/iPhoneOS26.2.sdk/usr/lib/swift -filelist /Users/runner/Library/Developer/Xcode/DerivedData/WebBrowser-clqywoufjsuyrtaownclvbrmxizr/Build/Intermediates.noindex/ArchiveIntermediates/WebBrowser/IntermediateBuildFilesPath/Pods.build/Release-iphoneos/Pods-WebBrowser.build/Objects-normal/arm64/Pods_WebBrowser.LinkFileList -framework Foundation -dependency_info /Users/runner/Library/Developer/Xcode/DerivedData/WebBrowser-clqywoufjsuyrtaownclvbrmxizr/Build/Intermediates.noindex/ArchiveIntermediates/WebBrowser/IntermediateBuildFilesPath/Pods.build/Release-iphoneos/Pods-WebBrowser.build/Objects-normal/arm64/Pods_WebBrowser_libtool_dependency_info.dat -o /Users/runner/Library/Developer/Xcode/DerivedData/WebBrowser-clqywoufjsuyrtaownclvbrmxizr/Build/Intermediates.noindex/ArchiveIntermediates/WebBrowser/IntermediateBuildFilesPath/UninstalledProducts/iphoneos/Pods_WebBrowser.framework/Pods_WebBrowser

SetOwnerAndGroup runner:staff /Users/runner/Library/Developer/Xcode/DerivedData/WebBrowser-clqywoufjsuyrtaownclvbrmxizr/Build/Intermediates.noindex/ArchiveIntermediates/WebBrowser/IntermediateBuildFilesPath/UninstalledProducts/iphoneos/Pods_WebBrowser.framework (in target 'Pods-WebBrowser' from project 'Pods')
    cd /Users/runner/work/Web_Browser/Web_Browser/Pods
    /usr/sbin/chown -RH runner:staff /Users/runner/Library/Developer/Xcode/DerivedData/WebBrowser-clqywoufjsuyrtaownclvbrmxizr/Build/Intermediates.noindex/ArchiveIntermediates/WebBrowser/IntermediateBuildFilesPath/UninstalledProducts/iphoneos/Pods_WebBrowser.framework

SetMode u+w,go-w,a+rX /Users/runner/Library/Developer/Xcode/DerivedData/WebBrowser-clqywoufjsuyrtaownclvbrmxizr/Build/Intermediates.noindex/ArchiveIntermediates/WebBrowser/IntermediateBuildFilesPath/UninstalledProducts/iphoneos/Pods_WebBrowser.framework (in target 'Pods-WebBrowser' from project 'Pods')
    cd /Users/runner/work/Web_Browser/Web_Browser/Pods
    /bin/chmod -RH u+w,go-w,a+rX /Users/runner/Library/Developer/Xcode/DerivedData/WebBrowser-clqywoufjsuyrtaownclvbrmxizr/Build/Intermediates.noindex/ArchiveIntermediates/WebBrowser/IntermediateBuildFilesPath/UninstalledProducts/iphoneos/Pods_WebBrowser.framework

RegisterExecutionPolicyException /Users/runner/Library/Developer/Xcode/DerivedData/WebBrowser-clqywoufjsuyrtaownclvbrmxizr/Build/Intermediates.noindex/ArchiveIntermediates/WebBrowser/IntermediateBuildFilesPath/UninstalledProducts/iphoneos/Pods_WebBrowser.framework (in target 'Pods-WebBrowser' from project 'Pods')
    cd /Users/runner/work/Web_Browser/Web_Browser/Pods
    builtin-RegisterExecutionPolicyException /Users/runner/Library/Developer/Xcode/DerivedData/WebBrowser-clqywoufjsuyrtaownclvbrmxizr/Build/Intermediates.noindex/ArchiveIntermediates/WebBrowser/IntermediateBuildFilesPath/UninstalledProducts/iphoneos/Pods_WebBrowser.framework

Touch /Users/runner/Library/Developer/Xcode/DerivedData/WebBrowser-clqywoufjsuyrtaownclvbrmxizr/Build/Intermediates.noindex/ArchiveIntermediates/WebBrowser/IntermediateBuildFilesPath/UninstalledProducts/iphoneos/Pods_WebBrowser.framework (in target 'Pods-WebBrowser' from project 'Pods')
    cd /Users/runner/work/Web_Browser/Web_Browser/Pods
    /usr/bin/touch -c /Users/runner/Library/Developer/Xcode/DerivedData/WebBrowser-clqywoufjsuyrtaownclvbrmxizr/Build/Intermediates.noindex/ArchiveIntermediates/WebBrowser/IntermediateBuildFilesPath/UninstalledProducts/iphoneos/Pods_WebBrowser.framework

PhaseScriptExecution [CP]\ Check\ Pods\ Manifest.lock /Users/runner/Library/Developer/Xcode/DerivedData/WebBrowser-clqywoufjsuyrtaownclvbrmxizr/Build/Intermediates.noindex/ArchiveIntermediates/WebBrowser/IntermediateBuildFilesPath/WebBrowser.build/Release-iphoneos/WebBrowser.build/Script-337A1ACABC0837B8E155DF72.sh (in target 'WebBrowser' from project 'WebBrowser')
    cd /Users/runner/work/Web_Browser/Web_Browser
    /bin/sh -c /Users/runner/Library/Developer/Xcode/DerivedData/WebBrowser-clqywoufjsuyrtaownclvbrmxizr/Build/Intermediates.noindex/ArchiveIntermediates/WebBrowser/IntermediateBuildFilesPath/WebBrowser.build/Release-iphoneos/WebBrowser.build/Script-337A1ACABC0837B8E155DF72.sh

MkDir /Users/runner/Library/Developer/Xcode/DerivedData/WebBrowser-clqywoufjsuyrtaownclvbrmxizr/Build/Intermediates.noindex/ArchiveIntermediates/WebBrowser/IntermediateBuildFilesPath/WebBrowser.build/Release-iphoneos/WebBrowser.build/assetcatalog_output/thinned (in target 'WebBrowser' from project 'WebBrowser')
    cd /Users/runner/work/Web_Browser/Web_Browser
    /bin/mkdir -p /Users/runner/Library/Developer/Xcode/DerivedData/WebBrowser-clqywoufjsuyrtaownclvbrmxizr/Build/Intermediates.noindex/ArchiveIntermediates/WebBrowser/IntermediateBuildFilesPath/WebBrowser.build/Release-iphoneos/WebBrowser.build/assetcatalog_output/thinned

MkDir /Users/runner/Library/Developer/Xcode/DerivedData/WebBrowser-clqywoufjsuyrtaownclvbrmxizr/Build/Intermediates.noindex/ArchiveIntermediates/WebBrowser/IntermediateBuildFilesPath/WebBrowser.build/Release-iphoneos/WebBrowser.build/assetcatalog_output/unthinned (in target 'WebBrowser' from project 'WebBrowser')
    cd /Users/runner/work/Web_Browser/Web_Browser
    /bin/mkdir -p /Users/runner/Library/Developer/Xcode/DerivedData/WebBrowser-clqywoufjsuyrtaownclvbrmxizr/Build/Intermediates.noindex/ArchiveIntermediates/WebBrowser/IntermediateBuildFilesPath/WebBrowser.build/Release-iphoneos/WebBrowser.build/assetcatalog_output/unthinned

GenerateAssetSymbols /Users/runner/work/Web_Browser/Web_Browser/WebBrowser/Resources/Assets.xcassets (in target 'WebBrowser' from project 'WebBrowser')
    cd /Users/runner/work/Web_Browser/Web_Browser
    /Applications/Xcode_26.3.app/Contents/Developer/usr/bin/actool /Users/runner/work/Web_Browser/Web_Browser/WebBrowser/Resources/Assets.xcassets --compile /Users/runner/Library/Developer/Xcode/DerivedData/WebBrowser-clqywoufjsuyrtaownclvbrmxizr/Build/Intermediates.noindex/ArchiveIntermediates/WebBrowser/InstallationBuildProductsLocation/Applications/WebBrowser.app --output-format human-readable-text --notices --warnings --export-dependency-info /Users/runner/Library/Developer/Xcode/DerivedData/WebBrowser-clqywoufjsuyrtaownclvbrmxizr/Build/Intermediates.noindex/ArchiveIntermediates/WebBrowser/IntermediateBuildFilesPath/WebBrowser.build/Release-iphoneos/WebBrowser.build/assetcatalog_dependencies --output-partial-info-plist /Users/runner/Library/Developer/Xcode/DerivedData/WebBrowser-clqywoufjsuyrtaownclvbrmxizr/Build/Intermediates.noindex/ArchiveIntermediates/WebBrowser/IntermediateBuildFilesPath/WebBrowser.build/Release-iphoneos/WebBrowser.build/assetcatalog_generated_info.plist --app-icon AppIcon --compress-pngs --enable-on-demand-resources YES --development-region en --target-device iphone --minimum-deployment-target 16.0 --platform iphoneos --bundle-identifier com.web.browser.abody --generate-swift-asset-symbol-extensions NO --generate-swift-asset-symbols /Users/runner/Library/Developer/Xcode/DerivedData/WebBrowser-clqywoufjsuyrtaownclvbrmxizr/Build/Intermediates.noindex/ArchiveIntermediates/WebBrowser/IntermediateBuildFilesPath/WebBrowser.build/Release-iphoneos/WebBrowser.build/DerivedSources/GeneratedAssetSymbols.swift --generate-objc-asset-symbols /Users/runner/Library/Developer/Xcode/DerivedData/WebBrowser-clqywoufjsuyrtaownclvbrmxizr/Build/Intermediates.noindex/ArchiveIntermediates/WebBrowser/IntermediateBuildFilesPath/WebBrowser.build/Release-iphoneos/WebBrowser.build/DerivedSources/GeneratedAssetSymbols.h --generate-asset-symbol-index /Users/runner/Library/Developer/Xcode/DerivedData/WebBrowser-clqywoufjsuyrtaownclvbrmxizr/Build/Intermediates.noindex/ArchiveIntermediates/WebBrowser/IntermediateBuildFilesPath/WebBrowser.build/Release-iphoneos/WebBrowser.build/DerivedSources/GeneratedAssetSymbols-Index.plist
/* com.apple.actool.compilation-results */
/Users/runner/Library/Developer/Xcode/DerivedData/WebBrowser-clqywoufjsuyrtaownclvbrmxizr/Build/Intermediates.noindex/ArchiveIntermediates/WebBrowser/IntermediateBuildFilesPath/WebBrowser.build/Release-iphoneos/WebBrowser.build/DerivedSources/GeneratedAssetSymbols-Index.plist
/Users/runner/Library/Developer/Xcode/DerivedData/WebBrowser-clqywoufjsuyrtaownclvbrmxizr/Build/Intermediates.noindex/ArchiveIntermediates/WebBrowser/IntermediateBuildFilesPath/WebBrowser.build/Release-iphoneos/WebBrowser.build/DerivedSources/GeneratedAssetSymbols.h
/Users/runner/Library/Developer/Xcode/DerivedData/WebBrowser-clqywoufjsuyrtaownclvbrmxizr/Build/Intermediates.noindex/ArchiveIntermediates/WebBrowser/IntermediateBuildFilesPath/WebBrowser.build/Release-iphoneos/WebBrowser.build/DerivedSources/GeneratedAssetSymbols.swift


CopyStringsFile /Users/runner/Library/Developer/Xcode/DerivedData/WebBrowser-clqywoufjsuyrtaownclvbrmxizr/Build/Intermediates.noindex/ArchiveIntermediates/WebBrowser/InstallationBuildProductsLocation/Applications/WebBrowser.app/zh-Hans.lproj/Localizable.strings /Users/runner/work/Web_Browser/Web_Browser/WebBrowser/Resources/zh-Hans.lproj/Localizable.strings (in target 'WebBrowser' from project 'WebBrowser')
    cd /Users/runner/work/Web_Browser/Web_Browser
    builtin-copyStrings --validate --outputencoding binary --outfilename Localizable.strings --outdir /Users/runner/Library/Developer/Xcode/DerivedData/WebBrowser-clqywoufjsuyrtaownclvbrmxizr/Build/Intermediates.noindex/ArchiveIntermediates/WebBrowser/InstallationBuildProductsLocation/Applications/WebBrowser.app/zh-Hans.lproj -- /Users/runner/work/Web_Browser/Web_Browser/WebBrowser/Resources/zh-Hans.lproj/Localizable.strings
/Users/runner/work/Web_Browser/Web_Browser/WebBrowser/Resources/zh-Hans.lproj/Localizable.strings:1:1: note: detected encoding of input file as Unicode (UTF-8) (in target 'WebBrowser' from project 'WebBrowser')

CopyStringsFile /Users/runner/Library/Developer/Xcode/DerivedData/WebBrowser-clqywoufjsuyrtaownclvbrmxizr/Build/Intermediates.noindex/ArchiveIntermediates/WebBrowser/InstallationBuildProductsLocation/Applications/WebBrowser.app/zh-Hans.lproj/InfoPlist.strings /Users/runner/work/Web_Browser/Web_Browser/WebBrowser/Resources/zh-Hans.lproj/InfoPlist.strings (in target 'WebBrowser' from project 'WebBrowser')
    cd /Users/runner/work/Web_Browser/Web_Browser
    builtin-copyStrings --validate --outputencoding binary --outfilename InfoPlist.strings --outdir /Users/runner/Library/Developer/Xcode/DerivedData/WebBrowser-clqywoufjsuyrtaownclvbrmxizr/Build/Intermediates.noindex/ArchiveIntermediates/WebBrowser/InstallationBuildProductsLocation/Applications/WebBrowser.app/zh-Hans.lproj -- /Users/runner/work/Web_Browser/Web_Browser/WebBrowser/Resources/zh-Hans.lproj/InfoPlist.strings
/Users/runner/work/Web_Browser/Web_Browser/WebBrowser/Resources/zh-Hans.lproj/InfoPlist.strings:1:1: note: detected encoding of input file as Unicode (UTF-8) (in target 'WebBrowser' from project 'WebBrowser')

CopyStringsFile /Users/runner/Library/Developer/Xcode/DerivedData/WebBrowser-clqywoufjsuyrtaownclvbrmxizr/Build/Intermediates.noindex/ArchiveIntermediates/WebBrowser/InstallationBuildProductsLocation/Applications/WebBrowser.app/en.lproj/Localizable.strings /Users/runner/work/Web_Browser/Web_Browser/WebBrowser/Resources/en.lproj/Localizable.strings (in target 'WebBrowser' from project 'WebBrowser')
    cd /Users/runner/work/Web_Browser/Web_Browser
    builtin-copyStrings --validate --outputencoding binary --outfilename Localizable.strings --outdir /Users/runner/Library/Developer/Xcode/DerivedData/WebBrowser-clqywoufjsuyrtaownclvbrmxizr/Build/Intermediates.noindex/ArchiveIntermediates/WebBrowser/InstallationBuildProductsLocation/Applications/WebBrowser.app/en.lproj -- /Users/runner/work/Web_Browser/Web_Browser/WebBrowser/Resources/en.lproj/Localizable.strings
/Users/runner/work/Web_Browser/Web_Browser/WebBrowser/Resources/en.lproj/Localizable.strings:1:1: note: detected encoding of input file as Unicode (UTF-8) (in target 'WebBrowser' from project 'WebBrowser')

CopyStringsFile /Users/runner/Library/Developer/Xcode/DerivedData/WebBrowser-clqywoufjsuyrtaownclvbrmxizr/Build/Intermediates.noindex/ArchiveIntermediates/WebBrowser/InstallationBuildProductsLocation/Applications/WebBrowser.app/en.lproj/InfoPlist.strings /Users/runner/work/Web_Browser/Web_Browser/WebBrowser/Resources/en.lproj/InfoPlist.strings (in target 'WebBrowser' from project 'WebBrowser')
    cd /Users/runner/work/Web_Browser/Web_Browser
    builtin-copyStrings --validate --outputencoding binary --outfilename InfoPlist.strings --outdir /Users/runner/Library/Developer/Xcode/DerivedData/WebBrowser-clqywoufjsuyrtaownclvbrmxizr/Build/Intermediates.noindex/ArchiveIntermediates/WebBrowser/InstallationBuildProductsLocation/Applications/WebBrowser.app/en.lproj -- /Users/runner/work/Web_Browser/Web_Browser/WebBrowser/Resources/en.lproj/InfoPlist.strings
/Users/runner/work/Web_Browser/Web_Browser/WebBrowser/Resources/en.lproj/InfoPlist.strings:1:1: note: detected encoding of input file as Unicode (UTF-8) (in target 'WebBrowser' from project 'WebBrowser')

CompileAssetCatalogVariant thinned /Users/runner/Library/Developer/Xcode/DerivedData/WebBrowser-clqywoufjsuyrtaownclvbrmxizr/Build/Intermediates.noindex/ArchiveIntermediates/WebBrowser/InstallationBuildProductsLocation/Applications/WebBrowser.app /Users/runner/work/Web_Browser/Web_Browser/WebBrowser/Resources/Assets.xcassets (in target 'WebBrowser' from project 'WebBrowser')
    cd /Users/runner/work/Web_Browser/Web_Browser
    /Applications/Xcode_26.3.app/Contents/Developer/usr/bin/actool /Users/runner/work/Web_Browser/Web_Browser/WebBrowser/Resources/Assets.xcassets --compile /Users/runner/Library/Developer/Xcode/DerivedData/WebBrowser-clqywoufjsuyrtaownclvbrmxizr/Build/Intermediates.noindex/ArchiveIntermediates/WebBrowser/IntermediateBuildFilesPath/WebBrowser.build/Release-iphoneos/WebBrowser.build/assetcatalog_output/thinned --output-format human-readable-text --notices --warnings --export-dependency-info /Users/runner/Library/Developer/Xcode/DerivedData/WebBrowser-clqywoufjsuyrtaownclvbrmxizr/Build/Intermediates.noindex/ArchiveIntermediates/WebBrowser/IntermediateBuildFilesPath/WebBrowser.build/Release-iphoneos/WebBrowser.build/assetcatalog_dependencies_thinned --output-partial-info-plist /Users/runner/Library/Developer/Xcode/DerivedData/WebBrowser-clqywoufjsuyrtaownclvbrmxizr/Build/Intermediates.noindex/ArchiveIntermediates/WebBrowser/IntermediateBuildFilesPath/WebBrowser.build/Release-iphoneos/WebBrowser.build/assetcatalog_generated_info.plist_thinned --app-icon AppIcon --compress-pngs --enable-on-demand-resources YES --development-region en --target-device iphone --minimum-deployment-target 16.0 --platform iphoneos
IOServiceMatchingfailed for: AppleM2ScalerParavirtDriver
/* com.apple.actool.compilation-results */
/Users/runner/Library/Developer/Xcode/DerivedData/WebBrowser-clqywoufjsuyrtaownclvbrmxizr/Build/Intermediates.noindex/ArchiveIntermediates/WebBrowser/IntermediateBuildFilesPath/WebBrowser.build/Release-iphoneos/WebBrowser.build/assetcatalog_generated_info.plist_thinned
/Users/runner/Library/Developer/Xcode/DerivedData/WebBrowser-clqywoufjsuyrtaownclvbrmxizr/Build/Intermediates.noindex/ArchiveIntermediates/WebBrowser/IntermediateBuildFilesPath/WebBrowser.build/Release-iphoneos/WebBrowser.build/assetcatalog_output/thinned/AppIcon60x60@2x.png
/Users/runner/Library/Developer/Xcode/DerivedData/WebBrowser-clqywoufjsuyrtaownclvbrmxizr/Build/Intermediates.noindex/ArchiveIntermediates/WebBrowser/IntermediateBuildFilesPath/WebBrowser.build/Release-iphoneos/WebBrowser.build/assetcatalog_output/thinned/AppIcon76x76@2x~ipad.png
/Users/runner/Library/Developer/Xcode/DerivedData/WebBrowser-clqywoufjsuyrtaownclvbrmxizr/Build/Intermediates.noindex/ArchiveIntermediates/WebBrowser/IntermediateBuildFilesPath/WebBrowser.build/Release-iphoneos/WebBrowser.build/assetcatalog_output/thinned/Assets.car


SwiftDriver WebBrowser normal arm64 com.apple.xcode.tools.swift.compiler (in target 'WebBrowser' from project 'WebBrowser')
    cd /Users/runner/work/Web_Browser/Web_Browser
    builtin-SwiftDriver -- /Applications/Xcode_26.3.app/Contents/Developer/Toolchains/XcodeDefault.xctoolchain/usr/bin/swiftc -module-name WebBrowser -O -whole-module-optimization -enforce-exclusivity\=checked @/Users/runner/Library/Developer/Xcode/DerivedData/WebBrowser-clqywoufjsuyrtaownclvbrmxizr/Build/Intermediates.noindex/ArchiveIntermediates/WebBrowser/IntermediateBuildFilesPath/WebBrowser.build/Release-iphoneos/WebBrowser.build/Objects-normal/arm64/WebBrowser.SwiftFileList -D COCOAPODS -enable-bare-slash-regex -enable-experimental-feature DebugDescriptionMacro -sdk /Applications/Xcode_26.3.app/Contents/Developer/Platforms/iPhoneOS.platform/Developer/SDKs/iPhoneOS26.2.sdk -target arm64-apple-ios16.0 -g -module-cache-path /Users/runner/Library/Developer/Xcode/DerivedData/ModuleCache.noindex -Xfrontend -serialize-debugging-options -swift-version 5 -I /Users/runner/Library/Developer/Xcode/DerivedData/WebBrowser-clqywoufjsuyrtaownclvbrmxizr/Build/Intermediates.noindex/ArchiveIntermediates/WebBrowser/BuildProductsPath/Release-iphoneos -F /Users/runner/Library/Developer/Xcode/DerivedData/WebBrowser-clqywoufjsuyrtaownclvbrmxizr/Build/Intermediates.noindex/ArchiveIntermediates/WebBrowser/BuildProductsPath/Release-iphoneos -F /Users/runner/Library/Developer/Xcode/DerivedData/WebBrowser-clqywoufjsuyrtaownclvbrmxizr/Build/Intermediates.noindex/ArchiveIntermediates/WebBrowser/BuildProductsPath/Release-iphoneos/ApplePurchaseKit -F /Users/runner/Library/Developer/Xcode/DerivedData/WebBrowser-clqywoufjsuyrtaownclvbrmxizr/Build/Intermediates.noindex/ArchiveIntermediates/WebBrowser/BuildProductsPath/Release-iphoneos/KeychainAccess -F /Users/runner/Library/Developer/Xcode/DerivedData/WebBrowser-clqywoufjsuyrtaownclvbrmxizr/Build/Intermediates.noindex/ArchiveIntermediates/WebBrowser/BuildProductsPath/Release-iphoneos/SVProgressHUD -F /Users/runner/work/Web_Browser/Web_Browser/Pods/Ads-Global/SDK -F /Users/runner/work/Web_Browser/Web_Browser/Pods/FBAudienceNetwork/Dynamic -F /Users/runner/work/Web_Browser/Web_Browser/Pods/InMobiSDK -F /Users/runner/work/Web_Browser/Web_Browser/Pods/MintegralAdSDK/Fmk -F /Users/runner/work/Web_Browser/Web_Browser/Pods/SmartdigimktSDK/SmartDigimktSDK -F /Users/runner/work/Web_Browser/Web_Browser/Pods/TPNMediationAdxSmartdigimktAdapter/AnyThinkSmartdigimktAdapter-6.5.45.0 -F /Users/runner/work/Web_Browser/Web_Browser/Pods/TPNMediationFacebookAdapter/AnyThinkFacebookAdapter-6.21.1.0 -F /Users/runner/work/Web_Browser/Web_Browser/Pods/TPNMediationInmobiAdapter/AnyThinkInmobiAdapter-11.1.0.0 -F /Users/runner/work/Web_Browser/Web_Browser/Pods/TPNMediationMintegralAdapter/AnyThinkMintegralAdapter-8.0.4.0 -F /Users/runner/work/Web_Browser/Web_Browser/Pods/TPNMediationPangleAdapter/AnyThinkPangleAdapter-7.8.5.7.0 -F /Users/runner/work/Web_Browser/Web_Browser/Pods/TPNiOS/core -F /Users/runner/work/Web_Browser/Web_Browser/Pods/UMCommon/UMCommon_7.6.4 -F /Users/runner/work/Web_Browser/Web_Browser/Pods/UMDevice/UMDevice_3.6.0 -F /Users/runner/Library/Developer/Xcode/DerivedData/WebBrowser-clqywoufjsuyrtaownclvbrmxizr/Build/Intermediates.noindex/ArchiveIntermediates/WebBrowser/BuildProductsPath/Release-iphoneos/XCFrameworkIntermediates/Ads-Global/PangleSDK -F /Users/runner/Library/Developer/Xcode/DerivedData/WebBrowser-clqywoufjsuyrtaownclvbrmxizr/Build/Intermediates.noindex/ArchiveIntermediates/WebBrowser/BuildProductsPath/Release-iphoneos/XCFrameworkIntermediates/Ads-Global/TikTokBusinessSDK -F /Users/runner/Library/Developer/Xcode/DerivedData/WebBrowser-clqywoufjsuyrtaownclvbrmxizr/Build/Intermediates.noindex/ArchiveIntermediates/WebBrowser/BuildProductsPath/Release-iphoneos/XCFrameworkIntermediates/FBAudienceNetwork -F /Users/runner/Library/Developer/Xcode/DerivedData/WebBrowser-clqywoufjsuyrtaownclvbrmxizr/Build/Intermediates.noindex/ArchiveIntermediates/WebBrowser/BuildProductsPath/Release-iphoneos/XCFrameworkIntermediates/InMobiSDK -F /Users/runner/Library/Developer/Xcode/DerivedData/WebBrowser-clqywoufjsuyrtaownclvbrmxizr/Build/Intermediates.noindex/ArchiveIntermediates/WebBrowser/BuildProductsPath/Release-iphoneos/XCFrameworkIntermediates/MintegralAdSDK/BannerAd -F /Users/runner/Library/Developer/Xcode/DerivedData/WebBrowser-clqywoufjsuyrtaownclvbrmxizr/Build/Intermediates.noindex/ArchiveIntermediates/WebBrowser/BuildProductsPath/Release-iphoneos/XCFrameworkIntermediates/MintegralAdSDK/BidNativeAd -F /Users/runner/Library/Developer/Xcode/DerivedData/WebBrowser-clqywoufjsuyrtaownclvbrmxizr/Build/Intermediates.noindex/ArchiveIntermediates/WebBrowser/BuildProductsPath/Release-iphoneos/XCFrameworkIntermediates/MintegralAdSDK/InterstitialVideoAd -F /Users/runner/Library/Developer/Xcode/DerivedData/WebBrowser-clqywoufjsuyrtaownclvbrmxizr/Build/Intermediates.noindex/ArchiveIntermediates/WebBrowser/BuildProductsPath/Release-iphoneos/XCFrameworkIntermediates/MintegralAdSDK/NativeAd -F /Users/runner/Library/Developer/Xcode/DerivedData/WebBrowser-clqywoufjsuyrtaownclvbrmxizr/Build/Intermediates.noindex/ArchiveIntermediates/WebBrowser/BuildProductsPath/Release-iphoneos/XCFrameworkIntermediates/MintegralAdSDK/NativeAdvancedAd -F /Users/runner/Library/Developer/Xcode/DerivedData/WebBrowser-clqywoufjsuyrtaownclvbrmxizr/Build/Intermediates.noindex/ArchiveIntermediates/WebBrowser/BuildProductsPath/Release-iphoneos/XCFrameworkIntermediates/MintegralAdSDK/NewInterstitialAd -F /Users/runner/Library/Developer/Xcode/DerivedData/WebBrowser-clqywoufjsuyrtaownclvbrmxizr/Build/Intermediates.noindex/ArchiveIntermediates/WebBrowser/BuildProductsPath/Release-iphoneos/XCFrameworkIntermediates/MintegralAdSDK/RewardVideoAd -F /Users/runner/Library/Developer/Xcode/DerivedData/WebBrowser-clqywoufjsuyrtaownclvbrmxizr/Build/Intermediates.noindex/ArchiveIntermediates/WebBrowser/BuildProductsPath/Release-iphoneos/XCFrameworkIntermediates/MintegralAdSDK/SplashAd -F /Users/runner/Library/Developer/Xcode/DerivedData/WebBrowser-clqywoufjsuyrtaownclvbrmxizr/Build/Intermediates.noindex/ArchiveIntermediates/WebBrowser/BuildProductsPath/Release-iphoneos/XCFrameworkIntermediates/SmartdigimktSDK -F /Users/runner/Library/Developer/Xcode/DerivedData/WebBrowser-clqywoufjsuyrtaownclvbrmxizr/Build/Intermediates.noindex/ArchiveIntermediates/WebBrowser/BuildProductsPath/Release-iphoneos/XCFrameworkIntermediates/TPNMediationAdxSmartdigimktAdapter -F /Users/runner/Library/Developer/Xcode/DerivedData/WebBrowser-clqywoufjsuyrtaownclvbrmxizr/Build/Intermediates.noindex/ArchiveIntermediates/WebBrowser/BuildProductsPath/Release-iphoneos/XCFrameworkIntermediates/TPNMediationFacebookAdapter -F /Users/runner/Library/Developer/Xcode/DerivedData/WebBrowser-clqywoufjsuyrtaownclvbrmxizr/Build/Intermediates.noindex/ArchiveIntermediates/WebBrowser/BuildProductsPath/Release-iphoneos/XCFrameworkIntermediates/TPNMediationInmobiAdapter -F /Users/runner/Library/Developer/Xcode/DerivedData/WebBrowser-clqywoufjsuyrtaownclvbrmxizr/Build/Intermediates.noindex/ArchiveIntermediates/WebBrowser/BuildProductsPath/Release-iphoneos/XCFrameworkIntermediates/TPNMediationMintegralAdapter -F /Users/runner/Library/Developer/Xcode/DerivedData/WebBrowser-clqywoufjsuyrtaownclvbrmxizr/Build/Intermediates.noindex/ArchiveIntermediates/WebBrowser/BuildProductsPath/Release-iphoneos/XCFrameworkIntermediates/TPNMediationPangleAdapter -F /Users/runner/Library/Developer/Xcode/DerivedData/WebBrowser-clqywoufjsuyrtaownclvbrmxizr/Build/Intermediates.noindex/ArchiveIntermediates/WebBrowser/BuildProductsPath/Release-iphoneos/XCFrameworkIntermediates/TPNiOS/TPNSDK -F /Users/runner/Library/Developer/Xcode/DerivedData/WebBrowser-clqywoufjsuyrtaownclvbrmxizr/Build/Intermediates.noindex/ArchiveIntermediates/WebBrowser/BuildProductsPath/Release-iphoneos/XCFrameworkIntermediates/UMCommon -F /Users/runner/Library/Developer/Xcode/DerivedData/WebBrowser-clqywoufjsuyrtaownclvbrmxizr/Build/Intermediates.noindex/ArchiveIntermediates/WebBrowser/BuildProductsPath/Release-iphoneos/XCFrameworkIntermediates/UMDevice -c -num-threads 3 -Xcc -ivfsstatcache -Xcc /Users/runner/Library/Developer/Xcode/DerivedData/SDKStatCaches.noindex/iphoneos26.2-23C57-dc75598d0054f22ec865fa860f139d722dd23b4ebda140f7210d155ff1243552.sdkstatcache -output-file-map /Users/runner/Library/Developer/Xcode/DerivedData/WebBrowser-clqywoufjsuyrtaownclvbrmxizr/Build/Intermediates.noindex/ArchiveIntermediates/WebBrowser/IntermediateBuildFilesPath/WebBrowser.build/Release-iphoneos/WebBrowser.build/Objects-normal/arm64/WebBrowser-OutputFileMap.json -use-frontend-parseable-output -save-temps -no-color-diagnostics -explicit-module-build -module-cache-path /Users/runner/Library/Developer/Xcode/DerivedData/WebBrowser-clqywoufjsuyrtaownclvbrmxizr/Build/Intermediates.noindex/ArchiveIntermediates/WebBrowser/IntermediateBuildFilesPath/SwiftExplicitPrecompiledModules -clang-scanner-module-cache-path /Users/runner/Library/Developer/Xcode/DerivedData/ModuleCache.noindex -sdk-module-cache-path /Users/runner/Library/Developer/Xcode/DerivedData/ModuleCache.noindex -serialize-diagnostics -emit-dependencies -emit-module -emit-module-path /Users/runner/Library/Developer/Xcode/DerivedData/WebBrowser-clqywoufjsuyrtaownclvbrmxizr/Build/Intermediates.noindex/ArchiveIntermediates/WebBrowser/IntermediateBuildFilesPath/WebBrowser.build/Release-iphoneos/WebBrowser.build/Objects-normal/arm64/WebBrowser.swiftmodule -validate-clang-modules-once -clang-build-session-file /Users/runner/Library/Developer/Xcode/DerivedData/ModuleCache.noindex/Session.modulevalidation -Xcc -I/Users/runner/Library/Developer/Xcode/DerivedData/WebBrowser-clqywoufjsuyrtaownclvbrmxizr/Build/Intermediates.noindex/ArchiveIntermediates/WebBrowser/IntermediateBuildFilesPath/WebBrowser.build/Release-iphoneos/WebBrowser.build/swift-overrides.hmap -emit-const-values -Xfrontend -const-gather-protocols-file -Xfrontend /Users/runner/Library/Developer/Xcode/DerivedData/WebBrowser-clqywoufjsuyrtaownclvbrmxizr/Build/Intermediates.noindex/ArchiveIntermediates/WebBrowser/IntermediateBuildFilesPath/WebBrowser.build/Release-iphoneos/WebBrowser.build/Objects-normal/arm64/WebBrowser_const_extract_protocols.json -Xcc -iquote -Xcc /Users/runner/Library/Developer/Xcode/DerivedData/WebBrowser-clqywoufjsuyrtaownclvbrmxizr/Build/Intermediates.noindex/ArchiveIntermediates/WebBrowser/IntermediateBuildFilesPath/WebBrowser.build/Release-iphoneos/WebBrowser.build/WebBrowser-generated-files.hmap -Xcc -I/Users/runner/Library/Developer/Xcode/DerivedData/WebBrowser-clqywoufjsuyrtaownclvbrmxizr/Build/Intermediates.noindex/ArchiveIntermediates/WebBrowser/IntermediateBuildFilesPath/WebBrowser.build/Release-iphoneos/WebBrowser.build/WebBrowser-own-target-headers.hmap -Xcc -I/Users/runner/Library/Developer/Xcode/DerivedData/WebBrowser-clqywoufjsuyrtaownclvbrmxizr/Build/Intermediates.noindex/ArchiveIntermediates/WebBrowser/IntermediateBuildFilesPath/WebBrowser.build/Release-iphoneos/WebBrowser.build/WebBrowser-all-non-framework-target-headers.hmap -Xcc -ivfsoverlay -Xcc /Users/runner/Library/Developer/Xcode/DerivedData/WebBrowser-clqywoufjsuyrtaownclvbrmxizr/Build/Intermediates.noindex/ArchiveIntermediates/WebBrowser/IntermediateBuildFilesPath/WebBrowser.build/Release-iphoneos/WebBrowser-120faf8fc8e1ade2702c6ec35c686092-VFS-iphoneos/all-product-headers.yaml -Xcc -iquote -Xcc /Users/runner/Library/Developer/Xcode/DerivedData/WebBrowser-clqywoufjsuyrtaownclvbrmxizr/Build/Intermediates.noindex/ArchiveIntermediates/WebBrowser/IntermediateBuildFilesPath/WebBrowser.build/Release-iphoneos/WebBrowser.build/WebBrowser-project-headers.hmap -Xcc -I/Users/runner/Library/Developer/Xcode/DerivedData/WebBrowser-clqywoufjsuyrtaownclvbrmxizr/Build/Intermediates.noindex/ArchiveIntermediates/WebBrowser/BuildProductsPath/Release-iphoneos/include -Xcc -I/Users/runner/Library/Developer/Xcode/DerivedData/WebBrowser-clqywoufjsuyrtaownclvbrmxizr/Build/Intermediates.noindex/ArchiveIntermediates/WebBrowser/BuildProductsPath/Release-iphoneos/ApplePurchaseKit/ApplePurchaseKit.framework/Headers -Xcc -I/Users/runner/Library/Developer/Xcode/DerivedData/WebBrowser-clqywoufjsuyrtaownclvbrmxizr/Build/Intermediates.noindex/ArchiveIntermediates/WebBrowser/BuildProductsPath/Release-iphoneos/KeychainAccess/KeychainAccess.framework/Headers -Xcc -I/Users/runner/Library/Developer/Xcode/DerivedData/WebBrowser-clqywoufjsuyrtaownclvbrmxizr/Build/Intermediates.noindex/ArchiveIntermediates/WebBrowser/BuildProductsPath/Release-iphoneos/SVProgressHUD/SVProgressHUD.framework/Headers -Xcc -I/Users/runner/Library/Developer/Xcode/DerivedData/WebBrowser-clqywoufjsuyrtaownclvbrmxizr/Build/Intermediates.noindex/ArchiveIntermediates/WebBrowser/IntermediateBuildFilesPath/WebBrowser.build/Release-iphoneos/WebBrowser.build/DerivedSources-normal/arm64 -Xcc -I/Users/runner/Library/Developer/Xcode/DerivedData/WebBrowser-clqywoufjsuyrtaownclvbrmxizr/Build/Intermediates.noindex/ArchiveIntermediates/WebBrowser/IntermediateBuildFilesPath/WebBrowser.build/Release-iphoneos/WebBrowser.build/DerivedSources/arm64 -Xcc -I/Users/runner/Library/Developer/Xcode/DerivedData/WebBrowser-clqywoufjsuyrtaownclvbrmxizr/Build/Intermediates.noindex/ArchiveIntermediates/WebBrowser/IntermediateBuildFilesPath/WebBrowser.build/Release-iphoneos/WebBrowser.build/DerivedSources -Xcc -DCOCOAPODS\=1 -emit-objc-header -emit-objc-header-path /Users/runner/Library/Developer/Xcode/DerivedData/WebBrowser-clqywoufjsuyrtaownclvbrmxizr/Build/Intermediates.noindex/ArchiveIntermediates/WebBrowser/IntermediateBuildFilesPath/WebBrowser.build/Release-iphoneos/WebBrowser.build/Objects-normal/arm64/WebBrowser-Swift.h -working-directory /Users/runner/work/Web_Browser/Web_Browser -no-emit-module-separately-wmo

SwiftDriver\ Compilation WebBrowser normal arm64 com.apple.xcode.tools.swift.compiler (in target 'WebBrowser' from project 'WebBrowser')
    cd /Users/runner/work/Web_Browser/Web_Browser
    builtin-Swift-Compilation -- /Applications/Xcode_26.3.app/Contents/Developer/Toolchains/XcodeDefault.xctoolchain/usr/bin/swiftc -module-name WebBrowser -O -whole-module-optimization -enforce-exclusivity\=checked @/Users/runner/Library/Developer/Xcode/DerivedData/WebBrowser-clqywoufjsuyrtaownclvbrmxizr/Build/Intermediates.noindex/ArchiveIntermediates/WebBrowser/IntermediateBuildFilesPath/WebBrowser.build/Release-iphoneos/WebBrowser.build/Objects-normal/arm64/WebBrowser.SwiftFileList -D COCOAPODS -enable-bare-slash-regex -enable-experimental-feature DebugDescriptionMacro -sdk /Applications/Xcode_26.3.app/Contents/Developer/Platforms/iPhoneOS.platform/Developer/SDKs/iPhoneOS26.2.sdk -target arm64-apple-ios16.0 -g -module-cache-path /Users/runner/Library/Developer/Xcode/DerivedData/ModuleCache.noindex -Xfrontend -serialize-debugging-options -swift-version 5 -I /Users/runner/Library/Developer/Xcode/DerivedData/WebBrowser-clqywoufjsuyrtaownclvbrmxizr/Build/Intermediates.noindex/ArchiveIntermediates/WebBrowser/BuildProductsPath/Release-iphoneos -F /Users/runner/Library/Developer/Xcode/DerivedData/WebBrowser-clqywoufjsuyrtaownclvbrmxizr/Build/Intermediates.noindex/ArchiveIntermediates/WebBrowser/BuildProductsPath/Release-iphoneos -F /Users/runner/Library/Developer/Xcode/DerivedData/WebBrowser-clqywoufjsuyrtaownclvbrmxizr/Build/Intermediates.noindex/ArchiveIntermediates/WebBrowser/BuildProductsPath/Release-iphoneos/ApplePurchaseKit -F /Users/runner/Library/Developer/Xcode/DerivedData/WebBrowser-clqywoufjsuyrtaownclvbrmxizr/Build/Intermediates.noindex/ArchiveIntermediates/WebBrowser/BuildProductsPath/Release-iphoneos/KeychainAccess -F /Users/runner/Library/Developer/Xcode/DerivedData/WebBrowser-clqywoufjsuyrtaownclvbrmxizr/Build/Intermediates.noindex/ArchiveIntermediates/WebBrowser/BuildProductsPath/Release-iphoneos/SVProgressHUD -F /Users/runner/work/Web_Browser/Web_Browser/Pods/Ads-Global/SDK -F /Users/runner/work/Web_Browser/Web_Browser/Pods/FBAudienceNetwork/Dynamic -F /Users/runner/work/Web_Browser/Web_Browser/Pods/InMobiSDK -F /Users/runner/work/Web_Browser/Web_Browser/Pods/MintegralAdSDK/Fmk -F /Users/runner/work/Web_Browser/Web_Browser/Pods/SmartdigimktSDK/SmartDigimktSDK -F /Users/runner/work/Web_Browser/Web_Browser/Pods/TPNMediationAdxSmartdigimktAdapter/AnyThinkSmartdigimktAdapter-6.5.45.0 -F /Users/runner/work/Web_Browser/Web_Browser/Pods/TPNMediationFacebookAdapter/AnyThinkFacebookAdapter-6.21.1.0 -F /Users/runner/work/Web_Browser/Web_Browser/Pods/TPNMediationInmobiAdapter/AnyThinkInmobiAdapter-11.1.0.0 -F /Users/runner/work/Web_Browser/Web_Browser/Pods/TPNMediationMintegralAdapter/AnyThinkMintegralAdapter-8.0.4.0 -F /Users/runner/work/Web_Browser/Web_Browser/Pods/TPNMediationPangleAdapter/AnyThinkPangleAdapter-7.8.5.7.0 -F /Users/runner/work/Web_Browser/Web_Browser/Pods/TPNiOS/core -F /Users/runner/work/Web_Browser/Web_Browser/Pods/UMCommon/UMCommon_7.6.4 -F /Users/runner/work/Web_Browser/Web_Browser/Pods/UMDevice/UMDevice_3.6.0 -F /Users/runner/Library/Developer/Xcode/DerivedData/WebBrowser-clqywoufjsuyrtaownclvbrmxizr/Build/Intermediates.noindex/ArchiveIntermediates/WebBrowser/BuildProductsPath/Release-iphoneos/XCFrameworkIntermediates/Ads-Global/PangleSDK -F /Users/runner/Library/Developer/Xcode/DerivedData/WebBrowser-clqywoufjsuyrtaownclvbrmxizr/Build/Intermediates.noindex/ArchiveIntermediates/WebBrowser/BuildProductsPath/Release-iphoneos/XCFrameworkIntermediates/Ads-Global/TikTokBusinessSDK -F /Users/runner/Library/Developer/Xcode/DerivedData/WebBrowser-clqywoufjsuyrtaownclvbrmxizr/Build/Intermediates.noindex/ArchiveIntermediates/WebBrowser/BuildProductsPath/Release-iphoneos/XCFrameworkIntermediates/FBAudienceNetwork -F /Users/runner/Library/Developer/Xcode/DerivedData/WebBrowser-clqywoufjsuyrtaownclvbrmxizr/Build/Intermediates.noindex/ArchiveIntermediates/WebBrowser/BuildProductsPath/Release-iphoneos/XCFrameworkIntermediates/InMobiSDK -F /Users/runner/Library/Developer/Xcode/DerivedData/WebBrowser-clqywoufjsuyrtaownclvbrmxizr/Build/Intermediates.noindex/ArchiveIntermediates/WebBrowser/BuildProductsPath/Release-iphoneos/XCFrameworkIntermediates/MintegralAdSDK/BannerAd -F /Users/runner/Library/Developer/Xcode/DerivedData/WebBrowser-clqywoufjsuyrtaownclvbrmxizr/Build/Intermediates.noindex/ArchiveIntermediates/WebBrowser/BuildProductsPath/Release-iphoneos/XCFrameworkIntermediates/MintegralAdSDK/BidNativeAd -F /Users/runner/Library/Developer/Xcode/DerivedData/WebBrowser-clqywoufjsuyrtaownclvbrmxizr/Build/Intermediates.noindex/ArchiveIntermediates/WebBrowser/BuildProductsPath/Release-iphoneos/XCFrameworkIntermediates/MintegralAdSDK/InterstitialVideoAd -F /Users/runner/Library/Developer/Xcode/DerivedData/WebBrowser-clqywoufjsuyrtaownclvbrmxizr/Build/Intermediates.noindex/ArchiveIntermediates/WebBrowser/BuildProductsPath/Release-iphoneos/XCFrameworkIntermediates/MintegralAdSDK/NativeAd -F /Users/runner/Library/Developer/Xcode/DerivedData/WebBrowser-clqywoufjsuyrtaownclvbrmxizr/Build/Intermediates.noindex/ArchiveIntermediates/WebBrowser/BuildProductsPath/Release-iphoneos/XCFrameworkIntermediates/MintegralAdSDK/NativeAdvancedAd -F /Users/runner/Library/Developer/Xcode/DerivedData/WebBrowser-clqywoufjsuyrtaownclvbrmxizr/Build/Intermediates.noindex/ArchiveIntermediates/WebBrowser/BuildProductsPath/Release-iphoneos/XCFrameworkIntermediates/MintegralAdSDK/NewInterstitialAd -F /Users/runner/Library/Developer/Xcode/DerivedData/WebBrowser-clqywoufjsuyrtaownclvbrmxizr/Build/Intermediates.noindex/ArchiveIntermediates/WebBrowser/BuildProductsPath/Release-iphoneos/XCFrameworkIntermediates/MintegralAdSDK/RewardVideoAd -F /Users/runner/Library/Developer/Xcode/DerivedData/WebBrowser-clqywoufjsuyrtaownclvbrmxizr/Build/Intermediates.noindex/ArchiveIntermediates/WebBrowser/BuildProductsPath/Release-iphoneos/XCFrameworkIntermediates/MintegralAdSDK/SplashAd -F /Users/runner/Library/Developer/Xcode/DerivedData/WebBrowser-clqywoufjsuyrtaownclvbrmxizr/Build/Intermediates.noindex/ArchiveIntermediates/WebBrowser/BuildProductsPath/Release-iphoneos/XCFrameworkIntermediates/SmartdigimktSDK -F /Users/runner/Library/Developer/Xcode/DerivedData/WebBrowser-clqywoufjsuyrtaownclvbrmxizr/Build/Intermediates.noindex/ArchiveIntermediates/WebBrowser/BuildProductsPath/Release-iphoneos/XCFrameworkIntermediates/TPNMediationAdxSmartdigimktAdapter -F /Users/runner/Library/Developer/Xcode/DerivedData/WebBrowser-clqywoufjsuyrtaownclvbrmxizr/Build/Intermediates.noindex/ArchiveIntermediates/WebBrowser/BuildProductsPath/Release-iphoneos/XCFrameworkIntermediates/TPNMediationFacebookAdapter -F /Users/runner/Library/Developer/Xcode/DerivedData/WebBrowser-clqywoufjsuyrtaownclvbrmxizr/Build/Intermediates.noindex/ArchiveIntermediates/WebBrowser/BuildProductsPath/Release-iphoneos/XCFrameworkIntermediates/TPNMediationInmobiAdapter -F /Users/runner/Library/Developer/Xcode/DerivedData/WebBrowser-clqywoufjsuyrtaownclvbrmxizr/Build/Intermediates.noindex/ArchiveIntermediates/WebBrowser/BuildProductsPath/Release-iphoneos/XCFrameworkIntermediates/TPNMediationMintegralAdapter -F /Users/runner/Library/Developer/Xcode/DerivedData/WebBrowser-clqywoufjsuyrtaownclvbrmxizr/Build/Intermediates.noindex/ArchiveIntermediates/WebBrowser/BuildProductsPath/Release-iphoneos/XCFrameworkIntermediates/TPNMediationPangleAdapter -F /Users/runner/Library/Developer/Xcode/DerivedData/WebBrowser-clqywoufjsuyrtaownclvbrmxizr/Build/Intermediates.noindex/ArchiveIntermediates/WebBrowser/BuildProductsPath/Release-iphoneos/XCFrameworkIntermediates/TPNiOS/TPNSDK -F /Users/runner/Library/Developer/Xcode/DerivedData/WebBrowser-clqywoufjsuyrtaownclvbrmxizr/Build/Intermediates.noindex/ArchiveIntermediates/WebBrowser/BuildProductsPath/Release-iphoneos/XCFrameworkIntermediates/UMCommon -F /Users/runner/Library/Developer/Xcode/DerivedData/WebBrowser-clqywoufjsuyrtaownclvbrmxizr/Build/Intermediates.noindex/ArchiveIntermediates/WebBrowser/BuildProductsPath/Release-iphoneos/XCFrameworkIntermediates/UMDevice -c -num-threads 3 -Xcc -ivfsstatcache -Xcc /Users/runner/Library/Developer/Xcode/DerivedData/SDKStatCaches.noindex/iphoneos26.2-23C57-dc75598d0054f22ec865fa860f139d722dd23b4ebda140f7210d155ff1243552.sdkstatcache -output-file-map /Users/runner/Library/Developer/Xcode/DerivedData/WebBrowser-clqywoufjsuyrtaownclvbrmxizr/Build/Intermediates.noindex/ArchiveIntermediates/WebBrowser/IntermediateBuildFilesPath/WebBrowser.build/Release-iphoneos/WebBrowser.build/Objects-normal/arm64/WebBrowser-OutputFileMap.json -use-frontend-parseable-output -save-temps -no-color-diagnostics -explicit-module-build -module-cache-path /Users/runner/Library/Developer/Xcode/DerivedData/WebBrowser-clqywoufjsuyrtaownclvbrmxizr/Build/Intermediates.noindex/ArchiveIntermediates/WebBrowser/IntermediateBuildFilesPath/SwiftExplicitPrecompiledModules -clang-scanner-module-cache-path /Users/runner/Library/Developer/Xcode/DerivedData/ModuleCache.noindex -sdk-module-cache-path /Users/runner/Library/Developer/Xcode/DerivedData/ModuleCache.noindex -serialize-diagnostics -emit-dependencies -emit-module -emit-module-path /Users/runner/Library/Developer/Xcode/DerivedData/WebBrowser-clqywoufjsuyrtaownclvbrmxizr/Build/Intermediates.noindex/ArchiveIntermediates/WebBrowser/IntermediateBuildFilesPath/WebBrowser.build/Release-iphoneos/WebBrowser.build/Objects-normal/arm64/WebBrowser.swiftmodule -validate-clang-modules-once -clang-build-session-file /Users/runner/Library/Developer/Xcode/DerivedData/ModuleCache.noindex/Session.modulevalidation -Xcc -I/Users/runner/Library/Developer/Xcode/DerivedData/WebBrowser-clqywoufjsuyrtaownclvbrmxizr/Build/Intermediates.noindex/ArchiveIntermediates/WebBrowser/IntermediateBuildFilesPath/WebBrowser.build/Release-iphoneos/WebBrowser.build/swift-overrides.hmap -emit-const-values -Xfrontend -const-gather-protocols-file -Xfrontend /Users/runner/Library/Developer/Xcode/DerivedData/WebBrowser-clqywoufjsuyrtaownclvbrmxizr/Build/Intermediates.noindex/ArchiveIntermediates/WebBrowser/IntermediateBuildFilesPath/WebBrowser.build/Release-iphoneos/WebBrowser.build/Objects-normal/arm64/WebBrowser_const_extract_protocols.json -Xcc -iquote -Xcc /Users/runner/Library/Developer/Xcode/DerivedData/WebBrowser-clqywoufjsuyrtaownclvbrmxizr/Build/Intermediates.noindex/ArchiveIntermediates/WebBrowser/IntermediateBuildFilesPath/WebBrowser.build/Release-iphoneos/WebBrowser.build/WebBrowser-generated-files.hmap -Xcc -I/Users/runner/Library/Developer/Xcode/DerivedData/WebBrowser-clqywoufjsuyrtaownclvbrmxizr/Build/Intermediates.noindex/ArchiveIntermediates/WebBrowser/IntermediateBuildFilesPath/WebBrowser.build/Release-iphoneos/WebBrowser.build/WebBrowser-own-target-headers.hmap -Xcc -I/Users/runner/Library/Developer/Xcode/DerivedData/WebBrowser-clqywoufjsuyrtaownclvbrmxizr/Build/Intermediates.noindex/ArchiveIntermediates/WebBrowser/IntermediateBuildFilesPath/WebBrowser.build/Release-iphoneos/WebBrowser.build/WebBrowser-all-non-framework-target-headers.hmap -Xcc -ivfsoverlay -Xcc /Users/runner/Library/Developer/Xcode/DerivedData/WebBrowser-clqywoufjsuyrtaownclvbrmxizr/Build/Intermediates.noindex/ArchiveIntermediates/WebBrowser/IntermediateBuildFilesPath/WebBrowser.build/Release-iphoneos/WebBrowser-120faf8fc8e1ade2702c6ec35c686092-VFS-iphoneos/all-product-headers.yaml -Xcc -iquote -Xcc /Users/runner/Library/Developer/Xcode/DerivedData/WebBrowser-clqywoufjsuyrtaownclvbrmxizr/Build/Intermediates.noindex/ArchiveIntermediates/WebBrowser/IntermediateBuildFilesPath/WebBrowser.build/Release-iphoneos/WebBrowser.build/WebBrowser-project-headers.hmap -Xcc -I/Users/runner/Library/Developer/Xcode/DerivedData/WebBrowser-clqywoufjsuyrtaownclvbrmxizr/Build/Intermediates.noindex/ArchiveIntermediates/WebBrowser/BuildProductsPath/Release-iphoneos/include -Xcc -I/Users/runner/Library/Developer/Xcode/DerivedData/WebBrowser-clqywoufjsuyrtaownclvbrmxizr/Build/Intermediates.noindex/ArchiveIntermediates/WebBrowser/BuildProductsPath/Release-iphoneos/ApplePurchaseKit/ApplePurchaseKit.framework/Headers -Xcc -I/Users/runner/Library/Developer/Xcode/DerivedData/WebBrowser-clqywoufjsuyrtaownclvbrmxizr/Build/Intermediates.noindex/ArchiveIntermediates/WebBrowser/BuildProductsPath/Release-iphoneos/KeychainAccess/KeychainAccess.framework/Headers -Xcc -I/Users/runner/Library/Developer/Xcode/DerivedData/WebBrowser-clqywoufjsuyrtaownclvbrmxizr/Build/Intermediates.noindex/ArchiveIntermediates/WebBrowser/BuildProductsPath/Release-iphoneos/SVProgressHUD/SVProgressHUD.framework/Headers -Xcc -I/Users/runner/Library/Developer/Xcode/DerivedData/WebBrowser-clqywoufjsuyrtaownclvbrmxizr/Build/Intermediates.noindex/ArchiveIntermediates/WebBrowser/IntermediateBuildFilesPath/WebBrowser.build/Release-iphoneos/WebBrowser.build/DerivedSources-normal/arm64 -Xcc -I/Users/runner/Library/Developer/Xcode/DerivedData/WebBrowser-clqywoufjsuyrtaownclvbrmxizr/Build/Intermediates.noindex/ArchiveIntermediates/WebBrowser/IntermediateBuildFilesPath/WebBrowser.build/Release-iphoneos/WebBrowser.build/DerivedSources/arm64 -Xcc -I/Users/runner/Library/Developer/Xcode/DerivedData/WebBrowser-clqywoufjsuyrtaownclvbrmxizr/Build/Intermediates.noindex/ArchiveIntermediates/WebBrowser/IntermediateBuildFilesPath/WebBrowser.build/Release-iphoneos/WebBrowser.build/DerivedSources -Xcc -DCOCOAPODS\=1 -emit-objc-header -emit-objc-header-path /Users/runner/Library/Developer/Xcode/DerivedData/WebBrowser-clqywoufjsuyrtaownclvbrmxizr/Build/Intermediates.noindex/ArchiveIntermediates/WebBrowser/IntermediateBuildFilesPath/WebBrowser.build/Release-iphoneos/WebBrowser.build/Objects-normal/arm64/WebBrowser-Swift.h -working-directory /Users/runner/work/Web_Browser/Web_Browser -no-emit-module-separately-wmo

SwiftExplicitDependencyGeneratePcm arm64 /Users/runner/Library/Developer/Xcode/DerivedData/ModuleCache.noindex/_Builtin_float-6Q04N3WJW42GZHXGGCGCMO3V5.pcm

SwiftExplicitDependencyGeneratePcm arm64 /Users/runner/Library/Developer/Xcode/DerivedData/ModuleCache.noindex/ptrcheck-4B75TA49T7YAARX5JSPE1KZDM.pcm

SwiftExplicitDependencyGeneratePcm arm64 /Users/runner/Library/Developer/Xcode/DerivedData/ModuleCache.noindex/_AvailabilityInternal-B2MJT460RPZK6C0PMHF3AYFHD.pcm

SwiftExplicitDependencyGeneratePcm arm64 /Users/runner/Library/Developer/Xcode/DerivedData/ModuleCache.noindex/ptrauth-1Y82ZI8JJINRN1FZ63K8V9FEN.pcm

SwiftExplicitDependencyGeneratePcm arm64 /Users/runner/Library/Developer/Xcode/DerivedData/ModuleCache.noindex/_Builtin_stddef-D56B3AOPZILRV5RY4Z7BMDOSL.pcm

SwiftExplicitDependencyGeneratePcm arm64 /Users/runner/Library/Developer/Xcode/DerivedData/ModuleCache.noindex/SwiftShims-36L5TMN9OUCLA1P8DKJP9RN6Y.pcm

SwiftExplicitDependencyGeneratePcm arm64 /Users/runner/Library/Developer/Xcode/DerivedData/ModuleCache.noindex/_DarwinFoundation1-AXAK9ONW7IKCKKQ7MHOZIUP92.pcm

SwiftExplicitDependencyGeneratePcm arm64 /Users/runner/Library/Developer/Xcode/DerivedData/ModuleCache.noindex/_SwiftConcurrencyShims-ET20BZ6W4R0387G36PO1KXMLT.pcm

SwiftExplicitDependencyGeneratePcm arm64 /Users/runner/Library/Developer/Xcode/DerivedData/ModuleCache.noindex/_Builtin_stdbool-E4PO5GYSXQ6FUD9MW336XM8CW.pcm

SwiftExplicitDependencyGeneratePcm arm64 /Users/runner/Library/Developer/Xcode/DerivedData/ModuleCache.noindex/ExtensionFoundation-KBUSF8XO2NYC7SINEFMXG81H.pcm

SwiftExplicitDependencyGeneratePcm arm64 /Users/runner/Library/Developer/Xcode/DerivedData/ModuleCache.noindex/_Builtin_limits-9C4XWF56YW5VJNE462XX3S291.pcm

SwiftExplicitDependencyGeneratePcm arm64 /Users/runner/Library/Developer/Xcode/DerivedData/ModuleCache.noindex/_Builtin_stdarg-3UADYY6JF9BGYXF2W3DEH9JXO.pcm

SwiftExplicitDependencyGeneratePcm arm64 /Users/runner/Library/Developer/Xcode/DerivedData/ModuleCache.noindex/DeveloperToolsSupport-91M3588X5I450EVJX866G6F37.pcm

SwiftExplicitDependencyGeneratePcm arm64 /Users/runner/Library/Developer/Xcode/DerivedData/ModuleCache.noindex/_DarwinFoundation2-1KT0N7QVJW9SSDL0IT59PIDTQ.pcm

SwiftExplicitDependencyGeneratePcm arm64 /Users/runner/Library/Developer/Xcode/DerivedData/ModuleCache.noindex/_Builtin_tgmath-1TUS3D6GAQO0OXTADD9NGJMDW.pcm

SwiftExplicitDependencyGeneratePcm arm64 /Users/runner/Library/Developer/Xcode/DerivedData/ModuleCache.noindex/_Builtin_stdint-4ZBGKR1WDBRDOEE3FG0E90DW4.pcm

SwiftExplicitDependencyGeneratePcm arm64 /Users/runner/Library/Developer/Xcode/DerivedData/ModuleCache.noindex/sys_types-E69JO91901MPSX468XXSJ0DWA.pcm

SwiftExplicitDependencyGeneratePcm arm64 /Users/runner/Library/Developer/Xcode/DerivedData/ModuleCache.noindex/_DarwinFoundation3-D40WAL051S54GZJ60Z168IDIJ.pcm

SwiftExplicitDependencyGeneratePcm arm64 /Users/runner/Library/Developer/Xcode/DerivedData/ModuleCache.noindex/_Builtin_stdatomic-3WK2Z71TFBQKU6QB4L36DE6DC.pcm

SwiftExplicitDependencyGeneratePcm arm64 /Users/runner/Library/Developer/Xcode/DerivedData/ModuleCache.noindex/_Builtin_intrinsics-DJ6QEK45NQG9PH3GWW33QL5IU.pcm

SwiftExplicitDependencyGeneratePcm arm64 /Users/runner/Library/Developer/Xcode/DerivedData/ModuleCache.noindex/_Builtin_inttypes-ASOK1VH4JJGAVQVC810HI7EMV.pcm

SwiftExplicitDependencyGeneratePcm arm64 /Users/runner/Library/Developer/Xcode/DerivedData/ModuleCache.noindex/Darwin-32VBULM4JKW7F2LRJOYBITGQ2.pcm

SwiftExplicitDependencyGeneratePcm arm64 /Users/runner/Library/Developer/Xcode/DerivedData/ModuleCache.noindex/simd-BC09T05ZBP4J6AQ2DW5YSDFJF.pcm

SwiftExplicitDependencyGeneratePcm arm64 /Users/runner/Library/Developer/Xcode/DerivedData/ModuleCache.noindex/MachO-XF793000230WFAGL2MUFO2LC.pcm

SwiftExplicitDependencyGeneratePcm arm64 /Users/runner/Library/Developer/Xcode/DerivedData/ModuleCache.noindex/ObjectiveC-5TQAA2KKN8UV2ABL3ZGXO1F8F.pcm

SwiftExplicitDependencyGeneratePcm arm64 /Users/runner/Library/Developer/Xcode/DerivedData/ModuleCache.noindex/os_object-4HBEW84IMG0SV75KWBGF0RPAH.pcm

SwiftExplicitDependencyGeneratePcm arm64 /Users/runner/Library/Developer/Xcode/DerivedData/ModuleCache.noindex/os_workgroup-9SJQPIK7APJMRV158BIKQV99U.pcm

SwiftExplicitDependencyGeneratePcm arm64 /Users/runner/Library/Developer/Xcode/DerivedData/ModuleCache.noindex/Dispatch-X3CFGJJVQX83YULHXU36K3X3.pcm

SwiftExplicitDependencyGeneratePcm arm64 /Users/runner/Library/Developer/Xcode/DerivedData/ModuleCache.noindex/XPC-89K375CHT9XZ8PGOT4UQAWR3.pcm

SwiftExplicitDependencyGeneratePcm arm64 /Users/runner/Library/Developer/Xcode/DerivedData/ModuleCache.noindex/CoreFoundation-3215T7Y2FPISGZJV8Y4WBJTG5.pcm

SwiftExplicitDependencyGeneratePcm arm64 /Users/runner/Library/Developer/Xcode/DerivedData/ModuleCache.noindex/dnssd-6X08POFDPHALJE4IWLODPAJ27.pcm

SwiftExplicitDependencyGeneratePcm arm64 /Users/runner/Library/Developer/Xcode/DerivedData/ModuleCache.noindex/CFNetwork-E0B0K6S63NRFXUCN0I248J3I1.pcm

SwiftExplicitDependencyGeneratePcm arm64 /Users/runner/Library/Developer/Xcode/DerivedData/ModuleCache.noindex/Spatial-AVALRA07WHT5QQA2UCIN30PPY.pcm

SwiftExplicitDependencyGeneratePcm arm64 /Users/runner/Library/Developer/Xcode/DerivedData/ModuleCache.noindex/CoreAudioTypes-37I3J0UPJN8F5N1ZML6I4G9BO.pcm

SwiftExplicitDependencyGeneratePcm arm64 /Users/runner/Library/Developer/Xcode/DerivedData/ModuleCache.noindex/CoreGraphics-2UONO584T1RSNICGD46TTIMWI.pcm

SwiftExplicitDependencyGeneratePcm arm64 /Users/runner/Library/Developer/Xcode/DerivedData/ModuleCache.noindex/CoreAudio-39J0NGEL7YX2SMOFXZTWIROOZ.pcm

SwiftExplicitDependencyGeneratePcm arm64 /Users/runner/Library/Developer/Xcode/DerivedData/ModuleCache.noindex/Security-3XET3X1ZVNYOYNNVCH81T0HFO.pcm

SwiftExplicitDependencyGeneratePcm arm64 /Users/runner/Library/Developer/Xcode/DerivedData/ModuleCache.noindex/ImageIO-2PE3RSN3EQDR8AB492WCV5KVO.pcm

SwiftExplicitDependencyGeneratePcm arm64 /Users/runner/Library/Developer/Xcode/DerivedData/ModuleCache.noindex/CoreText-ASW4JYHOHBTNI9Z1ZJFI18ZJX.pcm

SwiftExplicitDependencyGeneratePcm arm64 /Users/runner/Library/Developer/Xcode/DerivedData/ModuleCache.noindex/Foundation-4I2YB51NCVN7PIQ9SOQ65EFCQ.pcm

SwiftExplicitDependencyGeneratePcm arm64 /Users/runner/Library/Developer/Xcode/DerivedData/ModuleCache.noindex/os-2LE86AEK2RRCEWX1Q6Q5FMR7L.pcm

SwiftExplicitDependencyGeneratePcm arm64 /Users/runner/Library/Developer/Xcode/DerivedData/ModuleCache.noindex/CoreData-BPKV9QIGKFE3W18LLZW84WBW4.pcm

SwiftExplicitDependencyGeneratePcm arm64 /Users/runner/Library/Developer/Xcode/DerivedData/ModuleCache.noindex/Symbols-1OMEYTK0D02NE3NWLO9SNQLOB.pcm

SwiftExplicitDependencyGeneratePcm arm64 /Users/runner/Library/Developer/Xcode/DerivedData/ModuleCache.noindex/DataDetection-39C62IC8HT924M4AAX26RK9RF.pcm

SwiftExplicitDependencyGeneratePcm arm64 /Users/runner/Library/Developer/Xcode/DerivedData/ModuleCache.noindex/OSLog-5XPW98X3CH9B5HGSBSNWIPMSG.pcm

SwiftExplicitDependencyGeneratePcm arm64 /Users/runner/Library/Developer/Xcode/DerivedData/ModuleCache.noindex/_LocationEssentials-1VO5GDVADOMSYJ8Z8DSEWBWI2.pcm

SwiftExplicitDependencyGeneratePcm arm64 /Users/runner/Library/Developer/Xcode/DerivedData/ModuleCache.noindex/UniformTypeIdentifiers-3NK19WQD8IY7TNM619XIF67X7.pcm

SwiftExplicitDependencyGeneratePcm arm64 /Users/runner/Library/Developer/Xcode/DerivedData/ModuleCache.noindex/LocalAuthentication-AAGAF3KAMC1OIQ92O0SA543OB.pcm

SwiftExplicitDependencyGeneratePcm arm64 /Users/runner/Library/Developer/Xcode/DerivedData/ModuleCache.noindex/CoreTransferable-F4WNIHYYM49DYNGR39KCJNUHV.pcm

SwiftExplicitDependencyGeneratePcm arm64 /Users/runner/Library/Developer/Xcode/DerivedData/ModuleCache.noindex/AdServices-6YDU60TPP2WNEB4JB21YRCPOV.pcm

SwiftExplicitDependencyGeneratePcm arm64 /Users/runner/Library/Developer/Xcode/DerivedData/ModuleCache.noindex/CoreMIDI-59M3GLKLQKF9378AHWLCKTCJ7.pcm

SwiftExplicitDependencyGeneratePcm arm64 /Users/runner/Library/Developer/Xcode/DerivedData/ModuleCache.noindex/UIUtilities-8DB0XC5PDFUF6Y05HP9HFX70I.pcm

SwiftExplicitDependencyGeneratePcm arm64 /Users/runner/Library/Developer/Xcode/DerivedData/ModuleCache.noindex/UserNotifications-12M6M0ALNKFG8Y2N3JC30RDHG.pcm

SwiftExplicitDependencyGeneratePcm arm64 /Users/runner/Library/Developer/Xcode/DerivedData/ModuleCache.noindex/IOSurface-EITNWS6CD8MHQPUNBQ8E33QS2.pcm

SwiftExplicitDependencyGeneratePcm arm64 /Users/runner/Library/Developer/Xcode/DerivedData/ModuleCache.noindex/AudioToolbox-7DCGNBXVIZY73XMPP2DARH5TF.pcm

SwiftExplicitDependencyGeneratePcm arm64 /Users/runner/Library/Developer/Xcode/DerivedData/ModuleCache.noindex/FileProvider-14568SSUIUX0NM03XVN13MM7N.pcm

SwiftExplicitDependencyGeneratePcm arm64 /Users/runner/Library/Developer/Xcode/DerivedData/ModuleCache.noindex/OpenGLES-5BVFD2P8FW75C0D3OOF1NTSHT.pcm

SwiftExplicitDependencyGeneratePcm arm64 /Users/runner/Library/Developer/Xcode/DerivedData/ModuleCache.noindex/BackgroundAssets-B6CAMOIX9VY5VPNZTJCK245ZV.pcm

SwiftExplicitDependencyGeneratePcm arm64 /Users/runner/Library/Developer/Xcode/DerivedData/ModuleCache.noindex/Accessibility-7LEZIECK08G19RZT5RG2DPKBJ.pcm

SwiftExplicitDependencyGeneratePcm arm64 /Users/runner/Library/Developer/Xcode/DerivedData/ModuleCache.noindex/CoreLocation-EK5HV73ZA0L5M9GKBO2IBY40K.pcm

SwiftExplicitDependencyGeneratePcm arm64 /Users/runner/Library/Developer/Xcode/DerivedData/ModuleCache.noindex/Metal-67AOBAU2YZN7OR2TPYHC4AGG9.pcm

SwiftExplicitDependencyGeneratePcm arm64 /Users/runner/Library/Developer/Xcode/DerivedData/ModuleCache.noindex/Network-B9JLTSOQBY04TPX89YOYEDA9W.pcm

SwiftExplicitDependencyGeneratePcm arm64 /Users/runner/Library/Developer/Xcode/DerivedData/ModuleCache.noindex/AVRouting-ABXJG2DVXNXPTOWNFCJ15ZA61.pcm

SwiftExplicitDependencyGeneratePcm arm64 /Users/runner/Library/Developer/Xcode/DerivedData/ModuleCache.noindex/CoreVideo-71NZJPXNJCTVI17O2717FGKG7.pcm

SwiftExplicitDependencyGeneratePcm arm64 /Users/runner/Library/Developer/Xcode/DerivedData/ModuleCache.noindex/CoreMedia-6N9DTZ3Q28F14GWRS2XJT3D41.pcm

SwiftExplicitDependencyGeneratePcm arm64 /Users/runner/Library/Developer/Xcode/DerivedData/ModuleCache.noindex/Accelerate-9AODM93B14847IIX27PRCXIEJ.pcm

SwiftExplicitDependencyGeneratePcm arm64 /Users/runner/Library/Developer/Xcode/DerivedData/ModuleCache.noindex/CoreImage-BR89QKJ2INPTAV28N88H0K43K.pcm

SwiftExplicitDependencyGeneratePcm arm64 /Users/runner/Library/Developer/Xcode/DerivedData/ModuleCache.noindex/AVFAudio-1EY9IPUZLAM12MRW47Q9FI499.pcm

SwiftExplicitDependencyGeneratePcm arm64 /Users/runner/Library/Developer/Xcode/DerivedData/ModuleCache.noindex/MediaToolbox-8P3BWOJONFUNFC4BAFTXD41G8.pcm

SwiftExplicitDependencyGeneratePcm arm64 /Users/runner/Library/Developer/Xcode/DerivedData/ModuleCache.noindex/CoreML-1AZC1A75U33R10CUNTI338ID6.pcm

SwiftExplicitDependencyGeneratePcm arm64 /Users/runner/Library/Developer/Xcode/DerivedData/ModuleCache.noindex/QuartzCore-G4VI6MQNGAJ23I08R68TFRFW.pcm

SwiftExplicitDependencyGeneratePcm arm64 /Users/runner/Library/Developer/Xcode/DerivedData/ModuleCache.noindex/Vision-6BY3R1O650XAWLI6TEB7D5D68.pcm

SwiftExplicitDependencyGeneratePcm arm64 /Users/runner/Library/Developer/Xcode/DerivedData/ModuleCache.noindex/SwiftUICore-5YI9C02NF3MHQBWW995K6KLE7.pcm

SwiftExplicitDependencyGeneratePcm arm64 /Users/runner/Library/Developer/Xcode/DerivedData/ModuleCache.noindex/UIKit-EDFPHR8P79JGOAZWB9FIQRHYR.pcm

SwiftExplicitDependencyGeneratePcm arm64 /Users/runner/Library/Developer/Xcode/DerivedData/ModuleCache.noindex/AVFoundation-CSEOVNEZ793E6KJQMA0U0S8QV.pcm

SwiftExplicitDependencyGeneratePcm arm64 /Users/runner/Library/Developer/Xcode/DerivedData/ModuleCache.noindex/Photos-4JJQS82U1VPH87RKGZSFU5X8V.pcm

SwiftExplicitDependencyGeneratePcm arm64 /Users/runner/Library/Developer/Xcode/DerivedData/WebBrowser-clqywoufjsuyrtaownclvbrmxizr/Build/Intermediates.noindex/ArchiveIntermediates/WebBrowser/IntermediateBuildFilesPath/SwiftExplicitPrecompiledModules/SVProgressHUD-2S4N9DU0PGXL99SM2IKUECJSW.pcm

SwiftExplicitDependencyGeneratePcm arm64 /Users/runner/Library/Developer/Xcode/DerivedData/WebBrowser-clqywoufjsuyrtaownclvbrmxizr/Build/Intermediates.noindex/ArchiveIntermediates/WebBrowser/IntermediateBuildFilesPath/SwiftExplicitPrecompiledModules/KeychainAccess-CO6IUCSYXBX18C39PKR94PV3Y.pcm

SwiftExplicitDependencyGeneratePcm arm64 /Users/runner/Library/Developer/Xcode/DerivedData/WebBrowser-clqywoufjsuyrtaownclvbrmxizr/Build/Intermediates.noindex/ArchiveIntermediates/WebBrowser/IntermediateBuildFilesPath/SwiftExplicitPrecompiledModules/ApplePurchaseKit-2NR17XXLGUPAL9JJR5QPK4R1R.pcm

SwiftExplicitDependencyGeneratePcm arm64 /Users/runner/Library/Developer/Xcode/DerivedData/WebBrowser-clqywoufjsuyrtaownclvbrmxizr/Build/Intermediates.noindex/ArchiveIntermediates/WebBrowser/IntermediateBuildFilesPath/SwiftExplicitPrecompiledModules/UMCommon-AMN6EOK4Q5SJENUTA1AOJPEEQ.pcm
<module-includes>:1:9: note: in file included from <module-includes>:1:
1 | #import "Headers/UMCommon.h"
  |         `- note: in file included from <module-includes>:1:
2 | 

/Users/runner/Library/Developer/Xcode/DerivedData/WebBrowser-clqywoufjsuyrtaownclvbrmxizr/Build/Intermediates.noindex/ArchiveIntermediates/WebBrowser/BuildProductsPath/Release-iphoneos/XCFrameworkIntermediates/UMCommon/UMCommon.framework/Headers/UMCommon.h:19:9: note: in file included from /Users/runner/Library/Developer/Xcode/DerivedData/WebBrowser-clqywoufjsuyrtaownclvbrmxizr/Build/Intermediates.noindex/ArchiveIntermediates/WebBrowser/BuildProductsPath/Release-iphoneos/XCFrameworkIntermediates/UMCommon/UMCommon.framework/Headers/UMCommon.h:19:
17 | // In this header, you should import all the public headers of your framework using statements like #import <UMCommon/PublicHeader.h>
18 | 
19 | #import <UMCommon/UMConfigure.h>
   |         `- note: in file included from /Users/runner/Library/Developer/Xcode/DerivedData/WebBrowser-clqywoufjsuyrtaownclvbrmxizr/Build/Intermediates.noindex/ArchiveIntermediates/WebBrowser/BuildProductsPath/Release-iphoneos/XCFrameworkIntermediates/UMCommon/UMCommon.framework/Headers/UMCommon.h:19:
20 | #import <UMCommon/MobClick.h>
21 | #import <UMCommon/UMCommonDeepLink.h>

/Users/runner/Library/Developer/Xcode/DerivedData/WebBrowser-clqywoufjsuyrtaownclvbrmxizr/Build/Intermediates.noindex/ArchiveIntermediates/WebBrowser/BuildProductsPath/Release-iphoneos/XCFrameworkIntermediates/UMCommon/UMCommon.framework/Headers/UMConfigure.h:22:34: warning: pointer is missing a nullability type specifier (_Nonnull, _Nullable, or _Null_unspecified)
20 |  @param channel 渠道标识，可设置nil表示"App Store".
21 |  */
22 | + (void)initWithAppkey:(NSString *)appKey channel:(NSString *)channel;
   |                                  |- warning: pointer is missing a nullability type specifier (_Nonnull, _Nullable, or _Null_unspecified)
   |                                  |- note: insert '_Nullable' if the pointer may be null
   |                                  `- note: insert '_Nonnull' if the pointer should never be null
23 | 
24 | /** 设置是否在console输出sdk的log信息.

<module-includes>:1:9: note: in file included from <module-includes>:1:
1 | #import "Headers/UMCommon.h"
  |         `- note: in file included from <module-includes>:1:
2 | 

/Users/runner/Library/Developer/Xcode/DerivedData/WebBrowser-clqywoufjsuyrtaownclvbrmxizr/Build/Intermediates.noindex/ArchiveIntermediates/WebBrowser/BuildProductsPath/Release-iphoneos/XCFrameworkIntermediates/UMCommon/UMCommon.framework/Headers/UMCommon.h:19:9: note: in file included from /Users/runner/Library/Developer/Xcode/DerivedData/WebBrowser-clqywoufjsuyrtaownclvbrmxizr/Build/Intermediates.noindex/ArchiveIntermediates/WebBrowser/BuildProductsPath/Release-iphoneos/XCFrameworkIntermediates/UMCommon/UMCommon.framework/Headers/UMCommon.h:19:
17 | // In this header, you should import all the public headers of your framework using statements like #import <UMCommon/PublicHeader.h>
18 | 
19 | #import <UMCommon/UMConfigure.h>
   |         `- note: in file included from /Users/runner/Library/Developer/Xcode/DerivedData/WebBrowser-clqywoufjsuyrtaownclvbrmxizr/Build/Intermediates.noindex/ArchiveIntermediates/WebBrowser/BuildProductsPath/Release-iphoneos/XCFrameworkIntermediates/UMCommon/UMCommon.framework/Headers/UMCommon.h:19:
20 | #import <UMCommon/MobClick.h>
21 | #import <UMCommon/UMCommonDeepLink.h>

/Users/runner/Library/Developer/Xcode/DerivedData/WebBrowser-clqywoufjsuyrtaownclvbrmxizr/Build/Intermediates.noindex/ArchiveIntermediates/WebBrowser/BuildProductsPath/Release-iphoneos/XCFrameworkIntermediates/UMCommon/UMCommon.framework/Headers/UMConfigure.h:22:61: warning: pointer is missing a nullability type specifier (_Nonnull, _Nullable, or _Null_unspecified)
20 |  @param channel 渠道标识，可设置nil表示"App Store".
21 |  */
22 | + (void)initWithAppkey:(NSString *)appKey channel:(NSString *)channel;
   |                                                             |- warning: pointer is missing a nullability type specifier (_Nonnull, _Nullable, or _Null_unspecified)
   |                                                             |- note: insert '_Nullable' if the pointer may be null
   |                                                             `- note: insert '_Nonnull' if the pointer should never be null
23 | 
24 | /** 设置是否在console输出sdk的log信息.

<module-includes>:1:9: note: in file included from <module-includes>:1:
1 | #import "Headers/UMCommon.h"
  |         `- note: in file included from <module-includes>:1:
2 | 

/Users/runner/Library/Developer/Xcode/DerivedData/WebBrowser-clqywoufjsuyrtaownclvbrmxizr/Build/Intermediates.noindex/ArchiveIntermediates/WebBrowser/BuildProductsPath/Release-iphoneos/XCFrameworkIntermediates/UMCommon/UMCommon.framework/Headers/UMCommon.h:19:9: note: in file included from /Users/runner/Library/Developer/Xcode/DerivedData/WebBrowser-clqywoufjsuyrtaownclvbrmxizr/Build/Intermediates.noindex/ArchiveIntermediates/WebBrowser/BuildProductsPath/Release-iphoneos/XCFrameworkIntermediates/UMCommon/UMCommon.framework/Headers/UMCommon.h:19:
17 | // In this header, you should import all the public headers of your framework using statements like #import <UMCommon/PublicHeader.h>
18 | 
19 | #import <UMCommon/UMConfigure.h>
   |         `- note: in file included from /Users/runner/Library/Developer/Xcode/DerivedData/WebBrowser-clqywoufjsuyrtaownclvbrmxizr/Build/Intermediates.noindex/ArchiveIntermediates/WebBrowser/BuildProductsPath/Release-iphoneos/XCFrameworkIntermediates/UMCommon/UMCommon.framework/Headers/UMCommon.h:19:
20 | #import <UMCommon/MobClick.h>
21 | #import <UMCommon/UMCommonDeepLink.h>

/Users/runner/Library/Developer/Xcode/DerivedData/WebBrowser-clqywoufjsuyrtaownclvbrmxizr/Build/Intermediates.noindex/ArchiveIntermediates/WebBrowser/BuildProductsPath/Release-iphoneos/XCFrameworkIntermediates/UMCommon/UMCommon.framework/Headers/UMConfigure.h:34:13: warning: pointer is missing a nullability type specifier (_Nonnull, _Nullable, or _Null_unspecified)
32 | + (void)setEncryptEnabled:(BOOL)value;
33 | 
34 | + (NSString *)umidString;
   |             |- warning: pointer is missing a nullability type specifier (_Nonnull, _Nullable, or _Null_unspecified)
   |             |- note: insert '_Nullable' if the pointer may be null
   |             `- note: insert '_Nonnull' if the pointer should never be null
35 | 
36 | /**

<module-includes>:1:9: note: in file included from <module-includes>:1:
1 | #import "Headers/UMCommon.h"
  |         `- note: in file included from <module-includes>:1:
2 | 

/Users/runner/Library/Developer/Xcode/DerivedData/WebBrowser-clqywoufjsuyrtaownclvbrmxizr/Build/Intermediates.noindex/ArchiveIntermediates/WebBrowser/BuildProductsPath/Release-iphoneos/XCFrameworkIntermediates/UMCommon/UMCommon.framework/Headers/UMCommon.h:19:9: note: in file included from /Users/runner/Library/Developer/Xcode/DerivedData/WebBrowser-clqywoufjsuyrtaownclvbrmxizr/Build/Intermediates.noindex/ArchiveIntermediates/WebBrowser/BuildProductsPath/Release-iphoneos/XCFrameworkIntermediates/UMCommon/UMCommon.framework/Headers/UMCommon.h:19:
17 | // In this header, you should import all the public headers of your framework using statements like #import <UMCommon/PublicHeader.h>
18 | 
19 | #import <UMCommon/UMConfigure.h>
   |         `- note: in file included from /Users/runner/Library/Developer/Xcode/DerivedData/WebBrowser-clqywoufjsuyrtaownclvbrmxizr/Build/Intermediates.noindex/ArchiveIntermediates/WebBrowser/BuildProductsPath/Release-iphoneos/XCFrameworkIntermediates/UMCommon/UMCommon.framework/Headers/UMCommon.h:19:
20 | #import <UMCommon/MobClick.h>
21 | #import <UMCommon/UMCommonDeepLink.h>

/Users/runner/Library/Developer/Xcode/DerivedData/WebBrowser-clqywoufjsuyrtaownclvbrmxizr/Build/Intermediates.noindex/ArchiveIntermediates/WebBrowser/BuildProductsPath/Release-iphoneos/XCFrameworkIntermediates/UMCommon/UMCommon.framework/Headers/UMConfigure.h:39:12: warning: pointer is missing a nullability type specifier (_Nonnull, _Nullable, or _Null_unspecified)
37 |  集成测试需要device_id
38 |  */
39 | + (NSString*)deviceIDForIntegration;
   |            |- warning: pointer is missing a nullability type specifier (_Nonnull, _Nullable, or _Null_unspecified)
   |            |- note: insert '_Nullable' if the pointer may be null
   |            `- note: insert '_Nonnull' if the pointer should never be null
40 | 
41 | /** 是否开启统计，默认为YES(开启状态)

<module-includes>:1:9: note: in file included from <module-includes>:1:
1 | #import "Headers/UMCommon.h"
  |         `- note: in file included from <module-includes>:1:
2 | 

/Users/runner/Library/Developer/Xcode/DerivedData/WebBrowser-clqywoufjsuyrtaownclvbrmxizr/Build/Intermediates.noindex/ArchiveIntermediates/WebBrowser/BuildProductsPath/Release-iphoneos/XCFrameworkIntermediates/UMCommon/UMCommon.framework/Headers/UMCommon.h:19:9: note: in file included from /Users/runner/Library/Developer/Xcode/DerivedData/WebBrowser-clqywoufjsuyrtaownclvbrmxizr/Build/Intermediates.noindex/ArchiveIntermediates/WebBrowser/BuildProductsPath/Release-iphoneos/XCFrameworkIntermediates/UMCommon/UMCommon.framework/Headers/UMCommon.h:19:
17 | // In this header, you should import all the public headers of your framework using statements like #import <UMCommon/PublicHeader.h>
18 | 
19 | #import <UMCommon/UMConfigure.h>
   |         `- note: in file included from /Users/runner/Library/Developer/Xcode/DerivedData/WebBrowser-clqywoufjsuyrtaownclvbrmxizr/Build/Intermediates.noindex/ArchiveIntermediates/WebBrowser/BuildProductsPath/Release-iphoneos/XCFrameworkIntermediates/UMCommon/UMCommon.framework/Headers/UMCommon.h:19:
20 | #import <UMCommon/MobClick.h>
21 | #import <UMCommon/UMCommonDeepLink.h>

/Users/runner/Library/Developer/Xcode/DerivedData/WebBrowser-clqywoufjsuyrtaownclvbrmxizr/Build/Intermediates.noindex/ArchiveIntermediates/WebBrowser/BuildProductsPath/Release-iphoneos/XCFrameworkIntermediates/UMCommon/UMCommon.framework/Headers/UMConfigure.h:47:13: warning: pointer is missing a nullability type specifier (_Nonnull, _Nullable, or _Null_unspecified)
45 | 
46 | //获取zid
47 | + (NSString *)getUmengZID;
   |             |- warning: pointer is missing a nullability type specifier (_Nonnull, _Nullable, or _Null_unspecified)
   |             |- note: insert '_Nullable' if the pointer may be null
   |             `- note: insert '_Nonnull' if the pointer should never be null
48 | 
49 | //是否发送海外域名，默认为YES发送海外域名

<module-includes>:1:9: note: in file included from <module-includes>:1:
1 | #import "Headers/UMCommon.h"
  |         `- note: in file included from <module-includes>:1:
2 | 

/Users/runner/Library/Developer/Xcode/DerivedData/WebBrowser-clqywoufjsuyrtaownclvbrmxizr/Build/Intermediates.noindex/ArchiveIntermediates/WebBrowser/BuildProductsPath/Release-iphoneos/XCFrameworkIntermediates/UMCommon/UMCommon.framework/Headers/UMCommon.h:19:9: note: in file included from /Users/runner/Library/Developer/Xcode/DerivedData/WebBrowser-clqywoufjsuyrtaownclvbrmxizr/Build/Intermediates.noindex/ArchiveIntermediates/WebBrowser/BuildProductsPath/Release-iphoneos/XCFrameworkIntermediates/UMCommon/UMCommon.framework/Headers/UMCommon.h:19:
17 | // In this header, you should import all the public headers of your framework using statements like #import <UMCommon/PublicHeader.h>
18 | 
19 | #import <UMCommon/UMConfigure.h>
   |         `- note: in file included from /Users/runner/Library/Developer/Xcode/DerivedData/WebBrowser-clqywoufjsuyrtaownclvbrmxizr/Build/Intermediates.noindex/ArchiveIntermediates/WebBrowser/BuildProductsPath/Release-iphoneos/XCFrameworkIntermediates/UMCommon/UMCommon.framework/Headers/UMCommon.h:19:
20 | #import <UMCommon/MobClick.h>
21 | #import <UMCommon/UMCommonDeepLink.h>

/Users/runner/Library/Developer/Xcode/DerivedData/WebBrowser-clqywoufjsuyrtaownclvbrmxizr/Build/Intermediates.noindex/ArchiveIntermediates/WebBrowser/BuildProductsPath/Release-iphoneos/XCFrameworkIntermediates/UMCommon/UMCommon.framework/Headers/UMConfigure.h:53:13: warning: pointer is missing a nullability type specifier (_Nonnull, _Nullable, or _Null_unspecified)
51 | 
52 | //获取本次SessionID
53 | + (NSString *)getSessionID;
   |             |- warning: pointer is missing a nullability type specifier (_Nonnull, _Nullable, or _Null_unspecified)
   |             |- note: insert '_Nullable' if the pointer may be null
   |             `- note: insert '_Nonnull' if the pointer should never be null
54 | 
55 | + (void)resetStorePrefix:(NSString *)prefix;

<module-includes>:1:9: note: in file included from <module-includes>:1:
1 | #import "Headers/UMCommon.h"
  |         `- note: in file included from <module-includes>:1:
2 | 

/Users/runner/Library/Developer/Xcode/DerivedData/WebBrowser-clqywoufjsuyrtaownclvbrmxizr/Build/Intermediates.noindex/ArchiveIntermediates/WebBrowser/BuildProductsPath/Release-iphoneos/XCFrameworkIntermediates/UMCommon/UMCommon.framework/Headers/UMCommon.h:19:9: note: in file included from /Users/runner/Library/Developer/Xcode/DerivedData/WebBrowser-clqywoufjsuyrtaownclvbrmxizr/Build/Intermediates.noindex/ArchiveIntermediates/WebBrowser/BuildProductsPath/Release-iphoneos/XCFrameworkIntermediates/UMCommon/UMCommon.framework/Headers/UMCommon.h:19:
17 | // In this header, you should import all the public headers of your framework using statements like #import <UMCommon/PublicHeader.h>
18 | 
19 | #import <UMCommon/UMConfigure.h>
   |         `- note: in file included from /Users/runner/Library/Developer/Xcode/DerivedData/WebBrowser-clqywoufjsuyrtaownclvbrmxizr/Build/Intermediates.noindex/ArchiveIntermediates/WebBrowser/BuildProductsPath/Release-iphoneos/XCFrameworkIntermediates/UMCommon/UMCommon.framework/Headers/UMCommon.h:19:
20 | #import <UMCommon/MobClick.h>
21 | #import <UMCommon/UMCommonDeepLink.h>

/Users/runner/Library/Developer/Xcode/DerivedData/WebBrowser-clqywoufjsuyrtaownclvbrmxizr/Build/Intermediates.noindex/ArchiveIntermediates/WebBrowser/BuildProductsPath/Release-iphoneos/XCFrameworkIntermediates/UMCommon/UMCommon.framework/Headers/UMConfigure.h:55:36: warning: pointer is missing a nullability type specifier (_Nonnull, _Nullable, or _Null_unspecified)
53 | + (NSString *)getSessionID;
54 | 
55 | + (void)resetStorePrefix:(NSString *)prefix;
   |                                    |- warning: pointer is missing a nullability type specifier (_Nonnull, _Nullable, or _Null_unspecified)
   |                                    |- note: insert '_Nullable' if the pointer may be null
   |                                    `- note: insert '_Nonnull' if the pointer should never be null
56 | + (void)resetStorePath;
57 | 

<module-includes>:1:9: note: in file included from <module-includes>:1:
1 | #import "Headers/UMCommon.h"
  |         `- note: in file included from <module-includes>:1:
2 | 

/Users/runner/Library/Developer/Xcode/DerivedData/WebBrowser-clqywoufjsuyrtaownclvbrmxizr/Build/Intermediates.noindex/ArchiveIntermediates/WebBrowser/BuildProductsPath/Release-iphoneos/XCFrameworkIntermediates/UMCommon/UMCommon.framework/Headers/UMCommon.h:19:9: note: in file included from /Users/runner/Library/Developer/Xcode/DerivedData/WebBrowser-clqywoufjsuyrtaownclvbrmxizr/Build/Intermediates.noindex/ArchiveIntermediates/WebBrowser/BuildProductsPath/Release-iphoneos/XCFrameworkIntermediates/UMCommon/UMCommon.framework/Headers/UMCommon.h:19:
17 | // In this header, you should import all the public headers of your framework using statements like #import <UMCommon/PublicHeader.h>
18 | 
19 | #import <UMCommon/UMConfigure.h>
   |         `- note: in file included from /Users/runner/Library/Developer/Xcode/DerivedData/WebBrowser-clqywoufjsuyrtaownclvbrmxizr/Build/Intermediates.noindex/ArchiveIntermediates/WebBrowser/BuildProductsPath/Release-iphoneos/XCFrameworkIntermediates/UMCommon/UMCommon.framework/Headers/UMCommon.h:19:
20 | #import <UMCommon/MobClick.h>
21 | #import <UMCommon/UMCommonDeepLink.h>

/Users/runner/Library/Developer/Xcode/DerivedData/WebBrowser-clqywoufjsuyrtaownclvbrmxizr/Build/Intermediates.noindex/ArchiveIntermediates/WebBrowser/BuildProductsPath/Release-iphoneos/XCFrameworkIntermediates/UMCommon/UMCommon.framework/Headers/UMConfigure.h:61:29: warning: pointer is missing a nullability type specifier (_Nonnull, _Nullable, or _Null_unspecified)
59 |  @param primaryDomain 传日志的主域名收数地址,参数不能为null或者空串。例如：https://www.umeng.com
60 | */
61 | + (void)setDomain:(NSString *)primaryDomain;
   |                             |- warning: pointer is missing a nullability type specifier (_Nonnull, _Nullable, or _Null_unspecified)
   |                             |- note: insert '_Nullable' if the pointer may be null
   |                             `- note: insert '_Nonnull' if the pointer should never be null
62 | 
63 | /** 进端采集开关

<module-includes>:1:9: note: in file included from <module-includes>:1:
1 | #import "Headers/UMCommon.h"
  |         `- note: in file included from <module-includes>:1:
2 | 

/Users/runner/Library/Developer/Xcode/DerivedData/WebBrowser-clqywoufjsuyrtaownclvbrmxizr/Build/Intermediates.noindex/ArchiveIntermediates/WebBrowser/BuildProductsPath/Release-iphoneos/XCFrameworkIntermediates/UMCommon/UMCommon.framework/Headers/UMCommon.h:19:9: note: in file included from /Users/runner/Library/Developer/Xcode/DerivedData/WebBrowser-clqywoufjsuyrtaownclvbrmxizr/Build/Intermediates.noindex/ArchiveIntermediates/WebBrowser/BuildProductsPath/Release-iphoneos/XCFrameworkIntermediates/UMCommon/UMCommon.framework/Headers/UMCommon.h:19:
17 | // In this header, you should import all the public headers of your framework using statements like #import <UMCommon/PublicHeader.h>
18 | 
19 | #import <UMCommon/UMConfigure.h>
   |         `- note: in file included from /Users/runner/Library/Developer/Xcode/DerivedData/WebBrowser-clqywoufjsuyrtaownclvbrmxizr/Build/Intermediates.noindex/ArchiveIntermediates/WebBrowser/BuildProductsPath/Release-iphoneos/XCFrameworkIntermediates/UMCommon/UMCommon.framework/Headers/UMCommon.h:19:
20 | #import <UMCommon/MobClick.h>
21 | #import <UMCommon/UMCommonDeepLink.h>

9 warnings generated.
/Users/runner/Library/Developer/Xcode/DerivedData/WebBrowser-clqywoufjsuyrtaownclvbrmxizr/Build/Intermediates.noindex/ArchiveIntermediates/WebBrowser/BuildProductsPath/Release-iphoneos/XCFrameworkIntermediates/UMCommon/UMCommon.framework/Headers/UMConfigure.h:71:44: warning: pointer is missing a nullability type specifier (_Nonnull, _Nullable, or _Null_unspecified)
69 |  @param connectionOptions: UIScene模式下的启动参数
70 | */
71 | + (void)handleSceneWillConnectWithOptions:(id)connectionOptions;
   |                                            |- warning: pointer is missing a nullability type specifier (_Nonnull, _Nullable, or _Null_unspecified)
   |                                            |- note: insert '_Nullable' if the pointer may be null
   |                                            `- note: insert '_Nonnull' if the pointer should never be null
72 | 
73 | /** ASA归因采集开关，默认为YES(开启)。

SwiftExplicitDependencyGeneratePcm arm64 /Users/runner/Library/Developer/Xcode/DerivedData/ModuleCache.noindex/SwiftUI-35WLO3LENPATPT7555CRKKV66.pcm

SwiftExplicitDependencyGeneratePcm arm64 /Users/runner/Library/Developer/Xcode/DerivedData/ModuleCache.noindex/PhotosUI-7E1L75PCMQUARHM8P3JZVH2HY.pcm

SwiftExplicitDependencyGeneratePcm arm64 /Users/runner/Library/Developer/Xcode/DerivedData/ModuleCache.noindex/StoreKit-8F47VSHNHB3TSK9GMBE3VP82Z.pcm

SwiftExplicitDependencyGeneratePcm arm64 /Users/runner/Library/Developer/Xcode/DerivedData/WebBrowser-clqywoufjsuyrtaownclvbrmxizr/Build/Intermediates.noindex/ArchiveIntermediates/WebBrowser/IntermediateBuildFilesPath/SwiftExplicitPrecompiledModules/AnyThinkSDK-3FI33PLKZCQBACW7P2AZ60ZR1.pcm
<module-includes>:1:9: note: in file included from <module-includes>:1:
1 | #import "Headers/AnyThinkSDK.h"
  |         `- note: in file included from <module-includes>:1:
2 | 

/Users/runner/Library/Developer/Xcode/DerivedData/WebBrowser-clqywoufjsuyrtaownclvbrmxizr/Build/Intermediates.noindex/ArchiveIntermediates/WebBrowser/BuildProductsPath/Release-iphoneos/XCFrameworkIntermediates/TPNiOS/TPNSDK/AnyThinkSDK.framework/Headers/AnyThinkSDK.h:14:9: note: in file included from /Users/runner/Library/Developer/Xcode/DerivedData/WebBrowser-clqywoufjsuyrtaownclvbrmxizr/Build/Intermediates.noindex/ArchiveIntermediates/WebBrowser/BuildProductsPath/Release-iphoneos/XCFrameworkIntermediates/TPNiOS/TPNSDK/AnyThinkSDK.framework/Headers/AnyThinkSDK.h:14:
 12 | #import <AnyThinkSDK/ATAdManager.h>
 13 | #import <AnyThinkSDK/ATAdLoadingDelegate.h>
 14 | #import <AnyThinkSDK/ATAdCustomEvent.h>
    |         `- note: in file included from /Users/runner/Library/Developer/Xcode/DerivedData/WebBrowser-clqywoufjsuyrtaownclvbrmxizr/Build/Intermediates.noindex/ArchiveIntermediates/WebBrowser/BuildProductsPath/Release-iphoneos/XCFrameworkIntermediates/TPNiOS/TPNSDK/AnyThinkSDK.framework/Headers/AnyThinkSDK.h:14:
 15 | #import <AnyThinkSDK/ATAdAdapter.h>
 16 | #import <AnyThinkSDK/ATCheckLoadModel.h>

/Users/runner/Library/Developer/Xcode/DerivedData/WebBrowser-clqywoufjsuyrtaownclvbrmxizr/Build/Intermediates.noindex/ArchiveIntermediates/WebBrowser/BuildProductsPath/Release-iphoneos/XCFrameworkIntermediates/TPNiOS/TPNSDK/AnyThinkSDK.framework/Headers/ATAdCustomEvent.h:13:9: note: in file included from /Users/runner/Library/Developer/Xcode/DerivedData/WebBrowser-clqywoufjsuyrtaownclvbrmxizr/Build/Intermediates.noindex/ArchiveIntermediates/WebBrowser/BuildProductsPath/Release-iphoneos/XCFrameworkIntermediates/TPNiOS/TPNSDK/AnyThinkSDK.framework/Headers/ATAdCustomEvent.h:13:
 11 | #import <AnyThinkSDK/ATTracker.h>
 12 | #import <AnyThinkSDK/ATBidInfo.h>
 13 | #import <AnyThinkSDK/ATAdManager+Internal.h>
    |         `- note: in file included from /Users/runner/Library/Developer/Xcode/DerivedData/WebBrowser-clqywoufjsuyrtaownclvbrmxizr/Build/Intermediates.noindex/ArchiveIntermediates/WebBrowser/BuildProductsPath/Release-iphoneos/XCFrameworkIntermediates/TPNiOS/TPNSDK/AnyThinkSDK.framework/Headers/ATAdCustomEvent.h:13:
 14 | #import <AnyThinkSDK/ATBaseTrackProtocol.h>
 15 | #import <AnyThinkSDK/ATInteriorTrackProtocol.h>

/Users/runner/Library/Developer/Xcode/DerivedData/WebBrowser-clqywoufjsuyrtaownclvbrmxizr/Build/Intermediates.noindex/ArchiveIntermediates/WebBrowser/BuildProductsPath/Release-iphoneos/XCFrameworkIntermediates/TPNiOS/TPNSDK/AnyThinkSDK.framework/Headers/ATAdManager+Internal.h:21:17: warning: pointer is missing a nullability type specifier (_Nonnull, _Nullable, or _Null_unspecified)
 19 | 
 20 | //The value is (subclass of) UIViewController
 21 | extern NSString *const kATAdLoadingExtraRefreshFlagKey;//Defined in loader
    |                 |- warning: pointer is missing a nullability type specifier (_Nonnull, _Nullable, or _Null_unspecified)
    |                 |- note: insert '_Nullable' if the pointer may be null
    |                 `- note: insert '_Nonnull' if the pointer should never be null
 22 | extern NSString *const kATAdLoadingExtraBannerAutoRefreshFlagKey;
 23 | extern NSString *const kATAdLoadingExtraAutoloadFlagKey;

<module-includes>:1:9: note: in file included from <module-includes>:1:
1 | #import "Headers/AnyThinkSDK.h"
  |         `- note: in file included from <module-includes>:1:
2 | 

/Users/runner/Library/Developer/Xcode/DerivedData/WebBrowser-clqywoufjsuyrtaownclvbrmxizr/Build/Intermediates.noindex/ArchiveIntermediates/WebBrowser/BuildProductsPath/Release-iphoneos/XCFrameworkIntermediates/TPNiOS/TPNSDK/AnyThinkSDK.framework/Headers/AnyThinkSDK.h:14:9: note: in file included from /Users/runner/Library/Developer/Xcode/DerivedData/WebBrowser-clqywoufjsuyrtaownclvbrmxizr/Build/Intermediates.noindex/ArchiveIntermediates/WebBrowser/BuildProductsPath/Release-iphoneos/XCFrameworkIntermediates/TPNiOS/TPNSDK/AnyThinkSDK.framework/Headers/AnyThinkSDK.h:14:
 12 | #import <AnyThinkSDK/ATAdManager.h>
 13 | #import <AnyThinkSDK/ATAdLoadingDelegate.h>
 14 | #import <AnyThinkSDK/ATAdCustomEvent.h>
    |         `- note: in file included from /Users/runner/Library/Developer/Xcode/DerivedData/WebBrowser-clqywoufjsuyrtaownclvbrmxizr/Build/Intermediates.noindex/ArchiveIntermediates/WebBrowser/BuildProductsPath/Release-iphoneos/XCFrameworkIntermediates/TPNiOS/TPNSDK/AnyThinkSDK.framework/Headers/AnyThinkSDK.h:14:
 15 | #import <AnyThinkSDK/ATAdAdapter.h>
 16 | #import <AnyThinkSDK/ATCheckLoadModel.h>

/Users/runner/Library/Developer/Xcode/DerivedData/WebBrowser-clqywoufjsuyrtaownclvbrmxizr/Build/Intermediates.noindex/ArchiveIntermediates/WebBrowser/BuildProductsPath/Release-iphoneos/XCFrameworkIntermediates/TPNiOS/TPNSDK/AnyThinkSDK.framework/Headers/ATAdCustomEvent.h:13:9: note: in file included from /Users/runner/Library/Developer/Xcode/DerivedData/WebBrowser-clqywoufjsuyrtaownclvbrmxizr/Build/Intermediates.noindex/ArchiveIntermediates/WebBrowser/BuildProductsPath/Release-iphoneos/XCFrameworkIntermediates/TPNiOS/TPNSDK/AnyThinkSDK.framework/Headers/ATAdCustomEvent.h:13:
 11 | #import <AnyThinkSDK/ATTracker.h>
 12 | #import <AnyThinkSDK/ATBidInfo.h>
 13 | #import <AnyThinkSDK/ATAdManager+Internal.h>
    |         `- note: in file included from /Users/runner/Library/Developer/Xcode/DerivedData/WebBrowser-clqywoufjsuyrtaownclvbrmxizr/Build/Intermediates.noindex/ArchiveIntermediates/WebBrowser/BuildProductsPath/Release-iphoneos/XCFrameworkIntermediates/TPNiOS/TPNSDK/AnyThinkSDK.framework/Headers/ATAdCustomEvent.h:13:
 14 | #import <AnyThinkSDK/ATBaseTrackProtocol.h>
 15 | #import <AnyThinkSDK/ATInteriorTrackProtocol.h>

/Users/runner/Library/Developer/Xcode/DerivedData/WebBrowser-clqywoufjsuyrtaownclvbrmxizr/Build/Intermediates.noindex/ArchiveIntermediates/WebBrowser/BuildProductsPath/Release-iphoneos/XCFrameworkIntermediates/TPNiOS/TPNSDK/AnyThinkSDK.framework/Headers/ATAdManager+Internal.h:101:57: warning: pointer is missing a nullability type specifier (_Nonnull, _Nullable, or _Null_unspecified)
 99 | 
100 | #pragma mark - auto_refresh
101 | - (void)autoRefreshIsReadyPlacementID:(ATPlacementModel *)placementModel;
    |                                                         |- warning: pointer is missing a nullability type specifier (_Nonnull, _Nullable, or _Null_unspecified)
    |                                                         |- note: insert '_Nullable' if the pointer may be null
    |                                                         `- note: insert '_Nonnull' if the pointer should never be null
102 | 
103 | #pragma mark - real time TK

<module-includes>:1:9: note: in file included from <module-includes>:1:
1 | #import "Headers/AnyThinkSDK.h"
  |         `- note: in file included from <module-includes>:1:
2 | 

/Users/runner/Library/Developer/Xcode/DerivedData/WebBrowser-clqywoufjsuyrtaownclvbrmxizr/Build/Intermediates.noindex/ArchiveIntermediates/WebBrowser/BuildProductsPath/Release-iphoneos/XCFrameworkIntermediates/TPNiOS/TPNSDK/AnyThinkSDK.framework/Headers/AnyThinkSDK.h:14:9: note: in file included from /Users/runner/Library/Developer/Xcode/DerivedData/WebBrowser-clqywoufjsuyrtaownclvbrmxizr/Build/Intermediates.noindex/ArchiveIntermediates/WebBrowser/BuildProductsPath/Release-iphoneos/XCFrameworkIntermediates/TPNiOS/TPNSDK/AnyThinkSDK.framework/Headers/AnyThinkSDK.h:14:
 12 | #import <AnyThinkSDK/ATAdManager.h>
 13 | #import <AnyThinkSDK/ATAdLoadingDelegate.h>
 14 | #import <AnyThinkSDK/ATAdCustomEvent.h>
    |         `- note: in file included from /Users/runner/Library/Developer/Xcode/DerivedData/WebBrowser-clqywoufjsuyrtaownclvbrmxizr/Build/Intermediates.noindex/ArchiveIntermediates/WebBrowser/BuildProductsPath/Release-iphoneos/XCFrameworkIntermediates/TPNiOS/TPNSDK/AnyThinkSDK.framework/Headers/AnyThinkSDK.h:14:
 15 | #import <AnyThinkSDK/ATAdAdapter.h>
 16 | #import <AnyThinkSDK/ATCheckLoadModel.h>

/Users/runner/Library/Developer/Xcode/DerivedData/WebBrowser-clqywoufjsuyrtaownclvbrmxizr/Build/Intermediates.noindex/ArchiveIntermediates/WebBrowser/BuildProductsPath/Release-iphoneos/XCFrameworkIntermediates/TPNiOS/TPNSDK/AnyThinkSDK.framework/Headers/ATAdCustomEvent.h:13:9: note: in file included from /Users/runner/Library/Developer/Xcode/DerivedData/WebBrowser-clqywoufjsuyrtaownclvbrmxizr/Build/Intermediates.noindex/ArchiveIntermediates/WebBrowser/BuildProductsPath/Release-iphoneos/XCFrameworkIntermediates/TPNiOS/TPNSDK/AnyThinkSDK.framework/Headers/ATAdCustomEvent.h:13:
 11 | #import <AnyThinkSDK/ATTracker.h>
 12 | #import <AnyThinkSDK/ATBidInfo.h>
 13 | #import <AnyThinkSDK/ATAdManager+Internal.h>
    |         `- note: in file included from /Users/runner/Library/Developer/Xcode/DerivedData/WebBrowser-clqywoufjsuyrtaownclvbrmxizr/Build/Intermediates.noindex/ArchiveIntermediates/WebBrowser/BuildProductsPath/Release-iphoneos/XCFrameworkIntermediates/TPNiOS/TPNSDK/AnyThinkSDK.framework/Headers/ATAdCustomEvent.h:13:
 14 | #import <AnyThinkSDK/ATBaseTrackProtocol.h>
 15 | #import <AnyThinkSDK/ATInteriorTrackProtocol.h>

/Users/runner/Library/Developer/Xcode/DerivedData/WebBrowser-clqywoufjsuyrtaownclvbrmxizr/Build/Intermediates.noindex/ArchiveIntermediates/WebBrowser/BuildProductsPath/Release-iphoneos/XCFrameworkIntermediates/TPNiOS/TPNSDK/AnyThinkSDK.framework/Headers/ATAdManager+Internal.h:105:12: warning: pointer is missing a nullability type specifier (_Nonnull, _Nullable, or _Null_unspecified)
103 | #pragma mark - real time TK
104 | 
105 | + (NSArray *)getRealTimeNetworkArray;
    |            |- warning: pointer is missing a nullability type specifier (_Nonnull, _Nullable, or _Null_unspecified)
    |            |- note: insert '_Nullable' if the pointer may be null
    |            `- note: insert '_Nonnull' if the pointer should never be null
106 | 
107 | #pragma mark - send_tracking

<module-includes>:1:9: note: in file included from <module-includes>:1:
1 | #import "Headers/AnyThinkSDK.h"
  |         `- note: in file included from <module-includes>:1:
2 | 

/Users/runner/Library/Developer/Xcode/DerivedData/WebBrowser-clqywoufjsuyrtaownclvbrmxizr/Build/Intermediates.noindex/ArchiveIntermediates/WebBrowser/BuildProductsPath/Release-iphoneos/XCFrameworkIntermediates/TPNiOS/TPNSDK/AnyThinkSDK.framework/Headers/AnyThinkSDK.h:14:9: note: in file included from /Users/runner/Library/Developer/Xcode/DerivedData/WebBrowser-clqywoufjsuyrtaownclvbrmxizr/Build/Intermediates.noindex/ArchiveIntermediates/WebBrowser/BuildProductsPath/Release-iphoneos/XCFrameworkIntermediates/TPNiOS/TPNSDK/AnyThinkSDK.framework/Headers/AnyThinkSDK.h:14:
 12 | #import <AnyThinkSDK/ATAdManager.h>
 13 | #import <AnyThinkSDK/ATAdLoadingDelegate.h>
 14 | #import <AnyThinkSDK/ATAdCustomEvent.h>
    |         `- note: in file included from /Users/runner/Library/Developer/Xcode/DerivedData/WebBrowser-clqywoufjsuyrtaownclvbrmxizr/Build/Intermediates.noindex/ArchiveIntermediates/WebBrowser/BuildProductsPath/Release-iphoneos/XCFrameworkIntermediates/TPNiOS/TPNSDK/AnyThinkSDK.framework/Headers/AnyThinkSDK.h:14:
 15 | #import <AnyThinkSDK/ATAdAdapter.h>
 16 | #import <AnyThinkSDK/ATCheckLoadModel.h>

/Users/runner/Library/Developer/Xcode/DerivedData/WebBrowser-clqywoufjsuyrtaownclvbrmxizr/Build/Intermediates.noindex/ArchiveIntermediates/WebBrowser/BuildProductsPath/Release-iphoneos/XCFrameworkIntermediates/TPNiOS/TPNSDK/AnyThinkSDK.framework/Headers/ATAdCustomEvent.h:13:9: note: in file included from /Users/runner/Library/Developer/Xcode/DerivedData/WebBrowser-clqywoufjsuyrtaownclvbrmxizr/Build/Intermediates.noindex/ArchiveIntermediates/WebBrowser/BuildProductsPath/Release-iphoneos/XCFrameworkIntermediates/TPNiOS/TPNSDK/AnyThinkSDK.framework/Headers/ATAdCustomEvent.h:13:
 11 | #import <AnyThinkSDK/ATTracker.h>
 12 | #import <AnyThinkSDK/ATBidInfo.h>
 13 | #import <AnyThinkSDK/ATAdManager+Internal.h>
    |         `- note: in file included from /Users/runner/Library/Developer/Xcode/DerivedData/WebBrowser-clqywoufjsuyrtaownclvbrmxizr/Build/Intermediates.noindex/ArchiveIntermediates/WebBrowser/BuildProductsPath/Release-iphoneos/XCFrameworkIntermediates/TPNiOS/TPNSDK/AnyThinkSDK.framework/Headers/ATAdCustomEvent.h:13:
 14 | #import <AnyThinkSDK/ATBaseTrackProtocol.h>
 15 | #import <AnyThinkSDK/ATInteriorTrackProtocol.h>

/Users/runner/Library/Developer/Xcode/DerivedData/WebBrowser-clqywoufjsuyrtaownclvbrmxizr/Build/Intermediates.noindex/ArchiveIntermediates/WebBrowser/BuildProductsPath/Release-iphoneos/XCFrameworkIntermediates/TPNiOS/TPNSDK/AnyThinkSDK.framework/Headers/ATAdManager+Internal.h:108:60: warning: pointer is missing a nullability type specifier (_Nonnull, _Nullable, or _Null_unspecified)
106 | 
107 | #pragma mark - send_tracking
108 | - (void)sendEntryScenarioTrackingWithPlacementID:(NSString *)placementID unitGroupModel:(ATUnitGroupModel *)unitGroupModel scene:(NSString *)scene isLoading:(BOOL)isLoading isReady:(BOOL)isReady extraInfo: (NSDictionary *)extraInfo;
    |                                                            |- warning: pointer is missing a nullability type specifier (_Nonnull, _Nullable, or _Null_unspecified)
    |                                                            |- note: insert '_Nullable' if the pointer may be null
    |                                                            `- note: insert '_Nonnull' if the pointer should never be null
109 | 
110 | + (void)tryInvalidateBidInfoIfNeeded:(ATAdOfferCacheModel *)offerCacheModel;

<module-includes>:1:9: note: in file included from <module-includes>:1:
1 | #import "Headers/AnyThinkSDK.h"
  |         `- note: in file included from <module-includes>:1:
2 | 

/Users/runner/Library/Developer/Xcode/DerivedData/WebBrowser-clqywoufjsuyrtaownclvbrmxizr/Build/Intermediates.noindex/ArchiveIntermediates/WebBrowser/BuildProductsPath/Release-iphoneos/XCFrameworkIntermediates/TPNiOS/TPNSDK/AnyThinkSDK.framework/Headers/AnyThinkSDK.h:14:9: note: in file included from /Users/runner/Library/Developer/Xcode/DerivedData/WebBrowser-clqywoufjsuyrtaownclvbrmxizr/Build/Intermediates.noindex/ArchiveIntermediates/WebBrowser/BuildProductsPath/Release-iphoneos/XCFrameworkIntermediates/TPNiOS/TPNSDK/AnyThinkSDK.framework/Headers/AnyThinkSDK.h:14:
 12 | #import <AnyThinkSDK/ATAdManager.h>
 13 | #import <AnyThinkSDK/ATAdLoadingDelegate.h>
 14 | #import <AnyThinkSDK/ATAdCustomEvent.h>
    |         `- note: in file included from /Users/runner/Library/Developer/Xcode/DerivedData/WebBrowser-clqywoufjsuyrtaownclvbrmxizr/Build/Intermediates.noindex/ArchiveIntermediates/WebBrowser/BuildProductsPath/Release-iphoneos/XCFrameworkIntermediates/TPNiOS/TPNSDK/AnyThinkSDK.framework/Headers/AnyThinkSDK.h:14:
 15 | #import <AnyThinkSDK/ATAdAdapter.h>
 16 | #import <AnyThinkSDK/ATCheckLoadModel.h>

/Users/runner/Library/Developer/Xcode/DerivedData/WebBrowser-clqywoufjsuyrtaownclvbrmxizr/Build/Intermediates.noindex/ArchiveIntermediates/WebBrowser/BuildProductsPath/Release-iphoneos/XCFrameworkIntermediates/TPNiOS/TPNSDK/AnyThinkSDK.framework/Headers/ATAdCustomEvent.h:13:9: note: in file included from /Users/runner/Library/Developer/Xcode/DerivedData/WebBrowser-clqywoufjsuyrtaownclvbrmxizr/Build/Intermediates.noindex/ArchiveIntermediates/WebBrowser/BuildProductsPath/Release-iphoneos/XCFrameworkIntermediates/TPNiOS/TPNSDK/AnyThinkSDK.framework/Headers/ATAdCustomEvent.h:13:
 11 | #import <AnyThinkSDK/ATTracker.h>
 12 | #import <AnyThinkSDK/ATBidInfo.h>
 13 | #import <AnyThinkSDK/ATAdManager+Internal.h>
    |         `- note: in file included from /Users/runner/Library/Developer/Xcode/DerivedData/WebBrowser-clqywoufjsuyrtaownclvbrmxizr/Build/Intermediates.noindex/ArchiveIntermediates/WebBrowser/BuildProductsPath/Release-iphoneos/XCFrameworkIntermediates/TPNiOS/TPNSDK/AnyThinkSDK.framework/Headers/ATAdCustomEvent.h:13:
 14 | #import <AnyThinkSDK/ATBaseTrackProtocol.h>
 15 | #import <AnyThinkSDK/ATInteriorTrackProtocol.h>

/Users/runner/Library/Developer/Xcode/DerivedData/WebBrowser-clqywoufjsuyrtaownclvbrmxizr/Build/Intermediates.noindex/ArchiveIntermediates/WebBrowser/BuildProductsPath/Release-iphoneos/XCFrameworkIntermediates/TPNiOS/TPNSDK/AnyThinkSDK.framework/Headers/ATAdManager+Internal.h:108:107: warning: pointer is missing a nullability type specifier (_Nonnull, _Nullable, or _Null_unspecified)
106 | 
107 | #pragma mark - send_tracking
108 | - (void)sendEntryScenarioTrackingWithPlacementID:(NSString *)placementID unitGroupModel:(ATUnitGroupModel *)unitGroupModel scene:(NSString *)scene isLoading:(BOOL)isLoading isReady:(BOOL)isReady extraInfo: (NSDictionary *)extraInfo;
    |                                                                                                           |- warning: pointer is missing a nullability type specifier (_Nonnull, _Nullable, or _Null_unspecified)
    |                                                                                                           |- note: insert '_Nullable' if the pointer may be null
    |                                                                                                           `- note: insert '_Nonnull' if the pointer should never be null
109 | 
110 | + (void)tryInvalidateBidInfoIfNeeded:(ATAdOfferCacheModel *)offerCacheModel;

<module-includes>:1:9: note: in file included from <module-includes>:1:
1 | #import "Headers/AnyThinkSDK.h"
  |         `- note: in file included from <module-includes>:1:
2 | 

/Users/runner/Library/Developer/Xcode/DerivedData/WebBrowser-clqywoufjsuyrtaownclvbrmxizr/Build/Intermediates.noindex/ArchiveIntermediates/WebBrowser/BuildProductsPath/Release-iphoneos/XCFrameworkIntermediates/TPNiOS/TPNSDK/AnyThinkSDK.framework/Headers/AnyThinkSDK.h:14:9: note: in file included from /Users/runner/Library/Developer/Xcode/DerivedData/WebBrowser-clqywoufjsuyrtaownclvbrmxizr/Build/Intermediates.noindex/ArchiveIntermediates/WebBrowser/BuildProductsPath/Release-iphoneos/XCFrameworkIntermediates/TPNiOS/TPNSDK/AnyThinkSDK.framework/Headers/AnyThinkSDK.h:14:
 12 | #import <AnyThinkSDK/ATAdManager.h>
 13 | #import <AnyThinkSDK/ATAdLoadingDelegate.h>
 14 | #import <AnyThinkSDK/ATAdCustomEvent.h>
    |         `- note: in file included from /Users/runner/Library/Developer/Xcode/DerivedData/WebBrowser-clqywoufjsuyrtaownclvbrmxizr/Build/Intermediates.noindex/ArchiveIntermediates/WebBrowser/BuildProductsPath/Release-iphoneos/XCFrameworkIntermediates/TPNiOS/TPNSDK/AnyThinkSDK.framework/Headers/AnyThinkSDK.h:14:
 15 | #import <AnyThinkSDK/ATAdAdapter.h>
 16 | #import <AnyThinkSDK/ATCheckLoadModel.h>

/Users/runner/Library/Developer/Xcode/DerivedData/WebBrowser-clqywoufjsuyrtaownclvbrmxizr/Build/Intermediates.noindex/ArchiveIntermediates/WebBrowser/BuildProductsPath/Release-iphoneos/XCFrameworkIntermediates/TPNiOS/TPNSDK/AnyThinkSDK.framework/Headers/ATAdCustomEvent.h:13:9: note: in file included from /Users/runner/Library/Developer/Xcode/DerivedData/WebBrowser-clqywoufjsuyrtaownclvbrmxizr/Build/Intermediates.noindex/ArchiveIntermediates/WebBrowser/BuildProductsPath/Release-iphoneos/XCFrameworkIntermediates/TPNiOS/TPNSDK/AnyThinkSDK.framework/Headers/ATAdCustomEvent.h:13:
 11 | #import <AnyThinkSDK/ATTracker.h>
 12 | #import <AnyThinkSDK/ATBidInfo.h>
 13 | #import <AnyThinkSDK/ATAdManager+Internal.h>
    |         `- note: in file included from /Users/runner/Library/Developer/Xcode/DerivedData/WebBrowser-clqywoufjsuyrtaownclvbrmxizr/Build/Intermediates.noindex/ArchiveIntermediates/WebBrowser/BuildProductsPath/Release-iphoneos/XCFrameworkIntermediates/TPNiOS/TPNSDK/AnyThinkSDK.framework/Headers/ATAdCustomEvent.h:13:
 14 | #import <AnyThinkSDK/ATBaseTrackProtocol.h>
 15 | #import <AnyThinkSDK/ATInteriorTrackProtocol.h>

/Users/runner/Library/Developer/Xcode/DerivedData/WebBrowser-clqywoufjsuyrtaownclvbrmxizr/Build/Intermediates.noindex/ArchiveIntermediates/WebBrowser/BuildProductsPath/Release-iphoneos/XCFrameworkIntermediates/TPNiOS/TPNSDK/AnyThinkSDK.framework/Headers/ATAdManager+Internal.h:108:140: warning: pointer is missing a nullability type specifier (_Nonnull, _Nullable, or _Null_unspecified)
106 | 
107 | #pragma mark - send_tracking
108 | - (void)sendEntryScenarioTrackingWithPlacementID:(NSString *)placementID unitGroupModel:(ATUnitGroupModel *)unitGroupModel scene:(NSString *)scene isLoading:(BOOL)isLoading isReady:(BOOL)isReady extraInfo: (NSDictionary *)extraInfo;
    |                                                                                                                                            |- warning: pointer is missing a nullability type specifier (_Nonnull, _Nullable, or _Null_unspecified)
    |                                                                                                                                            |- note: insert '_Nullable' if the pointer may be null
    |                                                                                                                                            `- note: insert '_Nonnull' if the pointer should never be null
109 | 
110 | + (void)tryInvalidateBidInfoIfNeeded:(ATAdOfferCacheModel *)offerCacheModel;

<module-includes>:1:9: note: in file included from <module-includes>:1:
1 | #import "Headers/AnyThinkSDK.h"
  |         `- note: in file included from <module-includes>:1:
2 | 

/Users/runner/Library/Developer/Xcode/DerivedData/WebBrowser-clqywoufjsuyrtaownclvbrmxizr/Build/Intermediates.noindex/ArchiveIntermediates/WebBrowser/BuildProductsPath/Release-iphoneos/XCFrameworkIntermediates/TPNiOS/TPNSDK/AnyThinkSDK.framework/Headers/AnyThinkSDK.h:14:9: note: in file included from /Users/runner/Library/Developer/Xcode/DerivedData/WebBrowser-clqywoufjsuyrtaownclvbrmxizr/Build/Intermediates.noindex/ArchiveIntermediates/WebBrowser/BuildProductsPath/Release-iphoneos/XCFrameworkIntermediates/TPNiOS/TPNSDK/AnyThinkSDK.framework/Headers/AnyThinkSDK.h:14:
 12 | #import <AnyThinkSDK/ATAdManager.h>
 13 | #import <AnyThinkSDK/ATAdLoadingDelegate.h>
 14 | #import <AnyThinkSDK/ATAdCustomEvent.h>
    |         `- note: in file included from /Users/runner/Library/Developer/Xcode/DerivedData/WebBrowser-clqywoufjsuyrtaownclvbrmxizr/Build/Intermediates.noindex/ArchiveIntermediates/WebBrowser/BuildProductsPath/Release-iphoneos/XCFrameworkIntermediates/TPNiOS/TPNSDK/AnyThinkSDK.framework/Headers/AnyThinkSDK.h:14:
 15 | #import <AnyThinkSDK/ATAdAdapter.h>
 16 | #import <AnyThinkSDK/ATCheckLoadModel.h>

/Users/runner/Library/Developer/Xcode/DerivedData/WebBrowser-clqywoufjsuyrtaownclvbrmxizr/Build/Intermediates.noindex/ArchiveIntermediates/WebBrowser/BuildProductsPath/Release-iphoneos/XCFrameworkIntermediates/TPNiOS/TPNSDK/AnyThinkSDK.framework/Headers/ATAdCustomEvent.h:13:9: note: in file included from /Users/runner/Library/Developer/Xcode/DerivedData/WebBrowser-clqywoufjsuyrtaownclvbrmxizr/Build/Intermediates.noindex/ArchiveIntermediates/WebBrowser/BuildProductsPath/Release-iphoneos/XCFrameworkIntermediates/TPNiOS/TPNSDK/AnyThinkSDK.framework/Headers/ATAdCustomEvent.h:13:
 11 | #import <AnyThinkSDK/ATTracker.h>
 12 | #import <AnyThinkSDK/ATBidInfo.h>
 13 | #import <AnyThinkSDK/ATAdManager+Internal.h>
    |         `- note: in file included from /Users/runner/Library/Developer/Xcode/DerivedData/WebBrowser-clqywoufjsuyrtaownclvbrmxizr/Build/Intermediates.noindex/ArchiveIntermediates/WebBrowser/BuildProductsPath/Release-iphoneos/XCFrameworkIntermediates/TPNiOS/TPNSDK/AnyThinkSDK.framework/Headers/ATAdCustomEvent.h:13:
 14 | #import <AnyThinkSDK/ATBaseTrackProtocol.h>
 15 | #import <AnyThinkSDK/ATInteriorTrackProtocol.h>

/Users/runner/Library/Developer/Xcode/DerivedData/WebBrowser-clqywoufjsuyrtaownclvbrmxizr/Build/Intermediates.noindex/ArchiveIntermediates/WebBrowser/BuildProductsPath/Release-iphoneos/XCFrameworkIntermediates/TPNiOS/TPNSDK/AnyThinkSDK.framework/Headers/ATAdManager+Internal.h:108:221: warning: pointer is missing a nullability type specifier (_Nonnull, _Nullable, or _Null_unspecified)
106 | 
107 | #pragma mark - send_tracking
108 | - (void)sendEntryScenarioTrackingWithPlacementID:(NSString *)placementID unitGroupModel:(ATUnitGroupModel *)unitGroupModel scene:(NSString *)scene isLoading:(BOOL)isLoading isReady:(BOOL)isReady extraInfo: (NSDictionary *)extraInfo;
    |                                                                                                                                                                                                                             |- warning: pointer is missing a nullability type specifier (_Nonnull, _Nullable, or _Null_unspecified)
    |                                                                                                                                                                                                                             |- note: insert '_Nullable' if the pointer may be null
    |                                                                                                                                                                                                                             `- note: insert '_Nonnull' if the pointer should never be null
109 | 
110 | + (void)tryInvalidateBidInfoIfNeeded:(ATAdOfferCacheModel *)offerCacheModel;

<module-includes>:1:9: note: in file included from <module-includes>:1:
1 | #import "Headers/AnyThinkSDK.h"
  |         `- note: in file included from <module-includes>:1:
2 | 

/Users/runner/Library/Developer/Xcode/DerivedData/WebBrowser-clqywoufjsuyrtaownclvbrmxizr/Build/Intermediates.noindex/ArchiveIntermediates/WebBrowser/BuildProductsPath/Release-iphoneos/XCFrameworkIntermediates/TPNiOS/TPNSDK/AnyThinkSDK.framework/Headers/AnyThinkSDK.h:14:9: note: in file included from /Users/runner/Library/Developer/Xcode/DerivedData/WebBrowser-clqywoufjsuyrtaownclvbrmxizr/Build/Intermediates.noindex/ArchiveIntermediates/WebBrowser/BuildProductsPath/Release-iphoneos/XCFrameworkIntermediates/TPNiOS/TPNSDK/AnyThinkSDK.framework/Headers/AnyThinkSDK.h:14:
 12 | #import <AnyThinkSDK/ATAdManager.h>
 13 | #import <AnyThinkSDK/ATAdLoadingDelegate.h>
 14 | #import <AnyThinkSDK/ATAdCustomEvent.h>
    |         `- note: in file included from /Users/runner/Library/Developer/Xcode/DerivedData/WebBrowser-clqywoufjsuyrtaownclvbrmxizr/Build/Intermediates.noindex/ArchiveIntermediates/WebBrowser/BuildProductsPath/Release-iphoneos/XCFrameworkIntermediates/TPNiOS/TPNSDK/AnyThinkSDK.framework/Headers/AnyThinkSDK.h:14:
 15 | #import <AnyThinkSDK/ATAdAdapter.h>
 16 | #import <AnyThinkSDK/ATCheckLoadModel.h>

/Users/runner/Library/Developer/Xcode/DerivedData/WebBrowser-clqywoufjsuyrtaownclvbrmxizr/Build/Intermediates.noindex/ArchiveIntermediates/WebBrowser/BuildProductsPath/Release-iphoneos/XCFrameworkIntermediates/TPNiOS/TPNSDK/AnyThinkSDK.framework/Headers/ATAdCustomEvent.h:13:9: note: in file included from /Users/runner/Library/Developer/Xcode/DerivedData/WebBrowser-clqywoufjsuyrtaownclvbrmxizr/Build/Intermediates.noindex/ArchiveIntermediates/WebBrowser/BuildProductsPath/Release-iphoneos/XCFrameworkIntermediates/TPNiOS/TPNSDK/AnyThinkSDK.framework/Headers/ATAdCustomEvent.h:13:
 11 | #import <AnyThinkSDK/ATTracker.h>
 12 | #import <AnyThinkSDK/ATBidInfo.h>
 13 | #import <AnyThinkSDK/ATAdManager+Internal.h>
    |         `- note: in file included from /Users/runner/Library/Developer/Xcode/DerivedData/WebBrowser-clqywoufjsuyrtaownclvbrmxizr/Build/Intermediates.noindex/ArchiveIntermediates/WebBrowser/BuildProductsPath/Release-iphoneos/XCFrameworkIntermediates/TPNiOS/TPNSDK/AnyThinkSDK.framework/Headers/ATAdCustomEvent.h:13:
 14 | #import <AnyThinkSDK/ATBaseTrackProtocol.h>
 15 | #import <AnyThinkSDK/ATInteriorTrackProtocol.h>

/Users/runner/Library/Developer/Xcode/DerivedData/WebBrowser-clqywoufjsuyrtaownclvbrmxizr/Build/Intermediates.noindex/ArchiveIntermediates/WebBrowser/BuildProductsPath/Release-iphoneos/XCFrameworkIntermediates/TPNiOS/TPNSDK/AnyThinkSDK.framework/Headers/ATAdManager+Internal.h:110:59: warning: pointer is missing a nullability type specifier (_Nonnull, _Nullable, or _Null_unspecified)
108 | - (void)sendEntryScenarioTrackingWithPlacementID:(NSString *)placementID unitGroupModel:(ATUnitGroupModel *)unitGroupModel scene:(NSString *)scene isLoading:(BOOL)isLoading isReady:(BOOL)isReady extraInfo: (NSDictionary *)extraInfo;
109 | 
110 | + (void)tryInvalidateBidInfoIfNeeded:(ATAdOfferCacheModel *)offerCacheModel;
    |                                                           |- warning: pointer is missing a nullability type specifier (_Nonnull, _Nullable, or _Null_unspecified)
    |                                                           |- note: insert '_Nullable' if the pointer may be null
    |                                                           `- note: insert '_Nonnull' if the pointer should never be null
111 | 
112 | @end

<module-includes>:1:9: note: in file included from <module-includes>:1:
1 | #import "Headers/AnyThinkSDK.h"
  |         `- note: in file included from <module-includes>:1:
2 | 

/Users/runner/Library/Developer/Xcode/DerivedData/WebBrowser-clqywoufjsuyrtaownclvbrmxizr/Build/Intermediates.noindex/ArchiveIntermediates/WebBrowser/BuildProductsPath/Release-iphoneos/XCFrameworkIntermediates/TPNiOS/TPNSDK/AnyThinkSDK.framework/Headers/AnyThinkSDK.h:64:9: note: in file included from /Users/runner/Library/Developer/Xcode/DerivedData/WebBrowser-clqywoufjsuyrtaownclvbrmxizr/Build/Intermediates.noindex/ArchiveIntermediates/WebBrowser/BuildProductsPath/Release-iphoneos/XCFrameworkIntermediates/TPNiOS/TPNSDK/AnyThinkSDK.framework/Headers/AnyThinkSDK.h:64:
 62 | #import <AnyThinkSDK/ATNativeADDelegate.h>
 63 | #import <AnyThinkSDK/ATNativeADCustomEvent.h>
 64 | #import <AnyThinkSDK/ATNativeRenderer.h>
    |         `- note: in file included from /Users/runner/Library/Developer/Xcode/DerivedData/WebBrowser-clqywoufjsuyrtaownclvbrmxizr/Build/Intermediates.noindex/ArchiveIntermediates/WebBrowser/BuildProductsPath/Release-iphoneos/XCFrameworkIntermediates/TPNiOS/TPNSDK/AnyThinkSDK.framework/Headers/AnyThinkSDK.h:64:
 65 | #import <AnyThinkSDK/ATNativeAdOffer.h>
 66 | #import <AnyThinkSDK/ATNativePrepareInfo.h>

/Users/runner/Library/Developer/Xcode/DerivedData/WebBrowser-clqywoufjsuyrtaownclvbrmxizr/Build/Intermediates.noindex/ArchiveIntermediates/WebBrowser/BuildProductsPath/Release-iphoneos/XCFrameworkIntermediates/TPNiOS/TPNSDK/AnyThinkSDK.framework/Headers/ATNativeRenderer.h:17:40: warning: cannot find protocol definition for 'ATNativeADRenderer'
14 | NS_ASSUME_NONNULL_BEGIN
15 | 
16 | @protocol ATNativeADRenderer;
   |           `- note: protocol 'ATNativeADRenderer' has no definition
17 | @interface ATNativeRenderer : NSObject<ATNativeADRenderer>
   |                                        `- warning: cannot find protocol definition for 'ATNativeADRenderer'
18 | 
19 | -(UIView*)retriveADView;

<module-includes>:1:9: note: in file included from <module-includes>:1:
1 | #import "Headers/AnyThinkSDK.h"
  |         `- note: in file included from <module-includes>:1:
2 | 

/Users/runner/Library/Developer/Xcode/DerivedData/WebBrowser-clqywoufjsuyrtaownclvbrmxizr/Build/Intermediates.noindex/ArchiveIntermediates/WebBrowser/BuildProductsPath/Release-iphoneos/XCFrameworkIntermediates/TPNiOS/TPNSDK/AnyThinkSDK.framework/Headers/AnyThinkSDK.h:107:9: note: in file included from /Users/runner/Library/Developer/Xcode/DerivedData/WebBrowser-clqywoufjsuyrtaownclvbrmxizr/Build/Intermediates.noindex/ArchiveIntermediates/WebBrowser/BuildProductsPath/Release-iphoneos/XCFrameworkIntermediates/TPNiOS/TPNSDK/AnyThinkSDK.framework/Headers/AnyThinkSDK.h:107:
105 | #import <AnyThinkSDK/ATBanner.h>
106 | #import <AnyThinkSDK/ATNativeAd.h>
107 | #import <AnyThinkSDK/ATNativeADCache.h>
    |         `- note: in file included from /Users/runner/Library/Developer/Xcode/DerivedData/WebBrowser-clqywoufjsuyrtaownclvbrmxizr/Build/Intermediates.noindex/ArchiveIntermediates/WebBrowser/BuildProductsPath/Release-iphoneos/XCFrameworkIntermediates/TPNiOS/TPNSDK/AnyThinkSDK.framework/Headers/AnyThinkSDK.h:107:
108 | #import <AnyThinkSDK/ATMediaVideo.h>
109 | #import <AnyThinkSDK/ATAd.h>

/Users/runner/Library/Developer/Xcode/DerivedData/WebBrowser-clqywoufjsuyrtaownclvbrmxizr/Build/Intermediates.noindex/ArchiveIntermediates/WebBrowser/BuildProductsPath/Release-iphoneos/XCFrameworkIntermediates/TPNiOS/TPNSDK/AnyThinkSDK.framework/Headers/ATNativeADCache.h:22:43: warning: attribute 'readonly' of property 'assets' restricts attribute 'readwrite' of property inherited from 'ATAdObject'
20 | @property(nonatomic, readwrite) ATNativeADCustomEvent *customEvent;
21 | 
22 | @property(atomic, readonly) NSDictionary *assets;//To be removed
   |                                           `- warning: attribute 'readonly' of property 'assets' restricts attribute 'readwrite' of property inherited from 'ATAdObject'
23 | 
24 | /**

<module-includes>:1:9: note: in file included from <module-includes>:1:
1 | #import "Headers/AnyThinkSDK.h"
  |         `- note: in file included from <module-includes>:1:
2 | 

/Users/runner/Library/Developer/Xcode/DerivedData/WebBrowser-clqywoufjsuyrtaownclvbrmxizr/Build/Intermediates.noindex/ArchiveIntermediates/WebBrowser/BuildProductsPath/Release-iphoneos/XCFrameworkIntermediates/TPNiOS/TPNSDK/AnyThinkSDK.framework/Headers/AnyThinkSDK.h:107:9: note: in file included from /Users/runner/Library/Developer/Xcode/DerivedData/WebBrowser-clqywoufjsuyrtaownclvbrmxizr/Build/Intermediates.noindex/ArchiveIntermediates/WebBrowser/BuildProductsPath/Release-iphoneos/XCFrameworkIntermediates/TPNiOS/TPNSDK/AnyThinkSDK.framework/Headers/AnyThinkSDK.h:107:
105 | #import <AnyThinkSDK/ATBanner.h>
106 | #import <AnyThinkSDK/ATNativeAd.h>
107 | #import <AnyThinkSDK/ATNativeADCache.h>
    |         `- note: in file included from /Users/runner/Library/Developer/Xcode/DerivedData/WebBrowser-clqywoufjsuyrtaownclvbrmxizr/Build/Intermediates.noindex/ArchiveIntermediates/WebBrowser/BuildProductsPath/Release-iphoneos/XCFrameworkIntermediates/TPNiOS/TPNSDK/AnyThinkSDK.framework/Headers/AnyThinkSDK.h:107:
108 | #import <AnyThinkSDK/ATMediaVideo.h>
109 | #import <AnyThinkSDK/ATAd.h>

/Users/runner/Library/Developer/Xcode/DerivedData/WebBrowser-clqywoufjsuyrtaownclvbrmxizr/Build/Intermediates.noindex/ArchiveIntermediates/WebBrowser/BuildProductsPath/Release-iphoneos/XCFrameworkIntermediates/TPNiOS/TPNSDK/AnyThinkSDK.framework/Headers/ATNativeADCache.h:22:43: warning: 'retain (or strong)' attribute on property 'assets' does not match the property inherited from 'ATAdObject'
20 | @property(nonatomic, readwrite) ATNativeADCustomEvent *customEvent;
21 | 
22 | @property(atomic, readonly) NSDictionary *assets;//To be removed
   |                                           `- warning: 'retain (or strong)' attribute on property 'assets' does not match the property inherited from 'ATAdObject'
23 | 
24 | /**

<module-includes>:1:9: note: in file included from <module-includes>:1:
1 | #import "Headers/AnyThinkSDK.h"
  |         `- note: in file included from <module-includes>:1:
2 | 

/Users/runner/Library/Developer/Xcode/DerivedData/WebBrowser-clqywoufjsuyrtaownclvbrmxizr/Build/Intermediates.noindex/ArchiveIntermediates/WebBrowser/BuildProductsPath/Release-iphoneos/XCFrameworkIntermediates/TPNiOS/TPNSDK/AnyThinkSDK.framework/Headers/AnyThinkSDK.h:107:9: note: in file included from /Users/runner/Library/Developer/Xcode/DerivedData/WebBrowser-clqywoufjsuyrtaownclvbrmxizr/Build/Intermediates.noindex/ArchiveIntermediates/WebBrowser/BuildProductsPath/Release-iphoneos/XCFrameworkIntermediates/TPNiOS/TPNSDK/AnyThinkSDK.framework/Headers/AnyThinkSDK.h:107:
105 | #import <AnyThinkSDK/ATBanner.h>
106 | #import <AnyThinkSDK/ATNativeAd.h>
107 | #import <AnyThinkSDK/ATNativeADCache.h>
    |         `- note: in file included from /Users/runner/Library/Developer/Xcode/DerivedData/WebBrowser-clqywoufjsuyrtaownclvbrmxizr/Build/Intermediates.noindex/ArchiveIntermediates/WebBrowser/BuildProductsPath/Release-iphoneos/XCFrameworkIntermediates/TPNiOS/TPNSDK/AnyThinkSDK.framework/Headers/AnyThinkSDK.h:107:
108 | #import <AnyThinkSDK/ATMediaVideo.h>
109 | #import <AnyThinkSDK/ATAd.h>

/Users/runner/Library/Developer/Xcode/DerivedData/WebBrowser-clqywoufjsuyrtaownclvbrmxizr/Build/Intermediates.noindex/ArchiveIntermediates/WebBrowser/BuildProductsPath/Release-iphoneos/XCFrameworkIntermediates/TPNiOS/TPNSDK/AnyThinkSDK.framework/Headers/ATNativeADCache.h:22:43: warning: 'atomic' attribute on property 'assets' does not match the property inherited from 'ATAdObject'
20 | @property(nonatomic, readwrite) ATNativeADCustomEvent *customEvent;
21 | 
22 | @property(atomic, readonly) NSDictionary *assets;//To be removed
   |                                           `- warning: 'atomic' attribute on property 'assets' does not match the property inherited from 'ATAdObject'
23 | 
24 | /**

/Users/runner/Library/Developer/Xcode/DerivedData/WebBrowser-clqywoufjsuyrtaownclvbrmxizr/Build/Intermediates.noindex/ArchiveIntermediates/WebBrowser/BuildProductsPath/Release-iphoneos/XCFrameworkIntermediates/TPNiOS/TPNSDK/AnyThinkSDK.framework/Headers/ATAdObject.h:27:43: note: property declared here
 25 | 
 26 | @property (nonatomic, assign) NSInteger clickTag;
 27 | @property(nonatomic,strong) NSDictionary *assets;
    |                                           `- note: property declared here
 28 | 
 29 | @property(nonatomic) BOOL adViewHasShowToWindow;

<module-includes>:1:9: note: in file included from <module-includes>:1:
1 | #import "Headers/AnyThinkSDK.h"
  |         `- note: in file included from <module-includes>:1:
2 | 

/Users/runner/Library/Developer/Xcode/DerivedData/WebBrowser-clqywoufjsuyrtaownclvbrmxizr/Build/Intermediates.noindex/ArchiveIntermediates/WebBrowser/BuildProductsPath/Release-iphoneos/XCFrameworkIntermediates/TPNiOS/TPNSDK/AnyThinkSDK.framework/Headers/AnyThinkSDK.h:123:9: note: in file included from /Users/runner/Library/Developer/Xcode/DerivedData/WebBrowser-clqywoufjsuyrtaownclvbrmxizr/Build/Intermediates.noindex/ArchiveIntermediates/WebBrowser/BuildProductsPath/Release-iphoneos/XCFrameworkIntermediates/TPNiOS/TPNSDK/AnyThinkSDK.framework/Headers/AnyThinkSDK.h:123:
121 | #import <AnyThinkSDK/ATBannerManager.h>// 剩几个key的定义，建议统一迁移至ATAdManager+Banner.h中
122 | #import <AnyThinkSDK/ATGeneralManage.h>// 目前AlexMaxNative在使用一个判空api方法
123 | #import <AnyThinkSDK/ATTimer.h>// 目前Gromoebanner在使用
    |         `- note: in file included from /Users/runner/Library/Developer/Xcode/DerivedData/WebBrowser-clqywoufjsuyrtaownclvbrmxizr/Build/Intermediates.noindex/ArchiveIntermediates/WebBrowser/BuildProductsPath/Release-iphoneos/XCFrameworkIntermediates/TPNiOS/TPNSDK/AnyThinkSDK.framework/Headers/AnyThinkSDK.h:123:
124 | #import <AnyThinkSDK/ATAdCacheManager.h>// 目前DebugUI工具的ATLoadAdViewController中使用
125 | #import <AnyThinkSDK/ATDelegateWeakStoreManager.h>

13 warnings generated.
/Users/runner/Library/Developer/Xcode/DerivedData/WebBrowser-clqywoufjsuyrtaownclvbrmxizr/Build/Intermediates.noindex/ArchiveIntermediates/WebBrowser/BuildProductsPath/Release-iphoneos/XCFrameworkIntermediates/TPNiOS/TPNSDK/AnyThinkSDK.framework/Headers/ATTimer.h:22:38: warning: pointer is missing a nullability type specifier (_Nonnull, _Nullable, or _Null_unspecified)
 20 |  * 指定定时器在哪种RunLoop模式下运行，默认为NSDefaultRunLoopMode
 21 |  */
 22 | @property (nonatomic, copy) NSString *runLoopMode;
    |                                      |- warning: pointer is missing a nullability type specifier (_Nonnull, _Nullable, or _Null_unspecified)
    |                                      |- note: insert '_Nullable' if the pointer may be null
    |                                      `- note: insert '_Nonnull' if the pointer should never be null
 23 | 
 24 | /**

SwiftExplicitDependencyGeneratePcm arm64 /Users/runner/Library/Developer/Xcode/DerivedData/ModuleCache.noindex/WebKit-4558WC0EZARV96ZM2UM6HDLCH.pcm

SwiftCompile normal arm64 Compiling\ AccessibilitySettingsView.swift,\ AdBlockSettingsView.swift,\ AdConfiguration.swift,\ AppColors.swift,\ AppLoadingView.swift,\ AppRouter.swift,\ ArticleReaderView.swift,\ BannerAdManager.swift,\ BrowserView.swift,\ ContinueReadingCard.swift,\ DownloadService.swift,\ FrequentSitesGrid.swift,\ HomeModels.swift,\ HomeView.swift,\ HomeViewModel.swift,\ InterstitialAdManager.swift,\ LibraryView.swift,\ LibraryViewModel.swift,\ MainTabView.swift,\ NotificationService.swift,\ NotificationSettingsView.swift,\ OCRScanView.swift,\ OCRService.swift,\ OnboardingView.swift,\ PaywallView.swift,\ PersistenceManager.swift,\ PremiumBanner.swift,\ PrivacySettingsView.swift,\ PrivateBrowsingView.swift,\ SettingsNavigationRow.swift,\ SettingsToggleRow.swift,\ SettingsView.swift,\ SplashAdManager.swift,\ TabCard.swift,\ TabsManagerView.swift,\ TabsViewModel.swift,\ ToolkitView.swift,\ View+Extensions.swift,\ WebBrowserApp.swift,\ WebContentView.swift,\ GeneratedAssetSymbols.swift /Users/runner/work/Web_Browser/Web_Browser/WebBrowser/Features/Settings/Views/AccessibilitySettingsView.swift /Users/runner/work/Web_Browser/Web_Browser/WebBrowser/Features/Settings/Views/AdBlockSettingsView.swift /Users/runner/work/Web_Browser/Web_Browser/WebBrowser/AdModules/AdConfiguration.swift /Users/runner/work/Web_Browser/Web_Browser/WebBrowser/Shared/Styles/AppColors.swift /Users/runner/work/Web_Browser/Web_Browser/WebBrowser/App/AppLoadingView.swift /Users/runner/work/Web_Browser/Web_Browser/WebBrowser/App/AppRouter.swift /Users/runner/work/Web_Browser/Web_Browser/WebBrowser/Features/Article/Views/ArticleReaderView.swift /Users/runner/work/Web_Browser/Web_Browser/WebBrowser/AdModules/BannerAdManager.swift /Users/runner/work/Web_Browser/Web_Browser/WebBrowser/Features/Browser/Views/BrowserView.swift /Users/runner/work/Web_Browser/Web_Browser/WebBrowser/Features/Home/Views/ContinueReadingCard.swift /Users/runner/work/Web_Browser/Web_Browser/WebBrowser/Core/Services/DownloadService.swift /Users/runner/work/Web_Browser/Web_Browser/WebBrowser/Features/Home/Views/FrequentSitesGrid.swift /Users/runner/work/Web_Browser/Web_Browser/WebBrowser/Features/Home/Models/HomeModels.swift /Users/runner/work/Web_Browser/Web_Browser/WebBrowser/Features/Home/Views/HomeView.swift /Users/runner/work/Web_Browser/Web_Browser/WebBrowser/Features/Home/ViewModels/HomeViewModel.swift /Users/runner/work/Web_Browser/Web_Browser/WebBrowser/AdModules/InterstitialAdManager.swift /Users/runner/work/Web_Browser/Web_Browser/WebBrowser/Features/Library/Views/LibraryView.swift /Users/runner/work/Web_Browser/Web_Browser/WebBrowser/Features/Library/ViewModels/LibraryViewModel.swift /Users/runner/work/Web_Browser/Web_Browser/WebBrowser/App/MainTabView.swift /Users/runner/work/Web_Browser/Web_Browser/WebBrowser/Core/Services/NotificationService.swift /Users/runner/work/Web_Browser/Web_Browser/WebBrowser/Features/Settings/Views/NotificationSettingsView.swift /Users/runner/work/Web_Browser/Web_Browser/WebBrowser/Features/OCR/Views/OCRScanView.swift /Users/runner/work/Web_Browser/Web_Browser/WebBrowser/Core/Services/OCRService.swift /Users/runner/work/Web_Browser/Web_Browser/WebBrowser/Features/Onboarding/Views/OnboardingView.swift /Users/runner/work/Web_Browser/Web_Browser/WebBrowser/Features/Onboarding/Views/PaywallView.swift /Users/runner/work/Web_Browser/Web_Browser/WebBrowser/Core/Storage/PersistenceManager.swift /Users/runner/work/Web_Browser/Web_Browser/WebBrowser/Features/Home/Views/PremiumBanner.swift /Users/runner/work/Web_Browser/Web_Browser/WebBrowser/Features/Settings/Views/PrivacySettingsView.swift /Users/runner/work/Web_Browser/Web_Browser/WebBrowser/Features/PrivateBrowsing/Views/PrivateBrowsingView.swift /Users/runner/work/Web_Browser/Web_Browser/WebBrowser/Shared/Components/SettingsNavigationRow.swift /Users/runner/work/Web_Browser/Web_Browser/WebBrowser/Shared/Components/SettingsToggleRow.swift /Users/runner/work/Web_Browser/Web_Browser/WebBrowser/Features/Settings/Views/SettingsView.swift /Users/runner/work/Web_Browser/Web_Browser/WebBrowser/AdModules/SplashAdManager.swift /Users/runner/work/Web_Browser/Web_Browser/WebBrowser/Features/Tabs/Views/TabCard.swift /Users/runner/work/Web_Browser/Web_Browser/WebBrowser/Features/Tabs/Views/TabsManagerView.swift /Users/runner/work/Web_Browser/Web_Browser/WebBrowser/Features/Tabs/ViewModels/TabsViewModel.swift /Users/runner/work/Web_Browser/Web_Browser/WebBrowser/Features/Toolkit/Views/ToolkitView.swift /Users/runner/work/Web_Browser/Web_Browser/WebBrowser/Core/Utilities/Extensions/View+Extensions.swift /Users/runner/work/Web_Browser/Web_Browser/WebBrowser/App/WebBrowserApp.swift /Users/runner/work/Web_Browser/Web_Browser/WebBrowser/Features/Browser/Views/WebContentView.swift /Users/runner/Library/Developer/Xcode/DerivedData/WebBrowser-clqywoufjsuyrtaownclvbrmxizr/Build/Intermediates.noindex/ArchiveIntermediates/WebBrowser/IntermediateBuildFilesPath/WebBrowser.build/Release-iphoneos/WebBrowser.build/DerivedSources/GeneratedAssetSymbols.swift /Applications/Xcode_26.3.app/Contents/Developer/Toolchains/XcodeDefault.xctoolchain/usr/lib/swift/iphoneos/prebuilt-modules/26.2/SwiftUICore.swiftmodule/arm64e-apple-ios.swiftmodule /Applications/Xcode_26.3.app/Contents/Developer/Toolchains/XcodeDefault.xctoolchain/usr/lib/swift/iphoneos/prebuilt-modules/26.2/_Builtin_float.swiftmodule/arm64e-apple-ios.swiftmodule /Applications/Xcode_26.3.app/Contents/Developer/Toolchains/XcodeDefault.xctoolchain/usr/lib/swift/iphoneos/prebuilt-modules/26.2/simd.swiftmodule/arm64e-apple-ios.swiftmodule /Applications/Xcode_26.3.app/Contents/Developer/Toolchains/XcodeDefault.xctoolchain/usr/lib/swift/iphoneos/prebuilt-modules/26.2/Network.swiftmodule/arm64e-apple-ios.swiftmodule /Applications/Xcode_26.3.app/Contents/Developer/Toolchains/XcodeDefault.xctoolchain/usr/lib/swift/iphoneos/prebuilt-modules/26.2/CoreVideo.swiftmodule/arm64e-apple-ios.swiftmodule /Applications/Xcode_26.3.app/Contents/Developer/Toolchains/XcodeDefault.xctoolchain/usr/lib/swift/iphoneos/prebuilt-modules/26.2/UIKit.swiftmodule/arm64e-apple-ios.swiftmodule /Applications/Xcode_26.3.app/Contents/Developer/Toolchains/XcodeDefault.xctoolchain/usr/lib/swift/iphoneos/prebuilt-modules/26.2/_DarwinFoundation1.swiftmodule/arm64e-apple-ios.swiftmodule /Applications/Xcode_26.3.app/Contents/Developer/Toolchains/XcodeDefault.xctoolchain/usr/lib/swift/iphoneos/prebuilt-modules/26.2/CoreGraphics.swiftmodule/arm64e-apple-ios.swiftmodule /Applications/Xcode_26.3.app/Contents/Developer/Toolchains/XcodeDefault.xctoolchain/usr/lib/swift/iphoneos/prebuilt-modules/26.2/CoreML.swiftmodule/arm64e-apple-ios.swiftmodule /Applications/Xcode_26.3.app/Contents/Developer/Toolchains/XcodeDefault.xctoolchain/usr/lib/swift/iphoneos/prebuilt-modules/26.2/UniformTypeIdentifiers.swiftmodule/arm64e-apple-ios.swiftmodule /Applications/Xcode_26.3.app/Contents/Developer/Toolchains/XcodeDefault.xctoolchain/usr/lib/swift/iphoneos/prebuilt-modules/26.2/OSLog.swiftmodule/arm64e-apple-ios.swiftmodule /Applications/Xcode_26.3.app/Contents/Developer/Toolchains/XcodeDefault.xctoolchain/usr/lib/swift/iphoneos/prebuilt-modules/26.2/DataDetection.swiftmodule/arm64e-apple-ios.swiftmodule /Applications/Xcode_26.3.app/Contents/Developer/Toolchains/XcodeDefault.xctoolchain/usr/lib/swift/iphoneos/prebuilt-modules/26.2/AudioToolbox.swiftmodule/arm64e-apple-ios.swiftmodule /Applications/Xcode_26.3.app/Contents/Developer/Toolchains/XcodeDefault.xctoolchain/usr/lib/swift/iphoneos/prebuilt-modules/26.2/CoreImage.swiftmodule/arm64e-apple-ios.swiftmodule /Applications/Xcode_26.3.app/Contents/Developer/Toolchains/XcodeDefault.xctoolchain/usr/lib/swift/iphoneos/prebuilt-modules/26.2/_Concurrency.swiftmodule/arm64e-apple-ios.swiftmodule /Applications/Xcode_26.3.app/Contents/Developer/Toolchains/XcodeDefault.xctoolchain/usr/lib/swift/iphoneos/prebuilt-modules/26.2/CoreLocation.swiftmodule/arm64e-apple-ios.swiftmodule /Applications/Xcode_26.3.app/Contents/Developer/Toolchains/XcodeDefault.xctoolchain/usr/lib/swift/iphoneos/prebuilt-modules/26.2/Darwin.swiftmodule/arm64e-apple-ios.swiftmodule /Applications/Xcode_26.3.app/Contents/Developer/Toolchains/XcodeDefault.xctoolchain/usr/lib/swift/iphoneos/prebuilt-modules/26.2/Spatial.swiftmodule/arm64e-apple-ios.swiftmodule /Applications/Xcode_26.3.app/Contents/Developer/Toolchains/XcodeDefault.xctoolchain/usr/lib/swift/iphoneos/prebuilt-modules/26.2/os.swiftmodule/arm64e-apple-ios.swiftmodule /Applications/Xcode_26.3.app/Contents/Developer/Toolchains/XcodeDefault.xctoolchain/usr/lib/swift/iphoneos/prebuilt-modules/26.2/Observation.swiftmodule/arm64e-apple-ios.swiftmodule /Applications/Xcode_26.3.app/Contents/Developer/Toolchains/XcodeDefault.xctoolchain/usr/lib/swift/iphoneos/prebuilt-modules/26.2/Accelerate.swiftmodule/arm64e-apple-ios.swiftmodule /Applications/Xcode_26.3.app/Contents/Developer/Toolchains/XcodeDefault.xctoolchain/usr/lib/swift/iphoneos/prebuilt-modules/26.2/ExtensionFoundation.swiftmodule/arm64e-apple-ios.swiftmodule /Applications/Xcode_26.3.app/Contents/Developer/Toolchains/XcodeDefault.xctoolchain/usr/lib/swift/iphoneos/prebuilt-modules/26.2/CoreMIDI.swiftmodule/arm64e-apple-ios.swiftmodule /Applications/Xcode_26.3.app/Contents/Developer/Toolchains/XcodeDefault.xctoolchain/usr/lib/swift/iphoneos/prebuilt-modules/26.2/QuartzCore.swiftmodule/arm64e-apple-ios.swiftmodule /Applications/Xcode_26.3.app/Contents/Developer/Toolchains/XcodeDefault.xctoolchain/usr/lib/swift/iphoneos/prebuilt-modules/26.2/Foundation.swiftmodule/arm64e-apple-ios.swiftmodule /Applications/Xcode_26.3.app/Contents/Developer/Toolchains/XcodeDefault.xctoolchain/usr/lib/swift/iphoneos/prebuilt-modules/26.2/_WebKit_SwiftUI.swiftmodule/arm64e-apple-ios.swiftmodule /Applications/Xcode_26.3.app/Contents/Developer/Toolchains/XcodeDefault.xctoolchain/usr/lib/swift/iphoneos/prebuilt-modules/26.2/CoreText.swiftmodule/arm64e-apple-ios.swiftmodule /Applications/Xcode_26.3.app/Contents/Developer/Toolchains/XcodeDefault.xctoolchain/usr/lib/swift/iphoneos/prebuilt-modules/26.2/StoreKit.swiftmodule/arm64e-apple-ios.swiftmodule /Applications/Xcode_26.3.app/Contents/Developer/Toolchains/XcodeDefault.xctoolchain/usr/lib/swift/iphoneos/prebuilt-modules/26.2/FileProvider.swiftmodule/arm64e-apple-ios.swiftmodule /Applications/Xcode_26.3.app/Contents/Developer/Toolchains/XcodeDefault.xctoolchain/usr/lib/swift/iphoneos/prebuilt-modules/26.2/AVFAudio.swiftmodule/arm64e-apple-ios.swiftmodule /Applications/Xcode_26.3.app/Contents/Developer/Toolchains/XcodeDefault.xctoolchain/usr/lib/swift/iphoneos/prebuilt-modules/26.2/BackgroundAssets.swiftmodule/arm64e-apple-ios.swiftmodule /Applications/Xcode_26.3.app/Contents/Developer/Toolchains/XcodeDefault.xctoolchain/usr/lib/swift/iphoneos/prebuilt-modules/26.2/Photos.swiftmodule/arm64e-apple-ios.swiftmodule /Users/runner/Library/Developer/Xcode/DerivedData/WebBrowser-clqywoufjsuyrtaownclvbrmxizr/Build/Intermediates.noindex/ArchiveIntermediates/WebBrowser/BuildProductsPath/Release-iphoneos/ApplePurchaseKit/ApplePurchaseKit.framework/Modules/ApplePurchaseKit.swiftmodule/arm64-apple-ios.swiftmodule /Applications/Xcode_26.3.app/Contents/Developer/Toolchains/XcodeDefault.xctoolchain/usr/lib/swift/iphoneos/prebuilt-modules/26.2/CoreFoundation.swiftmodule/arm64e-apple-ios.swiftmodule /Applications/Xcode_26.3.app/Contents/Developer/Toolchains/XcodeDefault.xctoolchain/usr/lib/swift/iphoneos/prebuilt-modules/26.2/WebKit.swiftmodule/arm64e-apple-ios.swiftmodule /Applications/Xcode_26.3.app/Contents/Developer/Toolchains/XcodeDefault.xctoolchain/usr/lib/swift/iphoneos/prebuilt-modules/26.2/_PhotosUI_SwiftUI.swiftmodule/arm64e-apple-ios.swiftmodule /Applications/Xcode_26.3.app/Contents/Developer/Toolchains/XcodeDefault.xctoolchain/usr/lib/swift/iphoneos/prebuilt-modules/26.2/Swift.swiftmodule/arm64e-apple-ios.swiftmodule /Applications/Xcode_26.3.app/Contents/Developer/Toolchains/XcodeDefault.xctoolchain/usr/lib/swift/iphoneos/prebuilt-modules/26.2/System.swiftmodule/arm64e-apple-ios.swiftmodule /Applications/Xcode_26.3.app/Contents/Developer/Toolchains/XcodeDefault.xctoolchain/usr/lib/swift/iphoneos/prebuilt-modules/26.2/AVFoundation.swiftmodule/arm64e-apple-ios.swiftmodule /Applications/Xcode_26.3.app/Contents/Developer/Toolchains/XcodeDefault.xctoolchain/usr/lib/swift/iphoneos/prebuilt-modules/26.2/Distributed.swiftmodule/arm64e-apple-ios.swiftmodule /Applications/Xcode_26.3.app/Contents/Developer/Toolchains/XcodeDefault.xctoolchain/usr/lib/swift/iphoneos/prebuilt-modules/26.2/Symbols.swiftmodule/arm64e-apple-ios.swiftmodule /Applications/Xcode_26.3.app/Contents/Developer/Toolchains/XcodeDefault.xctoolchain/usr/lib/swift/iphoneos/prebuilt-modules/26.2/Metal.swiftmodule/arm64e-apple-ios.swiftmodule /Applications/Xcode_26.3.app/Contents/Developer/Toolchains/XcodeDefault.xctoolchain/usr/lib/swift/iphoneos/prebuilt-modules/26.2/_StringProcessing.swiftmodule/arm64e-apple-ios.swiftmodule /Applications/Xcode_26.3.app/Contents/Developer/Toolchains/XcodeDefault.xctoolchain/usr/lib/swift/iphoneos/prebuilt-modules/26.2/Vision.swiftmodule/arm64e-apple-ios.swiftmodule /Applications/Xcode_26.3.app/Contents/Developer/Toolchains/XcodeDefault.xctoolchain/usr/lib/swift/iphoneos/prebuilt-modules/26.2/CoreMedia.swiftmodule/arm64e-apple-ios.swiftmodule /Applications/Xcode_26.3.app/Contents/Developer/Toolchains/XcodeDefault.xctoolchain/usr/lib/swift/iphoneos/prebuilt-modules/26.2/Dispatch.swiftmodule/arm64e-apple-ios.swiftmodule /Applications/Xcode_26.3.app/Contents/Developer/Toolchains/XcodeDefault.xctoolchain/usr/lib/swift/iphoneos/prebuilt-modules/26.2/DeveloperToolsSupport.swiftmodule/arm64e-apple-ios.swiftmodule /Applications/Xcode_26.3.app/Contents/Developer/Toolchains/XcodeDefault.xctoolchain/usr/lib/swift/iphoneos/prebuilt-modules/26.2/ObjectiveC.swiftmodule/arm64e-apple-ios.swiftmodule /Applications/Xcode_26.3.app/Contents/Developer/Toolchains/XcodeDefault.xctoolchain/usr/lib/swift/iphoneos/prebuilt-modules/26.2/PhotosUI.swiftmodule/arm64e-apple-ios.swiftmodule /Applications/Xcode_26.3.app/Contents/Developer/Toolchains/XcodeDefault.xctoolchain/usr/lib/swift/iphoneos/prebuilt-modules/26.2/_DarwinFoundation3.swiftmodule/arm64e-apple-ios.swiftmodule /Applications/Xcode_26.3.app/Contents/Developer/Toolchains/XcodeDefault.xctoolchain/usr/lib/swift/iphoneos/prebuilt-modules/26.2/Accessibility.swiftmodule/arm64e-apple-ios.swiftmodule /Applications/Xcode_26.3.app/Contents/Developer/Toolchains/XcodeDefault.xctoolchain/usr/lib/swift/iphoneos/prebuilt-modules/26.2/Synchronization.swiftmodule/arm64e-apple-ios.swiftmodule /Users/runner/Library/Developer/Xcode/DerivedData/WebBrowser-clqywoufjsuyrtaownclvbrmxizr/Build/Intermediates.noindex/ArchiveIntermediates/WebBrowser/BuildProductsPath/Release-iphoneos/KeychainAccess/KeychainAccess.framework/Modules/KeychainAccess.swiftmodule/arm64-apple-ios.swiftmodule /Applications/Xcode_26.3.app/Contents/Developer/Toolchains/XcodeDefault.xctoolchain/usr/lib/swift/iphoneos/prebuilt-modules/26.2/Combine.swiftmodule/arm64e-apple-ios.swiftmodule /Applications/Xcode_26.3.app/Contents/Developer/Toolchains/XcodeDefault.xctoolchain/usr/lib/swift/iphoneos/prebuilt-modules/26.2/CoreTransferable.swiftmodule/arm64e-apple-ios.swiftmodule /Applications/Xcode_26.3.app/Contents/Developer/Toolchains/XcodeDefault.xctoolchain/usr/lib/swift/iphoneos/prebuilt-modules/26.2/LocalAuthentication.swiftmodule/arm64e-apple-ios.swiftmodule /Applications/Xcode_26.3.app/Contents/Developer/Toolchains/XcodeDefault.xctoolchain/usr/lib/swift/iphoneos/prebuilt-modules/26.2/_DarwinFoundation2.swiftmodule/arm64e-apple-ios.swiftmodule /Applications/Xcode_26.3.app/Contents/Developer/Toolchains/XcodeDefault.xctoolchain/usr/lib/swift/iphoneos/prebuilt-modules/26.2/CryptoKit.swiftmodule/arm64e-apple-ios.swiftmodule /Applications/Xcode_26.3.app/Contents/Developer/Toolchains/XcodeDefault.xctoolchain/usr/lib/swift/iphoneos/prebuilt-modules/26.2/SwiftUI.swiftmodule/arm64e-apple-ios.swiftmodule /Applications/Xcode_26.3.app/Contents/Developer/Toolchains/XcodeDefault.xctoolchain/usr/lib/swift/iphoneos/prebuilt-modules/26.2/CoreData.swiftmodule/arm64e-apple-ios.swiftmodule /Applications/Xcode_26.3.app/Contents/Developer/Toolchains/XcodeDefault.xctoolchain/usr/lib/swift/iphoneos/prebuilt-modules/26.2/XPC.swiftmodule/arm64e-apple-ios.swiftmodule /Applications/Xcode_26.3.app/Contents/Developer/Toolchains/XcodeDefault.xctoolchain/usr/lib/swift/iphoneos/prebuilt-modules/26.2/CoreAudio.swiftmodule/arm64e-apple-ios.swiftmodule /Users/runner/Library/Developer/Xcode/DerivedData/ModuleCache.noindex/XPC-89K375CHT9XZ8PGOT4UQAWR3.pcm /Users/runner/Library/Developer/Xcode/DerivedData/ModuleCache.noindex/_Builtin_stdatomic-3WK2Z71TFBQKU6QB4L36DE6DC.pcm /Users/runner/Library/Developer/Xcode/DerivedData/ModuleCache.noindex/CoreGraphics-2UONO584T1RSNICGD46TTIMWI.pcm /Users/runner/Library/Developer/Xcode/DerivedData/ModuleCache.noindex/PhotosUI-7E1L75PCMQUARHM8P3JZVH2HY.pcm /Users/runner/Library/Developer/Xcode/DerivedData/ModuleCache.noindex/AVFAudio-1EY9IPUZLAM12MRW47Q9FI499.pcm /Users/runner/Library/Developer/Xcode/DerivedData/ModuleCache.noindex/_Builtin_inttypes-ASOK1VH4JJGAVQVC810HI7EMV.pcm /Users/runner/Library/Developer/Xcode/DerivedData/ModuleCache.noindex/DataDetection-39C62IC8HT924M4AAX26RK9RF.pcm /Users/runner/Library/Developer/Xcode/DerivedData/ModuleCache.noindex/MediaToolbox-8P3BWOJONFUNFC4BAFTXD41G8.pcm /Users/runner/Library/Developer/Xcode/DerivedData/ModuleCache.noindex/_LocationEssentials-1VO5GDVADOMSYJ8Z8DSEWBWI2.pcm /Users/runner/Library/Developer/Xcode/DerivedData/ModuleCache.noindex/_DarwinFoundation1-AXAK9ONW7IKCKKQ7MHOZIUP92.pcm /Users/runner/Library/Developer/Xcode/DerivedData/ModuleCache.noindex/CoreImage-BR89QKJ2INPTAV28N88H0K43K.pcm /Users/runner/Library/Developer/Xcode/DerivedData/ModuleCache.noindex/Accessibility-7LEZIECK08G19RZT5RG2DPKBJ.pcm /Users/runner/Library/Developer/Xcode/DerivedData/WebBrowser-clqywoufjsuyrtaownclvbrmxizr/Build/Intermediates.noindex/ArchiveIntermediates/WebBrowser/IntermediateBuildFilesPath/SwiftExplicitPrecompiledModules/KeychainAccess-CO6IUCSYXBX18C39PKR94PV3Y.pcm /Users/runner/Library/Developer/Xcode/DerivedData/ModuleCache.noindex/CFNetwork-E0B0K6S63NRFXUCN0I248J3I1.pcm /Users/runner/Library/Developer/Xcode/DerivedData/ModuleCache.noindex/_Builtin_stdarg-3UADYY6JF9BGYXF2W3DEH9JXO.pcm /Users/runner/Library/Developer/Xcode/DerivedData/ModuleCache.noindex/simd-BC09T05ZBP4J6AQ2DW5YSDFJF.pcm /Users/runner/Library/Developer/Xcode/DerivedData/ModuleCache.noindex/CoreML-1AZC1A75U33R10CUNTI338ID6.pcm /Users/runner/Library/Developer/Xcode/DerivedData/ModuleCache.noindex/_DarwinFoundation3-D40WAL051S54GZJ60Z168IDIJ.pcm /Users/runner/Library/Developer/Xcode/DerivedData/ModuleCache.noindex/CoreLocation-EK5HV73ZA0L5M9GKBO2IBY40K.pcm /Users/runner/Library/Developer/Xcode/DerivedData/ModuleCache.noindex/SwiftUICore-5YI9C02NF3MHQBWW995K6KLE7.pcm /Users/runner/Library/Developer/Xcode/DerivedData/ModuleCache.noindex/_Builtin_intrinsics-DJ6QEK45NQG9PH3GWW33QL5IU.pcm /Users/runner/Library/Developer/Xcode/DerivedData/ModuleCache.noindex/_DarwinFoundation2-1KT0N7QVJW9SSDL0IT59PIDTQ.pcm /Users/runner/Library/Developer/Xcode/DerivedData/ModuleCache.noindex/ExtensionFoundation-KBUSF8XO2NYC7SINEFMXG81H.pcm /Users/runner/Library/Developer/Xcode/DerivedData/ModuleCache.noindex/ObjectiveC-5TQAA2KKN8UV2ABL3ZGXO1F8F.pcm /Users/runner/Library/Developer/Xcode/DerivedData/ModuleCache.noindex/sys_types-E69JO91901MPSX468XXSJ0DWA.pcm /Users/runner/Library/Developer/Xcode/DerivedData/ModuleCache.noindex/SwiftShims-36L5TMN9OUCLA1P8DKJP9RN6Y.pcm /Users/runner/Library/Developer/Xcode/DerivedData/ModuleCache.noindex/Symbols-1OMEYTK0D02NE3NWLO9SNQLOB.pcm /Users/runner/Library/Developer/Xcode/DerivedData/ModuleCache.noindex/SwiftUI-35WLO3LENPATPT7555CRKKV66.pcm /Users/runner/Library/Developer/Xcode/DerivedData/ModuleCache.noindex/Photos-4JJQS82U1VPH87RKGZSFU5X8V.pcm /Users/runner/Library/Developer/Xcode/DerivedData/WebBrowser-clqywoufjsuyrtaownclvbrmxizr/Build/Intermediates.noindex/ArchiveIntermediates/WebBrowser/IntermediateBuildFilesPath/SwiftExplicitPrecompiledModules/AnyThinkSDK-3FI33PLKZCQBACW7P2AZ60ZR1.pcm /Users/runner/Library/Developer/Xcode/DerivedData/ModuleCache.noindex/QuartzCore-G4VI6MQNGAJ23I08R68TFRFW.pcm /Users/runner/Library/Developer/Xcode/DerivedData/ModuleCache.noindex/_Builtin_limits-9C4XWF56YW5VJNE462XX3S291.pcm /Users/runner/Library/Developer/Xcode/DerivedData/ModuleCache.noindex/Vision-6BY3R1O650XAWLI6TEB7D5D68.pcm /Users/runner/Library/Developer/Xcode/DerivedData/ModuleCache.noindex/Dispatch-X3CFGJJVQX83YULHXU36K3X3.pcm /Users/runner/Library/Developer/Xcode/DerivedData/ModuleCache.noindex/ptrcheck-4B75TA49T7YAARX5JSPE1KZDM.pcm /Users/runner/Library/Developer/Xcode/DerivedData/ModuleCache.noindex/Spatial-AVALRA07WHT5QQA2UCIN30PPY.pcm /Users/runner/Library/Developer/Xcode/DerivedData/ModuleCache.noindex/CoreText-ASW4JYHOHBTNI9Z1ZJFI18ZJX.pcm /Users/runner/Library/Developer/Xcode/DerivedData/ModuleCache.noindex/UserNotifications-12M6M0ALNKFG8Y2N3JC30RDHG.pcm /Users/runner/Library/Developer/Xcode/DerivedData/ModuleCache.noindex/CoreData-BPKV9QIGKFE3W18LLZW84WBW4.pcm /Users/runner/Library/Developer/Xcode/DerivedData/ModuleCache.noindex/CoreMedia-6N9DTZ3Q28F14GWRS2XJT3D41.pcm /Users/runner/Library/Developer/Xcode/DerivedData/ModuleCache.noindex/CoreTransferable-F4WNIHYYM49DYNGR39KCJNUHV.pcm /Users/runner/Library/Developer/Xcode/DerivedData/ModuleCache.noindex/Darwin-32VBULM4JKW7F2LRJOYBITGQ2.pcm /Users/runner/Library/Developer/Xcode/DerivedData/WebBrowser-clqywoufjsuyrtaownclvbrmxizr/Build/Intermediates.noindex/ArchiveIntermediates/WebBrowser/IntermediateBuildFilesPath/SwiftExplicitPrecompiledModules/SVProgressHUD-2S4N9DU0PGXL99SM2IKUECJSW.pcm /Users/runner/Library/Developer/Xcode/DerivedData/ModuleCache.noindex/IOSurface-EITNWS6CD8MHQPUNBQ8E33QS2.pcm /Users/runner/Library/Developer/Xcode/DerivedData/ModuleCache.noindex/AudioToolbox-7DCGNBXVIZY73XMPP2DARH5TF.pcm /Users/runner/Library/Developer/Xcode/DerivedData/ModuleCache.noindex/_Builtin_stddef-D56B3AOPZILRV5RY4Z7BMDOSL.pcm /Users/runner/Library/Developer/Xcode/DerivedData/ModuleCache.noindex/AdServices-6YDU60TPP2WNEB4JB21YRCPOV.pcm /Users/runner/Library/Developer/Xcode/DerivedData/ModuleCache.noindex/AVFoundation-CSEOVNEZ793E6KJQMA0U0S8QV.pcm /Users/runner/Library/Developer/Xcode/DerivedData/ModuleCache.noindex/OSLog-5XPW98X3CH9B5HGSBSNWIPMSG.pcm /Users/runner/Library/Developer/Xcode/DerivedData/ModuleCache.noindex/os_object-4HBEW84IMG0SV75KWBGF0RPAH.pcm /Users/runner/Library/Developer/Xcode/DerivedData/ModuleCache.noindex/os_workgroup-9SJQPIK7APJMRV158BIKQV99U.pcm /Users/runner/Library/Developer/Xcode/DerivedData/ModuleCache.noindex/LocalAuthentication-AAGAF3KAMC1OIQ92O0SA543OB.pcm /Users/runner/Library/Developer/Xcode/DerivedData/WebBrowser-clqywoufjsuyrtaownclvbrmxizr/Build/Intermediates.noindex/ArchiveIntermediates/WebBrowser/IntermediateBuildFilesPath/SwiftExplicitPrecompiledModules/ApplePurchaseKit-2NR17XXLGUPAL9JJR5QPK4R1R.pcm /Users/runner/Library/Developer/Xcode/DerivedData/ModuleCache.noindex/_Builtin_stdbool-E4PO5GYSXQ6FUD9MW336XM8CW.pcm /Users/runner/Library/Developer/Xcode/DerivedData/WebBrowser-clqywoufjsuyrtaownclvbrmxizr/Build/Intermediates.noindex/ArchiveIntermediates/WebBrowser/IntermediateBuildFilesPath/SwiftExplicitPrecompiledModules/UMCommon-AMN6EOK4Q5SJENUTA1AOJPEEQ.pcm /Users/runner/Library/Developer/Xcode/DerivedData/ModuleCache.noindex/Metal-67AOBAU2YZN7OR2TPYHC4AGG9.pcm /Users/runner/Library/Developer/Xcode/DerivedData/ModuleCache.noindex/Security-3XET3X1ZVNYOYNNVCH81T0HFO.pcm /Users/runner/Library/Developer/Xcode/DerivedData/ModuleCache.noindex/dnssd-6X08POFDPHALJE4IWLODPAJ27.pcm /Users/runner/Library/Developer/Xcode/DerivedData/ModuleCache.noindex/CoreVideo-71NZJPXNJCTVI17O2717FGKG7.pcm /Users/runner/Library/Developer/Xcode/DerivedData/ModuleCache.noindex/DeveloperToolsSupport-91M3588X5I450EVJX866G6F37.pcm /Users/runner/Library/Developer/Xcode/DerivedData/ModuleCache.noindex/ImageIO-2PE3RSN3EQDR8AB492WCV5KVO.pcm /Users/runner/Library/Developer/Xcode/DerivedData/ModuleCache.noindex/_Builtin_stdint-4ZBGKR1WDBRDOEE3FG0E90DW4.pcm /Users/runner/Library/Developer/Xcode/DerivedData/ModuleCache.noindex/MachO-XF793000230WFAGL2MUFO2LC.pcm /Users/runner/Library/Developer/Xcode/DerivedData/ModuleCache.noindex/ptrauth-1Y82ZI8JJINRN1FZ63K8V9FEN.pcm /Users/runner/Library/Developer/Xcode/DerivedData/ModuleCache.noindex/_Builtin_float-6Q04N3WJW42GZHXGGCGCMO3V5.pcm /Users/runner/Library/Developer/Xcode/DerivedData/ModuleCache.noindex/UIUtilities-8DB0XC5PDFUF6Y05HP9HFX70I.pcm /Users/runner/Library/Developer/Xcode/DerivedData/ModuleCache.noindex/_Builtin_tgmath-1TUS3D6GAQO0OXTADD9NGJMDW.pcm /Users/runner/Library/Developer/Xcode/DerivedData/ModuleCache.noindex/Accelerate-9AODM93B14847IIX27PRCXIEJ.pcm /Users/runner/Library/Developer/Xcode/DerivedData/ModuleCache.noindex/FileProvider-14568SSUIUX0NM03XVN13MM7N.pcm /Users/runner/Library/Developer/Xcode/DerivedData/ModuleCache.noindex/StoreKit-8F47VSHNHB3TSK9GMBE3VP82Z.pcm /Users/runner/Library/Developer/Xcode/DerivedData/ModuleCache.noindex/OpenGLES-5BVFD2P8FW75C0D3OOF1NTSHT.pcm /Users/runner/Library/Developer/Xcode/DerivedData/ModuleCache.noindex/UIKit-EDFPHR8P79JGOAZWB9FIQRHYR.pcm /Users/runner/Library/Developer/Xcode/DerivedData/ModuleCache.noindex/Network-B9JLTSOQBY04TPX89YOYEDA9W.pcm /Users/runner/Library/Developer/Xcode/DerivedData/ModuleCache.noindex/CoreAudioTypes-37I3J0UPJN8F5N1ZML6I4G9BO.pcm /Users/runner/Library/Developer/Xcode/DerivedData/ModuleCache.noindex/WebKit-4558WC0EZARV96ZM2UM6HDLCH.pcm /Users/runner/Library/Developer/Xcode/DerivedData/ModuleCache.noindex/_AvailabilityInternal-B2MJT460RPZK6C0PMHF3AYFHD.pcm /Users/runner/Library/Developer/Xcode/DerivedData/ModuleCache.noindex/BackgroundAssets-B6CAMOIX9VY5VPNZTJCK245ZV.pcm /Users/runner/Library/Developer/Xcode/DerivedData/ModuleCache.noindex/CoreFoundation-3215T7Y2FPISGZJV8Y4WBJTG5.pcm /Users/runner/Library/Developer/Xcode/DerivedData/ModuleCache.noindex/Foundation-4I2YB51NCVN7PIQ9SOQ65EFCQ.pcm /Users/runner/Library/Developer/Xcode/DerivedData/ModuleCache.noindex/os-2LE86AEK2RRCEWX1Q6Q5FMR7L.pcm /Users/runner/Library/Developer/Xcode/DerivedData/ModuleCache.noindex/CoreAudio-39J0NGEL7YX2SMOFXZTWIROOZ.pcm /Users/runner/Library/Developer/Xcode/DerivedData/ModuleCache.noindex/CoreMIDI-59M3GLKLQKF9378AHWLCKTCJ7.pcm /Users/runner/Library/Developer/Xcode/DerivedData/ModuleCache.noindex/AVRouting-ABXJG2DVXNXPTOWNFCJ15ZA61.pcm /Users/runner/Library/Developer/Xcode/DerivedData/ModuleCache.noindex/_SwiftConcurrencyShims-ET20BZ6W4R0387G36PO1KXMLT.pcm /Users/runner/Library/Developer/Xcode/DerivedData/ModuleCache.noindex/UniformTypeIdentifiers-3NK19WQD8IY7TNM619XIF67X7.pcm /Users/runner/Library/Developer/Xcode/DerivedData/WebBrowser-clqywoufjsuyrtaownclvbrmxizr/Build/Intermediates.noindex/ArchiveIntermediates/WebBrowser/IntermediateBuildFilesPath/WebBrowser.build/Release-iphoneos/WebBrowser.build/Objects-normal/arm64/WebBrowser-dependencies-1.json (in target 'WebBrowser' from project 'WebBrowser')
CompileSwift normal arm64 (in target 'WebBrowser' from project 'WebBrowser')
    cd /Users/runner/work/Web_Browser/Web_Browser
    
/Users/runner/work/Web_Browser/Web_Browser/WebBrowser/Features/Home/Views/HomeView.swift:69:13: warning: 'init(destination:isActive:label:)' was deprecated in iOS 16.0: use NavigationLink(value:label:), or navigationDestination(isPresented:destination:), inside a NavigationStack or NavigationSplitView
            NavigationLink(
            ^
/Users/runner/work/Web_Browser/Web_Browser/WebBrowser/Features/PrivateBrowsing/Views/PrivateBrowsingView.swift:63:13: warning: 'init(destination:isActive:label:)' was deprecated in iOS 16.0: use NavigationLink(value:label:), or navigationDestination(isPresented:destination:), inside a NavigationStack or NavigationSplitView
            NavigationLink(
            ^

LinkAssetCatalog /Users/runner/work/Web_Browser/Web_Browser/WebBrowser/Resources/Assets.xcassets (in target 'WebBrowser' from project 'WebBrowser')
    cd /Users/runner/work/Web_Browser/Web_Browser
    builtin-linkAssetCatalog --thinned /Users/runner/Library/Developer/Xcode/DerivedData/WebBrowser-clqywoufjsuyrtaownclvbrmxizr/Build/Intermediates.noindex/ArchiveIntermediates/WebBrowser/IntermediateBuildFilesPath/WebBrowser.build/Release-iphoneos/WebBrowser.build/assetcatalog_output/thinned --thinned-dependencies /Users/runner/Library/Developer/Xcode/DerivedData/WebBrowser-clqywoufjsuyrtaownclvbrmxizr/Build/Intermediates.noindex/ArchiveIntermediates/WebBrowser/IntermediateBuildFilesPath/WebBrowser.build/Release-iphoneos/WebBrowser.build/assetcatalog_dependencies_thinned --thinned-info-plist-content /Users/runner/Library/Developer/Xcode/DerivedData/WebBrowser-clqywoufjsuyrtaownclvbrmxizr/Build/Intermediates.noindex/ArchiveIntermediates/WebBrowser/IntermediateBuildFilesPath/WebBrowser.build/Release-iphoneos/WebBrowser.build/assetcatalog_generated_info.plist_thinned --unthinned /Users/runner/Library/Developer/Xcode/DerivedData/WebBrowser-clqywoufjsuyrtaownclvbrmxizr/Build/Intermediates.noindex/ArchiveIntermediates/WebBrowser/IntermediateBuildFilesPath/WebBrowser.build/Release-iphoneos/WebBrowser.build/assetcatalog_output/unthinned --unthinned-dependencies /Users/runner/Library/Developer/Xcode/DerivedData/WebBrowser-clqywoufjsuyrtaownclvbrmxizr/Build/Intermediates.noindex/ArchiveIntermediates/WebBrowser/IntermediateBuildFilesPath/WebBrowser.build/Release-iphoneos/WebBrowser.build/assetcatalog_dependencies_unthinned --unthinned-info-plist-content /Users/runner/Library/Developer/Xcode/DerivedData/WebBrowser-clqywoufjsuyrtaownclvbrmxizr/Build/Intermediates.noindex/ArchiveIntermediates/WebBrowser/IntermediateBuildFilesPath/WebBrowser.build/Release-iphoneos/WebBrowser.build/assetcatalog_generated_info.plist_unthinned --output /Users/runner/Library/Developer/Xcode/DerivedData/WebBrowser-clqywoufjsuyrtaownclvbrmxizr/Build/Intermediates.noindex/ArchiveIntermediates/WebBrowser/InstallationBuildProductsLocation/Applications/WebBrowser.app --plist-output /Users/runner/Library/Developer/Xcode/DerivedData/WebBrowser-clqywoufjsuyrtaownclvbrmxizr/Build/Intermediates.noindex/ArchiveIntermediates/WebBrowser/IntermediateBuildFilesPath/WebBrowser.build/Release-iphoneos/WebBrowser.build/assetcatalog_generated_info.plist
note: Emplaced /Users/runner/Library/Developer/Xcode/DerivedData/WebBrowser-clqywoufjsuyrtaownclvbrmxizr/Build/Intermediates.noindex/ArchiveIntermediates/WebBrowser/InstallationBuildProductsLocation/Applications/WebBrowser.app/Assets.car (in target 'WebBrowser' from project 'WebBrowser')
note: Emplaced /Users/runner/Library/Developer/Xcode/DerivedData/WebBrowser-clqywoufjsuyrtaownclvbrmxizr/Build/Intermediates.noindex/ArchiveIntermediates/WebBrowser/InstallationBuildProductsLocation/Applications/WebBrowser.app/AppIcon60x60@2x.png (in target 'WebBrowser' from project 'WebBrowser')
note: Emplaced /Users/runner/Library/Developer/Xcode/DerivedData/WebBrowser-clqywoufjsuyrtaownclvbrmxizr/Build/Intermediates.noindex/ArchiveIntermediates/WebBrowser/InstallationBuildProductsLocation/Applications/WebBrowser.app/AppIcon76x76@2x~ipad.png (in target 'WebBrowser' from project 'WebBrowser')

ProcessInfoPlistFile /Users/runner/Library/Developer/Xcode/DerivedData/WebBrowser-clqywoufjsuyrtaownclvbrmxizr/Build/Intermediates.noindex/ArchiveIntermediates/WebBrowser/InstallationBuildProductsLocation/Applications/WebBrowser.app/Info.plist /Users/runner/work/Web_Browser/Web_Browser/WebBrowser/Resources/Info.plist (in target 'WebBrowser' from project 'WebBrowser')
    cd /Users/runner/work/Web_Browser/Web_Browser
    builtin-infoPlistUtility /Users/runner/work/Web_Browser/Web_Browser/WebBrowser/Resources/Info.plist -producttype com.apple.product-type.application -genpkginfo /Users/runner/Library/Developer/Xcode/DerivedData/WebBrowser-clqywoufjsuyrtaownclvbrmxizr/Build/Intermediates.noindex/ArchiveIntermediates/WebBrowser/InstallationBuildProductsLocation/Applications/WebBrowser.app/PkgInfo -expandbuildsettings -format binary -platform iphoneos -additionalcontentfile /Users/runner/Library/Developer/Xcode/DerivedData/WebBrowser-clqywoufjsuyrtaownclvbrmxizr/Build/Intermediates.noindex/ArchiveIntermediates/WebBrowser/IntermediateBuildFilesPath/WebBrowser.build/Release-iphoneos/WebBrowser.build/assetcatalog_generated_info.plist -requiredArchitecture arm64 -o /Users/runner/Library/Developer/Xcode/DerivedData/WebBrowser-clqywoufjsuyrtaownclvbrmxizr/Build/Intermediates.noindex/ArchiveIntermediates/WebBrowser/InstallationBuildProductsLocation/Applications/WebBrowser.app/Info.plist

SwiftDriverJobDiscovery normal arm64 Compiling AccessibilitySettingsView.swift, AdBlockSettingsView.swift, AdConfiguration.swift, AppColors.swift, AppLoadingView.swift, AppRouter.swift, ArticleReaderView.swift, BannerAdManager.swift, BrowserView.swift, ContinueReadingCard.swift, DownloadService.swift, FrequentSitesGrid.swift, HomeModels.swift, HomeView.swift, HomeViewModel.swift, InterstitialAdManager.swift, LibraryView.swift, LibraryViewModel.swift, MainTabView.swift, NotificationService.swift, NotificationSettingsView.swift, OCRScanView.swift, OCRService.swift, OnboardingView.swift, PaywallView.swift, PersistenceManager.swift, PremiumBanner.swift, PrivacySettingsView.swift, PrivateBrowsingView.swift, SettingsNavigationRow.swift, SettingsToggleRow.swift, SettingsView.swift, SplashAdManager.swift, TabCard.swift, TabsManagerView.swift, TabsViewModel.swift, ToolkitView.swift, View+Extensions.swift, WebBrowserApp.swift, WebContentView.swift, GeneratedAssetSymbols.swift (in target 'WebBrowser' from project 'WebBrowser')

SwiftDriver\ Compilation\ Requirements WebBrowser normal arm64 com.apple.xcode.tools.swift.compiler (in target 'WebBrowser' from project 'WebBrowser')
    cd /Users/runner/work/Web_Browser/Web_Browser
    builtin-Swift-Compilation-Requirements -- /Applications/Xcode_26.3.app/Contents/Developer/Toolchains/XcodeDefault.xctoolchain/usr/bin/swiftc -module-name WebBrowser -O -whole-module-optimization -enforce-exclusivity\=checked @/Users/runner/Library/Developer/Xcode/DerivedData/WebBrowser-clqywoufjsuyrtaownclvbrmxizr/Build/Intermediates.noindex/ArchiveIntermediates/WebBrowser/IntermediateBuildFilesPath/WebBrowser.build/Release-iphoneos/WebBrowser.build/Objects-normal/arm64/WebBrowser.SwiftFileList -D COCOAPODS -enable-bare-slash-regex -enable-experimental-feature DebugDescriptionMacro -sdk /Applications/Xcode_26.3.app/Contents/Developer/Platforms/iPhoneOS.platform/Developer/SDKs/iPhoneOS26.2.sdk -target arm64-apple-ios16.0 -g -module-cache-path /Users/runner/Library/Developer/Xcode/DerivedData/ModuleCache.noindex -Xfrontend -serialize-debugging-options -swift-version 5 -I /Users/runner/Library/Developer/Xcode/DerivedData/WebBrowser-clqywoufjsuyrtaownclvbrmxizr/Build/Intermediates.noindex/ArchiveIntermediates/WebBrowser/BuildProductsPath/Release-iphoneos -F /Users/runner/Library/Developer/Xcode/DerivedData/WebBrowser-clqywoufjsuyrtaownclvbrmxizr/Build/Intermediates.noindex/ArchiveIntermediates/WebBrowser/BuildProductsPath/Release-iphoneos -F /Users/runner/Library/Developer/Xcode/DerivedData/WebBrowser-clqywoufjsuyrtaownclvbrmxizr/Build/Intermediates.noindex/ArchiveIntermediates/WebBrowser/BuildProductsPath/Release-iphoneos/ApplePurchaseKit -F /Users/runner/Library/Developer/Xcode/DerivedData/WebBrowser-clqywoufjsuyrtaownclvbrmxizr/Build/Intermediates.noindex/ArchiveIntermediates/WebBrowser/BuildProductsPath/Release-iphoneos/KeychainAccess -F /Users/runner/Library/Developer/Xcode/DerivedData/WebBrowser-clqywoufjsuyrtaownclvbrmxizr/Build/Intermediates.noindex/ArchiveIntermediates/WebBrowser/BuildProductsPath/Release-iphoneos/SVProgressHUD -F /Users/runner/work/Web_Browser/Web_Browser/Pods/Ads-Global/SDK -F /Users/runner/work/Web_Browser/Web_Browser/Pods/FBAudienceNetwork/Dynamic -F /Users/runner/work/Web_Browser/Web_Browser/Pods/InMobiSDK -F /Users/runner/work/Web_Browser/Web_Browser/Pods/MintegralAdSDK/Fmk -F /Users/runner/work/Web_Browser/Web_Browser/Pods/SmartdigimktSDK/SmartDigimktSDK -F /Users/runner/work/Web_Browser/Web_Browser/Pods/TPNMediationAdxSmartdigimktAdapter/AnyThinkSmartdigimktAdapter-6.5.45.0 -F /Users/runner/work/Web_Browser/Web_Browser/Pods/TPNMediationFacebookAdapter/AnyThinkFacebookAdapter-6.21.1.0 -F /Users/runner/work/Web_Browser/Web_Browser/Pods/TPNMediationInmobiAdapter/AnyThinkInmobiAdapter-11.1.0.0 -F /Users/runner/work/Web_Browser/Web_Browser/Pods/TPNMediationMintegralAdapter/AnyThinkMintegralAdapter-8.0.4.0 -F /Users/runner/work/Web_Browser/Web_Browser/Pods/TPNMediationPangleAdapter/AnyThinkPangleAdapter-7.8.5.7.0 -F /Users/runner/work/Web_Browser/Web_Browser/Pods/TPNiOS/core -F /Users/runner/work/Web_Browser/Web_Browser/Pods/UMCommon/UMCommon_7.6.4 -F /Users/runner/work/Web_Browser/Web_Browser/Pods/UMDevice/UMDevice_3.6.0 -F /Users/runner/Library/Developer/Xcode/DerivedData/WebBrowser-clqywoufjsuyrtaownclvbrmxizr/Build/Intermediates.noindex/ArchiveIntermediates/WebBrowser/BuildProductsPath/Release-iphoneos/XCFrameworkIntermediates/Ads-Global/PangleSDK -F /Users/runner/Library/Developer/Xcode/DerivedData/WebBrowser-clqywoufjsuyrtaownclvbrmxizr/Build/Intermediates.noindex/ArchiveIntermediates/WebBrowser/BuildProductsPath/Release-iphoneos/XCFrameworkIntermediates/Ads-Global/TikTokBusinessSDK -F /Users/runner/Library/Developer/Xcode/DerivedData/WebBrowser-clqywoufjsuyrtaownclvbrmxizr/Build/Intermediates.noindex/ArchiveIntermediates/WebBrowser/BuildProductsPath/Release-iphoneos/XCFrameworkIntermediates/FBAudienceNetwork -F /Users/runner/Library/Developer/Xcode/DerivedData/WebBrowser-clqywoufjsuyrtaownclvbrmxizr/Build/Intermediates.noindex/ArchiveIntermediates/WebBrowser/BuildProductsPath/Release-iphoneos/XCFrameworkIntermediates/InMobiSDK -F /Users/runner/Library/Developer/Xcode/DerivedData/WebBrowser-clqywoufjsuyrtaownclvbrmxizr/Build/Intermediates.noindex/ArchiveIntermediates/WebBrowser/BuildProductsPath/Release-iphoneos/XCFrameworkIntermediates/MintegralAdSDK/BannerAd -F /Users/runner/Library/Developer/Xcode/DerivedData/WebBrowser-clqywoufjsuyrtaownclvbrmxizr/Build/Intermediates.noindex/ArchiveIntermediates/WebBrowser/BuildProductsPath/Release-iphoneos/XCFrameworkIntermediates/MintegralAdSDK/BidNativeAd -F /Users/runner/Library/Developer/Xcode/DerivedData/WebBrowser-clqywoufjsuyrtaownclvbrmxizr/Build/Intermediates.noindex/ArchiveIntermediates/WebBrowser/BuildProductsPath/Release-iphoneos/XCFrameworkIntermediates/MintegralAdSDK/InterstitialVideoAd -F /Users/runner/Library/Developer/Xcode/DerivedData/WebBrowser-clqywoufjsuyrtaownclvbrmxizr/Build/Intermediates.noindex/ArchiveIntermediates/WebBrowser/BuildProductsPath/Release-iphoneos/XCFrameworkIntermediates/MintegralAdSDK/NativeAd -F /Users/runner/Library/Developer/Xcode/DerivedData/WebBrowser-clqywoufjsuyrtaownclvbrmxizr/Build/Intermediates.noindex/ArchiveIntermediates/WebBrowser/BuildProductsPath/Release-iphoneos/XCFrameworkIntermediates/MintegralAdSDK/NativeAdvancedAd -F /Users/runner/Library/Developer/Xcode/DerivedData/WebBrowser-clqywoufjsuyrtaownclvbrmxizr/Build/Intermediates.noindex/ArchiveIntermediates/WebBrowser/BuildProductsPath/Release-iphoneos/XCFrameworkIntermediates/MintegralAdSDK/NewInterstitialAd -F /Users/runner/Library/Developer/Xcode/DerivedData/WebBrowser-clqywoufjsuyrtaownclvbrmxizr/Build/Intermediates.noindex/ArchiveIntermediates/WebBrowser/BuildProductsPath/Release-iphoneos/XCFrameworkIntermediates/MintegralAdSDK/RewardVideoAd -F /Users/runner/Library/Developer/Xcode/DerivedData/WebBrowser-clqywoufjsuyrtaownclvbrmxizr/Build/Intermediates.noindex/ArchiveIntermediates/WebBrowser/BuildProductsPath/Release-iphoneos/XCFrameworkIntermediates/MintegralAdSDK/SplashAd -F /Users/runner/Library/Developer/Xcode/DerivedData/WebBrowser-clqywoufjsuyrtaownclvbrmxizr/Build/Intermediates.noindex/ArchiveIntermediates/WebBrowser/BuildProductsPath/Release-iphoneos/XCFrameworkIntermediates/SmartdigimktSDK -F /Users/runner/Library/Developer/Xcode/DerivedData/WebBrowser-clqywoufjsuyrtaownclvbrmxizr/Build/Intermediates.noindex/ArchiveIntermediates/WebBrowser/BuildProductsPath/Release-iphoneos/XCFrameworkIntermediates/TPNMediationAdxSmartdigimktAdapter -F /Users/runner/Library/Developer/Xcode/DerivedData/WebBrowser-clqywoufjsuyrtaownclvbrmxizr/Build/Intermediates.noindex/ArchiveIntermediates/WebBrowser/BuildProductsPath/Release-iphoneos/XCFrameworkIntermediates/TPNMediationFacebookAdapter -F /Users/runner/Library/Developer/Xcode/DerivedData/WebBrowser-clqywoufjsuyrtaownclvbrmxizr/Build/Intermediates.noindex/ArchiveIntermediates/WebBrowser/BuildProductsPath/Release-iphoneos/XCFrameworkIntermediates/TPNMediationInmobiAdapter -F /Users/runner/Library/Developer/Xcode/DerivedData/WebBrowser-clqywoufjsuyrtaownclvbrmxizr/Build/Intermediates.noindex/ArchiveIntermediates/WebBrowser/BuildProductsPath/Release-iphoneos/XCFrameworkIntermediates/TPNMediationMintegralAdapter -F /Users/runner/Library/Developer/Xcode/DerivedData/WebBrowser-clqywoufjsuyrtaownclvbrmxizr/Build/Intermediates.noindex/ArchiveIntermediates/WebBrowser/BuildProductsPath/Release-iphoneos/XCFrameworkIntermediates/TPNMediationPangleAdapter -F /Users/runner/Library/Developer/Xcode/DerivedData/WebBrowser-clqywoufjsuyrtaownclvbrmxizr/Build/Intermediates.noindex/ArchiveIntermediates/WebBrowser/BuildProductsPath/Release-iphoneos/XCFrameworkIntermediates/TPNiOS/TPNSDK -F /Users/runner/Library/Developer/Xcode/DerivedData/WebBrowser-clqywoufjsuyrtaownclvbrmxizr/Build/Intermediates.noindex/ArchiveIntermediates/WebBrowser/BuildProductsPath/Release-iphoneos/XCFrameworkIntermediates/UMCommon -F /Users/runner/Library/Developer/Xcode/DerivedData/WebBrowser-clqywoufjsuyrtaownclvbrmxizr/Build/Intermediates.noindex/ArchiveIntermediates/WebBrowser/BuildProductsPath/Release-iphoneos/XCFrameworkIntermediates/UMDevice -c -num-threads 3 -Xcc -ivfsstatcache -Xcc /Users/runner/Library/Developer/Xcode/DerivedData/SDKStatCaches.noindex/iphoneos26.2-23C57-dc75598d0054f22ec865fa860f139d722dd23b4ebda140f7210d155ff1243552.sdkstatcache -output-file-map /Users/runner/Library/Developer/Xcode/DerivedData/WebBrowser-clqywoufjsuyrtaownclvbrmxizr/Build/Intermediates.noindex/ArchiveIntermediates/WebBrowser/IntermediateBuildFilesPath/WebBrowser.build/Release-iphoneos/WebBrowser.build/Objects-normal/arm64/WebBrowser-OutputFileMap.json -use-frontend-parseable-output -save-temps -no-color-diagnostics -explicit-module-build -module-cache-path /Users/runner/Library/Developer/Xcode/DerivedData/WebBrowser-clqywoufjsuyrtaownclvbrmxizr/Build/Intermediates.noindex/ArchiveIntermediates/WebBrowser/IntermediateBuildFilesPath/SwiftExplicitPrecompiledModules -clang-scanner-module-cache-path /Users/runner/Library/Developer/Xcode/DerivedData/ModuleCache.noindex -sdk-module-cache-path /Users/runner/Library/Developer/Xcode/DerivedData/ModuleCache.noindex -serialize-diagnostics -emit-dependencies -emit-module -emit-module-path /Users/runner/Library/Developer/Xcode/DerivedData/WebBrowser-clqywoufjsuyrtaownclvbrmxizr/Build/Intermediates.noindex/ArchiveIntermediates/WebBrowser/IntermediateBuildFilesPath/WebBrowser.build/Release-iphoneos/WebBrowser.build/Objects-normal/arm64/WebBrowser.swiftmodule -validate-clang-modules-once -clang-build-session-file /Users/runner/Library/Developer/Xcode/DerivedData/ModuleCache.noindex/Session.modulevalidation -Xcc -I/Users/runner/Library/Developer/Xcode/DerivedData/WebBrowser-clqywoufjsuyrtaownclvbrmxizr/Build/Intermediates.noindex/ArchiveIntermediates/WebBrowser/IntermediateBuildFilesPath/WebBrowser.build/Release-iphoneos/WebBrowser.build/swift-overrides.hmap -emit-const-values -Xfrontend -const-gather-protocols-file -Xfrontend /Users/runner/Library/Developer/Xcode/DerivedData/WebBrowser-clqywoufjsuyrtaownclvbrmxizr/Build/Intermediates.noindex/ArchiveIntermediates/WebBrowser/IntermediateBuildFilesPath/WebBrowser.build/Release-iphoneos/WebBrowser.build/Objects-normal/arm64/WebBrowser_const_extract_protocols.json -Xcc -iquote -Xcc /Users/runner/Library/Developer/Xcode/DerivedData/WebBrowser-clqywoufjsuyrtaownclvbrmxizr/Build/Intermediates.noindex/ArchiveIntermediates/WebBrowser/IntermediateBuildFilesPath/WebBrowser.build/Release-iphoneos/WebBrowser.build/WebBrowser-generated-files.hmap -Xcc -I/Users/runner/Library/Developer/Xcode/DerivedData/WebBrowser-clqywoufjsuyrtaownclvbrmxizr/Build/Intermediates.noindex/ArchiveIntermediates/WebBrowser/IntermediateBuildFilesPath/WebBrowser.build/Release-iphoneos/WebBrowser.build/WebBrowser-own-target-headers.hmap -Xcc -I/Users/runner/Library/Developer/Xcode/DerivedData/WebBrowser-clqywoufjsuyrtaownclvbrmxizr/Build/Intermediates.noindex/ArchiveIntermediates/WebBrowser/IntermediateBuildFilesPath/WebBrowser.build/Release-iphoneos/WebBrowser.build/WebBrowser-all-non-framework-target-headers.hmap -Xcc -ivfsoverlay -Xcc /Users/runner/Library/Developer/Xcode/DerivedData/WebBrowser-clqywoufjsuyrtaownclvbrmxizr/Build/Intermediates.noindex/ArchiveIntermediates/WebBrowser/IntermediateBuildFilesPath/WebBrowser.build/Release-iphoneos/WebBrowser-120faf8fc8e1ade2702c6ec35c686092-VFS-iphoneos/all-product-headers.yaml -Xcc -iquote -Xcc /Users/runner/Library/Developer/Xcode/DerivedData/WebBrowser-clqywoufjsuyrtaownclvbrmxizr/Build/Intermediates.noindex/ArchiveIntermediates/WebBrowser/IntermediateBuildFilesPath/WebBrowser.build/Release-iphoneos/WebBrowser.build/WebBrowser-project-headers.hmap -Xcc -I/Users/runner/Library/Developer/Xcode/DerivedData/WebBrowser-clqywoufjsuyrtaownclvbrmxizr/Build/Intermediates.noindex/ArchiveIntermediates/WebBrowser/BuildProductsPath/Release-iphoneos/include -Xcc -I/Users/runner/Library/Developer/Xcode/DerivedData/WebBrowser-clqywoufjsuyrtaownclvbrmxizr/Build/Intermediates.noindex/ArchiveIntermediates/WebBrowser/BuildProductsPath/Release-iphoneos/ApplePurchaseKit/ApplePurchaseKit.framework/Headers -Xcc -I/Users/runner/Library/Developer/Xcode/DerivedData/WebBrowser-clqywoufjsuyrtaownclvbrmxizr/Build/Intermediates.noindex/ArchiveIntermediates/WebBrowser/BuildProductsPath/Release-iphoneos/KeychainAccess/KeychainAccess.framework/Headers -Xcc -I/Users/runner/Library/Developer/Xcode/DerivedData/WebBrowser-clqywoufjsuyrtaownclvbrmxizr/Build/Intermediates.noindex/ArchiveIntermediates/WebBrowser/BuildProductsPath/Release-iphoneos/SVProgressHUD/SVProgressHUD.framework/Headers -Xcc -I/Users/runner/Library/Developer/Xcode/DerivedData/WebBrowser-clqywoufjsuyrtaownclvbrmxizr/Build/Intermediates.noindex/ArchiveIntermediates/WebBrowser/IntermediateBuildFilesPath/WebBrowser.build/Release-iphoneos/WebBrowser.build/DerivedSources-normal/arm64 -Xcc -I/Users/runner/Library/Developer/Xcode/DerivedData/WebBrowser-clqywoufjsuyrtaownclvbrmxizr/Build/Intermediates.noindex/ArchiveIntermediates/WebBrowser/IntermediateBuildFilesPath/WebBrowser.build/Release-iphoneos/WebBrowser.build/DerivedSources/arm64 -Xcc -I/Users/runner/Library/Developer/Xcode/DerivedData/WebBrowser-clqywoufjsuyrtaownclvbrmxizr/Build/Intermediates.noindex/ArchiveIntermediates/WebBrowser/IntermediateBuildFilesPath/WebBrowser.build/Release-iphoneos/WebBrowser.build/DerivedSources -Xcc -DCOCOAPODS\=1 -emit-objc-header -emit-objc-header-path /Users/runner/Library/Developer/Xcode/DerivedData/WebBrowser-clqywoufjsuyrtaownclvbrmxizr/Build/Intermediates.noindex/ArchiveIntermediates/WebBrowser/IntermediateBuildFilesPath/WebBrowser.build/Release-iphoneos/WebBrowser.build/Objects-normal/arm64/WebBrowser-Swift.h -working-directory /Users/runner/work/Web_Browser/Web_Browser -no-emit-module-separately-wmo

SwiftMergeGeneratedHeaders /Users/runner/Library/Developer/Xcode/DerivedData/WebBrowser-clqywoufjsuyrtaownclvbrmxizr/Build/Intermediates.noindex/ArchiveIntermediates/WebBrowser/IntermediateBuildFilesPath/WebBrowser.build/Release-iphoneos/WebBrowser.build/DerivedSources/WebBrowser-Swift.h /Users/runner/Library/Developer/Xcode/DerivedData/WebBrowser-clqywoufjsuyrtaownclvbrmxizr/Build/Intermediates.noindex/ArchiveIntermediates/WebBrowser/IntermediateBuildFilesPath/WebBrowser.build/Release-iphoneos/WebBrowser.build/Objects-normal/arm64/WebBrowser-Swift.h (in target 'WebBrowser' from project 'WebBrowser')
    cd /Users/runner/work/Web_Browser/Web_Browser
    builtin-swiftHeaderTool -arch arm64 /Users/runner/Library/Developer/Xcode/DerivedData/WebBrowser-clqywoufjsuyrtaownclvbrmxizr/Build/Intermediates.noindex/ArchiveIntermediates/WebBrowser/IntermediateBuildFilesPath/WebBrowser.build/Release-iphoneos/WebBrowser.build/Objects-normal/arm64/WebBrowser-Swift.h -o /Users/runner/Library/Developer/Xcode/DerivedData/WebBrowser-clqywoufjsuyrtaownclvbrmxizr/Build/Intermediates.noindex/ArchiveIntermediates/WebBrowser/IntermediateBuildFilesPath/WebBrowser.build/Release-iphoneos/WebBrowser.build/DerivedSources/WebBrowser-Swift.h

Copy /Users/runner/Library/Developer/Xcode/DerivedData/WebBrowser-clqywoufjsuyrtaownclvbrmxizr/Build/Intermediates.noindex/ArchiveIntermediates/WebBrowser/BuildProductsPath/Release-iphoneos/WebBrowser.swiftmodule/arm64-apple-ios.swiftdoc /Users/runner/Library/Developer/Xcode/DerivedData/WebBrowser-clqywoufjsuyrtaownclvbrmxizr/Build/Intermediates.noindex/ArchiveIntermediates/WebBrowser/IntermediateBuildFilesPath/WebBrowser.build/Release-iphoneos/WebBrowser.build/Objects-normal/arm64/WebBrowser.swiftdoc (in target 'WebBrowser' from project 'WebBrowser')
    cd /Users/runner/work/Web_Browser/Web_Browser
    builtin-copy -exclude .DS_Store -exclude CVS -exclude .svn -exclude .git -exclude .hg -resolve-src-symlinks -rename /Users/runner/Library/Developer/Xcode/DerivedData/WebBrowser-clqywoufjsuyrtaownclvbrmxizr/Build/Intermediates.noindex/ArchiveIntermediates/WebBrowser/IntermediateBuildFilesPath/WebBrowser.build/Release-iphoneos/WebBrowser.build/Objects-normal/arm64/WebBrowser.swiftdoc /Users/runner/Library/Developer/Xcode/DerivedData/WebBrowser-clqywoufjsuyrtaownclvbrmxizr/Build/Intermediates.noindex/ArchiveIntermediates/WebBrowser/BuildProductsPath/Release-iphoneos/WebBrowser.swiftmodule/arm64-apple-ios.swiftdoc

Copy /Users/runner/Library/Developer/Xcode/DerivedData/WebBrowser-clqywoufjsuyrtaownclvbrmxizr/Build/Intermediates.noindex/ArchiveIntermediates/WebBrowser/BuildProductsPath/Release-iphoneos/WebBrowser.swiftmodule/arm64-apple-ios.swiftmodule /Users/runner/Library/Developer/Xcode/DerivedData/WebBrowser-clqywoufjsuyrtaownclvbrmxizr/Build/Intermediates.noindex/ArchiveIntermediates/WebBrowser/IntermediateBuildFilesPath/WebBrowser.build/Release-iphoneos/WebBrowser.build/Objects-normal/arm64/WebBrowser.swiftmodule (in target 'WebBrowser' from project 'WebBrowser')
    cd /Users/runner/work/Web_Browser/Web_Browser
    builtin-copy -exclude .DS_Store -exclude CVS -exclude .svn -exclude .git -exclude .hg -resolve-src-symlinks -rename /Users/runner/Library/Developer/Xcode/DerivedData/WebBrowser-clqywoufjsuyrtaownclvbrmxizr/Build/Intermediates.noindex/ArchiveIntermediates/WebBrowser/IntermediateBuildFilesPath/WebBrowser.build/Release-iphoneos/WebBrowser.build/Objects-normal/arm64/WebBrowser.swiftmodule /Users/runner/Library/Developer/Xcode/DerivedData/WebBrowser-clqywoufjsuyrtaownclvbrmxizr/Build/Intermediates.noindex/ArchiveIntermediates/WebBrowser/BuildProductsPath/Release-iphoneos/WebBrowser.swiftmodule/arm64-apple-ios.swiftmodule

Copy /Users/runner/Library/Developer/Xcode/DerivedData/WebBrowser-clqywoufjsuyrtaownclvbrmxizr/Build/Intermediates.noindex/ArchiveIntermediates/WebBrowser/BuildProductsPath/Release-iphoneos/WebBrowser.swiftmodule/arm64-apple-ios.abi.json /Users/runner/Library/Developer/Xcode/DerivedData/WebBrowser-clqywoufjsuyrtaownclvbrmxizr/Build/Intermediates.noindex/ArchiveIntermediates/WebBrowser/IntermediateBuildFilesPath/WebBrowser.build/Release-iphoneos/WebBrowser.build/Objects-normal/arm64/WebBrowser.abi.json (in target 'WebBrowser' from project 'WebBrowser')
    cd /Users/runner/work/Web_Browser/Web_Browser
    builtin-copy -exclude .DS_Store -exclude CVS -exclude .svn -exclude .git -exclude .hg -resolve-src-symlinks -rename /Users/runner/Library/Developer/Xcode/DerivedData/WebBrowser-clqywoufjsuyrtaownclvbrmxizr/Build/Intermediates.noindex/ArchiveIntermediates/WebBrowser/IntermediateBuildFilesPath/WebBrowser.build/Release-iphoneos/WebBrowser.build/Objects-normal/arm64/WebBrowser.abi.json /Users/runner/Library/Developer/Xcode/DerivedData/WebBrowser-clqywoufjsuyrtaownclvbrmxizr/Build/Intermediates.noindex/ArchiveIntermediates/WebBrowser/BuildProductsPath/Release-iphoneos/WebBrowser.swiftmodule/arm64-apple-ios.abi.json

ScanDependencies /Users/runner/Library/Developer/Xcode/DerivedData/WebBrowser-clqywoufjsuyrtaownclvbrmxizr/Build/Intermediates.noindex/ArchiveIntermediates/WebBrowser/IntermediateBuildFilesPath/WebBrowser.build/Release-iphoneos/WebBrowser.build/Objects-normal/arm64/WebBrowser_vers.o /Users/runner/Library/Developer/Xcode/DerivedData/WebBrowser-clqywoufjsuyrtaownclvbrmxizr/Build/Intermediates.noindex/ArchiveIntermediates/WebBrowser/IntermediateBuildFilesPath/WebBrowser.build/Release-iphoneos/WebBrowser.build/DerivedSources/WebBrowser_vers.c normal arm64 c com.apple.compilers.llvm.clang.1_0.compiler (in target 'WebBrowser' from project 'WebBrowser')
    cd /Users/runner/work/Web_Browser/Web_Browser
    
    Using response file: /Users/runner/Library/Developer/Xcode/DerivedData/WebBrowser-clqywoufjsuyrtaownclvbrmxizr/Build/Intermediates.noindex/ArchiveIntermediates/WebBrowser/IntermediateBuildFilesPath/WebBrowser.build/Release-iphoneos/WebBrowser.build/Objects-normal/arm64/7187679823f38a2a940e0043cdf9d637-common-args.resp
    
    builtin-ScanDependencies -o /Users/runner/Library/Developer/Xcode/DerivedData/WebBrowser-clqywoufjsuyrtaownclvbrmxizr/Build/Intermediates.noindex/ArchiveIntermediates/WebBrowser/IntermediateBuildFilesPath/WebBrowser.build/Release-iphoneos/WebBrowser.build/Objects-normal/arm64/WebBrowser_vers.o.scan -- /Applications/Xcode_26.3.app/Contents/Developer/Toolchains/XcodeDefault.xctoolchain/usr/bin/clang -x c -ivfsstatcache /Users/runner/Library/Developer/Xcode/DerivedData/SDKStatCaches.noindex/iphoneos26.2-23C57-dc75598d0054f22ec865fa860f139d722dd23b4ebda140f7210d155ff1243552.sdkstatcache -fmessage-length\=0 -fdiagnostics-show-note-include-stack -fmacro-backtrace-limit\=0 -fno-color-diagnostics -fmodules-prune-interval\=86400 -fmodules-prune-after\=345600 -fbuild-session-file\=/Users/runner/Library/Developer/Xcode/DerivedData/ModuleCache.noindex/Session.modulevalidation -fmodules-validate-once-per-build-session -Wnon-modular-include-in-framework-module -Werror\=non-modular-include-in-framework-module -Wno-trigraphs -Wno-missing-field-initializers -Wno-missing-prototypes -Werror\=return-type -Wdocumentation -Wunreachable-code -Werror\=deprecated-objc-isa-usage -Werror\=objc-root-class -Wno-missing-braces -Wparentheses -Wswitch -Wunused-function -Wno-unused-label -Wno-unused-parameter -Wunused-variable -Wunused-value -Wempty-body -Wuninitialized -Wconditional-uninitialized -Wno-unknown-pragmas -Wno-shadow -Wno-four-char-constants -Wno-conversion -Wconstant-conversion -Wint-conversion -Wbool-conversion -Wenum-conversion -Wno-float-conversion -Wnon-literal-null-conversion -Wobjc-literal-conversion -Wshorten-64-to-32 -Wpointer-sign -Wno-newline-eof -Wno-implicit-fallthrough -fstrict-aliasing -Wdeprecated-declarations -Wno-sign-conversion -Winfinite-recursion -Wcomma -Wblock-capture-autoreleasing -Wstrict-prototypes -Wno-semicolon-before-method-body -Wunguarded-availability @/Users/runner/Library/Developer/Xcode/DerivedData/WebBrowser-clqywoufjsuyrtaownclvbrmxizr/Build/Intermediates.noindex/ArchiveIntermediates/WebBrowser/IntermediateBuildFilesPath/WebBrowser.build/Release-iphoneos/WebBrowser.build/Objects-normal/arm64/7187679823f38a2a940e0043cdf9d637-common-args.resp -MMD -MT dependencies -MF /Users/runner/Library/Developer/Xcode/DerivedData/WebBrowser-clqywoufjsuyrtaownclvbrmxizr/Build/Intermediates.noindex/ArchiveIntermediates/WebBrowser/IntermediateBuildFilesPath/WebBrowser.build/Release-iphoneos/WebBrowser.build/Objects-normal/arm64/WebBrowser_vers.d --serialize-diagnostics /Users/runner/Library/Developer/Xcode/DerivedData/WebBrowser-clqywoufjsuyrtaownclvbrmxizr/Build/Intermediates.noindex/ArchiveIntermediates/WebBrowser/IntermediateBuildFilesPath/WebBrowser.build/Release-iphoneos/WebBrowser.build/Objects-normal/arm64/WebBrowser_vers.dia -c /Users/runner/Library/Developer/Xcode/DerivedData/WebBrowser-clqywoufjsuyrtaownclvbrmxizr/Build/Intermediates.noindex/ArchiveIntermediates/WebBrowser/IntermediateBuildFilesPath/WebBrowser.build/Release-iphoneos/WebBrowser.build/DerivedSources/WebBrowser_vers.c -o /Users/runner/Library/Developer/Xcode/DerivedData/WebBrowser-clqywoufjsuyrtaownclvbrmxizr/Build/Intermediates.noindex/ArchiveIntermediates/WebBrowser/IntermediateBuildFilesPath/WebBrowser.build/Release-iphoneos/WebBrowser.build/Objects-normal/arm64/WebBrowser_vers.o

CompileC /Users/runner/Library/Developer/Xcode/DerivedData/WebBrowser-clqywoufjsuyrtaownclvbrmxizr/Build/Intermediates.noindex/ArchiveIntermediates/WebBrowser/IntermediateBuildFilesPath/WebBrowser.build/Release-iphoneos/WebBrowser.build/Objects-normal/arm64/WebBrowser_vers.o /Users/runner/Library/Developer/Xcode/DerivedData/WebBrowser-clqywoufjsuyrtaownclvbrmxizr/Build/Intermediates.noindex/ArchiveIntermediates/WebBrowser/IntermediateBuildFilesPath/WebBrowser.build/Release-iphoneos/WebBrowser.build/DerivedSources/WebBrowser_vers.c normal arm64 c com.apple.compilers.llvm.clang.1_0.compiler (in target 'WebBrowser' from project 'WebBrowser')
    cd /Users/runner/work/Web_Browser/Web_Browser
    
    Using response file: /Users/runner/Library/Developer/Xcode/DerivedData/WebBrowser-clqywoufjsuyrtaownclvbrmxizr/Build/Intermediates.noindex/ArchiveIntermediates/WebBrowser/IntermediateBuildFilesPath/WebBrowser.build/Release-iphoneos/WebBrowser.build/Objects-normal/arm64/7187679823f38a2a940e0043cdf9d637-common-args.resp
    
    /Applications/Xcode_26.3.app/Contents/Developer/Toolchains/XcodeDefault.xctoolchain/usr/bin/clang -x c -ivfsstatcache /Users/runner/Library/Developer/Xcode/DerivedData/SDKStatCaches.noindex/iphoneos26.2-23C57-dc75598d0054f22ec865fa860f139d722dd23b4ebda140f7210d155ff1243552.sdkstatcache -fmessage-length\=0 -fdiagnostics-show-note-include-stack -fmacro-backtrace-limit\=0 -fno-color-diagnostics -fmodules-prune-interval\=86400 -fmodules-prune-after\=345600 -fbuild-session-file\=/Users/runner/Library/Developer/Xcode/DerivedData/ModuleCache.noindex/Session.modulevalidation -fmodules-validate-once-per-build-session -Wnon-modular-include-in-framework-module -Werror\=non-modular-include-in-framework-module -Wno-trigraphs -Wno-missing-field-initializers -Wno-missing-prototypes -Werror\=return-type -Wdocumentation -Wunreachable-code -Werror\=deprecated-objc-isa-usage -Werror\=objc-root-class -Wno-missing-braces -Wparentheses -Wswitch -Wunused-function -Wno-unused-label -Wno-unused-parameter -Wunused-variable -Wunused-value -Wempty-body -Wuninitialized -Wconditional-uninitialized -Wno-unknown-pragmas -Wno-shadow -Wno-four-char-constants -Wno-conversion -Wconstant-conversion -Wint-conversion -Wbool-conversion -Wenum-conversion -Wno-float-conversion -Wnon-literal-null-conversion -Wobjc-literal-conversion -Wshorten-64-to-32 -Wpointer-sign -Wno-newline-eof -Wno-implicit-fallthrough -fstrict-aliasing -Wdeprecated-declarations -Wno-sign-conversion -Winfinite-recursion -Wcomma -Wblock-capture-autoreleasing -Wstrict-prototypes -Wno-semicolon-before-method-body -Wunguarded-availability @/Users/runner/Library/Developer/Xcode/DerivedData/WebBrowser-clqywoufjsuyrtaownclvbrmxizr/Build/Intermediates.noindex/ArchiveIntermediates/WebBrowser/IntermediateBuildFilesPath/WebBrowser.build/Release-iphoneos/WebBrowser.build/Objects-normal/arm64/7187679823f38a2a940e0043cdf9d637-common-args.resp -MMD -MT dependencies -MF /Users/runner/Library/Developer/Xcode/DerivedData/WebBrowser-clqywoufjsuyrtaownclvbrmxizr/Build/Intermediates.noindex/ArchiveIntermediates/WebBrowser/IntermediateBuildFilesPath/WebBrowser.build/Release-iphoneos/WebBrowser.build/Objects-normal/arm64/WebBrowser_vers.d --serialize-diagnostics /Users/runner/Library/Developer/Xcode/DerivedData/WebBrowser-clqywoufjsuyrtaownclvbrmxizr/Build/Intermediates.noindex/ArchiveIntermediates/WebBrowser/IntermediateBuildFilesPath/WebBrowser.build/Release-iphoneos/WebBrowser.build/Objects-normal/arm64/WebBrowser_vers.dia -c /Users/runner/Library/Developer/Xcode/DerivedData/WebBrowser-clqywoufjsuyrtaownclvbrmxizr/Build/Intermediates.noindex/ArchiveIntermediates/WebBrowser/IntermediateBuildFilesPath/WebBrowser.build/Release-iphoneos/WebBrowser.build/DerivedSources/WebBrowser_vers.c -o /Users/runner/Library/Developer/Xcode/DerivedData/WebBrowser-clqywoufjsuyrtaownclvbrmxizr/Build/Intermediates.noindex/ArchiveIntermediates/WebBrowser/IntermediateBuildFilesPath/WebBrowser.build/Release-iphoneos/WebBrowser.build/Objects-normal/arm64/WebBrowser_vers.o

Ld /Users/runner/Library/Developer/Xcode/DerivedData/WebBrowser-clqywoufjsuyrtaownclvbrmxizr/Build/Intermediates.noindex/ArchiveIntermediates/WebBrowser/InstallationBuildProductsLocation/Applications/WebBrowser.app/WebBrowser normal (in target 'WebBrowser' from project 'WebBrowser')
    cd /Users/runner/work/Web_Browser/Web_Browser
    /Applications/Xcode_26.3.app/Contents/Developer/Toolchains/XcodeDefault.xctoolchain/usr/bin/clang -Xlinker -reproducible -target arm64-apple-ios16.0 -isysroot /Applications/Xcode_26.3.app/Contents/Developer/Platforms/iPhoneOS.platform/Developer/SDKs/iPhoneOS26.2.sdk -Os -L/Users/runner/Library/Developer/Xcode/DerivedData/WebBrowser-clqywoufjsuyrtaownclvbrmxizr/Build/Intermediates.noindex/ArchiveIntermediates/WebBrowser/IntermediateBuildFilesPath/EagerLinkingTBDs/Release-iphoneos -L/Users/runner/Library/Developer/Xcode/DerivedData/WebBrowser-clqywoufjsuyrtaownclvbrmxizr/Build/Intermediates.noindex/ArchiveIntermediates/WebBrowser/BuildProductsPath/Release-iphoneos -L/var/run/com.apple.security.cryptexd/mnt/com.apple.MobileAsset.MetalToolchain-v17.3.7003.10.78kteD/Metal.xctoolchain/usr/lib/swift/iphoneos -L/Applications/Xcode_26.3.app/Contents/Developer/Platforms/iPhoneOS.platform/Developer/SDKs/iPhoneOS26.2.sdk/usr/lib/swift -F/Users/runner/Library/Developer/Xcode/DerivedData/WebBrowser-clqywoufjsuyrtaownclvbrmxizr/Build/Intermediates.noindex/ArchiveIntermediates/WebBrowser/IntermediateBuildFilesPath/EagerLinkingTBDs/Release-iphoneos -F/Users/runner/Library/Developer/Xcode/DerivedData/WebBrowser-clqywoufjsuyrtaownclvbrmxizr/Build/Intermediates.noindex/ArchiveIntermediates/WebBrowser/BuildProductsPath/Release-iphoneos -F/Users/runner/Library/Developer/Xcode/DerivedData/WebBrowser-clqywoufjsuyrtaownclvbrmxizr/Build/Intermediates.noindex/ArchiveIntermediates/WebBrowser/BuildProductsPath/Release-iphoneos/ApplePurchaseKit -F/Users/runner/Library/Developer/Xcode/DerivedData/WebBrowser-clqywoufjsuyrtaownclvbrmxizr/Build/Intermediates.noindex/ArchiveIntermediates/WebBrowser/BuildProductsPath/Release-iphoneos/KeychainAccess -F/Users/runner/Library/Developer/Xcode/DerivedData/WebBrowser-clqywoufjsuyrtaownclvbrmxizr/Build/Intermediates.noindex/ArchiveIntermediates/WebBrowser/BuildProductsPath/Release-iphoneos/SVProgressHUD -F/Users/runner/work/Web_Browser/Web_Browser/Pods/Ads-Global/SDK -F/Users/runner/work/Web_Browser/Web_Browser/Pods/FBAudienceNetwork/Dynamic -F/Users/runner/work/Web_Browser/Web_Browser/Pods/InMobiSDK -F/Users/runner/work/Web_Browser/Web_Browser/Pods/MintegralAdSDK/Fmk -F/Users/runner/work/Web_Browser/Web_Browser/Pods/SmartdigimktSDK/SmartDigimktSDK -F/Users/runner/work/Web_Browser/Web_Browser/Pods/TPNMediationAdxSmartdigimktAdapter/AnyThinkSmartdigimktAdapter-6.5.45.0 -F/Users/runner/work/Web_Browser/Web_Browser/Pods/TPNMediationFacebookAdapter/AnyThinkFacebookAdapter-6.21.1.0 -F/Users/runner/work/Web_Browser/Web_Browser/Pods/TPNMediationInmobiAdapter/AnyThinkInmobiAdapter-11.1.0.0 -F/Users/runner/work/Web_Browser/Web_Browser/Pods/TPNMediationMintegralAdapter/AnyThinkMintegralAdapter-8.0.4.0 -F/Users/runner/work/Web_Browser/Web_Browser/Pods/TPNMediationPangleAdapter/AnyThinkPangleAdapter-7.8.5.7.0 -F/Users/runner/work/Web_Browser/Web_Browser/Pods/TPNiOS/core -F/Users/runner/work/Web_Browser/Web_Browser/Pods/UMCommon/UMCommon_7.6.4 -F/Users/runner/work/Web_Browser/Web_Browser/Pods/UMDevice/UMDevice_3.6.0 -F/Users/runner/Library/Developer/Xcode/DerivedData/WebBrowser-clqywoufjsuyrtaownclvbrmxizr/Build/Intermediates.noindex/ArchiveIntermediates/WebBrowser/BuildProductsPath/Release-iphoneos/XCFrameworkIntermediates/Ads-Global/PangleSDK -F/Users/runner/Library/Developer/Xcode/DerivedData/WebBrowser-clqywoufjsuyrtaownclvbrmxizr/Build/Intermediates.noindex/ArchiveIntermediates/WebBrowser/BuildProductsPath/Release-iphoneos/XCFrameworkIntermediates/Ads-Global/TikTokBusinessSDK -F/Users/runner/Library/Developer/Xcode/DerivedData/WebBrowser-clqywoufjsuyrtaownclvbrmxizr/Build/Intermediates.noindex/ArchiveIntermediates/WebBrowser/BuildProductsPath/Release-iphoneos/XCFrameworkIntermediates/FBAudienceNetwork -F/Users/runner/Library/Developer/Xcode/DerivedData/WebBrowser-clqywoufjsuyrtaownclvbrmxizr/Build/Intermediates.noindex/ArchiveIntermediates/WebBrowser/BuildProductsPath/Release-iphoneos/XCFrameworkIntermediates/InMobiSDK -F/Users/runner/Library/Developer/Xcode/DerivedData/WebBrowser-clqywoufjsuyrtaownclvbrmxizr/Build/Intermediates.noindex/ArchiveIntermediates/WebBrowser/BuildProductsPath/Release-iphoneos/XCFrameworkIntermediates/MintegralAdSDK/BannerAd -F/Users/runner/Library/Developer/Xcode/DerivedData/WebBrowser-clqywoufjsuyrtaownclvbrmxizr/Build/Intermediates.noindex/ArchiveIntermediates/WebBrowser/BuildProductsPath/Release-iphoneos/XCFrameworkIntermediates/MintegralAdSDK/BidNativeAd -F/Users/runner/Library/Developer/Xcode/DerivedData/WebBrowser-clqywoufjsuyrtaownclvbrmxizr/Build/Intermediates.noindex/ArchiveIntermediates/WebBrowser/BuildProductsPath/Release-iphoneos/XCFrameworkIntermediates/MintegralAdSDK/InterstitialVideoAd -F/Users/runner/Library/Developer/Xcode/DerivedData/WebBrowser-clqywoufjsuyrtaownclvbrmxizr/Build/Intermediates.noindex/ArchiveIntermediates/WebBrowser/BuildProductsPath/Release-iphoneos/XCFrameworkIntermediates/MintegralAdSDK/NativeAd -F/Users/runner/Library/Developer/Xcode/DerivedData/WebBrowser-clqywoufjsuyrtaownclvbrmxizr/Build/Intermediates.noindex/ArchiveIntermediates/WebBrowser/BuildProductsPath/Release-iphoneos/XCFrameworkIntermediates/MintegralAdSDK/NativeAdvancedAd -F/Users/runner/Library/Developer/Xcode/DerivedData/WebBrowser-clqywoufjsuyrtaownclvbrmxizr/Build/Intermediates.noindex/ArchiveIntermediates/WebBrowser/BuildProductsPath/Release-iphoneos/XCFrameworkIntermediates/MintegralAdSDK/NewInterstitialAd -F/Users/runner/Library/Developer/Xcode/DerivedData/WebBrowser-clqywoufjsuyrtaownclvbrmxizr/Build/Intermediates.noindex/ArchiveIntermediates/WebBrowser/BuildProductsPath/Release-iphoneos/XCFrameworkIntermediates/MintegralAdSDK/RewardVideoAd -F/Users/runner/Library/Developer/Xcode/DerivedData/WebBrowser-clqywoufjsuyrtaownclvbrmxizr/Build/Intermediates.noindex/ArchiveIntermediates/WebBrowser/BuildProductsPath/Release-iphoneos/XCFrameworkIntermediates/MintegralAdSDK/SplashAd -F/Users/runner/Library/Developer/Xcode/DerivedData/WebBrowser-clqywoufjsuyrtaownclvbrmxizr/Build/Intermediates.noindex/ArchiveIntermediates/WebBrowser/BuildProductsPath/Release-iphoneos/XCFrameworkIntermediates/SmartdigimktSDK -F/Users/runner/Library/Developer/Xcode/DerivedData/WebBrowser-clqywoufjsuyrtaownclvbrmxizr/Build/Intermediates.noindex/ArchiveIntermediates/WebBrowser/BuildProductsPath/Release-iphoneos/XCFrameworkIntermediates/TPNMediationAdxSmartdigimktAdapter -F/Users/runner/Library/Developer/Xcode/DerivedData/WebBrowser-clqywoufjsuyrtaownclvbrmxizr/Build/Intermediates.noindex/ArchiveIntermediates/WebBrowser/BuildProductsPath/Release-iphoneos/XCFrameworkIntermediates/TPNMediationFacebookAdapter -F/Users/runner/Library/Developer/Xcode/DerivedData/WebBrowser-clqywoufjsuyrtaownclvbrmxizr/Build/Intermediates.noindex/ArchiveIntermediates/WebBrowser/BuildProductsPath/Release-iphoneos/XCFrameworkIntermediates/TPNMediationInmobiAdapter -F/Users/runner/Library/Developer/Xcode/DerivedData/WebBrowser-clqywoufjsuyrtaownclvbrmxizr/Build/Intermediates.noindex/ArchiveIntermediates/WebBrowser/BuildProductsPath/Release-iphoneos/XCFrameworkIntermediates/TPNMediationMintegralAdapter -F/Users/runner/Library/Developer/Xcode/DerivedData/WebBrowser-clqywoufjsuyrtaownclvbrmxizr/Build/Intermediates.noindex/ArchiveIntermediates/WebBrowser/BuildProductsPath/Release-iphoneos/XCFrameworkIntermediates/TPNMediationPangleAdapter -F/Users/runner/Library/Developer/Xcode/DerivedData/WebBrowser-clqywoufjsuyrtaownclvbrmxizr/Build/Intermediates.noindex/ArchiveIntermediates/WebBrowser/BuildProductsPath/Release-iphoneos/XCFrameworkIntermediates/TPNiOS/TPNSDK -F/Users/runner/Library/Developer/Xcode/DerivedData/WebBrowser-clqywoufjsuyrtaownclvbrmxizr/Build/Intermediates.noindex/ArchiveIntermediates/WebBrowser/BuildProductsPath/Release-iphoneos/XCFrameworkIntermediates/UMCommon -F/Users/runner/Library/Developer/Xcode/DerivedData/WebBrowser-clqywoufjsuyrtaownclvbrmxizr/Build/Intermediates.noindex/ArchiveIntermediates/WebBrowser/BuildProductsPath/Release-iphoneos/XCFrameworkIntermediates/UMDevice -filelist /Users/runner/Library/Developer/Xcode/DerivedData/WebBrowser-clqywoufjsuyrtaownclvbrmxizr/Build/Intermediates.noindex/ArchiveIntermediates/WebBrowser/IntermediateBuildFilesPath/WebBrowser.build/Release-iphoneos/WebBrowser.build/Objects-normal/arm64/WebBrowser.LinkFileList -Xlinker -rpath -Xlinker /usr/lib/swift -Xlinker -rpath -Xlinker @executable_path/Frameworks -Xlinker -rpath -Xlinker @loader_path/Frameworks -dead_strip -Xlinker -object_path_lto -Xlinker /Users/runner/Library/Developer/Xcode/DerivedData/WebBrowser-clqywoufjsuyrtaownclvbrmxizr/Build/Intermediates.noindex/ArchiveIntermediates/WebBrowser/IntermediateBuildFilesPath/WebBrowser.build/Release-iphoneos/WebBrowser.build/Objects-normal/arm64/WebBrowser_lto.o -Xlinker -final_output -Xlinker /Applications/WebBrowser.app/WebBrowser -Xlinker -dependency_info -Xlinker /Users/runner/Library/Developer/Xcode/DerivedData/WebBrowser-clqywoufjsuyrtaownclvbrmxizr/Build/Intermediates.noindex/ArchiveIntermediates/WebBrowser/IntermediateBuildFilesPath/WebBrowser.build/Release-iphoneos/WebBrowser.build/Objects-normal/arm64/WebBrowser_dependency_info.dat -fobjc-link-runtime -L/Applications/Xcode_26.3.app/Contents/Developer/Toolchains/XcodeDefault.xctoolchain/usr/lib/swift/iphoneos -L/usr/lib/swift -Xlinker -add_ast_path -Xlinker /Users/runner/Library/Developer/Xcode/DerivedData/WebBrowser-clqywoufjsuyrtaownclvbrmxizr/Build/Intermediates.noindex/ArchiveIntermediates/WebBrowser/IntermediateBuildFilesPath/WebBrowser.build/Release-iphoneos/WebBrowser.build/Objects-normal/arm64/WebBrowser.swiftmodule @/Users/runner/Library/Developer/Xcode/DerivedData/WebBrowser-clqywoufjsuyrtaownclvbrmxizr/Build/Intermediates.noindex/ArchiveIntermediates/WebBrowser/IntermediateBuildFilesPath/WebBrowser.build/Release-iphoneos/WebBrowser.build/Objects-normal/arm64/WebBrowser-linker-args.resp -ObjC -lbz2 -lc++ -lc++abi -liconv -lresolv -lsqlite3 -lsqlite3.0 -lxml2 -lz -framework AVFoundation -framework Accelerate -framework AdSupport -framework AnyThinkFacebookAdapter -framework AnyThinkInmobiAdapter -framework AnyThinkMintegralAdapter -framework AnyThinkPangleAdapter -framework AnyThinkSDK -framework AnyThinkSmartdigimktAdapter -framework AppTrackingTransparency -framework ApplePurchaseKit -framework AudioToolbox -framework CoreGraphics -framework CoreImage -framework CoreMedia -framework CoreMotion -framework CoreTelephony -framework FBAudienceNetwork -framework Foundation -framework InMobiSDK -framework JavaScriptCore -framework KeychainAccess -framework MTGSDK -framework MTGSDKBanner -framework MTGSDKBidding -framework MTGSDKInterstitialVideo -framework MTGSDKNativeAdvanced -framework MTGSDKNewInterstitial -framework MTGSDKReward -framework MTGSDKSplash -framework MediaPlayer -framework MobileCoreServices -framework PAGAdSDK -framework QuartzCore -framework SVProgressHUD -framework Security -framework SmartdigimktSDK -framework StoreKit -framework SystemConfiguration -framework TikTokBusinessSDK -framework UIKit -framework UMCommon -framework UMDevice -framework WebKit -weak_framework AdSupport -weak_framework AppTrackingTransparency -weak_framework CFNetwork -weak_framework CoreML -weak_framework CoreMotion -weak_framework CoreTelephony -weak_framework DeviceCheck -weak_framework LocalAuthentication -weak_framework SafariServices -weak_framework SystemConfiguration -weak_framework VideoToolbox -weak_framework WebKit -framework Pods_WebBrowser -Xlinker -no_adhoc_codesign -o /Users/runner/Library/Developer/Xcode/DerivedData/WebBrowser-clqywoufjsuyrtaownclvbrmxizr/Build/Intermediates.noindex/ArchiveIntermediates/WebBrowser/InstallationBuildProductsLocation/Applications/WebBrowser.app/WebBrowser
ld: warning: search path '/var/run/com.apple.security.cryptexd/mnt/com.apple.MobileAsset.MetalToolchain-v17.3.7003.10.78kteD/Metal.xctoolchain/usr/lib/swift/iphoneos' not found

PhaseScriptExecution [CP]\ Embed\ Pods\ Frameworks /Users/runner/Library/Developer/Xcode/DerivedData/WebBrowser-clqywoufjsuyrtaownclvbrmxizr/Build/Intermediates.noindex/ArchiveIntermediates/WebBrowser/IntermediateBuildFilesPath/WebBrowser.build/Release-iphoneos/WebBrowser.build/Script-5DF406A4CF41273C24BDF61B.sh (in target 'WebBrowser' from project 'WebBrowser')
    cd /Users/runner/work/Web_Browser/Web_Browser
    /bin/sh -c /Users/runner/Library/Developer/Xcode/DerivedData/WebBrowser-clqywoufjsuyrtaownclvbrmxizr/Build/Intermediates.noindex/ArchiveIntermediates/WebBrowser/IntermediateBuildFilesPath/WebBrowser.build/Release-iphoneos/WebBrowser.build/Script-5DF406A4CF41273C24BDF61B.sh
mkdir -p /Users/runner/Library/Developer/Xcode/DerivedData/WebBrowser-clqywoufjsuyrtaownclvbrmxizr/Build/Intermediates.noindex/ArchiveIntermediates/WebBrowser/BuildProductsPath/Release-iphoneos/WebBrowser.app/Frameworks
Symlinked...
rsync --delete -av --filter P .*.?????? --links --filter "- CVS/" --filter "- .svn/" --filter "- .git/" --filter "- .hg/" --filter "- Headers" --filter "- PrivateHeaders" --filter "- Modules" "/Users/runner/Library/Developer/Xcode/DerivedData/WebBrowser-clqywoufjsuyrtaownclvbrmxizr/Build/Intermediates.noindex/ArchiveIntermediates/WebBrowser/IntermediateBuildFilesPath/UninstalledProducts/iphoneos/KeychainAccess.framework" "/Users/runner/Library/Developer/Xcode/DerivedData/WebBrowser-clqywoufjsuyrtaownclvbrmxizr/Build/Intermediates.noindex/ArchiveIntermediates/WebBrowser/InstallationBuildProductsLocation/Applications/WebBrowser.app/Frameworks"
Transfer starting: 3 files
KeychainAccess.framework/
KeychainAccess.framework/Info.plist
KeychainAccess.framework/KeychainAccess

sent 323429 bytes  received 70 bytes  24694580 bytes/sec
total size is 322965  speedup is 1.00
Code Signing /Users/runner/Library/Developer/Xcode/DerivedData/WebBrowser-clqywoufjsuyrtaownclvbrmxizr/Build/Intermediates.noindex/ArchiveIntermediates/WebBrowser/InstallationBuildProductsLocation/Applications/WebBrowser.app/Frameworks/KeychainAccess.framework with Identity Apple Distribution: SMJ Jewellery (HK) Limited (NB72MDN3HF)
/usr/bin/codesign --force --sign E229D5EFA993B3426466760DE9E072A2AF034703  --preserve-metadata=identifier,entitlements '/Users/runner/Library/Developer/Xcode/DerivedData/WebBrowser-clqywoufjsuyrtaownclvbrmxizr/Build/Intermediates.noindex/ArchiveIntermediates/WebBrowser/InstallationBuildProductsLocation/Applications/WebBrowser.app/Frameworks/KeychainAccess.framework'
Symlinked...
rsync --delete -av --filter P .*.?????? --links --filter "- CVS/" --filter "- .svn/" --filter "- .git/" --filter "- .hg/" --filter "- Headers" --filter "- PrivateHeaders" --filter "- Modules" "/Users/runner/Library/Developer/Xcode/DerivedData/WebBrowser-clqywoufjsuyrtaownclvbrmxizr/Build/Intermediates.noindex/ArchiveIntermediates/WebBrowser/IntermediateBuildFilesPath/UninstalledProducts/iphoneos/SVProgressHUD.framework" "/Users/runner/Library/Developer/Xcode/DerivedData/WebBrowser-clqywoufjsuyrtaownclvbrmxizr/Build/Intermediates.noindex/ArchiveIntermediates/WebBrowser/InstallationBuildProductsLocation/Applications/WebBrowser.app/Frameworks"
Transfer starting: 17 files
SVProgressHUD.framework/
SVProgressHUD.framework/Info.plist
SVProgressHUD.framework/PrivacyInfo.xcprivacy
SVProgressHUD.framework/SVProgressHUD
SVProgressHUD.framework/SVProgressHUD.bundle/
SVProgressHUD.framework/SVProgressHUD.bundle/angle-mask.png
SVProgressHUD.framework/SVProgressHUD.bundle/angle-mask@2x.png
SVProgressHUD.framework/SVProgressHUD.bundle/angle-mask@3x.png
SVProgressHUD.framework/SVProgressHUD.bundle/error.png
SVProgressHUD.framework/SVProgressHUD.bundle/error@2x.png
SVProgressHUD.framework/SVProgressHUD.bundle/error@3x.png
SVProgressHUD.framework/SVProgressHUD.bundle/info.png
SVProgressHUD.framework/SVProgressHUD.bundle/info@2x.png
SVProgressHUD.framework/SVProgressHUD.bundle/info@3x.png
SVProgressHUD.framework/SVProgressHUD.bundle/success.png
SVProgressHUD.framework/SVProgressHUD.bundle/success@2x.png
SVProgressHUD.framework/SVProgressHUD.bundle/success@3x.png

sent 199405 bytes  received 362 bytes  13229602 bytes/sec
total size is 197228  speedup is 0.99
Code Signing /Users/runner/Library/Developer/Xcode/DerivedData/WebBrowser-clqywoufjsuyrtaownclvbrmxizr/Build/Intermediates.noindex/ArchiveIntermediates/WebBrowser/InstallationBuildProductsLocation/Applications/WebBrowser.app/Frameworks/SVProgressHUD.framework with Identity Apple Distribution: SMJ Jewellery (HK) Limited (NB72MDN3HF)
/usr/bin/codesign --force --sign E229D5EFA993B3426466760DE9E072A2AF034703  --preserve-metadata=identifier,entitlements '/Users/runner/Library/Developer/Xcode/DerivedData/WebBrowser-clqywoufjsuyrtaownclvbrmxizr/Build/Intermediates.noindex/ArchiveIntermediates/WebBrowser/InstallationBuildProductsLocation/Applications/WebBrowser.app/Frameworks/SVProgressHUD.framework'
rsync --delete -av --filter P .*.?????? --links --filter "- CVS/" --filter "- .svn/" --filter "- .git/" --filter "- .hg/" --filter "- Headers" --filter "- PrivateHeaders" --filter "- Modules" "/Users/runner/Library/Developer/Xcode/DerivedData/WebBrowser-clqywoufjsuyrtaownclvbrmxizr/Build/Intermediates.noindex/ArchiveIntermediates/WebBrowser/BuildProductsPath/Release-iphoneos/XCFrameworkIntermediates/FBAudienceNetwork/FBAudienceNetwork.framework" "/Users/runner/Library/Developer/Xcode/DerivedData/WebBrowser-clqywoufjsuyrtaownclvbrmxizr/Build/Intermediates.noindex/ArchiveIntermediates/WebBrowser/InstallationBuildProductsLocation/Applications/WebBrowser.app/Frameworks"
Transfer starting: 7 files
FBAudienceNetwork.framework/
FBAudienceNetwork.framework/FBAudienceNetwork
FBAudienceNetwork.framework/Info.plist
FBAudienceNetwork.framework/PkgInfo
FBAudienceNetwork.framework/PrivacyInfo.xcprivacy
FBAudienceNetwork.framework/_CodeSignature/
FBAudienceNetwork.framework/_CodeSignature/CodeResources

sent 7010724 bytes  received 142 bytes  75304683 bytes/sec
total size is 7009006  speedup is 1.00
Code Signing /Users/runner/Library/Developer/Xcode/DerivedData/WebBrowser-clqywoufjsuyrtaownclvbrmxizr/Build/Intermediates.noindex/ArchiveIntermediates/WebBrowser/InstallationBuildProductsLocation/Applications/WebBrowser.app/Frameworks/FBAudienceNetwork.framework with Identity Apple Distribution: SMJ Jewellery (HK) Limited (NB72MDN3HF)
/usr/bin/codesign --force --sign E229D5EFA993B3426466760DE9E072A2AF034703  --preserve-metadata=identifier,entitlements '/Users/runner/Library/Developer/Xcode/DerivedData/WebBrowser-clqywoufjsuyrtaownclvbrmxizr/Build/Intermediates.noindex/ArchiveIntermediates/WebBrowser/InstallationBuildProductsLocation/Applications/WebBrowser.app/Frameworks/FBAudienceNetwork.framework'
/Users/runner/Library/Developer/Xcode/DerivedData/WebBrowser-clqywoufjsuyrtaownclvbrmxizr/Build/Intermediates.noindex/ArchiveIntermediates/WebBrowser/InstallationBuildProductsLocation/Applications/WebBrowser.app/Frameworks/FBAudienceNetwork.framework: replacing existing signature
rsync --delete -av --filter P .*.?????? --links --filter "- CVS/" --filter "- .svn/" --filter "- .git/" --filter "- .hg/" --filter "- Headers" --filter "- PrivateHeaders" --filter "- Modules" "/Users/runner/Library/Developer/Xcode/DerivedData/WebBrowser-clqywoufjsuyrtaownclvbrmxizr/Build/Intermediates.noindex/ArchiveIntermediates/WebBrowser/BuildProductsPath/Release-iphoneos/XCFrameworkIntermediates/InMobiSDK/InMobiSDK.framework" "/Users/runner/Library/Developer/Xcode/DerivedData/WebBrowser-clqywoufjsuyrtaownclvbrmxizr/Build/Intermediates.noindex/ArchiveIntermediates/WebBrowser/InstallationBuildProductsLocation/Applications/WebBrowser.app/Frameworks"
Transfer starting: 7 files
InMobiSDK.framework/
InMobiSDK.framework/InMobiSDK
InMobiSDK.framework/Info.plist
InMobiSDK.framework/PrivacyInfo.xcprivacy
InMobiSDK.framework/im_mute.png
InMobiSDK.framework/im_play.png
InMobiSDK.framework/im_unmute.png

sent 6306899 bytes  received 158 bytes  70000632 bytes/sec
total size is 6305303  speedup is 1.00
Code Signing /Users/runner/Library/Developer/Xcode/DerivedData/WebBrowser-clqywoufjsuyrtaownclvbrmxizr/Build/Intermediates.noindex/ArchiveIntermediates/WebBrowser/InstallationBuildProductsLocation/Applications/WebBrowser.app/Frameworks/InMobiSDK.framework with Identity Apple Distribution: SMJ Jewellery (HK) Limited (NB72MDN3HF)
/usr/bin/codesign --force --sign E229D5EFA993B3426466760DE9E072A2AF034703  --preserve-metadata=identifier,entitlements '/Users/runner/Library/Developer/Xcode/DerivedData/WebBrowser-clqywoufjsuyrtaownclvbrmxizr/Build/Intermediates.noindex/ArchiveIntermediates/WebBrowser/InstallationBuildProductsLocation/Applications/WebBrowser.app/Frameworks/InMobiSDK.framework'
rsync --delete -av --filter P .*.?????? --links --filter "- CVS/" --filter "- .svn/" --filter "- .git/" --filter "- .hg/" --filter "- Headers" --filter "- PrivateHeaders" --filter "- Modules" "/Users/runner/Library/Developer/Xcode/DerivedData/WebBrowser-clqywoufjsuyrtaownclvbrmxizr/Build/Intermediates.noindex/ArchiveIntermediates/WebBrowser/BuildProductsPath/Release-iphoneos/XCFrameworkIntermediates/SmartdigimktSDK/SmartdigimktSDK.framework" "/Users/runner/Library/Developer/Xcode/DerivedData/WebBrowser-clqywoufjsuyrtaownclvbrmxizr/Build/Intermediates.noindex/ArchiveIntermediates/WebBrowser/InstallationBuildProductsLocation/Applications/WebBrowser.app/Frameworks"
Transfer starting: 4 files
SmartdigimktSDK.framework/
SmartdigimktSDK.framework/Info.plist
SmartdigimktSDK.framework/PrivacyInfo.xcprivacy
SmartdigimktSDK.framework/SmartdigimktSDK

sent 6307698 bytes  received 92 bytes  38205875 bytes/sec
total size is 6306380  speedup is 1.00
Code Signing /Users/runner/Library/Developer/Xcode/DerivedData/WebBrowser-clqywoufjsuyrtaownclvbrmxizr/Build/Intermediates.noindex/ArchiveIntermediates/WebBrowser/InstallationBuildProductsLocation/Applications/WebBrowser.app/Frameworks/SmartdigimktSDK.framework with Identity Apple Distribution: SMJ Jewellery (HK) Limited (NB72MDN3HF)
/usr/bin/codesign --force --sign E229D5EFA993B3426466760DE9E072A2AF034703  --preserve-metadata=identifier,entitlements '/Users/runner/Library/Developer/Xcode/DerivedData/WebBrowser-clqywoufjsuyrtaownclvbrmxizr/Build/Intermediates.noindex/ArchiveIntermediates/WebBrowser/InstallationBuildProductsLocation/Applications/WebBrowser.app/Frameworks/SmartdigimktSDK.framework'
rsync --delete -av --filter P .*.?????? --links --filter "- CVS/" --filter "- .svn/" --filter "- .git/" --filter "- .hg/" --filter "- Headers" --filter "- PrivateHeaders" --filter "- Modules" "/Users/runner/Library/Developer/Xcode/DerivedData/WebBrowser-clqywoufjsuyrtaownclvbrmxizr/Build/Intermediates.noindex/ArchiveIntermediates/WebBrowser/BuildProductsPath/Release-iphoneos/XCFrameworkIntermediates/TPNiOS/TPNSDK/AnyThinkSDK.framework" "/Users/runner/Library/Developer/Xcode/DerivedData/WebBrowser-clqywoufjsuyrtaownclvbrmxizr/Build/Intermediates.noindex/ArchiveIntermediates/WebBrowser/InstallationBuildProductsLocation/Applications/WebBrowser.app/Frameworks"
Transfer starting: 4 files
AnyThinkSDK.framework/
AnyThinkSDK.framework/AnyThinkSDK
AnyThinkSDK.framework/Info.plist
AnyThinkSDK.framework/PrivacyInfo.xcprivacy

sent 3529242 bytes  received 92 bytes  80030249 bytes/sec
total size is 3528284  speedup is 1.00
Code Signing /Users/runner/Library/Developer/Xcode/DerivedData/WebBrowser-clqywoufjsuyrtaownclvbrmxizr/Build/Intermediates.noindex/ArchiveIntermediates/WebBrowser/InstallationBuildProductsLocation/Applications/WebBrowser.app/Frameworks/AnyThinkSDK.framework with Identity Apple Distribution: SMJ Jewellery (HK) Limited (NB72MDN3HF)
/usr/bin/codesign --force --sign E229D5EFA993B3426466760DE9E072A2AF034703  --preserve-metadata=identifier,entitlements '/Users/runner/Library/Developer/Xcode/DerivedData/WebBrowser-clqywoufjsuyrtaownclvbrmxizr/Build/Intermediates.noindex/ArchiveIntermediates/WebBrowser/InstallationBuildProductsLocation/Applications/WebBrowser.app/Frameworks/AnyThinkSDK.framework'

GenerateDSYMFile /Users/runner/Library/Developer/Xcode/DerivedData/WebBrowser-clqywoufjsuyrtaownclvbrmxizr/Build/Intermediates.noindex/ArchiveIntermediates/WebBrowser/BuildProductsPath/Release-iphoneos/WebBrowser.app.dSYM /Users/runner/Library/Developer/Xcode/DerivedData/WebBrowser-clqywoufjsuyrtaownclvbrmxizr/Build/Intermediates.noindex/ArchiveIntermediates/WebBrowser/InstallationBuildProductsLocation/Applications/WebBrowser.app/WebBrowser (in target 'WebBrowser' from project 'WebBrowser')
    cd /Users/runner/work/Web_Browser/Web_Browser
    /Applications/Xcode_26.3.app/Contents/Developer/Toolchains/XcodeDefault.xctoolchain/usr/bin/dsymutil /Users/runner/Library/Developer/Xcode/DerivedData/WebBrowser-clqywoufjsuyrtaownclvbrmxizr/Build/Intermediates.noindex/ArchiveIntermediates/WebBrowser/InstallationBuildProductsLocation/Applications/WebBrowser.app/WebBrowser -o /Users/runner/Library/Developer/Xcode/DerivedData/WebBrowser-clqywoufjsuyrtaownclvbrmxizr/Build/Intermediates.noindex/ArchiveIntermediates/WebBrowser/BuildProductsPath/Release-iphoneos/WebBrowser.app.dSYM
warning: /Users/developertopon/Code/TopOn_SDK_Release/iOS/topon_sdk_ios_newcore/topon_ios_sdk_newcore/AnyThink/AnyThinkAdapter/AnyThinkFacebookAdapter/DerivedData/Build/Intermediates.noindex/ExplicitPrecompiledModules/AnyThinkSDK-CG6XWP7FMD9FUPPLYZWWMUM3M.pcm: No such file or directory
note: while processing /Users/developertopon/Code/TopOn_SDK_Release/iOS/topon_sdk_ios_newcore/topon_ios_sdk_newcore/AnyThink/AnyThinkAdapter/AnyThinkFacebookAdapter/DerivedData/Build/Intermediates.noindex/ExplicitPrecompiledModules/AnyThinkSDK-CG6XWP7FMD9FUPPLYZWWMUM3M.pcm
note: Linking a static library that was built with -gmodules, but the module cache was not found.  Redistributable static libraries should never be built with module debugging enabled.  The debug experience will be degraded due to incomplete debug information.
warning: /Users/developertopon/Code/TopOn_SDK_Release/iOS/topon_sdk_ios_newcore/topon_ios_sdk_newcore/AnyThink/AnyThinkAdapter/AnyThinkFacebookAdapter/DerivedData/Build/Intermediates.noindex/ExplicitPrecompiledModules/FBAudienceNetwork-ESSCC1WKJU4FO2TSXRSMHQNVL.pcm: No such file or directory
note: while processing /Users/developertopon/Code/TopOn_SDK_Release/iOS/topon_sdk_ios_newcore/topon_ios_sdk_newcore/AnyThink/AnyThinkAdapter/AnyThinkFacebookAdapter/DerivedData/Build/Intermediates.noindex/ExplicitPrecompiledModules/FBAudienceNetwork-ESSCC1WKJU4FO2TSXRSMHQNVL.pcm
warning: /Users/developertopon/Code/TopOn_SDK_Release/iOS/topon_sdk_ios_newcore/topon_ios_sdk_newcore/AnyThink/AnyThinkAdapter/AnyThinkFacebookAdapter/DerivedData/Build/Intermediates.noindex/ExplicitPrecompiledModules/Foundation-AL1MJ1UXI3MW1OTK6ZI2T6TKD.pcm: No such file or directory
note: while processing /Users/developertopon/Code/TopOn_SDK_Release/iOS/topon_sdk_ios_newcore/topon_ios_sdk_newcore/AnyThink/AnyThinkAdapter/AnyThinkFacebookAdapter/DerivedData/Build/Intermediates.noindex/ExplicitPrecompiledModules/Foundation-AL1MJ1UXI3MW1OTK6ZI2T6TKD.pcm
warning: /Users/developertopon/Code/TopOn_SDK_Release/iOS/topon_sdk_ios_newcore/topon_ios_sdk_newcore/AnyThink/AnyThinkAdapter/AnyThinkFacebookAdapter/DerivedData/Build/Intermediates.noindex/ExplicitPrecompiledModules/ObjectiveC-18A5PWCJ6CDW1KLA93IWMTUJE.pcm: No such file or directory
note: while processing /Users/developertopon/Code/TopOn_SDK_Release/iOS/topon_sdk_ios_newcore/topon_ios_sdk_newcore/AnyThink/AnyThinkAdapter/AnyThinkFacebookAdapter/DerivedData/Build/Intermediates.noindex/ExplicitPrecompiledModules/ObjectiveC-18A5PWCJ6CDW1KLA93IWMTUJE.pcm
warning: /Users/developertopon/Code/TopOn_SDK_Release/iOS/topon_sdk_ios_newcore/topon_ios_sdk_newcore/AnyThink/AnyThinkAdapter/AnyThinkFacebookAdapter/DerivedData/Build/Intermediates.noindex/ExplicitPrecompiledModules/Dispatch-6P8AKEZ7A2SUNW0J47DTOG1G0.pcm: No such file or directory
note: while processing /Users/developertopon/Code/TopOn_SDK_Release/iOS/topon_sdk_ios_newcore/topon_ios_sdk_newcore/AnyThink/AnyThinkAdapter/AnyThinkFacebookAdapter/DerivedData/Build/Intermediates.noindex/ExplicitPrecompiledModules/Dispatch-6P8AKEZ7A2SUNW0J47DTOG1G0.pcm
warning: /Users/developertopon/Code/TopOn_SDK_Release/iOS/topon_sdk_ios_newcore/topon_ios_sdk_newcore/AnyThink/AnyThinkAdapter/AnyThinkFacebookAdapter/DerivedData/Build/Intermediates.noindex/ExplicitPrecompiledModules/CoreFoundation-9IMQH720EHY9G7DX7K1CQRNUD.pcm: No such file or directory
note: while processing /Users/developertopon/Code/TopOn_SDK_Release/iOS/topon_sdk_ios_newcore/topon_ios_sdk_newcore/AnyThink/AnyThinkAdapter/AnyThinkFacebookAdapter/DerivedData/Build/Intermediates.noindex/ExplicitPrecompiledModules/CoreFoundation-9IMQH720EHY9G7DX7K1CQRNUD.pcm
warning: /Users/developertopon/Code/TopOn_SDK_Release/iOS/topon_sdk_ios_newcore/topon_ios_sdk_newcore/AnyThink/AnyThinkAdapter/AnyThinkFacebookAdapter/DerivedData/Build/Intermediates.noindex/ExplicitPrecompiledModules/CoreGraphics-DH3KOIMXIT5PHUCD0706VI8UP.pcm: No such file or directory
note: while processing /Users/developertopon/Code/TopOn_SDK_Release/iOS/topon_sdk_ios_newcore/topon_ios_sdk_newcore/AnyThink/AnyThinkAdapter/AnyThinkFacebookAdapter/DerivedData/Build/Intermediates.noindex/ExplicitPrecompiledModules/CoreGraphics-DH3KOIMXIT5PHUCD0706VI8UP.pcm
warning: /Users/developertopon/Code/TopOn_SDK_Release/iOS/topon_sdk_ios_newcore/topon_ios_sdk_newcore/AnyThink/AnyThinkAdapter/AnyThinkFacebookAdapter/DerivedData/Build/Intermediates.noindex/ExplicitPrecompiledModules/UIKit-AXQ85WIOIA97RIWYQA84BL0UA.pcm: No such file or directory
note: while processing /Users/developertopon/Code/TopOn_SDK_Release/iOS/topon_sdk_ios_newcore/topon_ios_sdk_newcore/AnyThink/AnyThinkAdapter/AnyThinkFacebookAdapter/DerivedData/Build/Intermediates.noindex/ExplicitPrecompiledModules/UIKit-AXQ85WIOIA97RIWYQA84BL0UA.pcm
warning: /Users/developertopon/Code/TopOn_SDK_Release/iOS/topon_sdk_ios_newcore/topon_ios_sdk_newcore/AnyThink/AnyThinkAdapter/AnyThinkInmobiAdapter/DerivedData/Build/Intermediates.noindex/ExplicitPrecompiledModules/AnyThinkSDK-C7ED4VT3PR96KI0L8T1WD4LAR.pcm: No such file or directory
note: while processing /Users/developertopon/Code/TopOn_SDK_Release/iOS/topon_sdk_ios_newcore/topon_ios_sdk_newcore/AnyThink/AnyThinkAdapter/AnyThinkInmobiAdapter/DerivedData/Build/Intermediates.noindex/ExplicitPrecompiledModules/AnyThinkSDK-C7ED4VT3PR96KI0L8T1WD4LAR.pcm
warning: /Users/developertopon/Code/TopOn_SDK_Release/iOS/topon_sdk_ios_newcore/topon_ios_sdk_newcore/AnyThink/AnyThinkAdapter/AnyThinkInmobiAdapter/DerivedData/Build/Intermediates.noindex/ExplicitPrecompiledModules/Foundation-14KCXO88Q9FW9OSPLCJX2YHAU.pcm: No such file or directory
note: while processing /Users/developertopon/Code/TopOn_SDK_Release/iOS/topon_sdk_ios_newcore/topon_ios_sdk_newcore/AnyThink/AnyThinkAdapter/AnyThinkInmobiAdapter/DerivedData/Build/Intermediates.noindex/ExplicitPrecompiledModules/Foundation-14KCXO88Q9FW9OSPLCJX2YHAU.pcm
warning: /Users/developertopon/Code/TopOn_SDK_Release/iOS/topon_sdk_ios_newcore/topon_ios_sdk_newcore/AnyThink/AnyThinkAdapter/AnyThinkInmobiAdapter/DerivedData/Build/Intermediates.noindex/ExplicitPrecompiledModules/InMobiSDK-7J0QIU4A276JK3NM4IMISY27I.pcm: No such file or directory
note: while processing /Users/developertopon/Code/TopOn_SDK_Release/iOS/topon_sdk_ios_newcore/topon_ios_sdk_newcore/AnyThink/AnyThinkAdapter/AnyThinkInmobiAdapter/DerivedData/Build/Intermediates.noindex/ExplicitPrecompiledModules/InMobiSDK-7J0QIU4A276JK3NM4IMISY27I.pcm
warning: /Users/developertopon/Code/TopOn_SDK_Release/iOS/topon_sdk_ios_newcore/topon_ios_sdk_newcore/AnyThink/AnyThinkAdapter/AnyThinkInmobiAdapter/DerivedData/Build/Intermediates.noindex/ExplicitPrecompiledModules/ObjectiveC-77GGASF589PCEO01ZJTOJ5K52.pcm: No such file or directory
note: while processing /Users/developertopon/Code/TopOn_SDK_Release/iOS/topon_sdk_ios_newcore/topon_ios_sdk_newcore/AnyThink/AnyThinkAdapter/AnyThinkInmobiAdapter/DerivedData/Build/Intermediates.noindex/ExplicitPrecompiledModules/ObjectiveC-77GGASF589PCEO01ZJTOJ5K52.pcm
warning: /Users/developertopon/Code/TopOn_SDK_Release/iOS/topon_sdk_ios_newcore/topon_ios_sdk_newcore/AnyThink/AnyThinkAdapter/AnyThinkInmobiAdapter/DerivedData/Build/Intermediates.noindex/ExplicitPrecompiledModules/Dispatch-6DNVP0I22VXEOK9UK21THQ5T7.pcm: No such file or directory
note: while processing /Users/developertopon/Code/TopOn_SDK_Release/iOS/topon_sdk_ios_newcore/topon_ios_sdk_newcore/AnyThink/AnyThinkAdapter/AnyThinkInmobiAdapter/DerivedData/Build/Intermediates.noindex/ExplicitPrecompiledModules/Dispatch-6DNVP0I22VXEOK9UK21THQ5T7.pcm
warning: /Users/developertopon/Code/TopOn_SDK_Release/iOS/topon_sdk_ios_newcore/topon_ios_sdk_newcore/AnyThink/AnyThinkAdapter/AnyThinkInmobiAdapter/DerivedData/Build/Intermediates.noindex/ExplicitPrecompiledModules/CoreFoundation-478ZROVOZXGS81G7A100DHTNF.pcm: No such file or directory
note: while processing /Users/developertopon/Code/TopOn_SDK_Release/iOS/topon_sdk_ios_newcore/topon_ios_sdk_newcore/AnyThink/AnyThinkAdapter/AnyThinkInmobiAdapter/DerivedData/Build/Intermediates.noindex/ExplicitPrecompiledModules/CoreFoundation-478ZROVOZXGS81G7A100DHTNF.pcm
warning: /Users/developertopon/Code/TopOn_SDK_Release/iOS/topon_sdk_ios_newcore/topon_ios_sdk_newcore/AnyThink/AnyThinkAdapter/AnyThinkInmobiAdapter/DerivedData/Build/Intermediates.noindex/ExplicitPrecompiledModules/CoreGraphics-607BLL5P4IF2QHGYQOSFNJR9Q.pcm: No such file or directory
note: while processing /Users/developertopon/Code/TopOn_SDK_Release/iOS/topon_sdk_ios_newcore/topon_ios_sdk_newcore/AnyThink/AnyThinkAdapter/AnyThinkInmobiAdapter/DerivedData/Build/Intermediates.noindex/ExplicitPrecompiledModules/CoreGraphics-607BLL5P4IF2QHGYQOSFNJR9Q.pcm
warning: /Users/developertopon/Code/TopOn_SDK_Release/iOS/topon_sdk_ios_newcore/topon_ios_sdk_newcore/AnyThink/AnyThinkAdapter/AnyThinkInmobiAdapter/DerivedData/Build/Intermediates.noindex/ExplicitPrecompiledModules/UIKit-DTULHVVU89RC5NLKFMS0K9V4J.pcm: No such file or directory
note: while processing /Users/developertopon/Code/TopOn_SDK_Release/iOS/topon_sdk_ios_newcore/topon_ios_sdk_newcore/AnyThink/AnyThinkAdapter/AnyThinkInmobiAdapter/DerivedData/Build/Intermediates.noindex/ExplicitPrecompiledModules/UIKit-DTULHVVU89RC5NLKFMS0K9V4J.pcm
warning: /Users/developertopon/Code/TopOn_SDK_Release/iOS/topon_sdk_ios_newcore/topon_ios_sdk_newcore/AnyThink/AnyThinkAdapter/AnyThinkMintegralAdapter/DerivedData/Build/Intermediates.noindex/ExplicitPrecompiledModules/AnyThinkSDK-AVOFJO5K4EGLLZ2XJX4YITT5L.pcm: No such file or directory
note: while processing /Users/developertopon/Code/TopOn_SDK_Release/iOS/topon_sdk_ios_newcore/topon_ios_sdk_newcore/AnyThink/AnyThinkAdapter/AnyThinkMintegralAdapter/DerivedData/Build/Intermediates.noindex/ExplicitPrecompiledModules/AnyThinkSDK-AVOFJO5K4EGLLZ2XJX4YITT5L.pcm
warning: /Users/developertopon/Code/TopOn_SDK_Release/iOS/topon_sdk_ios_newcore/topon_ios_sdk_newcore/AnyThink/AnyThinkAdapter/AnyThinkMintegralAdapter/DerivedData/Build/Intermediates.noindex/ExplicitPrecompiledModules/Foundation-EZIIHKSWFAABFBIL9S3MA4QCI.pcm: No such file or directory
note: while processing /Users/developertopon/Code/TopOn_SDK_Release/iOS/topon_sdk_ios_newcore/topon_ios_sdk_newcore/AnyThink/AnyThinkAdapter/AnyThinkMintegralAdapter/DerivedData/Build/Intermediates.noindex/ExplicitPrecompiledModules/Foundation-EZIIHKSWFAABFBIL9S3MA4QCI.pcm
warning: /Users/developertopon/Code/TopOn_SDK_Release/iOS/topon_sdk_ios_newcore/topon_ios_sdk_newcore/AnyThink/AnyThinkAdapter/AnyThinkMintegralAdapter/DerivedData/Build/Intermediates.noindex/ExplicitPrecompiledModules/MTGSDKBanner-6XWLQEM64DSFNTG75CR9UMAPC.pcm: No such file or directory
note: while processing /Users/developertopon/Code/TopOn_SDK_Release/iOS/topon_sdk_ios_newcore/topon_ios_sdk_newcore/AnyThink/AnyThinkAdapter/AnyThinkMintegralAdapter/DerivedData/Build/Intermediates.noindex/ExplicitPrecompiledModules/MTGSDKBanner-6XWLQEM64DSFNTG75CR9UMAPC.pcm
warning: /Users/developertopon/Code/TopOn_SDK_Release/iOS/topon_sdk_ios_newcore/topon_ios_sdk_newcore/AnyThink/AnyThinkAdapter/AnyThinkMintegralAdapter/DerivedData/Build/Intermediates.noindex/ExplicitPrecompiledModules/MTGSDKBidding-64KXT8R56JIFI8DY046VRB561.pcm: No such file or directory
note: while processing /Users/developertopon/Code/TopOn_SDK_Release/iOS/topon_sdk_ios_newcore/topon_ios_sdk_newcore/AnyThink/AnyThinkAdapter/AnyThinkMintegralAdapter/DerivedData/Build/Intermediates.noindex/ExplicitPrecompiledModules/MTGSDKBidding-64KXT8R56JIFI8DY046VRB561.pcm
warning: /Users/developertopon/Code/TopOn_SDK_Release/iOS/topon_sdk_ios_newcore/topon_ios_sdk_newcore/AnyThink/AnyThinkAdapter/AnyThinkMintegralAdapter/DerivedData/Build/Intermediates.noindex/ExplicitPrecompiledModules/MTGSDK-BIM86K22JR1XP20XTC3V61OH2.pcm: No such file or directory
note: while processing /Users/developertopon/Code/TopOn_SDK_Release/iOS/topon_sdk_ios_newcore/topon_ios_sdk_newcore/AnyThink/AnyThinkAdapter/AnyThinkMintegralAdapter/DerivedData/Build/Intermediates.noindex/ExplicitPrecompiledModules/MTGSDK-BIM86K22JR1XP20XTC3V61OH2.pcm
warning: /Users/developertopon/Code/TopOn_SDK_Release/iOS/topon_sdk_ios_newcore/topon_ios_sdk_newcore/AnyThink/AnyThinkAdapter/AnyThinkMintegralAdapter/DerivedData/Build/Intermediates.noindex/ExplicitPrecompiledModules/ObjectiveC-80XGAIM0WNLUWENDZ2VR6DX6W.pcm: No such file or directory
note: while processing /Users/developertopon/Code/TopOn_SDK_Release/iOS/topon_sdk_ios_newcore/topon_ios_sdk_newcore/AnyThink/AnyThinkAdapter/AnyThinkMintegralAdapter/DerivedData/Build/Intermediates.noindex/ExplicitPrecompiledModules/ObjectiveC-80XGAIM0WNLUWENDZ2VR6DX6W.pcm
warning: /Users/developertopon/Code/TopOn_SDK_Release/iOS/topon_sdk_ios_newcore/topon_ios_sdk_newcore/AnyThink/AnyThinkAdapter/AnyThinkMintegralAdapter/DerivedData/Build/Intermediates.noindex/ExplicitPrecompiledModules/UIKit-8LMVM6HCP9R549AF08VX1XQE7.pcm: No such file or directory
note: while processing /Users/developertopon/Code/TopOn_SDK_Release/iOS/topon_sdk_ios_newcore/topon_ios_sdk_newcore/AnyThink/AnyThinkAdapter/AnyThinkMintegralAdapter/DerivedData/Build/Intermediates.noindex/ExplicitPrecompiledModules/UIKit-8LMVM6HCP9R549AF08VX1XQE7.pcm
warning: /Users/developertopon/Code/TopOn_SDK_Release/iOS/topon_sdk_ios_newcore/topon_ios_sdk_newcore/AnyThink/AnyThinkAdapter/AnyThinkMintegralAdapter/DerivedData/Build/Intermediates.noindex/ExplicitPrecompiledModules/CoreFoundation-4GGO91Y45BHK5JRNB1T60EKDC.pcm: No such file or directory
note: while processing /Users/developertopon/Code/TopOn_SDK_Release/iOS/topon_sdk_ios_newcore/topon_ios_sdk_newcore/AnyThink/AnyThinkAdapter/AnyThinkMintegralAdapter/DerivedData/Build/Intermediates.noindex/ExplicitPrecompiledModules/CoreFoundation-4GGO91Y45BHK5JRNB1T60EKDC.pcm
warning: /Users/developertopon/Code/TopOn_SDK_Release/iOS/topon_sdk_ios_newcore/topon_ios_sdk_newcore/AnyThink/AnyThinkAdapter/AnyThinkMintegralAdapter/DerivedData/Build/Intermediates.noindex/ExplicitPrecompiledModules/Dispatch-6N3RR99NLUKNNDWGPY8WYH9G3.pcm: No such file or directory
note: while processing /Users/developertopon/Code/TopOn_SDK_Release/iOS/topon_sdk_ios_newcore/topon_ios_sdk_newcore/AnyThink/AnyThinkAdapter/AnyThinkMintegralAdapter/DerivedData/Build/Intermediates.noindex/ExplicitPrecompiledModules/Dispatch-6N3RR99NLUKNNDWGPY8WYH9G3.pcm
warning: /Users/developertopon/Code/TopOn_SDK_Release/iOS/topon_sdk_ios_newcore/topon_ios_sdk_newcore/AnyThink/AnyThinkAdapter/AnyThinkMintegralAdapter/DerivedData/Build/Intermediates.noindex/ExplicitPrecompiledModules/CoreGraphics-7M9HFFCCPJCLCW638GOGAL4V9.pcm: No such file or directory
note: while processing /Users/developertopon/Code/TopOn_SDK_Release/iOS/topon_sdk_ios_newcore/topon_ios_sdk_newcore/AnyThink/AnyThinkAdapter/AnyThinkMintegralAdapter/DerivedData/Build/Intermediates.noindex/ExplicitPrecompiledModules/CoreGraphics-7M9HFFCCPJCLCW638GOGAL4V9.pcm
warning: /Users/developertopon/Code/TopOn_SDK_Release/iOS/topon_sdk_ios_newcore/topon_ios_sdk_newcore/AnyThink/AnyThinkAdapter/AnyThinkMintegralAdapter/DerivedData/Build/Intermediates.noindex/ExplicitPrecompiledModules/MTGSDKNewInterstitial-69CRBQE217X8ATN9UX1LGRF7D.pcm: No such file or directory
note: while processing /Users/developertopon/Code/TopOn_SDK_Release/iOS/topon_sdk_ios_newcore/topon_ios_sdk_newcore/AnyThink/AnyThinkAdapter/AnyThinkMintegralAdapter/DerivedData/Build/Intermediates.noindex/ExplicitPrecompiledModules/MTGSDKNewInterstitial-69CRBQE217X8ATN9UX1LGRF7D.pcm
warning: /Users/developertopon/Code/TopOn_SDK_Release/iOS/topon_sdk_ios_newcore/topon_ios_sdk_newcore/AnyThink/AnyThinkAdapter/AnyThinkMintegralAdapter/DerivedData/Build/Intermediates.noindex/ExplicitPrecompiledModules/MTGSDKInterstitialVideo-2BNIP0FTGIEQ6CY0BK6722016.pcm: No such file or directory
note: while processing /Users/developertopon/Code/TopOn_SDK_Release/iOS/topon_sdk_ios_newcore/topon_ios_sdk_newcore/AnyThink/AnyThinkAdapter/AnyThinkMintegralAdapter/DerivedData/Build/Intermediates.noindex/ExplicitPrecompiledModules/MTGSDKInterstitialVideo-2BNIP0FTGIEQ6CY0BK6722016.pcm
warning: /Users/developertopon/Code/TopOn_SDK_Release/iOS/topon_sdk_ios_newcore/topon_ios_sdk_newcore/AnyThink/AnyThinkAdapter/AnyThinkMintegralAdapter/DerivedData/Build/Intermediates.noindex/ExplicitPrecompiledModules/MTGSDKNativeAdvanced-5CYZBG1YE67PFNZWO29E1LMHM.pcm: No such file or directory
note: while processing /Users/developertopon/Code/TopOn_SDK_Release/iOS/topon_sdk_ios_newcore/topon_ios_sdk_newcore/AnyThink/AnyThinkAdapter/AnyThinkMintegralAdapter/DerivedData/Build/Intermediates.noindex/ExplicitPrecompiledModules/MTGSDKNativeAdvanced-5CYZBG1YE67PFNZWO29E1LMHM.pcm
warning: /Users/developertopon/Code/TopOn_SDK_Release/iOS/topon_sdk_ios_newcore/topon_ios_sdk_newcore/AnyThink/AnyThinkAdapter/AnyThinkMintegralAdapter/DerivedData/Build/Intermediates.noindex/ExplicitPrecompiledModules/MTGSDKReward-134KWM33VKA4QXGKC3J6MYK0I.pcm: No such file or directory
note: while processing /Users/developertopon/Code/TopOn_SDK_Release/iOS/topon_sdk_ios_newcore/topon_ios_sdk_newcore/AnyThink/AnyThinkAdapter/AnyThinkMintegralAdapter/DerivedData/Build/Intermediates.noindex/ExplicitPrecompiledModules/MTGSDKReward-134KWM33VKA4QXGKC3J6MYK0I.pcm
warning: /Users/developertopon/Code/TopOn_SDK_Release/iOS/topon_sdk_ios_newcore/topon_ios_sdk_newcore/AnyThink/AnyThinkAdapter/AnyThinkMintegralAdapter/DerivedData/Build/Intermediates.noindex/ExplicitPrecompiledModules/MTGSDKSplash-2C1TH4Q5YQ6HH7QWFX1QZL2GQ.pcm: No such file or directory
note: while processing /Users/developertopon/Code/TopOn_SDK_Release/iOS/topon_sdk_ios_newcore/topon_ios_sdk_newcore/AnyThink/AnyThinkAdapter/AnyThinkMintegralAdapter/DerivedData/Build/Intermediates.noindex/ExplicitPrecompiledModules/MTGSDKSplash-2C1TH4Q5YQ6HH7QWFX1QZL2GQ.pcm
warning: /Users/developertopon/Code/TopOn_SDK_Release/iOS/topon_sdk_ios_newcore/topon_ios_sdk_newcore/AnyThink/AnyThinkAdapter/AnyThinkPangleAdapter/DerivedData/Build/Intermediates.noindex/ExplicitPrecompiledModules/AnyThinkSDK-9POU84Y7CZ694Z0XWFCYGHDX0.pcm: No such file or directory
note: while processing /Users/developertopon/Code/TopOn_SDK_Release/iOS/topon_sdk_ios_newcore/topon_ios_sdk_newcore/AnyThink/AnyThinkAdapter/AnyThinkPangleAdapter/DerivedData/Build/Intermediates.noindex/ExplicitPrecompiledModules/AnyThinkSDK-9POU84Y7CZ694Z0XWFCYGHDX0.pcm
warning: /Users/developertopon/Code/TopOn_SDK_Release/iOS/topon_sdk_ios_newcore/topon_ios_sdk_newcore/AnyThink/AnyThinkAdapter/AnyThinkPangleAdapter/DerivedData/Build/Intermediates.noindex/ExplicitPrecompiledModules/Foundation-2X85BMLFRGPC00I59YX5AGVPH.pcm: No such file or directory
note: while processing /Users/developertopon/Code/TopOn_SDK_Release/iOS/topon_sdk_ios_newcore/topon_ios_sdk_newcore/AnyThink/AnyThinkAdapter/AnyThinkPangleAdapter/DerivedData/Build/Intermediates.noindex/ExplicitPrecompiledModules/Foundation-2X85BMLFRGPC00I59YX5AGVPH.pcm
warning: /Users/developertopon/Code/TopOn_SDK_Release/iOS/topon_sdk_ios_newcore/topon_ios_sdk_newcore/AnyThink/AnyThinkAdapter/AnyThinkPangleAdapter/DerivedData/Build/Intermediates.noindex/ExplicitPrecompiledModules/PAGAdSDK-89W6O6KPO6EVV5GN2UB9J9TA9.pcm: No such file or directory
note: while processing /Users/developertopon/Code/TopOn_SDK_Release/iOS/topon_sdk_ios_newcore/topon_ios_sdk_newcore/AnyThink/AnyThinkAdapter/AnyThinkPangleAdapter/DerivedData/Build/Intermediates.noindex/ExplicitPrecompiledModules/PAGAdSDK-89W6O6KPO6EVV5GN2UB9J9TA9.pcm
warning: /Users/developertopon/Code/TopOn_SDK_Release/iOS/topon_sdk_ios_newcore/topon_ios_sdk_newcore/AnyThink/AnyThinkAdapter/AnyThinkPangleAdapter/DerivedData/Build/Intermediates.noindex/ExplicitPrecompiledModules/ObjectiveC-7GSM2VCKJAT8AQO4HTRH45CXG.pcm: No such file or directory
note: while processing /Users/developertopon/Code/TopOn_SDK_Release/iOS/topon_sdk_ios_newcore/topon_ios_sdk_newcore/AnyThink/AnyThinkAdapter/AnyThinkPangleAdapter/DerivedData/Build/Intermediates.noindex/ExplicitPrecompiledModules/ObjectiveC-7GSM2VCKJAT8AQO4HTRH45CXG.pcm
warning: /Users/developertopon/Code/TopOn_SDK_Release/iOS/topon_sdk_ios_newcore/topon_ios_sdk_newcore/AnyThink/AnyThinkAdapter/AnyThinkPangleAdapter/DerivedData/Build/Intermediates.noindex/ExplicitPrecompiledModules/UIKit-F1W0KVD8FA5NZP9HKAPLI6UWV.pcm: No such file or directory
note: while processing /Users/developertopon/Code/TopOn_SDK_Release/iOS/topon_sdk_ios_newcore/topon_ios_sdk_newcore/AnyThink/AnyThinkAdapter/AnyThinkPangleAdapter/DerivedData/Build/Intermediates.noindex/ExplicitPrecompiledModules/UIKit-F1W0KVD8FA5NZP9HKAPLI6UWV.pcm
warning: /Users/developertopon/Code/TopOn_SDK_Release/iOS/topon_sdk_ios_newcore/topon_ios_sdk_newcore/AnyThink/AnyThinkAdapter/AnyThinkPangleAdapter/DerivedData/Build/Intermediates.noindex/ExplicitPrecompiledModules/Dispatch-9AG4DUJSLYDT8XEAENCPGCN3E.pcm: No such file or directory
note: while processing /Users/developertopon/Code/TopOn_SDK_Release/iOS/topon_sdk_ios_newcore/topon_ios_sdk_newcore/AnyThink/AnyThinkAdapter/AnyThinkPangleAdapter/DerivedData/Build/Intermediates.noindex/ExplicitPrecompiledModules/Dispatch-9AG4DUJSLYDT8XEAENCPGCN3E.pcm
warning: /Users/developertopon/Code/TopOn_SDK_Release/iOS/topon_sdk_ios_newcore/topon_ios_sdk_newcore/AnyThink/AnyThinkAdapter/AnyThinkPangleAdapter/DerivedData/Build/Intermediates.noindex/ExplicitPrecompiledModules/CoreFoundation-EVB0QWDGB8W3RJ4QRY9E23YMA.pcm: No such file or directory
note: while processing /Users/developertopon/Code/TopOn_SDK_Release/iOS/topon_sdk_ios_newcore/topon_ios_sdk_newcore/AnyThink/AnyThinkAdapter/AnyThinkPangleAdapter/DerivedData/Build/Intermediates.noindex/ExplicitPrecompiledModules/CoreFoundation-EVB0QWDGB8W3RJ4QRY9E23YMA.pcm
warning: /Users/developertopon/Code/TopOn_SDK_Release/iOS/topon_sdk_ios_newcore/topon_ios_sdk_newcore/AnyThink/AnyThinkAdapter/AnyThinkPangleAdapter/DerivedData/Build/Intermediates.noindex/ExplicitPrecompiledModules/CoreGraphics-7H0TG984N6OEDPTIUJNVOTRLH.pcm: No such file or directory
note: while processing /Users/developertopon/Code/TopOn_SDK_Release/iOS/topon_sdk_ios_newcore/topon_ios_sdk_newcore/AnyThink/AnyThinkAdapter/AnyThinkPangleAdapter/DerivedData/Build/Intermediates.noindex/ExplicitPrecompiledModules/CoreGraphics-7H0TG984N6OEDPTIUJNVOTRLH.pcm
warning: /Users/developertopon/Code/TopOn_SDK_Release/iOS/topon_sdk_ios_newcore/topon_ios_sdk_newcore/AnyThink/AnyThinkAdapter/AnyThinkPangleAdapter/DerivedData/Build/Intermediates.noindex/ExplicitPrecompiledModules/_DarwinFoundation2-17X16XHJJHLHR87BWZOX0QLMC.pcm: No such file or directory
note: while processing /Users/developertopon/Code/TopOn_SDK_Release/iOS/topon_sdk_ios_newcore/topon_ios_sdk_newcore/AnyThink/AnyThinkAdapter/AnyThinkPangleAdapter/DerivedData/Build/Intermediates.noindex/ExplicitPrecompiledModules/_DarwinFoundation2-17X16XHJJHLHR87BWZOX0QLMC.pcm
warning: /Users/developertopon/Code/TopOn_SDK_Release/iOS/topon_sdk_ios_newcore/topon_ios_sdk_newcore/AnyThink/AnyThinkAdapter/AnyThinkPangleAdapter/DerivedData/Build/Intermediates.noindex/ExplicitPrecompiledModules/_Builtin_stdarg-8XRKE7B6SWPLYIK3WS2AQRXD7.pcm: No such file or directory
note: while processing /Users/developertopon/Code/TopOn_SDK_Release/iOS/topon_sdk_ios_newcore/topon_ios_sdk_newcore/AnyThink/AnyThinkAdapter/AnyThinkPangleAdapter/DerivedData/Build/Intermediates.noindex/ExplicitPrecompiledModules/_Builtin_stdarg-8XRKE7B6SWPLYIK3WS2AQRXD7.pcm
warning: /Users/developertopon/Code/TopOn_SDK_Release/iOS/topon_sdk_ios_newcore/topon_ios_sdk_newcore/AnyThink/AnyThinkAdapter/AnyThinkSmartdigimktAdapter/DerivedData/Build/Intermediates.noindex/ExplicitPrecompiledModules/AnyThinkSDK-552RUJCVECK66AP4DBDNVGMRG.pcm: No such file or directory
note: while processing /Users/developertopon/Code/TopOn_SDK_Release/iOS/topon_sdk_ios_newcore/topon_ios_sdk_newcore/AnyThink/AnyThinkAdapter/AnyThinkSmartdigimktAdapter/DerivedData/Build/Intermediates.noindex/ExplicitPrecompiledModules/AnyThinkSDK-552RUJCVECK66AP4DBDNVGMRG.pcm
warning: /Users/developertopon/Code/TopOn_SDK_Release/iOS/topon_sdk_ios_newcore/topon_ios_sdk_newcore/AnyThink/AnyThinkAdapter/AnyThinkSmartdigimktAdapter/DerivedData/Build/Intermediates.noindex/ExplicitPrecompiledModules/Foundation-6X1ORLMZ5KE41ZNZ0SNBU33M4.pcm: No such file or directory
note: while processing /Users/developertopon/Code/TopOn_SDK_Release/iOS/topon_sdk_ios_newcore/topon_ios_sdk_newcore/AnyThink/AnyThinkAdapter/AnyThinkSmartdigimktAdapter/DerivedData/Build/Intermediates.noindex/ExplicitPrecompiledModules/Foundation-6X1ORLMZ5KE41ZNZ0SNBU33M4.pcm
warning: /Users/developertopon/Code/TopOn_SDK_Release/iOS/topon_sdk_ios_newcore/topon_ios_sdk_newcore/AnyThink/AnyThinkAdapter/AnyThinkSmartdigimktAdapter/DerivedData/Build/Intermediates.noindex/ExplicitPrecompiledModules/ObjectiveC-79DJE8TK2XJI67A08ST2CX1R.pcm: No such file or directory
note: while processing /Users/developertopon/Code/TopOn_SDK_Release/iOS/topon_sdk_ios_newcore/topon_ios_sdk_newcore/AnyThink/AnyThinkAdapter/AnyThinkSmartdigimktAdapter/DerivedData/Build/Intermediates.noindex/ExplicitPrecompiledModules/ObjectiveC-79DJE8TK2XJI67A08ST2CX1R.pcm
warning: /Users/developertopon/Code/TopOn_SDK_Release/iOS/topon_sdk_ios_newcore/topon_ios_sdk_newcore/AnyThink/AnyThinkAdapter/AnyThinkSmartdigimktAdapter/DerivedData/Build/Intermediates.noindex/ExplicitPrecompiledModules/Dispatch-AMZEYFAIQI10Q245OXKQK0PNF.pcm: No such file or directory
note: while processing /Users/developertopon/Code/TopOn_SDK_Release/iOS/topon_sdk_ios_newcore/topon_ios_sdk_newcore/AnyThink/AnyThinkAdapter/AnyThinkSmartdigimktAdapter/DerivedData/Build/Intermediates.noindex/ExplicitPrecompiledModules/Dispatch-AMZEYFAIQI10Q245OXKQK0PNF.pcm
warning: /Users/developertopon/Code/TopOn_SDK_Release/iOS/topon_sdk_ios_newcore/topon_ios_sdk_newcore/AnyThink/AnyThinkAdapter/AnyThinkSmartdigimktAdapter/DerivedData/Build/Intermediates.noindex/ExplicitPrecompiledModules/SmartdigimktSDK-1TQBBP2GR0XNFV9SO0FOA3ZMD.pcm: No such file or directory
note: while processing /Users/developertopon/Code/TopOn_SDK_Release/iOS/topon_sdk_ios_newcore/topon_ios_sdk_newcore/AnyThink/AnyThinkAdapter/AnyThinkSmartdigimktAdapter/DerivedData/Build/Intermediates.noindex/ExplicitPrecompiledModules/SmartdigimktSDK-1TQBBP2GR0XNFV9SO0FOA3ZMD.pcm
warning: /Users/developertopon/Code/TopOn_SDK_Release/iOS/topon_sdk_ios_newcore/topon_ios_sdk_newcore/AnyThink/AnyThinkAdapter/AnyThinkSmartdigimktAdapter/DerivedData/Build/Intermediates.noindex/ExplicitPrecompiledModules/UIKit-1FHMLFJKIZDELET5UC43AA1H2.pcm: No such file or directory
note: while processing /Users/developertopon/Code/TopOn_SDK_Release/iOS/topon_sdk_ios_newcore/topon_ios_sdk_newcore/AnyThink/AnyThinkAdapter/AnyThinkSmartdigimktAdapter/DerivedData/Build/Intermediates.noindex/ExplicitPrecompiledModules/UIKit-1FHMLFJKIZDELET5UC43AA1H2.pcm
warning: /Users/developertopon/Code/TopOn_SDK_Release/iOS/topon_sdk_ios_newcore/topon_ios_sdk_newcore/AnyThink/AnyThinkAdapter/AnyThinkSmartdigimktAdapter/DerivedData/Build/Intermediates.noindex/ExplicitPrecompiledModules/_DarwinFoundation2-9XQALOGAU5ALR05201D3B2TD5.pcm: No such file or directory
note: while processing /Users/developertopon/Code/TopOn_SDK_Release/iOS/topon_sdk_ios_newcore/topon_ios_sdk_newcore/AnyThink/AnyThinkAdapter/AnyThinkSmartdigimktAdapter/DerivedData/Build/Intermediates.noindex/ExplicitPrecompiledModules/_DarwinFoundation2-9XQALOGAU5ALR05201D3B2TD5.pcm
warning: /Users/developertopon/Code/TopOn_SDK_Release/iOS/topon_sdk_ios_newcore/topon_ios_sdk_newcore/AnyThink/AnyThinkAdapter/AnyThinkSmartdigimktAdapter/DerivedData/Build/Intermediates.noindex/ExplicitPrecompiledModules/CoreFoundation-1D4ZMXJP8CW8CE4G17PR3WSC.pcm: No such file or directory
note: while processing /Users/developertopon/Code/TopOn_SDK_Release/iOS/topon_sdk_ios_newcore/topon_ios_sdk_newcore/AnyThink/AnyThinkAdapter/AnyThinkSmartdigimktAdapter/DerivedData/Build/Intermediates.noindex/ExplicitPrecompiledModules/CoreFoundation-1D4ZMXJP8CW8CE4G17PR3WSC.pcm
warning: /Users/developertopon/Code/TopOn_SDK_Release/iOS/topon_sdk_ios_newcore/topon_ios_sdk_newcore/AnyThink/AnyThinkAdapter/AnyThinkSmartdigimktAdapter/DerivedData/Build/Intermediates.noindex/ExplicitPrecompiledModules/CoreGraphics-EPGL1KTFQDK7CS42WZH6BAK1Q.pcm: No such file or directory
note: while processing /Users/developertopon/Code/TopOn_SDK_Release/iOS/topon_sdk_ios_newcore/topon_ios_sdk_newcore/AnyThink/AnyThinkAdapter/AnyThinkSmartdigimktAdapter/DerivedData/Build/Intermediates.noindex/ExplicitPrecompiledModules/CoreGraphics-EPGL1KTFQDK7CS42WZH6BAK1Q.pcm
warning: /var/folders/18/xp4sj8qs3g54z0ylgxj8cq4m0000gx/T/cocoapods-packager20251212-62640-6fphik/_build_derived_data/ModuleCache.noindex/2DP3H2BIJPVOA/UIKit-12TH62ZZ52C3J.pcm: No such file or directory
note: while processing /var/folders/18/xp4sj8qs3g54z0ylgxj8cq4m0000gx/T/cocoapods-packager20251212-62640-6fphik/_build_derived_data/ModuleCache.noindex/2DP3H2BIJPVOA/UIKit-12TH62ZZ52C3J.pcm
warning: /var/folders/18/xp4sj8qs3g54z0ylgxj8cq4m0000gx/T/cocoapods-packager20251212-62640-6fphik/_build_derived_data/ModuleCache.noindex/2DP3H2BIJPVOA/Foundation-35GH4ZCUPU2OM.pcm: No such file or directory
note: while processing /var/folders/18/xp4sj8qs3g54z0ylgxj8cq4m0000gx/T/cocoapods-packager20251212-62640-6fphik/_build_derived_data/ModuleCache.noindex/2DP3H2BIJPVOA/Foundation-35GH4ZCUPU2OM.pcm
warning: /var/folders/18/xp4sj8qs3g54z0ylgxj8cq4m0000gx/T/cocoapods-packager20251212-62640-6fphik/_build_derived_data/ModuleCache.noindex/2DP3H2BIJPVOA/ObjectiveC-WH2POD2MCYY9.pcm: No such file or directory
note: while processing /var/folders/18/xp4sj8qs3g54z0ylgxj8cq4m0000gx/T/cocoapods-packager20251212-62640-6fphik/_build_derived_data/ModuleCache.noindex/2DP3H2BIJPVOA/ObjectiveC-WH2POD2MCYY9.pcm
warning: /var/folders/18/xp4sj8qs3g54z0ylgxj8cq4m0000gx/T/cocoapods-packager20251212-62640-6fphik/_build_derived_data/ModuleCache.noindex/2DP3H2BIJPVOA/Darwin-1MDL0ZGUVU7GX.pcm: No such file or directory
note: while processing /var/folders/18/xp4sj8qs3g54z0ylgxj8cq4m0000gx/T/cocoapods-packager20251212-62640-6fphik/_build_derived_data/ModuleCache.noindex/2DP3H2BIJPVOA/Darwin-1MDL0ZGUVU7GX.pcm
warning: /var/folders/18/xp4sj8qs3g54z0ylgxj8cq4m0000gx/T/cocoapods-packager20251212-62640-6fphik/_build_derived_data/ModuleCache.noindex/2DP3H2BIJPVOA/Dispatch-2GLRL57E7KZ7Z.pcm: No such file or directory
note: while processing /var/folders/18/xp4sj8qs3g54z0ylgxj8cq4m0000gx/T/cocoapods-packager20251212-62640-6fphik/_build_derived_data/ModuleCache.noindex/2DP3H2BIJPVOA/Dispatch-2GLRL57E7KZ7Z.pcm
warning: /var/folders/18/xp4sj8qs3g54z0ylgxj8cq4m0000gx/T/cocoapods-packager20251212-62640-6fphik/_build_derived_data/ModuleCache.noindex/2DP3H2BIJPVOA/MachO-3V8YJ9313JKA6.pcm: No such file or directory
note: while processing /var/folders/18/xp4sj8qs3g54z0ylgxj8cq4m0000gx/T/cocoapods-packager20251212-62640-6fphik/_build_derived_data/ModuleCache.noindex/2DP3H2BIJPVOA/MachO-3V8YJ9313JKA6.pcm
warning: /var/folders/18/xp4sj8qs3g54z0ylgxj8cq4m0000gx/T/cocoapods-packager20251212-62640-6fphik/_build_derived_data/ModuleCache.noindex/2DP3H2BIJPVOA/AdSupport-TSWNOYVGJCLJ.pcm: No such file or directory
note: while processing /var/folders/18/xp4sj8qs3g54z0ylgxj8cq4m0000gx/T/cocoapods-packager20251212-62640-6fphik/_build_derived_data/ModuleCache.noindex/2DP3H2BIJPVOA/AdSupport-TSWNOYVGJCLJ.pcm
warning: /var/folders/18/xp4sj8qs3g54z0ylgxj8cq4m0000gx/T/cocoapods-packager20251212-62640-6fphik/_build_derived_data/ModuleCache.noindex/2DP3H2BIJPVOA/AppTrackingTransparency-2IMWL9DQ4HT7S.pcm: No such file or directory
note: while processing /var/folders/18/xp4sj8qs3g54z0ylgxj8cq4m0000gx/T/cocoapods-packager20251212-62640-6fphik/_build_derived_data/ModuleCache.noindex/2DP3H2BIJPVOA/AppTrackingTransparency-2IMWL9DQ4HT7S.pcm
warning: /var/folders/18/xp4sj8qs3g54z0ylgxj8cq4m0000gx/T/cocoapods-packager20251212-62640-6fphik/_build_derived_data/ModuleCache.noindex/2DP3H2BIJPVOA/WebKit-2RV8NZ4Z2SGCQ.pcm: No such file or directory
note: while processing /var/folders/18/xp4sj8qs3g54z0ylgxj8cq4m0000gx/T/cocoapods-packager20251212-62640-6fphik/_build_derived_data/ModuleCache.noindex/2DP3H2BIJPVOA/WebKit-2RV8NZ4Z2SGCQ.pcm
warning: /var/folders/18/xp4sj8qs3g54z0ylgxj8cq4m0000gx/T/cocoapods-packager20251212-62640-6fphik/_build_derived_data/ModuleCache.noindex/2DP3H2BIJPVOA/CoreFoundation-2BG8LO2HYA0VZ.pcm: No such file or directory
note: while processing /var/folders/18/xp4sj8qs3g54z0ylgxj8cq4m0000gx/T/cocoapods-packager20251212-62640-6fphik/_build_derived_data/ModuleCache.noindex/2DP3H2BIJPVOA/CoreFoundation-2BG8LO2HYA0VZ.pcm
warning: /var/folders/18/xp4sj8qs3g54z0ylgxj8cq4m0000gx/T/cocoapods-packager20251212-62640-6fphik/_build_derived_data/ModuleCache.noindex/2DP3H2BIJPVOA/zlib-1MDL0ZGUVU7GX.pcm: No such file or directory
note: while processing /var/folders/18/xp4sj8qs3g54z0ylgxj8cq4m0000gx/T/cocoapods-packager20251212-62640-6fphik/_build_derived_data/ModuleCache.noindex/2DP3H2BIJPVOA/zlib-1MDL0ZGUVU7GX.pcm
warning: /var/folders/18/xp4sj8qs3g54z0ylgxj8cq4m0000gx/T/cocoapods-packager20251212-62640-6fphik/_build_derived_data/ModuleCache.noindex/2DP3H2BIJPVOA/CommonCrypto-3KKSK75CJQ4O5.pcm: No such file or directory
note: while processing /var/folders/18/xp4sj8qs3g54z0ylgxj8cq4m0000gx/T/cocoapods-packager20251212-62640-6fphik/_build_derived_data/ModuleCache.noindex/2DP3H2BIJPVOA/CommonCrypto-3KKSK75CJQ4O5.pcm
warning: /var/folders/18/xp4sj8qs3g54z0ylgxj8cq4m0000gx/T/cocoapods-packager20251212-62640-6fphik/_build_derived_data/ModuleCache.noindex/2DP3H2BIJPVOA/SQLite3-1MDL0ZGUVU7GX.pcm: No such file or directory
note: while processing /var/folders/18/xp4sj8qs3g54z0ylgxj8cq4m0000gx/T/cocoapods-packager20251212-62640-6fphik/_build_derived_data/ModuleCache.noindex/2DP3H2BIJPVOA/SQLite3-1MDL0ZGUVU7GX.pcm
warning: /var/folders/18/xp4sj8qs3g54z0ylgxj8cq4m0000gx/T/cocoapods-packager20251212-62640-6fphik/_build_derived_data/ModuleCache.noindex/2DP3H2BIJPVOA/CoreGraphics-DXVCAJVT5QEM.pcm: No such file or directory
note: while processing /var/folders/18/xp4sj8qs3g54z0ylgxj8cq4m0000gx/T/cocoapods-packager20251212-62640-6fphik/_build_derived_data/ModuleCache.noindex/2DP3H2BIJPVOA/CoreGraphics-DXVCAJVT5QEM.pcm
warning: /var/folders/18/xp4sj8qs3g54z0ylgxj8cq4m0000gx/T/cocoapods-packager20251212-62640-6fphik/_build_derived_data/ModuleCache.noindex/2DP3H2BIJPVOA/AVFoundation-3QAB4QOW7NAJ.pcm: No such file or directory
note: while processing /var/folders/18/xp4sj8qs3g54z0ylgxj8cq4m0000gx/T/cocoapods-packager20251212-62640-6fphik/_build_derived_data/ModuleCache.noindex/2DP3H2BIJPVOA/AVFoundation-3QAB4QOW7NAJ.pcm
warning: /var/folders/18/xp4sj8qs3g54z0ylgxj8cq4m0000gx/T/cocoapods-packager20251212-62640-6fphik/_build_derived_data/ModuleCache.noindex/2DP3H2BIJPVOA/StoreKit-3ECBR2W3MFXJK.pcm: No such file or directory
note: while processing /var/folders/18/xp4sj8qs3g54z0ylgxj8cq4m0000gx/T/cocoapods-packager20251212-62640-6fphik/_build_derived_data/ModuleCache.noindex/2DP3H2BIJPVOA/StoreKit-3ECBR2W3MFXJK.pcm

PhaseScriptExecution [CP]\ Copy\ Pods\ Resources /Users/runner/Library/Developer/Xcode/DerivedData/WebBrowser-clqywoufjsuyrtaownclvbrmxizr/Build/Intermediates.noindex/ArchiveIntermediates/WebBrowser/IntermediateBuildFilesPath/WebBrowser.build/Release-iphoneos/WebBrowser.build/Script-13C9AD82F4DDC2A4ED954FED.sh (in target 'WebBrowser' from project 'WebBrowser')
    cd /Users/runner/work/Web_Browser/Web_Browser
    /bin/sh -c /Users/runner/Library/Developer/Xcode/DerivedData/WebBrowser-clqywoufjsuyrtaownclvbrmxizr/Build/Intermediates.noindex/ArchiveIntermediates/WebBrowser/IntermediateBuildFilesPath/WebBrowser.build/Release-iphoneos/WebBrowser.build/Script-13C9AD82F4DDC2A4ED954FED.sh
/Users/runner/work/Web_Browser/Web_Browser/Pods/Ads-Global/SDK/PAGAdSDK.bundle
/Users/runner/Library/Developer/Xcode/DerivedData/WebBrowser-clqywoufjsuyrtaownclvbrmxizr/Build/Intermediates.noindex/ArchiveIntermediates/WebBrowser/BuildProductsPath/Release-iphoneos/Ads-Global/AdsGlobalSDK.bundle
/Users/runner/Library/Developer/Xcode/DerivedData/WebBrowser-clqywoufjsuyrtaownclvbrmxizr/Build/Intermediates.noindex/ArchiveIntermediates/WebBrowser/BuildProductsPath/Release-iphoneos/Ads-Global/TikTokBusinessSDK.bundle
/Users/runner/Library/Developer/Xcode/DerivedData/WebBrowser-clqywoufjsuyrtaownclvbrmxizr/Build/Intermediates.noindex/ArchiveIntermediates/WebBrowser/BuildProductsPath/Release-iphoneos/FBAudienceNetwork/FBAudienceNetwork.bundle
/Users/runner/Library/Developer/Xcode/DerivedData/WebBrowser-clqywoufjsuyrtaownclvbrmxizr/Build/Intermediates.noindex/ArchiveIntermediates/WebBrowser/BuildProductsPath/Release-iphoneos/MintegralAdSDK/MTGSDK.bundle
/Users/runner/work/Web_Browser/Web_Browser/Pods/SmartdigimktSDK/SmartDigimktSDK/SmartdigimktSDK.bundle
/Users/runner/work/Web_Browser/Web_Browser/Pods/TPNiOS/core/AnyThinkSDK.bundle
Transfer starting: 183 files
AdsGlobalSDK.bundle/
AdsGlobalSDK.bundle/Info.plist
AdsGlobalSDK.bundle/PrivacyInfo.xcprivacy
AnyThinkSDK.bundle/
AnyThinkSDK.bundle/RedPacket.png
AnyThinkSDK.bundle/arrow_one.png
AnyThinkSDK.bundle/arrow_three.png
AnyThinkSDK.bundle/arrow_two.png
AnyThinkSDK.bundle/at_arrow_direction@3x.png
AnyThinkSDK.bundle/at_bg_rectangle@3x.png
AnyThinkSDK.bundle/at_bwh_spread@3x.png
AnyThinkSDK.bundle/at_chop_close@3x.png
AnyThinkSDK.bundle/at_chop_sword_cn@3x.png
AnyThinkSDK.bundle/at_chop_sword_us@3x.png
AnyThinkSDK.bundle/at_ctaMask.png
AnyThinkSDK.bundle/at_hand_new@3x.png
AnyThinkSDK.bundle/at_loading_ctr@3x.png
AnyThinkSDK.bundle/at_luckybag_arrow@3x.png
AnyThinkSDK.bundle/at_luckybag_outline@3x.png
AnyThinkSDK.bundle/at_luckybag_spread@3x.png
AnyThinkSDK.bundle/at_mintegral_logo@3x.png
AnyThinkSDK.bundle/at_mt_logo@3x.png
AnyThinkSDK.bundle/at_native_banner_ad_logo.png
AnyThinkSDK.bundle/at_offer_adChosices_arrow@3x.png
AnyThinkSDK.bundle/at_offer_com_pop_cancel@3x.png
AnyThinkSDK.bundle/at_offer_com_vector@3x.png
AnyThinkSDK.bundle/at_offer_logo_cn@3x.png
AnyThinkSDK.bundle/at_offer_logo_us@3x.png
AnyThinkSDK.bundle/at_pangle_ad.png
AnyThinkSDK.bundle/at_subtract.png
AnyThinkSDK.bundle/at_topon_ad_cn.png
AnyThinkSDK.bundle/at_topon_ad_en.png
AnyThinkSDK.bundle/at_topon_retry@3x.png
AnyThinkSDK.bundle/at_topon_sdk_logo.png
AnyThinkSDK.bundle/bottom_black_gradient@2x.png
AnyThinkSDK.bundle/bottom_semicircle.png
AnyThinkSDK.bundle/endcard_skip_icon.png
AnyThinkSDK.bundle/endcard_withdraw_bg.png
AnyThinkSDK.bundle/endcard_withdraw_icon.png
AnyThinkSDK.bundle/feedback_close@2x.png
AnyThinkSDK.bundle/feedback_image@2x.png
AnyThinkSDK.bundle/guide_icon_SwipeIcon@3x.png
AnyThinkSDK.bundle/guide_icon_Swipefinger@3x.png
AnyThinkSDK.bundle/guide_icon_finger@3x.png
AnyThinkSDK.bundle/guide_icon_slider@3x.png
AnyThinkSDK.bundle/icon_close.png
AnyThinkSDK.bundle/icon_loading.png
AnyThinkSDK.bundle/icon_refresh.png
AnyThinkSDK.bundle/icon_webview_close@3x.png
AnyThinkSDK.bundle/icon_webview_close_normal@3x.png
AnyThinkSDK.bundle/icon_webview_goback@3x.png
AnyThinkSDK.bundle/icon_webview_goback_normal@3x.png
AnyThinkSDK.bundle/invalid_close_icon@3x.png
AnyThinkSDK.bundle/native_banner_close@3x.png
AnyThinkSDK.bundle/native_splash_semi_star@3x .png
AnyThinkSDK.bundle/native_splash_share_tips@3x.png
AnyThinkSDK.bundle/native_splash_share_tips_arrows@3x.png
AnyThinkSDK.bundle/native_splash_star_off@3x.png
AnyThinkSDK.bundle/native_splash_star_on@3x.png
AnyThinkSDK.bundle/offer_redPacket_bottom_bg.png
AnyThinkSDK.bundle/offer_redPacket_cn_open.png
AnyThinkSDK.bundle/offer_redPacket_detail_bg.png
AnyThinkSDK.bundle/offer_redPacket_detail_next.png
AnyThinkSDK.bundle/offer_redPacket_en_open.png
AnyThinkSDK.bundle/offer_redPacket_img1.png
AnyThinkSDK.bundle/offer_redPacket_img2.png
AnyThinkSDK.bundle/offer_redPacket_img3.png
AnyThinkSDK.bundle/offer_redPacket_img4.png
AnyThinkSDK.bundle/offer_redPacket_img5.png
AnyThinkSDK.bundle/offer_redPacket_img6.png
AnyThinkSDK.bundle/offer_reward_icon.png
AnyThinkSDK.bundle/offer_rock_image.png
AnyThinkSDK.bundle/offer_rv_reward_gift@3x.png
AnyThinkSDK.bundle/offer_rv_rewarded@3x.png
AnyThinkSDK.bundle/offer_video_close.png
AnyThinkSDK.bundle/offer_video_pause@3x.png
AnyThinkSDK.bundle/offer_video_playfail@3x.png
AnyThinkSDK.bundle/offer_video_replay@3x.png
AnyThinkSDK.bundle/offer_voice_muted.png
AnyThinkSDK.bundle/offer_voice_unmuted.png
AnyThinkSDK.bundle/rv_webview_arrows@3x.png
AnyThinkSDK.bundle/splash_cta_btn_bg.png
AnyThinkSDK.bundle/zh-Hans.lproj/
AnyThinkSDK.bundle/zh-Hans.lproj/ATOfferFeedBackView.strings
FBAudienceNetwork.bundle/
FBAudienceNetwork.bundle/Info.plist
FBAudienceNetwork.bundle/PrivacyInfo.xcprivacy
MTGSDK.bundle/
MTGSDK.bundle/Info.plist
MTGSDK.bundle/PrivacyInfo.xcprivacy
PAGAdSDK.bundle/
PAGAdSDK.bundle/400001562.json
PAGAdSDK.bundle/400001924.json
PAGAdSDK.bundle/400001965.json
PAGAdSDK.bundle/400002028.json
PAGAdSDK.bundle/400002029.json
PAGAdSDK.bundle/400007896.json
PAGAdSDK.bundle/400007913.json
PAGAdSDK.bundle/400007914.json
PAGAdSDK.bundle/400007918.json
PAGAdSDK.bundle/400007923.json
PAGAdSDK.bundle/400007941.json
PAGAdSDK.bundle/400007999.json
PAGAdSDK.bundle/Assets.car
PAGAdSDK.bundle/Info.plist
PAGAdSDK.bundle/PrivacyInfo.xcprivacy
PAGAdSDK.bundle/omsdk-v1.js
PAGAdSDK.bundle/version.txt
SmartdigimktSDK.bundle/
SmartdigimktSDK.bundle/RedPacket.png
SmartdigimktSDK.bundle/arrow_one.png
SmartdigimktSDK.bundle/arrow_three.png
SmartdigimktSDK.bundle/arrow_two.png
SmartdigimktSDK.bundle/bottom_black_gradient@2x.png
SmartdigimktSDK.bundle/bottom_semicircle.png
SmartdigimktSDK.bundle/endcard_skip_icon.png
SmartdigimktSDK.bundle/endcard_withdraw_bg.png
SmartdigimktSDK.bundle/endcard_withdraw_icon.png
SmartdigimktSDK.bundle/guide_icon_SwipeIcon@3x.png
SmartdigimktSDK.bundle/guide_icon_Swipefinger@3x.png
SmartdigimktSDK.bundle/guide_icon_finger@3x.png
SmartdigimktSDK.bundle/guide_icon_slider@3x.png
SmartdigimktSDK.bundle/icon_close.png
SmartdigimktSDK.bundle/icon_loading.png
SmartdigimktSDK.bundle/icon_refresh.png
SmartdigimktSDK.bundle/icon_webview_close@3x.png
SmartdigimktSDK.bundle/icon_webview_close_normal@3x.png
SmartdigimktSDK.bundle/icon_webview_goback@3x.png
SmartdigimktSDK.bundle/icon_webview_goback_normal@3x.png
SmartdigimktSDK.bundle/invalid_close_icon@3x.png
SmartdigimktSDK.bundle/native_splash_semi_star@3x .png
SmartdigimktSDK.bundle/native_splash_share_tips@3x.png
SmartdigimktSDK.bundle/native_splash_share_tips_arrows@3x.png
SmartdigimktSDK.bundle/native_splash_star_off@3x.png
SmartdigimktSDK.bundle/native_splash_star_on@3x.png
SmartdigimktSDK.bundle/offer_redPacket_bottom_bg.png
SmartdigimktSDK.bundle/offer_redPacket_cn_open.png
SmartdigimktSDK.bundle/offer_redPacket_detail_bg.png
SmartdigimktSDK.bundle/offer_redPacket_detail_next.png
SmartdigimktSDK.bundle/offer_redPacket_en_open.png
SmartdigimktSDK.bundle/offer_redPacket_img1.png
SmartdigimktSDK.bundle/offer_redPacket_img2.png
SmartdigimktSDK.bundle/offer_redPacket_img3.png
SmartdigimktSDK.bundle/offer_redPacket_img5.png
SmartdigimktSDK.bundle/offer_redPacket_img6.png
SmartdigimktSDK.bundle/offer_reward_icon.png
SmartdigimktSDK.bundle/offer_rock_image.png
SmartdigimktSDK.bundle/offer_rv_reward_gift@3x.png
SmartdigimktSDK.bundle/offer_rv_rewarded@3x.png
SmartdigimktSDK.bundle/offer_video_close.png
SmartdigimktSDK.bundle/offer_video_pause@3x.png
SmartdigimktSDK.bundle/offer_video_playfail@3x.png
SmartdigimktSDK.bundle/offer_video_replay@3x.png
SmartdigimktSDK.bundle/offer_voice_muted.png
SmartdigimktSDK.bundle/offer_voice_unmuted.png
SmartdigimktSDK.bundle/rv_webview_arrows@3x.png
SmartdigimktSDK.bundle/sdm_arrow_direction@3x.png
SmartdigimktSDK.bundle/sdm_bg_rectangle@3x.png
SmartdigimktSDK.bundle/sdm_bwh_spread@3x.png
SmartdigimktSDK.bundle/sdm_chop_close@3x.png
SmartdigimktSDK.bundle/sdm_chop_sword_cn@3x.png
SmartdigimktSDK.bundle/sdm_chop_sword_us@3x.png
SmartdigimktSDK.bundle/sdm_ctaMask.png
SmartdigimktSDK.bundle/sdm_hand_new@3x.png
SmartdigimktSDK.bundle/sdm_loading_ctr@3x.png
SmartdigimktSDK.bundle/sdm_luckybag_arrow@3x.png
SmartdigimktSDK.bundle/sdm_luckybag_outline@3x.png
SmartdigimktSDK.bundle/sdm_luckybag_spread@3x.png
SmartdigimktSDK.bundle/sdm_mt_logo@3x.png
SmartdigimktSDK.bundle/sdm_offer_adChosices_arrow@3x.png
SmartdigimktSDK.bundle/sdm_offer_com_pop_cancel@3x.png
SmartdigimktSDK.bundle/sdm_offer_com_vector@3x.png
SmartdigimktSDK.bundle/sdm_offer_logo_cn@3x.png
SmartdigimktSDK.bundle/sdm_offer_logo_us@3x.png
SmartdigimktSDK.bundle/sdm_smartdigimkt_retry@3x.png
SmartdigimktSDK.bundle/sdm_smartdigimkt_sdk_logo.png
SmartdigimktSDK.bundle/sdm_subtract.png
SmartdigimktSDK.bundle/splash_cta_btn_bg.png
SmartdigimktSDK.bundle/zh-Hans.lproj/
SmartdigimktSDK.bundle/zh-Hans.lproj/SDMOfferFeedBackView.strings
TikTokBusinessSDK.bundle/
TikTokBusinessSDK.bundle/Info.plist
TikTokBusinessSDK.bundle/PrivacyInfo.xcprivacy

sent 580041 bytes  received 3902 bytes  3137791 bytes/sec
total size is 559667  speedup is 0.96
Transfer starting: 183 files

sent 12308 bytes  received 20 bytes  720935 bytes/sec
total size is 559667  speedup is 45.40

ExtractAppIntentsMetadata (in target 'WebBrowser' from project 'WebBrowser')
    cd /Users/runner/work/Web_Browser/Web_Browser
    /Applications/Xcode_26.3.app/Contents/Developer/Toolchains/XcodeDefault.xctoolchain/usr/bin/appintentsmetadataprocessor --toolchain-dir /var/run/com.apple.security.cryptexd/mnt/com.apple.MobileAsset.MetalToolchain-v17.3.7003.10.78kteD/Metal.xctoolchain --module-name WebBrowser --sdk-root /Applications/Xcode_26.3.app/Contents/Developer/Platforms/iPhoneOS.platform/Developer/SDKs/iPhoneOS26.2.sdk --xcode-version 17C529 --platform-family iOS --deployment-target 16.0 --bundle-identifier com.web.browser.abody --output /Users/runner/Library/Developer/Xcode/DerivedData/WebBrowser-clqywoufjsuyrtaownclvbrmxizr/Build/Intermediates.noindex/ArchiveIntermediates/WebBrowser/InstallationBuildProductsLocation/Applications/WebBrowser.app --target-triple arm64-apple-ios16.0 --binary-file /Users/runner/Library/Developer/Xcode/DerivedData/WebBrowser-clqywoufjsuyrtaownclvbrmxizr/Build/Intermediates.noindex/ArchiveIntermediates/WebBrowser/InstallationBuildProductsLocation/Applications/WebBrowser.app/WebBrowser --dependency-file /Users/runner/Library/Developer/Xcode/DerivedData/WebBrowser-clqywoufjsuyrtaownclvbrmxizr/Build/Intermediates.noindex/ArchiveIntermediates/WebBrowser/IntermediateBuildFilesPath/WebBrowser.build/Release-iphoneos/WebBrowser.build/Objects-normal/arm64/WebBrowser_dependency_info.dat --stringsdata-file /Users/runner/Library/Developer/Xcode/DerivedData/WebBrowser-clqywoufjsuyrtaownclvbrmxizr/Build/Intermediates.noindex/ArchiveIntermediates/WebBrowser/IntermediateBuildFilesPath/WebBrowser.build/Release-iphoneos/WebBrowser.build/Objects-normal/arm64/ExtractedAppShortcutsMetadata.stringsdata --source-file-list /Users/runner/Library/Developer/Xcode/DerivedData/WebBrowser-clqywoufjsuyrtaownclvbrmxizr/Build/Intermediates.noindex/ArchiveIntermediates/WebBrowser/IntermediateBuildFilesPath/WebBrowser.build/Release-iphoneos/WebBrowser.build/Objects-normal/arm64/WebBrowser.SwiftFileList --metadata-file-list /Users/runner/Library/Developer/Xcode/DerivedData/WebBrowser-clqywoufjsuyrtaownclvbrmxizr/Build/Intermediates.noindex/ArchiveIntermediates/WebBrowser/IntermediateBuildFilesPath/WebBrowser.build/Release-iphoneos/WebBrowser.build/WebBrowser.DependencyMetadataFileList --static-metadata-file-list /Users/runner/Library/Developer/Xcode/DerivedData/WebBrowser-clqywoufjsuyrtaownclvbrmxizr/Build/Intermediates.noindex/ArchiveIntermediates/WebBrowser/IntermediateBuildFilesPath/WebBrowser.build/Release-iphoneos/WebBrowser.build/WebBrowser.DependencyStaticMetadataFileList --swift-const-vals-list /Users/runner/Library/Developer/Xcode/DerivedData/WebBrowser-clqywoufjsuyrtaownclvbrmxizr/Build/Intermediates.noindex/ArchiveIntermediates/WebBrowser/IntermediateBuildFilesPath/WebBrowser.build/Release-iphoneos/WebBrowser.build/Objects-normal/arm64/WebBrowser.SwiftConstValuesFileList --compile-time-extraction --deployment-aware-processing --validate-assistant-intents --no-app-shortcuts-localization
2026-08-18 03:04:45.755 appintentsmetadataprocessor[7776:26266] Starting appintentsmetadataprocessor export
2026-08-18 03:04:45.776 appintentsmetadataprocessor[7776:26266] warning: Metadata extraction skipped. No AppIntents.framework dependency found.

CopySwiftLibs /Users/runner/Library/Developer/Xcode/DerivedData/WebBrowser-clqywoufjsuyrtaownclvbrmxizr/Build/Intermediates.noindex/ArchiveIntermediates/WebBrowser/InstallationBuildProductsLocation/Applications/WebBrowser.app (in target 'WebBrowser' from project 'WebBrowser')
    cd /Users/runner/work/Web_Browser/Web_Browser
    builtin-swiftStdLibTool --copy --verbose --sign E229D5EFA993B3426466760DE9E072A2AF034703 --scan-executable /Users/runner/Library/Developer/Xcode/DerivedData/WebBrowser-clqywoufjsuyrtaownclvbrmxizr/Build/Intermediates.noindex/ArchiveIntermediates/WebBrowser/InstallationBuildProductsLocation/Applications/WebBrowser.app/WebBrowser --scan-folder /Users/runner/Library/Developer/Xcode/DerivedData/WebBrowser-clqywoufjsuyrtaownclvbrmxizr/Build/Intermediates.noindex/ArchiveIntermediates/WebBrowser/InstallationBuildProductsLocation/Applications/WebBrowser.app/Frameworks --scan-folder /Users/runner/Library/Developer/Xcode/DerivedData/WebBrowser-clqywoufjsuyrtaownclvbrmxizr/Build/Intermediates.noindex/ArchiveIntermediates/WebBrowser/InstallationBuildProductsLocation/Applications/WebBrowser.app/PlugIns --scan-folder /Users/runner/Library/Developer/Xcode/DerivedData/WebBrowser-clqywoufjsuyrtaownclvbrmxizr/Build/Intermediates.noindex/ArchiveIntermediates/WebBrowser/InstallationBuildProductsLocation/Applications/WebBrowser.app/SystemExtensions --scan-folder /Users/runner/Library/Developer/Xcode/DerivedData/WebBrowser-clqywoufjsuyrtaownclvbrmxizr/Build/Intermediates.noindex/ArchiveIntermediates/WebBrowser/InstallationBuildProductsLocation/Applications/WebBrowser.app/Extensions --scan-folder /Users/runner/Library/Developer/Xcode/DerivedData/WebBrowser-clqywoufjsuyrtaownclvbrmxizr/Build/Intermediates.noindex/ArchiveIntermediates/WebBrowser/BuildProductsPath/Release-iphoneos/Pods_WebBrowser.framework --platform iphoneos --toolchain /var/run/com.apple.security.cryptexd/mnt/com.apple.MobileAsset.MetalToolchain-v17.3.7003.10.78kteD/Metal.xctoolchain --toolchain /Applications/Xcode_26.3.app/Contents/Developer/Toolchains/XcodeDefault.xctoolchain --destination /Users/runner/Library/Developer/Xcode/DerivedData/WebBrowser-clqywoufjsuyrtaownclvbrmxizr/Build/Intermediates.noindex/ArchiveIntermediates/WebBrowser/InstallationBuildProductsLocation/Applications/WebBrowser.app/Frameworks --unsigned-destination /Users/runner/Library/Developer/Xcode/DerivedData/WebBrowser-clqywoufjsuyrtaownclvbrmxizr/Build/Intermediates.noindex/ArchiveIntermediates/WebBrowser/BuildProductsPath/SwiftSupport --strip-bitcode --strip-bitcode-tool /Applications/Xcode_26.3.app/Contents/Developer/Toolchains/XcodeDefault.xctoolchain/usr/bin/bitcode_strip --emit-dependency-info /Users/runner/Library/Developer/Xcode/DerivedData/WebBrowser-clqywoufjsuyrtaownclvbrmxizr/Build/Intermediates.noindex/ArchiveIntermediates/WebBrowser/IntermediateBuildFilesPath/WebBrowser.build/Release-iphoneos/WebBrowser.build/SwiftStdLibToolInputDependencies.dep --filter-for-swift-os --back-deploy-swift-span

AppIntentsSSUTraining (in target 'WebBrowser' from project 'WebBrowser')
    cd /Users/runner/work/Web_Browser/Web_Browser
    /Applications/Xcode_26.3.app/Contents/Developer/Toolchains/XcodeDefault.xctoolchain/usr/bin/appintentsnltrainingprocessor --infoplist-path /Users/runner/Library/Developer/Xcode/DerivedData/WebBrowser-clqywoufjsuyrtaownclvbrmxizr/Build/Intermediates.noindex/ArchiveIntermediates/WebBrowser/InstallationBuildProductsLocation/Applications/WebBrowser.app/Info.plist --temp-dir-path /Users/runner/Library/Developer/Xcode/DerivedData/WebBrowser-clqywoufjsuyrtaownclvbrmxizr/Build/Intermediates.noindex/ArchiveIntermediates/WebBrowser/IntermediateBuildFilesPath/WebBrowser.build/Release-iphoneos/WebBrowser.build/ssu --bundle-id com.web.browser.abody --product-path /Users/runner/Library/Developer/Xcode/DerivedData/WebBrowser-clqywoufjsuyrtaownclvbrmxizr/Build/Intermediates.noindex/ArchiveIntermediates/WebBrowser/InstallationBuildProductsLocation/Applications/WebBrowser.app --extracted-metadata-path /Users/runner/Library/Developer/Xcode/DerivedData/WebBrowser-clqywoufjsuyrtaownclvbrmxizr/Build/Intermediates.noindex/ArchiveIntermediates/WebBrowser/InstallationBuildProductsLocation/Applications/WebBrowser.app/Metadata.appintents --deployment-postprocessing --metadata-file-list /Users/runner/Library/Developer/Xcode/DerivedData/WebBrowser-clqywoufjsuyrtaownclvbrmxizr/Build/Intermediates.noindex/ArchiveIntermediates/WebBrowser/IntermediateBuildFilesPath/WebBrowser.build/Release-iphoneos/WebBrowser.build/WebBrowser.DependencyMetadataFileList --archive-ssu-assets
2026-08-18 03:04:45.827 appintentsnltrainingprocessor[7778:26288] Parsing options for appintentsnltrainingprocessor
2026-08-18 03:04:45.829 appintentsnltrainingprocessor[7778:26288] No AppShortcuts found - Skipping.

Strip /Users/runner/Library/Developer/Xcode/DerivedData/WebBrowser-clqywoufjsuyrtaownclvbrmxizr/Build/Intermediates.noindex/ArchiveIntermediates/WebBrowser/InstallationBuildProductsLocation/Applications/WebBrowser.app/WebBrowser (in target 'WebBrowser' from project 'WebBrowser')
    cd /Users/runner/work/Web_Browser/Web_Browser
    /Applications/Xcode_26.3.app/Contents/Developer/Toolchains/XcodeDefault.xctoolchain/usr/bin/strip -D /Users/runner/Library/Developer/Xcode/DerivedData/WebBrowser-clqywoufjsuyrtaownclvbrmxizr/Build/Intermediates.noindex/ArchiveIntermediates/WebBrowser/InstallationBuildProductsLocation/Applications/WebBrowser.app/WebBrowser

SetOwnerAndGroup runner:staff /Users/runner/Library/Developer/Xcode/DerivedData/WebBrowser-clqywoufjsuyrtaownclvbrmxizr/Build/Intermediates.noindex/ArchiveIntermediates/WebBrowser/InstallationBuildProductsLocation/Applications/WebBrowser.app (in target 'WebBrowser' from project 'WebBrowser')
    cd /Users/runner/work/Web_Browser/Web_Browser
    /usr/sbin/chown -RH runner:staff /Users/runner/Library/Developer/Xcode/DerivedData/WebBrowser-clqywoufjsuyrtaownclvbrmxizr/Build/Intermediates.noindex/ArchiveIntermediates/WebBrowser/InstallationBuildProductsLocation/Applications/WebBrowser.app

SetMode u+w,go-w,a+rX /Users/runner/Library/Developer/Xcode/DerivedData/WebBrowser-clqywoufjsuyrtaownclvbrmxizr/Build/Intermediates.noindex/ArchiveIntermediates/WebBrowser/InstallationBuildProductsLocation/Applications/WebBrowser.app (in target 'WebBrowser' from project 'WebBrowser')
    cd /Users/runner/work/Web_Browser/Web_Browser
    /bin/chmod -RH u+w,go-w,a+rX /Users/runner/Library/Developer/Xcode/DerivedData/WebBrowser-clqywoufjsuyrtaownclvbrmxizr/Build/Intermediates.noindex/ArchiveIntermediates/WebBrowser/InstallationBuildProductsLocation/Applications/WebBrowser.app

CodeSign /Users/runner/Library/Developer/Xcode/DerivedData/WebBrowser-clqywoufjsuyrtaownclvbrmxizr/Build/Intermediates.noindex/ArchiveIntermediates/WebBrowser/InstallationBuildProductsLocation/Applications/WebBrowser.app (in target 'WebBrowser' from project 'WebBrowser')
    cd /Users/runner/work/Web_Browser/Web_Browser
    
    Signing Identity:     "Apple Distribution: SMJ Jewellery (HK) Limited (NB72MDN3HF)"
    Provisioning Profile: "appstore-com.web.browser.abody-20260818030207418"
                          (9ec4925e-7b82-40ae-b1f5-7e2a4370dddc)
    
    /usr/bin/codesign --force --sign E229D5EFA993B3426466760DE9E072A2AF034703 --entitlements /Users/runner/Library/Developer/Xcode/DerivedData/WebBrowser-clqywoufjsuyrtaownclvbrmxizr/Build/Intermediates.noindex/ArchiveIntermediates/WebBrowser/IntermediateBuildFilesPath/WebBrowser.build/Release-iphoneos/WebBrowser.build/WebBrowser.app.xcent --generate-entitlement-der /Users/runner/Library/Developer/Xcode/DerivedData/WebBrowser-clqywoufjsuyrtaownclvbrmxizr/Build/Intermediates.noindex/ArchiveIntermediates/WebBrowser/InstallationBuildProductsLocation/Applications/WebBrowser.app

RegisterExecutionPolicyException /Users/runner/Library/Developer/Xcode/DerivedData/WebBrowser-clqywoufjsuyrtaownclvbrmxizr/Build/Intermediates.noindex/ArchiveIntermediates/WebBrowser/InstallationBuildProductsLocation/Applications/WebBrowser.app (in target 'WebBrowser' from project 'WebBrowser')
    cd /Users/runner/work/Web_Browser/Web_Browser
    builtin-RegisterExecutionPolicyException /Users/runner/Library/Developer/Xcode/DerivedData/WebBrowser-clqywoufjsuyrtaownclvbrmxizr/Build/Intermediates.noindex/ArchiveIntermediates/WebBrowser/InstallationBuildProductsLocation/Applications/WebBrowser.app

Validate /Users/runner/Library/Developer/Xcode/DerivedData/WebBrowser-clqywoufjsuyrtaownclvbrmxizr/Build/Intermediates.noindex/ArchiveIntermediates/WebBrowser/InstallationBuildProductsLocation/Applications/WebBrowser.app (in target 'WebBrowser' from project 'WebBrowser')
    cd /Users/runner/work/Web_Browser/Web_Browser
    builtin-validationUtility /Users/runner/Library/Developer/Xcode/DerivedData/WebBrowser-clqywoufjsuyrtaownclvbrmxizr/Build/Intermediates.noindex/ArchiveIntermediates/WebBrowser/InstallationBuildProductsLocation/Applications/WebBrowser.app -shallow-bundle -infoplist-subpath Info.plist

Touch /Users/runner/Library/Developer/Xcode/DerivedData/WebBrowser-clqywoufjsuyrtaownclvbrmxizr/Build/Intermediates.noindex/ArchiveIntermediates/WebBrowser/InstallationBuildProductsLocation/Applications/WebBrowser.app (in target 'WebBrowser' from project 'WebBrowser')
    cd /Users/runner/work/Web_Browser/Web_Browser
    /usr/bin/touch -c /Users/runner/Library/Developer/Xcode/DerivedData/WebBrowser-clqywoufjsuyrtaownclvbrmxizr/Build/Intermediates.noindex/ArchiveIntermediates/WebBrowser/InstallationBuildProductsLocation/Applications/WebBrowser.app

** ARCHIVE SUCCEEDED **

